<?xml version='1.0' encoding='UTF-8' standalone='no'?>
<!-- Created by KEGGtranslator version 1.2.0 on 2011-11-09 20:33 with jsbml version 0.8-rc1. -->
<sbml xmlns="http://www.sbml.org/sbml/level2/version4" level="2" version="4">
  <model id="path_hsa04744" name="Phototransduction" metaid="meta_path_hsa04744">
<notes><body xmlns="http://www.w3.org/1999/xhtml"><h1>Model of “Phototransduction”</h1>
Phototransduction is a biochemical process by which the photoreceptor cells generate electrical signals in response to captured photons. The vertebrate cascade starts with the absorption of photons by the photoreceptive pigments, the rhodopsins, which consist of a membrane embedded chromophore, 11-cis-retinal, and a G-protein-coupled receptor, opsin. The photon isomerizes 11-cis-retinal to all-trans-retinal which induces a structural change that activates the opsin. This triggers hydrolysis of cGMP by activating a transducinphosphodiesterase 6 (PDE6) cascade, which results in closure of the cGMP-gated cation channels (CNG) in the plasma membrane and membrane hyperpolarization. The hyperpolarization of the membrane potential of the photoreceptor cell modulates the release of neurotransmitters to downstream cells. Recovery from light involves the deactivation of the light- activated intermediates: photolyzed rhodopsin is phosphorylated by rhodopsin kinase (RK) and subsequently capped off by arrestin; GTP-binding transducin alpha subunit deactivates through a process that is stimulated by RGS9.<br/>
<a href="http://www.genome.jp/kegg/pathway/hsa/hsa04744.png"><img src="http://www.genome.jp/kegg/pathway/hsa/hsa04744.png" alt="http://www.genome.jp/kegg-bin/show_pathway?hsa04744"/></a><br/>
<a href="http://www.genome.jp/kegg-bin/show_pathway?hsa04744">Original Entry</a><br/>
<p>KGML comment: “Creation date: Jun 7, 2010 17:59:34 +0900 (GMT+09:00)”<br/>
KGML version was: 0.71<br/>
</p><div align="right"><i><small>This file has been generated by KEGGtranslator version 1.2.0</small></i></div><br/>
</body></notes>
    <annotation>
      <rdf:RDF xmlns:rdf="http://www.w3.org/1999/02/22-rdf-syntax-ns#" xmlns:bqmodel="http://biomodels.net/model-qualifiers/" xmlns:bqbiol="http://biomodels.net/biology-qualifiers/">
        <rdf:Description rdf:about="#meta_path_hsa04744">
          <creator>
            <rdf:Bag>
              <rdf:li rdf:parseType="Resource">                <ORG rdf:parseType="Resource">
                  <Orgname>ZBIT, University of Tübingen, WSI-CogSys</Orgname>
                </ORG>
              </rdf:li>
            </rdf:Bag>
          </creator>
          <created rdf:parseType="Resource">
            <W3CDTF>2011-11-09T19:33:15Z</W3CDTF>
          </created>
          <modified rdf:parseType="Resource">
            <W3CDTF>2011-11-09T19:33:15Z</W3CDTF>
          </modified>
          <modified rdf:parseType="Resource">
            <W3CDTF>2011-11-09T19:33:15Z</W3CDTF>
          </modified>
          <bqmodel:is>
            <rdf:Bag>
              <rdf:li rdf:resource="urn:miriam:kegg.pathway:hsa04744"/>
            </rdf:Bag>
          </bqmodel:is>
          <bqbiol:isDescribedBy>
            <rdf:Bag>
              <rdf:li rdf:resource="urn:miriam:obo.go:GO:0009586"/>
            </rdf:Bag>
          </bqbiol:isDescribedBy>
        </rdf:Description>
      </rdf:RDF>
    </annotation>
      <listOfCompartments>
      <compartment id="default" name="Phototransduction" units="volume" size="1"/>
    </listOfCompartments>
    <listOfSpecies>
      <species id="CNG" initialAmount="1" name="CNG" metaid="meta_CNG" sboTerm="SBO:0000354" substanceUnits="substance" compartment="default">
<notes><body xmlns="http://www.w3.org/1999/xhtml"><a href="http://www.kegg.jp/dbget-bin/www_bget?hsa:1258+hsa:1259">Original Kegg Entry</a><br/>
<p><b>Description for “CNGB1, CNCG2, CNCG3L, CNCG4, CNG4, CNGB1B, GAR1, GARP, RCNC2, RCNCb, RCNCbeta, RP45”:</b> cyclic nucleotide gated channel beta 1</p>
<p><b>Description for “CNGA1, CNCG, CNCG1, CNG1, RCNC1, RCNCa, RCNCalpha, RP49”:</b> cyclic nucleotide gated channel alpha 1</p>
</body></notes>
        <annotation>
          <rdf:RDF xmlns:rdf="http://www.w3.org/1999/02/22-rdf-syntax-ns#" xmlns:bqbiol="http://biomodels.net/biology-qualifiers/">
            <rdf:Description rdf:about="#meta_CNG">
              <bqbiol:hasVersion>
                <rdf:Bag>
                  <rdf:li rdf:resource="urn:miriam:kegg.genes:hsa%3A1258"/>
                  <rdf:li rdf:resource="urn:miriam:kegg.genes:hsa%3A1259"/>
                </rdf:Bag>
              </bqbiol:hasVersion>
              <bqbiol:isEncodedBy>
                <rdf:Bag>
                  <rdf:li rdf:resource="urn:miriam:entrez.gene:1258"/>
                  <rdf:li rdf:resource="urn:miriam:entrez.gene:1259"/>
                </rdf:Bag>
              </bqbiol:isEncodedBy>
              <bqbiol:hasProperty>
                <rdf:Bag>
                  <rdf:li rdf:resource="urn:miriam:omim:600724"/>
                  <rdf:li rdf:resource="urn:miriam:omim:123825"/>
                </rdf:Bag>
              </bqbiol:hasProperty>
              <bqbiol:isEncodedBy>
                <rdf:Bag>
                  <rdf:li rdf:resource="urn:miriam:ensembl:ENSG00000070729"/>
                  <rdf:li rdf:resource="urn:miriam:ensembl:ENSG00000198515"/>
                </rdf:Bag>
              </bqbiol:isEncodedBy>
              <bqbiol:hasVersion>
                <rdf:Bag>
                  <rdf:li rdf:resource="urn:miriam:uniprot:Q14028"/>
                  <rdf:li rdf:resource="urn:miriam:uniprot:P29973"/>
                  <rdf:li rdf:resource="urn:miriam:uniprot:Q4W5E3"/>
                </rdf:Bag>
              </bqbiol:hasVersion>
              <bqbiol:isEncodedBy>
                <rdf:Bag>
                  <rdf:li rdf:resource="urn:miriam:hgnc:HGNC%3A2151"/>
                  <rdf:li rdf:resource="urn:miriam:hgnc:HGNC%3A2148"/>
                </rdf:Bag>
              </bqbiol:isEncodedBy>
              <bqbiol:unknownQualifier>
                <rdf:Bag>
                  <rdf:li rdf:resource="urn:miriam:obo.eco:ECO%3A0000313"/>
                </rdf:Bag>
              </bqbiol:unknownQualifier>
            </rdf:Description>
          </rdf:RDF>
        </annotation>
      </species>
      <species id="RHO" initialAmount="1" name="RHO" metaid="meta_RHO" sboTerm="SBO:0000354" substanceUnits="substance" compartment="default">
<notes><body xmlns="http://www.w3.org/1999/xhtml"><a href="http://www.kegg.jp/dbget-bin/www_bget?hsa:6010">Original Kegg Entry</a><br/>
<p><b>Description for “RHO, CSNBAD1, MGC138309, MGC138311, OPN2, RP4”:</b> rhodopsin</p>
</body></notes>
        <annotation>
          <rdf:RDF xmlns:rdf="http://www.w3.org/1999/02/22-rdf-syntax-ns#" xmlns:bqbiol="http://biomodels.net/biology-qualifiers/">
            <rdf:Description rdf:about="#meta_RHO">
              <bqbiol:is>
                <rdf:Bag>
                  <rdf:li rdf:resource="urn:miriam:kegg.genes:hsa%3A6010"/>
                </rdf:Bag>
              </bqbiol:is>
              <bqbiol:isEncodedBy>
                <rdf:Bag>
                  <rdf:li rdf:resource="urn:miriam:entrez.gene:6010"/>
                </rdf:Bag>
              </bqbiol:isEncodedBy>
              <bqbiol:hasProperty>
                <rdf:Bag>
                  <rdf:li rdf:resource="urn:miriam:omim:180380"/>
                </rdf:Bag>
              </bqbiol:hasProperty>
              <bqbiol:isEncodedBy>
                <rdf:Bag>
                  <rdf:li rdf:resource="urn:miriam:ensembl:ENSG00000163914"/>
                </rdf:Bag>
              </bqbiol:isEncodedBy>
              <bqbiol:is>
                <rdf:Bag>
                  <rdf:li rdf:resource="urn:miriam:uniprot:P08100"/>
                </rdf:Bag>
              </bqbiol:is>
              <bqbiol:isEncodedBy>
                <rdf:Bag>
                  <rdf:li rdf:resource="urn:miriam:hgnc:HGNC%3A10012"/>
                </rdf:Bag>
              </bqbiol:isEncodedBy>
              <bqbiol:unknownQualifier>
                <rdf:Bag>
                  <rdf:li rdf:resource="urn:miriam:obo.eco:ECO%3A0000313"/>
                </rdf:Bag>
              </bqbiol:unknownQualifier>
            </rdf:Description>
          </rdf:RDF>
        </annotation>
      </species>
      <species id="PDE6A" initialAmount="1" name="PDE6A" metaid="meta_PDE6A" sboTerm="SBO:0000354" substanceUnits="substance" compartment="default">
<notes><body xmlns="http://www.w3.org/1999/xhtml"><a href="http://www.kegg.jp/dbget-bin/www_bget?hsa:5145+hsa:5148+hsa:5158">Original Kegg Entry</a><br/>
</body></notes>
        <annotation>
          <rdf:RDF xmlns:rdf="http://www.w3.org/1999/02/22-rdf-syntax-ns#" xmlns:bqbiol="http://biomodels.net/biology-qualifiers/">
            <rdf:Description rdf:about="#meta_PDE6A">
              <bqbiol:hasVersion>
                <rdf:Bag>
                  <rdf:li rdf:resource="urn:miriam:kegg.genes:hsa%3A5145"/>
                  <rdf:li rdf:resource="urn:miriam:kegg.genes:hsa%3A5148"/>
                  <rdf:li rdf:resource="urn:miriam:kegg.genes:hsa%3A5158"/>
                </rdf:Bag>
              </bqbiol:hasVersion>
              <bqbiol:unknownQualifier>
                <rdf:Bag>
                  <rdf:li rdf:resource="urn:miriam:obo.eco:ECO%3A0000313"/>
                </rdf:Bag>
              </bqbiol:unknownQualifier>
            </rdf:Description>
          </rdf:RDF>
        </annotation>
      </species>
      <species id="GNAT1" initialAmount="1" name="GNAT1" metaid="meta_GNAT1" sboTerm="SBO:0000354" substanceUnits="substance" compartment="default">
<notes><body xmlns="http://www.w3.org/1999/xhtml"><a href="http://www.kegg.jp/dbget-bin/www_bget?hsa:2779+hsa:2780+hsa:2782+hsa:2792+hsa:346562">Original Kegg Entry</a><br/>
<p><b>Description for “GNAT1, CSNBAD3, GBT1, GNATR”:</b> guanine nucleotide binding protein (G protein), alpha transducing activity polypeptide 1</p>
<p><b>Description for “GNAT2, ACHM4, GNATC”:</b> guanine nucleotide binding protein (G protein), alpha transducing activity polypeptide 2</p>
<p><b>Description for “GNB1”:</b> guanine nucleotide binding protein (G protein), beta polypeptide 1</p>
<p><b>Description for “GNGT1, GNG1”:</b> guanine nucleotide binding protein (G protein), gamma transducing activity polypeptide 1</p>
<p><b>Description for “GNAT3, GDCA”:</b> guanine nucleotide binding protein, alpha transducing 3</p>
</body></notes>
        <annotation>
          <rdf:RDF xmlns:rdf="http://www.w3.org/1999/02/22-rdf-syntax-ns#" xmlns:bqbiol="http://biomodels.net/biology-qualifiers/">
            <rdf:Description rdf:about="#meta_GNAT1">
              <bqbiol:hasVersion>
                <rdf:Bag>
                  <rdf:li rdf:resource="urn:miriam:kegg.genes:hsa%3A2779"/>
                  <rdf:li rdf:resource="urn:miriam:kegg.genes:hsa%3A2780"/>
                  <rdf:li rdf:resource="urn:miriam:kegg.genes:hsa%3A2782"/>
                  <rdf:li rdf:resource="urn:miriam:kegg.genes:hsa%3A2792"/>
                  <rdf:li rdf:resource="urn:miriam:kegg.genes:hsa%3A346562"/>
                </rdf:Bag>
              </bqbiol:hasVersion>
              <bqbiol:isEncodedBy>
                <rdf:Bag>
                  <rdf:li rdf:resource="urn:miriam:entrez.gene:2779"/>
                  <rdf:li rdf:resource="urn:miriam:entrez.gene:2780"/>
                  <rdf:li rdf:resource="urn:miriam:entrez.gene:2782"/>
                  <rdf:li rdf:resource="urn:miriam:entrez.gene:2792"/>
                  <rdf:li rdf:resource="urn:miriam:entrez.gene:346562"/>
                </rdf:Bag>
              </bqbiol:isEncodedBy>
              <bqbiol:hasProperty>
                <rdf:Bag>
                  <rdf:li rdf:resource="urn:miriam:omim:139330"/>
                  <rdf:li rdf:resource="urn:miriam:omim:139340"/>
                  <rdf:li rdf:resource="urn:miriam:omim:139380"/>
                  <rdf:li rdf:resource="urn:miriam:omim:189970"/>
                  <rdf:li rdf:resource="urn:miriam:omim:139395"/>
                </rdf:Bag>
              </bqbiol:hasProperty>
              <bqbiol:isEncodedBy>
                <rdf:Bag>
                  <rdf:li rdf:resource="urn:miriam:ensembl:ENSG00000114349"/>
                  <rdf:li rdf:resource="urn:miriam:ensembl:ENSG00000134183"/>
                  <rdf:li rdf:resource="urn:miriam:ensembl:ENSG00000078369"/>
                  <rdf:li rdf:resource="urn:miriam:ensembl:ENSG00000127928"/>
                  <rdf:li rdf:resource="urn:miriam:ensembl:ENSG00000214415"/>
                </rdf:Bag>
              </bqbiol:isEncodedBy>
              <bqbiol:hasVersion>
                <rdf:Bag>
                  <rdf:li rdf:resource="urn:miriam:uniprot:P11488"/>
                  <rdf:li rdf:resource="urn:miriam:uniprot:P19087"/>
                  <rdf:li rdf:resource="urn:miriam:uniprot:Q5T697"/>
                  <rdf:li rdf:resource="urn:miriam:uniprot:P62873"/>
                  <rdf:li rdf:resource="urn:miriam:uniprot:P63211"/>
                  <rdf:li rdf:resource="urn:miriam:uniprot:A8MTJ3"/>
                </rdf:Bag>
              </bqbiol:hasVersion>
              <bqbiol:isEncodedBy>
                <rdf:Bag>
                  <rdf:li rdf:resource="urn:miriam:hgnc:HGNC%3A4393"/>
                  <rdf:li rdf:resource="urn:miriam:hgnc:HGNC%3A4394"/>
                  <rdf:li rdf:resource="urn:miriam:hgnc:HGNC%3A4396"/>
                  <rdf:li rdf:resource="urn:miriam:hgnc:HGNC%3A4411"/>
                  <rdf:li rdf:resource="urn:miriam:hgnc:HGNC%3A22800"/>
                </rdf:Bag>
              </bqbiol:isEncodedBy>
              <bqbiol:unknownQualifier>
                <rdf:Bag>
                  <rdf:li rdf:resource="urn:miriam:obo.eco:ECO%3A0000313"/>
                </rdf:Bag>
              </bqbiol:unknownQualifier>
            </rdf:Description>
          </rdf:RDF>
        </annotation>
      </species>
      <species id="GUCY2D" initialAmount="1" name="GUCY2D" metaid="meta_GUCY2D" sboTerm="SBO:0000354" substanceUnits="substance" compartment="default">
<notes><body xmlns="http://www.w3.org/1999/xhtml"><a href="http://www.kegg.jp/dbget-bin/www_bget?hsa:2986+hsa:3000">Original Kegg Entry</a><br/>
<p><b>Description for “GUCY2D, CORD5, CORD6, CYGD, GUC1A4, GUC2D, LCA, LCA1, RCD2, RETGC-1, ROS-GC1, ROSGC, retGC”:</b> guanylate cyclase 2D, membrane (retina-specific) (EC:4.6.1.2)</p>
</body></notes>
        <annotation>
          <rdf:RDF xmlns:rdf="http://www.w3.org/1999/02/22-rdf-syntax-ns#" xmlns:bqbiol="http://biomodels.net/biology-qualifiers/">
            <rdf:Description rdf:about="#meta_GUCY2D">
              <bqbiol:hasVersion>
                <rdf:Bag>
                  <rdf:li rdf:resource="urn:miriam:kegg.genes:hsa%3A2986"/>
                  <rdf:li rdf:resource="urn:miriam:kegg.genes:hsa%3A3000"/>
                </rdf:Bag>
              </bqbiol:hasVersion>
              <bqbiol:isEncodedBy>
                <rdf:Bag>
                  <rdf:li rdf:resource="urn:miriam:entrez.gene:3000"/>
                </rdf:Bag>
              </bqbiol:isEncodedBy>
              <bqbiol:hasProperty>
                <rdf:Bag>
                  <rdf:li rdf:resource="urn:miriam:omim:600179"/>
                </rdf:Bag>
              </bqbiol:hasProperty>
              <bqbiol:isEncodedBy>
                <rdf:Bag>
                  <rdf:li rdf:resource="urn:miriam:ensembl:ENSG00000132518"/>
                </rdf:Bag>
              </bqbiol:isEncodedBy>
              <bqbiol:is>
                <rdf:Bag>
                  <rdf:li rdf:resource="urn:miriam:uniprot:Q02846"/>
                </rdf:Bag>
              </bqbiol:is>
              <bqbiol:isEncodedBy>
                <rdf:Bag>
                  <rdf:li rdf:resource="urn:miriam:hgnc:HGNC%3A4689"/>
                </rdf:Bag>
              </bqbiol:isEncodedBy>
              <bqbiol:hasProperty>
                <rdf:Bag>
                  <rdf:li rdf:resource="urn:miriam:ec-code:4.6.1.2"/>
                </rdf:Bag>
              </bqbiol:hasProperty>
              <bqbiol:unknownQualifier>
                <rdf:Bag>
                  <rdf:li rdf:resource="urn:miriam:obo.eco:ECO%3A0000313"/>
                </rdf:Bag>
              </bqbiol:unknownQualifier>
            </rdf:Description>
          </rdf:RDF>
        </annotation>
      </species>
      <species id="C00076" initialAmount="1" name="C00076" metaid="meta_C00076" sboTerm="SBO:0000247" substanceUnits="substance" compartment="default">
<notes><body xmlns="http://www.w3.org/1999/xhtml"><a href="http://www.kegg.jp/dbget-bin/www_bget?C00076">Original Kegg Entry</a><br/>
</body></notes>
        <annotation>
          <rdf:RDF xmlns:rdf="http://www.w3.org/1999/02/22-rdf-syntax-ns#" xmlns:bqbiol="http://biomodels.net/biology-qualifiers/">
            <rdf:Description rdf:about="#meta_C00076">
              <bqbiol:is>
                <rdf:Bag>
                  <rdf:li rdf:resource="urn:miriam:kegg.compound:C00076"/>
                </rdf:Bag>
              </bqbiol:is>
              <bqbiol:unknownQualifier>
                <rdf:Bag>
                  <rdf:li rdf:resource="urn:miriam:obo.eco:ECO%3A0000313"/>
                </rdf:Bag>
              </bqbiol:unknownQualifier>
            </rdf:Description>
          </rdf:RDF>
        </annotation>
      </species>
      <species id="C01330" initialAmount="1" name="C01330" metaid="meta_C01330" sboTerm="SBO:0000247" substanceUnits="substance" compartment="default">
<notes><body xmlns="http://www.w3.org/1999/xhtml"><a href="http://www.kegg.jp/dbget-bin/www_bget?C01330">Original Kegg Entry</a><br/>
</body></notes>
        <annotation>
          <rdf:RDF xmlns:rdf="http://www.w3.org/1999/02/22-rdf-syntax-ns#" xmlns:bqbiol="http://biomodels.net/biology-qualifiers/">
            <rdf:Description rdf:about="#meta_C01330">
              <bqbiol:is>
                <rdf:Bag>
                  <rdf:li rdf:resource="urn:miriam:kegg.compound:C01330"/>
                </rdf:Bag>
              </bqbiol:is>
              <bqbiol:unknownQualifier>
                <rdf:Bag>
                  <rdf:li rdf:resource="urn:miriam:obo.eco:ECO%3A0000313"/>
                </rdf:Bag>
              </bqbiol:unknownQualifier>
            </rdf:Description>
          </rdf:RDF>
        </annotation>
      </species>
      <species id="C00942" initialAmount="1" name="C00942" metaid="meta_C00942" sboTerm="SBO:0000247" substanceUnits="substance" compartment="default">
<notes><body xmlns="http://www.w3.org/1999/xhtml"><a href="http://www.kegg.jp/dbget-bin/www_bget?C00942">Original Kegg Entry</a><br/>
</body></notes>
        <annotation>
          <rdf:RDF xmlns:rdf="http://www.w3.org/1999/02/22-rdf-syntax-ns#" xmlns:bqbiol="http://biomodels.net/biology-qualifiers/">
            <rdf:Description rdf:about="#meta_C00942">
              <bqbiol:is>
                <rdf:Bag>
                  <rdf:li rdf:resource="urn:miriam:kegg.compound:C00942"/>
                </rdf:Bag>
              </bqbiol:is>
              <bqbiol:unknownQualifier>
                <rdf:Bag>
                  <rdf:li rdf:resource="urn:miriam:obo.eco:ECO%3A0000313"/>
                </rdf:Bag>
              </bqbiol:unknownQualifier>
            </rdf:Description>
          </rdf:RDF>
        </annotation>
      </species>
      <species id="C10H14N5O8P" initialAmount="1" name="C10H14N5O8P" metaid="meta_C10H14N5O8P" sboTerm="SBO:0000247" substanceUnits="substance" compartment="default">
<notes><body xmlns="http://www.w3.org/1999/xhtml"><a href="http://www.kegg.jp/dbget-bin/www_bget?C00144">Original Kegg Entry</a><br/>
<p><b>Guanylic acid</b></p>
<p><b>All given names:</b><br/>GMP<br/>Guanosine 5'-phosphate<br/>Guanosine monophosphate<br/>Guanosine 5'-monophosphate<br/>Guanylic acid</p>
<p><b>Formula:</b> C10H14N5O8P</p>
<img src="http://www.kegg.jp/Fig/compound/C00144.gif"/><br/>
</body></notes>
        <annotation>
          <rdf:RDF xmlns:rdf="http://www.w3.org/1999/02/22-rdf-syntax-ns#" xmlns:bqbiol="http://biomodels.net/biology-qualifiers/">
            <rdf:Description rdf:about="#meta_C10H14N5O8P">
              <bqbiol:is>
                <rdf:Bag>
                  <rdf:li rdf:resource="urn:miriam:kegg.compound:C00144"/>
                </rdf:Bag>
              </bqbiol:is>
              <bqbiol:is>
                <rdf:Bag>
                  <rdf:li rdf:resource="urn:miriam:obo.chebi:CHEBI%3A17345"/>
                </rdf:Bag>
              </bqbiol:is>
              <bqbiol:hasProperty>
                <rdf:Bag>
                  <rdf:li rdf:resource="urn:miriam:pubchem.substance:3444"/>
                </rdf:Bag>
              </bqbiol:hasProperty>
              <bqbiol:hasProperty>
                <rdf:Bag>
                  <rdf:li rdf:resource="urn:miriam:3dmet:B01172"/>
                </rdf:Bag>
              </bqbiol:hasProperty>
              <bqbiol:unknownQualifier>
                <rdf:Bag>
                  <rdf:li rdf:resource="urn:miriam:obo.eco:ECO%3A0000313"/>
                </rdf:Bag>
              </bqbiol:unknownQualifier>
            </rdf:Description>
          </rdf:RDF>
        </annotation>
      </species>
      <species id="SLC24A1" initialAmount="1" name="SLC24A1" metaid="meta_SLC24A1" sboTerm="SBO:0000354" substanceUnits="substance" compartment="default">
<notes><body xmlns="http://www.w3.org/1999/xhtml"><a href="http://www.kegg.jp/dbget-bin/www_bget?hsa:9187">Original Kegg Entry</a><br/>
<p><b>Description for “SLC24A1, HsT17412, KIAA0702, NCKX, NCKX1, RODX”:</b> solute carrier family 24 (sodium/potassium/calcium exchanger), member 1</p>
</body></notes>
        <annotation>
          <rdf:RDF xmlns:rdf="http://www.w3.org/1999/02/22-rdf-syntax-ns#" xmlns:bqbiol="http://biomodels.net/biology-qualifiers/">
            <rdf:Description rdf:about="#meta_SLC24A1">
              <bqbiol:is>
                <rdf:Bag>
                  <rdf:li rdf:resource="urn:miriam:kegg.genes:hsa%3A9187"/>
                </rdf:Bag>
              </bqbiol:is>
              <bqbiol:isEncodedBy>
                <rdf:Bag>
                  <rdf:li rdf:resource="urn:miriam:entrez.gene:9187"/>
                </rdf:Bag>
              </bqbiol:isEncodedBy>
              <bqbiol:hasProperty>
                <rdf:Bag>
                  <rdf:li rdf:resource="urn:miriam:omim:603617"/>
                </rdf:Bag>
              </bqbiol:hasProperty>
              <bqbiol:isEncodedBy>
                <rdf:Bag>
                  <rdf:li rdf:resource="urn:miriam:ensembl:ENSG00000074621"/>
                </rdf:Bag>
              </bqbiol:isEncodedBy>
              <bqbiol:is>
                <rdf:Bag>
                  <rdf:li rdf:resource="urn:miriam:uniprot:O60721"/>
                </rdf:Bag>
              </bqbiol:is>
              <bqbiol:isEncodedBy>
                <rdf:Bag>
                  <rdf:li rdf:resource="urn:miriam:hgnc:HGNC%3A10975"/>
                </rdf:Bag>
              </bqbiol:isEncodedBy>
              <bqbiol:unknownQualifier>
                <rdf:Bag>
                  <rdf:li rdf:resource="urn:miriam:obo.eco:ECO%3A0000313"/>
                </rdf:Bag>
              </bqbiol:unknownQualifier>
            </rdf:Description>
          </rdf:RDF>
        </annotation>
      </species>
      <species id="K" initialAmount="1" name="K" metaid="meta_K" sboTerm="SBO:0000247" substanceUnits="substance" compartment="default">
<notes><body xmlns="http://www.w3.org/1999/xhtml"><a href="http://www.kegg.jp/dbget-bin/www_bget?C00238">Original Kegg Entry</a><br/>
<p><b>Potassium ion</b></p>
<p><b>All given names:</b><br/>Potassium cation<br/>K+<br/>Potassium(1+)<br/>Potassium ion</p>
<p><b>Formula:</b> K</p>
<img src="http://www.kegg.jp/Fig/compound/C00238.gif"/><br/>
</body></notes>
        <annotation>
          <rdf:RDF xmlns:rdf="http://www.w3.org/1999/02/22-rdf-syntax-ns#" xmlns:bqbiol="http://biomodels.net/biology-qualifiers/">
            <rdf:Description rdf:about="#meta_K">
              <bqbiol:is>
                <rdf:Bag>
                  <rdf:li rdf:resource="urn:miriam:kegg.compound:C00238"/>
                </rdf:Bag>
              </bqbiol:is>
              <bqbiol:is>
                <rdf:Bag>
                  <rdf:li rdf:resource="urn:miriam:obo.chebi:CHEBI%3A29103"/>
                </rdf:Bag>
              </bqbiol:is>
              <bqbiol:hasProperty>
                <rdf:Bag>
                  <rdf:li rdf:resource="urn:miriam:pubchem.substance:3537"/>
                </rdf:Bag>
              </bqbiol:hasProperty>
              <bqbiol:unknownQualifier>
                <rdf:Bag>
                  <rdf:li rdf:resource="urn:miriam:obo.eco:ECO%3A0000313"/>
                </rdf:Bag>
              </bqbiol:unknownQualifier>
            </rdf:Description>
          </rdf:RDF>
        </annotation>
      </species>
      <species id="GUCA1" initialAmount="1" name="GUCA1" metaid="meta_GUCA1" sboTerm="SBO:0000354" substanceUnits="substance" compartment="default">
<notes><body xmlns="http://www.w3.org/1999/xhtml"><a href="http://www.kegg.jp/dbget-bin/www_bget?hsa:2978+hsa:2979+hsa:9626">Original Kegg Entry</a><br/>
<p><b>Description for “GUCA1A, C6orf131, COD3, CORD14, GCAP, GCAP1, GUCA, GUCA1, dJ139D8.6”:</b> guanylate cyclase activator 1A (retina)</p>
<p><b>Description for “GUCA1B, DKFZp686E1183, GCAP2, GUCA2, RP48”:</b> guanylate cyclase activator 1B (retina)</p>
<p><b>Description for “GUCA1C, GCAP3, MGC120158, MGC120159”:</b> guanylate cyclase activator 1C</p>
</body></notes>
        <annotation>
          <rdf:RDF xmlns:rdf="http://www.w3.org/1999/02/22-rdf-syntax-ns#" xmlns:bqbiol="http://biomodels.net/biology-qualifiers/">
            <rdf:Description rdf:about="#meta_GUCA1">
              <bqbiol:hasVersion>
                <rdf:Bag>
                  <rdf:li rdf:resource="urn:miriam:kegg.genes:hsa%3A2978"/>
                  <rdf:li rdf:resource="urn:miriam:kegg.genes:hsa%3A2979"/>
                  <rdf:li rdf:resource="urn:miriam:kegg.genes:hsa%3A9626"/>
                </rdf:Bag>
              </bqbiol:hasVersion>
              <bqbiol:isEncodedBy>
                <rdf:Bag>
                  <rdf:li rdf:resource="urn:miriam:entrez.gene:2978"/>
                  <rdf:li rdf:resource="urn:miriam:entrez.gene:2979"/>
                  <rdf:li rdf:resource="urn:miriam:entrez.gene:9626"/>
                </rdf:Bag>
              </bqbiol:isEncodedBy>
              <bqbiol:hasProperty>
                <rdf:Bag>
                  <rdf:li rdf:resource="urn:miriam:omim:600364"/>
                  <rdf:li rdf:resource="urn:miriam:omim:602275"/>
                  <rdf:li rdf:resource="urn:miriam:omim:605128"/>
                </rdf:Bag>
              </bqbiol:hasProperty>
              <bqbiol:isEncodedBy>
                <rdf:Bag>
                  <rdf:li rdf:resource="urn:miriam:ensembl:ENSG00000048545"/>
                  <rdf:li rdf:resource="urn:miriam:ensembl:ENSG00000112599"/>
                  <rdf:li rdf:resource="urn:miriam:ensembl:ENSG00000138472"/>
                </rdf:Bag>
              </bqbiol:isEncodedBy>
              <bqbiol:hasVersion>
                <rdf:Bag>
                  <rdf:li rdf:resource="urn:miriam:uniprot:P43080"/>
                  <rdf:li rdf:resource="urn:miriam:uniprot:Q9UMX6"/>
                  <rdf:li rdf:resource="urn:miriam:uniprot:Q7Z3V9"/>
                  <rdf:li rdf:resource="urn:miriam:uniprot:O95843"/>
                </rdf:Bag>
              </bqbiol:hasVersion>
              <bqbiol:isEncodedBy>
                <rdf:Bag>
                  <rdf:li rdf:resource="urn:miriam:hgnc:HGNC%3A4678"/>
                  <rdf:li rdf:resource="urn:miriam:hgnc:HGNC%3A4679"/>
                  <rdf:li rdf:resource="urn:miriam:hgnc:HGNC%3A4680"/>
                </rdf:Bag>
              </bqbiol:isEncodedBy>
              <bqbiol:unknownQualifier>
                <rdf:Bag>
                  <rdf:li rdf:resource="urn:miriam:obo.eco:ECO%3A0000313"/>
                </rdf:Bag>
              </bqbiol:unknownQualifier>
            </rdf:Description>
          </rdf:RDF>
        </annotation>
      </species>
      <species id="Retinol_metabolism" initialAmount="1" name="Retinol metabolism" metaid="meta_Retinol_metabolism" sboTerm="SBO:0000552" substanceUnits="substance" compartment="default">
<notes><body xmlns="http://www.w3.org/1999/xhtml"><a href="http://www.kegg.jp/dbget-bin/www_bget?hsa00830">Original Kegg Entry</a><br/>
<p><b>Retinol metabolism - Homo sapiens (human)</b></p>
<img src="http://www.kegg.jp/kegg/misc/thumbnail/map00830.gif"/><br/>
</body></notes>
        <annotation>
          <rdf:RDF xmlns:rdf="http://www.w3.org/1999/02/22-rdf-syntax-ns#" xmlns:bqbiol="http://biomodels.net/biology-qualifiers/">
            <rdf:Description rdf:about="#meta_Retinol_metabolism">
              <bqbiol:is>
                <rdf:Bag>
                  <rdf:li rdf:resource="urn:miriam:kegg.pathway:hsa00830"/>
                </rdf:Bag>
              </bqbiol:is>
              <bqbiol:isDescribedBy>
                <rdf:Bag>
                  <rdf:li rdf:resource="urn:miriam:obo.go:GO:0006776"/>
                </rdf:Bag>
              </bqbiol:isDescribedBy>
              <bqbiol:unknownQualifier>
                <rdf:Bag>
                  <rdf:li rdf:resource="urn:miriam:obo.eco:ECO%3A0000313"/>
                </rdf:Bag>
              </bqbiol:unknownQualifier>
            </rdf:Description>
          </rdf:RDF>
        </annotation>
      </species>
      <species id="C20H28O" initialAmount="1" name="C20H28O" metaid="meta_C20H28O" sboTerm="SBO:0000247" substanceUnits="substance" compartment="default">
<notes><body xmlns="http://www.w3.org/1999/xhtml"><a href="http://www.kegg.jp/dbget-bin/www_bget?C00376">Original Kegg Entry</a><br/>
<p><b>all-trans-Retinene</b></p>
<p><b>All given names:</b><br/>Retinal<br/>Vitamin A aldehyde<br/>Retinene<br/>all-trans-Retinal<br/>all-trans-Vitamin A aldehyde<br/>all-trans-Retinene</p>
<p><b>Formula:</b> C20H28O</p>
<img src="http://www.kegg.jp/Fig/compound/C00376.gif"/><br/>
</body></notes>
        <annotation>
          <rdf:RDF xmlns:rdf="http://www.w3.org/1999/02/22-rdf-syntax-ns#" xmlns:bqbiol="http://biomodels.net/biology-qualifiers/">
            <rdf:Description rdf:about="#meta_C20H28O">
              <bqbiol:is>
                <rdf:Bag>
                  <rdf:li rdf:resource="urn:miriam:kegg.compound:C00376"/>
                </rdf:Bag>
              </bqbiol:is>
              <bqbiol:is>
                <rdf:Bag>
                  <rdf:li rdf:resource="urn:miriam:obo.chebi:CHEBI%3A17898"/>
                </rdf:Bag>
              </bqbiol:is>
              <bqbiol:hasProperty>
                <rdf:Bag>
                  <rdf:li rdf:resource="urn:miriam:pubchem.substance:3666"/>
                </rdf:Bag>
              </bqbiol:hasProperty>
              <bqbiol:hasProperty>
                <rdf:Bag>
                  <rdf:li rdf:resource="urn:miriam:3dmet:B00095"/>
                </rdf:Bag>
              </bqbiol:hasProperty>
              <bqbiol:hasProperty>
                <rdf:Bag>
                  <rdf:li rdf:resource="urn:miriam:lipidbank:VVA0012"/>
                </rdf:Bag>
              </bqbiol:hasProperty>
              <bqbiol:unknownQualifier>
                <rdf:Bag>
                  <rdf:li rdf:resource="urn:miriam:obo.eco:ECO%3A0000313"/>
                </rdf:Bag>
              </bqbiol:unknownQualifier>
            </rdf:Description>
          </rdf:RDF>
        </annotation>
      </species>
      <species id="C20H28O_1" initialAmount="1" name="C20H28O" metaid="meta_C20H28O_1" sboTerm="SBO:0000247" substanceUnits="substance" compartment="default">
<notes><body xmlns="http://www.w3.org/1999/xhtml"><a href="http://www.kegg.jp/dbget-bin/www_bget?C02110">Original Kegg Entry</a><br/>
<p><b>11-cis-Retinene</b></p>
<p><b>All given names:</b><br/>11-cis-Retinal<br/>11-cis-Vitamin A aldehyde<br/>11-cis-Retinene</p>
<p><b>Formula:</b> C20H28O</p>
<img src="http://www.kegg.jp/Fig/compound/C02110.gif"/><br/>
</body></notes>
        <annotation>
          <rdf:RDF xmlns:rdf="http://www.w3.org/1999/02/22-rdf-syntax-ns#" xmlns:bqbiol="http://biomodels.net/biology-qualifiers/">
            <rdf:Description rdf:about="#meta_C20H28O_1">
              <bqbiol:is>
                <rdf:Bag>
                  <rdf:li rdf:resource="urn:miriam:kegg.compound:C02110"/>
                </rdf:Bag>
              </bqbiol:is>
              <bqbiol:is>
                <rdf:Bag>
                  <rdf:li rdf:resource="urn:miriam:obo.chebi:CHEBI%3A16066"/>
                </rdf:Bag>
              </bqbiol:is>
              <bqbiol:hasProperty>
                <rdf:Bag>
                  <rdf:li rdf:resource="urn:miriam:3dmet:B00390"/>
                </rdf:Bag>
              </bqbiol:hasProperty>
              <bqbiol:hasProperty>
                <rdf:Bag>
                  <rdf:li rdf:resource="urn:miriam:lipidbank:VVA0015"/>
                </rdf:Bag>
              </bqbiol:hasProperty>
              <bqbiol:unknownQualifier>
                <rdf:Bag>
                  <rdf:li rdf:resource="urn:miriam:obo.eco:ECO%3A0000313"/>
                </rdf:Bag>
              </bqbiol:unknownQualifier>
            </rdf:Description>
          </rdf:RDF>
        </annotation>
      </species>
      <species id="RCVRN" initialAmount="1" name="RCVRN" metaid="meta_RCVRN" sboTerm="SBO:0000354" substanceUnits="substance" compartment="default">
<notes><body xmlns="http://www.w3.org/1999/xhtml"><a href="http://www.kegg.jp/dbget-bin/www_bget?hsa:5957">Original Kegg Entry</a><br/>
<p><b>Description for “RCVRN, RCV1”:</b> recoverin</p>
</body></notes>
        <annotation>
          <rdf:RDF xmlns:rdf="http://www.w3.org/1999/02/22-rdf-syntax-ns#" xmlns:bqbiol="http://biomodels.net/biology-qualifiers/">
            <rdf:Description rdf:about="#meta_RCVRN">
              <bqbiol:is>
                <rdf:Bag>
                  <rdf:li rdf:resource="urn:miriam:kegg.genes:hsa%3A5957"/>
                </rdf:Bag>
              </bqbiol:is>
              <bqbiol:isEncodedBy>
                <rdf:Bag>
                  <rdf:li rdf:resource="urn:miriam:entrez.gene:5957"/>
                </rdf:Bag>
              </bqbiol:isEncodedBy>
              <bqbiol:hasProperty>
                <rdf:Bag>
                  <rdf:li rdf:resource="urn:miriam:omim:179618"/>
                </rdf:Bag>
              </bqbiol:hasProperty>
              <bqbiol:isEncodedBy>
                <rdf:Bag>
                  <rdf:li rdf:resource="urn:miriam:ensembl:ENSG00000109047"/>
                </rdf:Bag>
              </bqbiol:isEncodedBy>
              <bqbiol:hasVersion>
                <rdf:Bag>
                  <rdf:li rdf:resource="urn:miriam:uniprot:P35243"/>
                  <rdf:li rdf:resource="urn:miriam:uniprot:Q53XL0"/>
                </rdf:Bag>
              </bqbiol:hasVersion>
              <bqbiol:isEncodedBy>
                <rdf:Bag>
                  <rdf:li rdf:resource="urn:miriam:hgnc:HGNC%3A9937"/>
                </rdf:Bag>
              </bqbiol:isEncodedBy>
              <bqbiol:unknownQualifier>
                <rdf:Bag>
                  <rdf:li rdf:resource="urn:miriam:obo.eco:ECO%3A0000313"/>
                </rdf:Bag>
              </bqbiol:unknownQualifier>
            </rdf:Description>
          </rdf:RDF>
        </annotation>
      </species>
      <species id="GRK" initialAmount="1" name="GRK" metaid="meta_GRK" sboTerm="SBO:0000354" substanceUnits="substance" compartment="default">
<notes><body xmlns="http://www.w3.org/1999/xhtml"><a href="http://www.kegg.jp/dbget-bin/www_bget?hsa:131890+hsa:6011">Original Kegg Entry</a><br/>
<p><b>Description for “GRK7, GPRK7”:</b> G protein-coupled receptor kinase 7 (EC:2.7.11.16)</p>
<p><b>Description for “GRK1, GPRK1, RHOK, RK”:</b> G protein-coupled receptor kinase 1 (EC:2.7.11.14)</p>
</body></notes>
        <annotation>
          <rdf:RDF xmlns:rdf="http://www.w3.org/1999/02/22-rdf-syntax-ns#" xmlns:bqbiol="http://biomodels.net/biology-qualifiers/">
            <rdf:Description rdf:about="#meta_GRK">
              <bqbiol:hasVersion>
                <rdf:Bag>
                  <rdf:li rdf:resource="urn:miriam:kegg.genes:hsa%3A131890"/>
                  <rdf:li rdf:resource="urn:miriam:kegg.genes:hsa%3A6011"/>
                </rdf:Bag>
              </bqbiol:hasVersion>
              <bqbiol:isEncodedBy>
                <rdf:Bag>
                  <rdf:li rdf:resource="urn:miriam:entrez.gene:131890"/>
                  <rdf:li rdf:resource="urn:miriam:entrez.gene:6011"/>
                </rdf:Bag>
              </bqbiol:isEncodedBy>
              <bqbiol:hasProperty>
                <rdf:Bag>
                  <rdf:li rdf:resource="urn:miriam:omim:606987"/>
                  <rdf:li rdf:resource="urn:miriam:omim:180381"/>
                </rdf:Bag>
              </bqbiol:hasProperty>
              <bqbiol:isEncodedBy>
                <rdf:Bag>
                  <rdf:li rdf:resource="urn:miriam:ensembl:ENSG00000114124"/>
                  <rdf:li rdf:resource="urn:miriam:ensembl:ENSG00000185974"/>
                </rdf:Bag>
              </bqbiol:isEncodedBy>
              <bqbiol:hasVersion>
                <rdf:Bag>
                  <rdf:li rdf:resource="urn:miriam:uniprot:Q8WTQ7"/>
                  <rdf:li rdf:resource="urn:miriam:uniprot:Q15835"/>
                </rdf:Bag>
              </bqbiol:hasVersion>
              <bqbiol:isEncodedBy>
                <rdf:Bag>
                  <rdf:li rdf:resource="urn:miriam:hgnc:HGNC%3A17031"/>
                  <rdf:li rdf:resource="urn:miriam:hgnc:HGNC%3A10013"/>
                </rdf:Bag>
              </bqbiol:isEncodedBy>
              <bqbiol:hasProperty>
                <rdf:Bag>
                  <rdf:li rdf:resource="urn:miriam:ec-code:2.7.11.14"/>
                  <rdf:li rdf:resource="urn:miriam:ec-code:2.7.11.16"/>
                </rdf:Bag>
              </bqbiol:hasProperty>
              <bqbiol:unknownQualifier>
                <rdf:Bag>
                  <rdf:li rdf:resource="urn:miriam:obo.eco:ECO%3A0000313"/>
                </rdf:Bag>
              </bqbiol:unknownQualifier>
            </rdf:Description>
          </rdf:RDF>
        </annotation>
      </species>
      <species id="ARRB" initialAmount="1" name="ARRB" metaid="meta_ARRB" sboTerm="SBO:0000354" substanceUnits="substance" compartment="default">
<notes><body xmlns="http://www.w3.org/1999/xhtml"><a href="http://www.kegg.jp/dbget-bin/www_bget?hsa:408+hsa:409">Original Kegg Entry</a><br/>
<p><b>Description for “ARRB1, ARB1, ARR1”:</b> arrestin, beta 1</p>
<p><b>Description for “ARRB2, ARB2, ARR2, BARR2, DKFZp686L0365”:</b> arrestin, beta 2</p>
</body></notes>
        <annotation>
          <rdf:RDF xmlns:rdf="http://www.w3.org/1999/02/22-rdf-syntax-ns#" xmlns:bqbiol="http://biomodels.net/biology-qualifiers/">
            <rdf:Description rdf:about="#meta_ARRB">
              <bqbiol:hasVersion>
                <rdf:Bag>
                  <rdf:li rdf:resource="urn:miriam:kegg.genes:hsa%3A408"/>
                  <rdf:li rdf:resource="urn:miriam:kegg.genes:hsa%3A409"/>
                </rdf:Bag>
              </bqbiol:hasVersion>
              <bqbiol:isEncodedBy>
                <rdf:Bag>
                  <rdf:li rdf:resource="urn:miriam:entrez.gene:408"/>
                  <rdf:li rdf:resource="urn:miriam:entrez.gene:409"/>
                </rdf:Bag>
              </bqbiol:isEncodedBy>
              <bqbiol:hasProperty>
                <rdf:Bag>
                  <rdf:li rdf:resource="urn:miriam:omim:107940"/>
                  <rdf:li rdf:resource="urn:miriam:omim:107941"/>
                </rdf:Bag>
              </bqbiol:hasProperty>
              <bqbiol:isEncodedBy>
                <rdf:Bag>
                  <rdf:li rdf:resource="urn:miriam:ensembl:ENSG00000137486"/>
                  <rdf:li rdf:resource="urn:miriam:ensembl:ENSG00000141480"/>
                </rdf:Bag>
              </bqbiol:isEncodedBy>
              <bqbiol:hasVersion>
                <rdf:Bag>
                  <rdf:li rdf:resource="urn:miriam:uniprot:P49407"/>
                  <rdf:li rdf:resource="urn:miriam:uniprot:B7Z1Q3"/>
                  <rdf:li rdf:resource="urn:miriam:uniprot:P32121"/>
                </rdf:Bag>
              </bqbiol:hasVersion>
              <bqbiol:isEncodedBy>
                <rdf:Bag>
                  <rdf:li rdf:resource="urn:miriam:hgnc:HGNC%3A711"/>
                  <rdf:li rdf:resource="urn:miriam:hgnc:HGNC%3A712"/>
                </rdf:Bag>
              </bqbiol:isEncodedBy>
              <bqbiol:unknownQualifier>
                <rdf:Bag>
                  <rdf:li rdf:resource="urn:miriam:obo.eco:ECO%3A0000313"/>
                </rdf:Bag>
              </bqbiol:unknownQualifier>
            </rdf:Description>
          </rdf:RDF>
        </annotation>
      </species>
      <species id="Mg" initialAmount="1" name="Mg" metaid="meta_Mg" sboTerm="SBO:0000247" substanceUnits="substance" compartment="default">
<notes><body xmlns="http://www.w3.org/1999/xhtml"><a href="http://www.kegg.jp/dbget-bin/www_bget?C00305">Original Kegg Entry</a><br/>
<p><b>Magnesium ion</b></p>
<p><b>All given names:</b><br/>Magnesium cation<br/>Mg2+<br/>Magnesium(2+)<br/>Magnesium ion</p>
<p><b>Formula:</b> Mg</p>
<img src="http://www.kegg.jp/Fig/compound/C00305.gif"/><br/>
</body></notes>
        <annotation>
          <rdf:RDF xmlns:rdf="http://www.w3.org/1999/02/22-rdf-syntax-ns#" xmlns:bqbiol="http://biomodels.net/biology-qualifiers/">
            <rdf:Description rdf:about="#meta_Mg">
              <bqbiol:is>
                <rdf:Bag>
                  <rdf:li rdf:resource="urn:miriam:kegg.compound:C00305"/>
                </rdf:Bag>
              </bqbiol:is>
              <bqbiol:is>
                <rdf:Bag>
                  <rdf:li rdf:resource="urn:miriam:obo.chebi:CHEBI%3A18420"/>
                </rdf:Bag>
              </bqbiol:is>
              <bqbiol:hasProperty>
                <rdf:Bag>
                  <rdf:li rdf:resource="urn:miriam:pubchem.substance:3599"/>
                </rdf:Bag>
              </bqbiol:hasProperty>
              <bqbiol:unknownQualifier>
                <rdf:Bag>
                  <rdf:li rdf:resource="urn:miriam:obo.eco:ECO%3A0000313"/>
                </rdf:Bag>
              </bqbiol:unknownQualifier>
            </rdf:Description>
          </rdf:RDF>
        </annotation>
      </species>
      <species id="RGS9" initialAmount="1" name="RGS9" metaid="meta_RGS9" sboTerm="SBO:0000354" substanceUnits="substance" compartment="default">
<notes><body xmlns="http://www.w3.org/1999/xhtml"><a href="http://www.kegg.jp/dbget-bin/www_bget?hsa:8787">Original Kegg Entry</a><br/>
<p><b>Description for “RGS9, MGC111763, MGC26458, PERRS, RGS9L”:</b> regulator of G-protein signaling 9</p>
</body></notes>
        <annotation>
          <rdf:RDF xmlns:rdf="http://www.w3.org/1999/02/22-rdf-syntax-ns#" xmlns:bqbiol="http://biomodels.net/biology-qualifiers/">
            <rdf:Description rdf:about="#meta_RGS9">
              <bqbiol:is>
                <rdf:Bag>
                  <rdf:li rdf:resource="urn:miriam:kegg.genes:hsa%3A8787"/>
                </rdf:Bag>
              </bqbiol:is>
              <bqbiol:isEncodedBy>
                <rdf:Bag>
                  <rdf:li rdf:resource="urn:miriam:entrez.gene:8787"/>
                </rdf:Bag>
              </bqbiol:isEncodedBy>
              <bqbiol:hasProperty>
                <rdf:Bag>
                  <rdf:li rdf:resource="urn:miriam:omim:604067"/>
                </rdf:Bag>
              </bqbiol:hasProperty>
              <bqbiol:isEncodedBy>
                <rdf:Bag>
                  <rdf:li rdf:resource="urn:miriam:ensembl:ENSG00000108370"/>
                </rdf:Bag>
              </bqbiol:isEncodedBy>
              <bqbiol:hasVersion>
                <rdf:Bag>
                  <rdf:li rdf:resource="urn:miriam:uniprot:O75916"/>
                  <rdf:li rdf:resource="urn:miriam:uniprot:A8K1G1"/>
                </rdf:Bag>
              </bqbiol:hasVersion>
              <bqbiol:isEncodedBy>
                <rdf:Bag>
                  <rdf:li rdf:resource="urn:miriam:hgnc:HGNC%3A10004"/>
                </rdf:Bag>
              </bqbiol:isEncodedBy>
              <bqbiol:unknownQualifier>
                <rdf:Bag>
                  <rdf:li rdf:resource="urn:miriam:obo.eco:ECO%3A0000313"/>
                </rdf:Bag>
              </bqbiol:unknownQualifier>
            </rdf:Description>
          </rdf:RDF>
        </annotation>
      </species>
      <species id="CALM" initialAmount="1" name="CALM" metaid="meta_CALM" sboTerm="SBO:0000354" substanceUnits="substance" compartment="default">
<notes><body xmlns="http://www.w3.org/1999/xhtml"><a href="http://www.kegg.jp/dbget-bin/www_bget?hsa:163688+hsa:51806+hsa:801+hsa:805+hsa:808+hsa:810">Original Kegg Entry</a><br/>
<p><b>Description for “CALML6, CAGLP”:</b> calmodulin-like 6</p>
<p><b>Description for “CALM1, CALM2, CALM3, CALML2, CAMI, DD132, PHKD, caM”:</b> calmodulin 1 (phosphorylase kinase, delta) (EC:2.7.11.19)</p>
<p><b>Description for “CALM2, CALM1, CALM3, CAMII, FLJ99410, PHKD, PHKD2”:</b> calmodulin 2 (phosphorylase kinase, delta) (EC:2.7.11.19)</p>
<p><b>Description for “CALM3, CALM1, CALM2, PHKD, PHKD3”:</b> calmodulin 3 (phosphorylase kinase, delta) (EC:2.7.11.19)</p>
<p><b>Description for “CALML3, CLP”:</b> calmodulin-like 3</p>
</body></notes>
        <annotation>
          <rdf:RDF xmlns:rdf="http://www.w3.org/1999/02/22-rdf-syntax-ns#" xmlns:bqbiol="http://biomodels.net/biology-qualifiers/">
            <rdf:Description rdf:about="#meta_CALM">
              <bqbiol:hasVersion>
                <rdf:Bag>
                  <rdf:li rdf:resource="urn:miriam:kegg.genes:hsa%3A163688"/>
                  <rdf:li rdf:resource="urn:miriam:kegg.genes:hsa%3A51806"/>
                  <rdf:li rdf:resource="urn:miriam:kegg.genes:hsa%3A801"/>
                  <rdf:li rdf:resource="urn:miriam:kegg.genes:hsa%3A805"/>
                  <rdf:li rdf:resource="urn:miriam:kegg.genes:hsa%3A808"/>
                  <rdf:li rdf:resource="urn:miriam:kegg.genes:hsa%3A810"/>
                </rdf:Bag>
              </bqbiol:hasVersion>
              <bqbiol:isEncodedBy>
                <rdf:Bag>
                  <rdf:li rdf:resource="urn:miriam:entrez.gene:163688"/>
                  <rdf:li rdf:resource="urn:miriam:entrez.gene:801"/>
                  <rdf:li rdf:resource="urn:miriam:entrez.gene:805"/>
                  <rdf:li rdf:resource="urn:miriam:entrez.gene:808"/>
                  <rdf:li rdf:resource="urn:miriam:entrez.gene:810"/>
                </rdf:Bag>
              </bqbiol:isEncodedBy>
              <bqbiol:hasProperty>
                <rdf:Bag>
                  <rdf:li rdf:resource="urn:miriam:omim:610171"/>
                  <rdf:li rdf:resource="urn:miriam:omim:114180"/>
                  <rdf:li rdf:resource="urn:miriam:omim:114182"/>
                  <rdf:li rdf:resource="urn:miriam:omim:114183"/>
                  <rdf:li rdf:resource="urn:miriam:omim:114184"/>
                </rdf:Bag>
              </bqbiol:hasProperty>
              <bqbiol:isEncodedBy>
                <rdf:Bag>
                  <rdf:li rdf:resource="urn:miriam:ensembl:ENSG00000169885"/>
                  <rdf:li rdf:resource="urn:miriam:ensembl:ENSG00000198668"/>
                  <rdf:li rdf:resource="urn:miriam:ensembl:ENSG00000143933"/>
                  <rdf:li rdf:resource="urn:miriam:ensembl:ENSG00000160014"/>
                  <rdf:li rdf:resource="urn:miriam:ensembl:ENSG00000178363"/>
                </rdf:Bag>
              </bqbiol:isEncodedBy>
              <bqbiol:hasVersion>
                <rdf:Bag>
                  <rdf:li rdf:resource="urn:miriam:uniprot:Q8TD86"/>
                  <rdf:li rdf:resource="urn:miriam:uniprot:P62158"/>
                  <rdf:li rdf:resource="urn:miriam:uniprot:B4DJ51"/>
                  <rdf:li rdf:resource="urn:miriam:uniprot:Q9BRL5"/>
                  <rdf:li rdf:resource="urn:miriam:uniprot:P27482"/>
                </rdf:Bag>
              </bqbiol:hasVersion>
              <bqbiol:isEncodedBy>
                <rdf:Bag>
                  <rdf:li rdf:resource="urn:miriam:hgnc:HGNC%3A24193"/>
                  <rdf:li rdf:resource="urn:miriam:hgnc:HGNC%3A1442"/>
                  <rdf:li rdf:resource="urn:miriam:hgnc:HGNC%3A1445"/>
                  <rdf:li rdf:resource="urn:miriam:hgnc:HGNC%3A1449"/>
                  <rdf:li rdf:resource="urn:miriam:hgnc:HGNC%3A1452"/>
                </rdf:Bag>
              </bqbiol:isEncodedBy>
              <bqbiol:hasProperty>
                <rdf:Bag>
                  <rdf:li rdf:resource="urn:miriam:ec-code:2.7.11.19"/>
                </rdf:Bag>
              </bqbiol:hasProperty>
              <bqbiol:unknownQualifier>
                <rdf:Bag>
                  <rdf:li rdf:resource="urn:miriam:obo.eco:ECO%3A0000313"/>
                </rdf:Bag>
              </bqbiol:unknownQualifier>
            </rdf:Description>
          </rdf:RDF>
        </annotation>
      </species>
    </listOfSpecies>
  </model>
</sbml>