<?xml version='1.0' encoding='UTF-8' standalone='no'?>
<!-- Created by KEGGtranslator version 1.2.0 on 2011-11-09 20:31 with jsbml version 0.8-rc1. -->
<sbml xmlns="http://www.sbml.org/sbml/level2/version4" level="2" version="4">
  <model id="path_hsa04710" name="Circadian rhythm - mammal" metaid="meta_path_hsa04710">
<notes><body xmlns="http://www.w3.org/1999/xhtml"><h1>Model of “Circadian rhythm - mammal”</h1>
<a href="http://www.genome.jp/kegg/pathway/hsa/hsa04710.png"><img src="http://www.genome.jp/kegg/pathway/hsa/hsa04710.png" alt="http://www.genome.jp/kegg-bin/show_pathway?hsa04710"/></a><br/>
<a href="http://www.genome.jp/kegg-bin/show_pathway?hsa04710">Original Entry</a><br/>
<p>KGML comment: “Creation date: Jul 22, 2010 17:25:55 +0900 (JST)”<br/>
KGML version was: 0.71<br/>
</p><div align="right"><i><small>This file has been generated by KEGGtranslator version 1.2.0</small></i></div><br/>
</body></notes>
    <annotation>
      <rdf:RDF xmlns:rdf="http://www.w3.org/1999/02/22-rdf-syntax-ns#" xmlns:bqmodel="http://biomodels.net/model-qualifiers/" xmlns:bqbiol="http://biomodels.net/biology-qualifiers/">
        <rdf:Description rdf:about="#meta_path_hsa04710">
          <creator>
            <rdf:Bag>
              <rdf:li rdf:parseType="Resource">                <ORG rdf:parseType="Resource">
                  <Orgname>ZBIT, University of Tübingen, WSI-CogSys</Orgname>
                </ORG>
              </rdf:li>
            </rdf:Bag>
          </creator>
          <created rdf:parseType="Resource">
            <W3CDTF>2011-11-09T19:31:27Z</W3CDTF>
          </created>
          <modified rdf:parseType="Resource">
            <W3CDTF>2011-11-09T19:31:27Z</W3CDTF>
          </modified>
          <modified rdf:parseType="Resource">
            <W3CDTF>2011-11-09T19:31:27Z</W3CDTF>
          </modified>
          <bqmodel:is>
            <rdf:Bag>
              <rdf:li rdf:resource="urn:miriam:kegg.pathway:hsa04710"/>
            </rdf:Bag>
          </bqmodel:is>
          <bqbiol:isDescribedBy>
            <rdf:Bag>
              <rdf:li rdf:resource="urn:miriam:obo.go:GO:0007623"/>
            </rdf:Bag>
          </bqbiol:isDescribedBy>
        </rdf:Description>
      </rdf:RDF>
    </annotation>
      <listOfCompartments>
      <compartment id="default" name="Circadian rhythm - mammal" units="volume" size="1"/>
    </listOfCompartments>
    <listOfSpecies>
      <species id="CSNK1" initialAmount="1" name="CSNK1" metaid="meta_CSNK1" sboTerm="SBO:0000354" substanceUnits="substance" compartment="default">
<notes><body xmlns="http://www.w3.org/1999/xhtml"><a href="http://www.kegg.jp/dbget-bin/www_bget?hsa:1453+hsa:1454">Original Kegg Entry</a><br/>
<p><b>Description for “CSNK1D, HCKID”:</b> casein kinase 1, delta (EC:2.7.11.1)</p>
<p><b>Description for “CSNK1E, HCKIE, MGC10398”:</b> casein kinase 1, epsilon (EC:2.7.11.1)</p>
</body></notes>
        <annotation>
          <rdf:RDF xmlns:rdf="http://www.w3.org/1999/02/22-rdf-syntax-ns#" xmlns:bqbiol="http://biomodels.net/biology-qualifiers/">
            <rdf:Description rdf:about="#meta_CSNK1">
              <bqbiol:hasVersion>
                <rdf:Bag>
                  <rdf:li rdf:resource="urn:miriam:kegg.genes:hsa%3A1453"/>
                  <rdf:li rdf:resource="urn:miriam:kegg.genes:hsa%3A1454"/>
                </rdf:Bag>
              </bqbiol:hasVersion>
              <bqbiol:isEncodedBy>
                <rdf:Bag>
                  <rdf:li rdf:resource="urn:miriam:entrez.gene:1453"/>
                  <rdf:li rdf:resource="urn:miriam:entrez.gene:1454"/>
                </rdf:Bag>
              </bqbiol:isEncodedBy>
              <bqbiol:hasProperty>
                <rdf:Bag>
                  <rdf:li rdf:resource="urn:miriam:omim:600864"/>
                  <rdf:li rdf:resource="urn:miriam:omim:600863"/>
                </rdf:Bag>
              </bqbiol:hasProperty>
              <bqbiol:isEncodedBy>
                <rdf:Bag>
                  <rdf:li rdf:resource="urn:miriam:ensembl:ENSG00000141551"/>
                  <rdf:li rdf:resource="urn:miriam:ensembl:ENSG00000213923"/>
                </rdf:Bag>
              </bqbiol:isEncodedBy>
              <bqbiol:hasVersion>
                <rdf:Bag>
                  <rdf:li rdf:resource="urn:miriam:uniprot:P48730"/>
                  <rdf:li rdf:resource="urn:miriam:uniprot:P49674"/>
                  <rdf:li rdf:resource="urn:miriam:uniprot:Q5U045"/>
                </rdf:Bag>
              </bqbiol:hasVersion>
              <bqbiol:isEncodedBy>
                <rdf:Bag>
                  <rdf:li rdf:resource="urn:miriam:hgnc:HGNC%3A2452"/>
                  <rdf:li rdf:resource="urn:miriam:hgnc:HGNC%3A2453"/>
                </rdf:Bag>
              </bqbiol:isEncodedBy>
              <bqbiol:hasProperty>
                <rdf:Bag>
                  <rdf:li rdf:resource="urn:miriam:ec-code:2.7.11.1"/>
                </rdf:Bag>
              </bqbiol:hasProperty>
              <bqbiol:unknownQualifier>
                <rdf:Bag>
                  <rdf:li rdf:resource="urn:miriam:obo.eco:ECO%3A0000313"/>
                </rdf:Bag>
              </bqbiol:unknownQualifier>
            </rdf:Description>
          </rdf:RDF>
        </annotation>
      </species>
      <species id="BHLHE4" initialAmount="1" name="BHLHE4" metaid="meta_BHLHE4" sboTerm="SBO:0000354" substanceUnits="substance" compartment="default">
<notes><body xmlns="http://www.w3.org/1999/xhtml"><a href="http://www.kegg.jp/dbget-bin/www_bget?hsa:79365+hsa:8553">Original Kegg Entry</a><br/>
<p><b>Description for “BHLHE41, BHLHB3, DEC2, SHARP1, hDEC2”:</b> basic helix-loop-helix family, member e41</p>
<p><b>Description for “BHLHE40, BHLHB2, DEC1, FLJ99214, HLHB2, SHARP-2, STRA13, Stra14”:</b> basic helix-loop-helix family, member e40</p>
</body></notes>
        <annotation>
          <rdf:RDF xmlns:rdf="http://www.w3.org/1999/02/22-rdf-syntax-ns#" xmlns:bqbiol="http://biomodels.net/biology-qualifiers/">
            <rdf:Description rdf:about="#meta_BHLHE4">
              <bqbiol:hasVersion>
                <rdf:Bag>
                  <rdf:li rdf:resource="urn:miriam:kegg.genes:hsa%3A79365"/>
                  <rdf:li rdf:resource="urn:miriam:kegg.genes:hsa%3A8553"/>
                </rdf:Bag>
              </bqbiol:hasVersion>
              <bqbiol:isEncodedBy>
                <rdf:Bag>
                  <rdf:li rdf:resource="urn:miriam:entrez.gene:79365"/>
                  <rdf:li rdf:resource="urn:miriam:entrez.gene:8553"/>
                </rdf:Bag>
              </bqbiol:isEncodedBy>
              <bqbiol:hasProperty>
                <rdf:Bag>
                  <rdf:li rdf:resource="urn:miriam:omim:606200"/>
                  <rdf:li rdf:resource="urn:miriam:omim:604256"/>
                </rdf:Bag>
              </bqbiol:hasProperty>
              <bqbiol:isEncodedBy>
                <rdf:Bag>
                  <rdf:li rdf:resource="urn:miriam:ensembl:ENSG00000123095"/>
                  <rdf:li rdf:resource="urn:miriam:ensembl:ENSG00000134107"/>
                </rdf:Bag>
              </bqbiol:isEncodedBy>
              <bqbiol:hasVersion>
                <rdf:Bag>
                  <rdf:li rdf:resource="urn:miriam:uniprot:Q9C0J9"/>
                  <rdf:li rdf:resource="urn:miriam:uniprot:Q8TAT1"/>
                  <rdf:li rdf:resource="urn:miriam:uniprot:O14503"/>
                  <rdf:li rdf:resource="urn:miriam:uniprot:Q6IB83"/>
                </rdf:Bag>
              </bqbiol:hasVersion>
              <bqbiol:isEncodedBy>
                <rdf:Bag>
                  <rdf:li rdf:resource="urn:miriam:hgnc:HGNC%3A16617"/>
                  <rdf:li rdf:resource="urn:miriam:hgnc:HGNC%3A1046"/>
                </rdf:Bag>
              </bqbiol:isEncodedBy>
              <bqbiol:unknownQualifier>
                <rdf:Bag>
                  <rdf:li rdf:resource="urn:miriam:obo.eco:ECO%3A0000313"/>
                </rdf:Bag>
              </bqbiol:unknownQualifier>
            </rdf:Description>
          </rdf:RDF>
        </annotation>
      </species>
      <species id="CRY" initialAmount="1" name="CRY" metaid="meta_CRY" sboTerm="SBO:0000354" substanceUnits="substance" compartment="default">
<notes><body xmlns="http://www.w3.org/1999/xhtml"><a href="http://www.kegg.jp/dbget-bin/www_bget?hsa:1407+hsa:1408">Original Kegg Entry</a><br/>
<p><b>Description for “CRY1, PHLL1”:</b> cryptochrome 1 (photolyase-like)</p>
<p><b>Description for “CRY2, FLJ10332, HCRY2, KIAA0658, PHLL2”:</b> cryptochrome 2 (photolyase-like)</p>
</body></notes>
        <annotation>
          <rdf:RDF xmlns:rdf="http://www.w3.org/1999/02/22-rdf-syntax-ns#" xmlns:bqbiol="http://biomodels.net/biology-qualifiers/">
            <rdf:Description rdf:about="#meta_CRY">
              <bqbiol:hasVersion>
                <rdf:Bag>
                  <rdf:li rdf:resource="urn:miriam:kegg.genes:hsa%3A1407"/>
                  <rdf:li rdf:resource="urn:miriam:kegg.genes:hsa%3A1408"/>
                </rdf:Bag>
              </bqbiol:hasVersion>
              <bqbiol:isEncodedBy>
                <rdf:Bag>
                  <rdf:li rdf:resource="urn:miriam:entrez.gene:1407"/>
                  <rdf:li rdf:resource="urn:miriam:entrez.gene:1408"/>
                </rdf:Bag>
              </bqbiol:isEncodedBy>
              <bqbiol:hasProperty>
                <rdf:Bag>
                  <rdf:li rdf:resource="urn:miriam:omim:601933"/>
                  <rdf:li rdf:resource="urn:miriam:omim:603732"/>
                </rdf:Bag>
              </bqbiol:hasProperty>
              <bqbiol:isEncodedBy>
                <rdf:Bag>
                  <rdf:li rdf:resource="urn:miriam:ensembl:ENSG00000008405"/>
                  <rdf:li rdf:resource="urn:miriam:ensembl:ENSG00000121671"/>
                </rdf:Bag>
              </bqbiol:isEncodedBy>
              <bqbiol:hasVersion>
                <rdf:Bag>
                  <rdf:li rdf:resource="urn:miriam:uniprot:Q16526"/>
                  <rdf:li rdf:resource="urn:miriam:uniprot:A2I2P0"/>
                  <rdf:li rdf:resource="urn:miriam:uniprot:Q49AN0"/>
                  <rdf:li rdf:resource="urn:miriam:uniprot:B4DZD6"/>
                </rdf:Bag>
              </bqbiol:hasVersion>
              <bqbiol:isEncodedBy>
                <rdf:Bag>
                  <rdf:li rdf:resource="urn:miriam:hgnc:HGNC%3A2384"/>
                  <rdf:li rdf:resource="urn:miriam:hgnc:HGNC%3A2385"/>
                </rdf:Bag>
              </bqbiol:isEncodedBy>
              <bqbiol:unknownQualifier>
                <rdf:Bag>
                  <rdf:li rdf:resource="urn:miriam:obo.eco:ECO%3A0000313"/>
                </rdf:Bag>
              </bqbiol:unknownQualifier>
            </rdf:Description>
          </rdf:RDF>
        </annotation>
      </species>
      <species id="ARNTL" initialAmount="1" name="ARNTL" metaid="meta_ARNTL" sboTerm="SBO:0000354" substanceUnits="substance" compartment="default">
<notes><body xmlns="http://www.w3.org/1999/xhtml"><a href="http://www.kegg.jp/dbget-bin/www_bget?hsa:406">Original Kegg Entry</a><br/>
<p><b>Description for “ARNTL, BMAL1, BMAL1c, JAP3, MGC47515, MOP3, PASD3, TIC, bHLHe5”:</b> aryl hydrocarbon receptor nuclear translocator-like</p>
</body></notes>
        <annotation>
          <rdf:RDF xmlns:rdf="http://www.w3.org/1999/02/22-rdf-syntax-ns#" xmlns:bqbiol="http://biomodels.net/biology-qualifiers/">
            <rdf:Description rdf:about="#meta_ARNTL">
              <bqbiol:is>
                <rdf:Bag>
                  <rdf:li rdf:resource="urn:miriam:kegg.genes:hsa%3A406"/>
                </rdf:Bag>
              </bqbiol:is>
              <bqbiol:isEncodedBy>
                <rdf:Bag>
                  <rdf:li rdf:resource="urn:miriam:entrez.gene:406"/>
                </rdf:Bag>
              </bqbiol:isEncodedBy>
              <bqbiol:hasProperty>
                <rdf:Bag>
                  <rdf:li rdf:resource="urn:miriam:omim:602550"/>
                </rdf:Bag>
              </bqbiol:hasProperty>
              <bqbiol:isEncodedBy>
                <rdf:Bag>
                  <rdf:li rdf:resource="urn:miriam:ensembl:ENSG00000133794"/>
                </rdf:Bag>
              </bqbiol:isEncodedBy>
              <bqbiol:hasVersion>
                <rdf:Bag>
                  <rdf:li rdf:resource="urn:miriam:uniprot:O00327"/>
                  <rdf:li rdf:resource="urn:miriam:uniprot:A2I2N6"/>
                </rdf:Bag>
              </bqbiol:hasVersion>
              <bqbiol:isEncodedBy>
                <rdf:Bag>
                  <rdf:li rdf:resource="urn:miriam:hgnc:HGNC%3A701"/>
                </rdf:Bag>
              </bqbiol:isEncodedBy>
              <bqbiol:unknownQualifier>
                <rdf:Bag>
                  <rdf:li rdf:resource="urn:miriam:obo.eco:ECO%3A0000313"/>
                </rdf:Bag>
              </bqbiol:unknownQualifier>
            </rdf:Description>
          </rdf:RDF>
        </annotation>
      </species>
      <species id="NPAS2" initialAmount="1" name="NPAS2" metaid="meta_NPAS2" sboTerm="SBO:0000354" substanceUnits="substance" compartment="default">
<notes><body xmlns="http://www.w3.org/1999/xhtml"><a href="http://www.kegg.jp/dbget-bin/www_bget?hsa:4862+hsa:9575">Original Kegg Entry</a><br/>
<p><b>Description for “NPAS2, FLJ23138, MGC71151, MOP4, PASD4, bHLHe9”:</b> neuronal PAS domain protein 2</p>
<p><b>Description for “CLOCK, KAT13D, KIAA0334, bHLHe8”:</b> clock homolog (mouse) (EC:2.3.1.48)</p>
</body></notes>
        <annotation>
          <rdf:RDF xmlns:rdf="http://www.w3.org/1999/02/22-rdf-syntax-ns#" xmlns:bqbiol="http://biomodels.net/biology-qualifiers/">
            <rdf:Description rdf:about="#meta_NPAS2">
              <bqbiol:hasVersion>
                <rdf:Bag>
                  <rdf:li rdf:resource="urn:miriam:kegg.genes:hsa%3A4862"/>
                  <rdf:li rdf:resource="urn:miriam:kegg.genes:hsa%3A9575"/>
                </rdf:Bag>
              </bqbiol:hasVersion>
              <bqbiol:isEncodedBy>
                <rdf:Bag>
                  <rdf:li rdf:resource="urn:miriam:entrez.gene:4862"/>
                  <rdf:li rdf:resource="urn:miriam:entrez.gene:9575"/>
                </rdf:Bag>
              </bqbiol:isEncodedBy>
              <bqbiol:hasProperty>
                <rdf:Bag>
                  <rdf:li rdf:resource="urn:miriam:omim:603347"/>
                  <rdf:li rdf:resource="urn:miriam:omim:601851"/>
                </rdf:Bag>
              </bqbiol:hasProperty>
              <bqbiol:isEncodedBy>
                <rdf:Bag>
                  <rdf:li rdf:resource="urn:miriam:ensembl:ENSG00000170485"/>
                  <rdf:li rdf:resource="urn:miriam:ensembl:ENSG00000134852"/>
                </rdf:Bag>
              </bqbiol:isEncodedBy>
              <bqbiol:hasVersion>
                <rdf:Bag>
                  <rdf:li rdf:resource="urn:miriam:uniprot:Q99743"/>
                  <rdf:li rdf:resource="urn:miriam:uniprot:A2I2P5"/>
                  <rdf:li rdf:resource="urn:miriam:uniprot:O15516"/>
                </rdf:Bag>
              </bqbiol:hasVersion>
              <bqbiol:isEncodedBy>
                <rdf:Bag>
                  <rdf:li rdf:resource="urn:miriam:hgnc:HGNC%3A7895"/>
                  <rdf:li rdf:resource="urn:miriam:hgnc:HGNC%3A2082"/>
                </rdf:Bag>
              </bqbiol:isEncodedBy>
              <bqbiol:hasProperty>
                <rdf:Bag>
                  <rdf:li rdf:resource="urn:miriam:ec-code:2.3.1.48"/>
                </rdf:Bag>
              </bqbiol:hasProperty>
              <bqbiol:unknownQualifier>
                <rdf:Bag>
                  <rdf:li rdf:resource="urn:miriam:obo.eco:ECO%3A0000313"/>
                </rdf:Bag>
              </bqbiol:unknownQualifier>
            </rdf:Description>
          </rdf:RDF>
        </annotation>
      </species>
      <species id="NR1D1" initialAmount="1" name="NR1D1" metaid="meta_NR1D1" sboTerm="SBO:0000354" substanceUnits="substance" compartment="default">
<notes><body xmlns="http://www.w3.org/1999/xhtml"><a href="http://www.kegg.jp/dbget-bin/www_bget?hsa:9572">Original Kegg Entry</a><br/>
<p><b>Description for “NR1D1, EAR1, THRA1, THRAL, ear-1, hRev”:</b> nuclear receptor subfamily 1, group D, member 1</p>
</body></notes>
        <annotation>
          <rdf:RDF xmlns:rdf="http://www.w3.org/1999/02/22-rdf-syntax-ns#" xmlns:bqbiol="http://biomodels.net/biology-qualifiers/">
            <rdf:Description rdf:about="#meta_NR1D1">
              <bqbiol:is>
                <rdf:Bag>
                  <rdf:li rdf:resource="urn:miriam:kegg.genes:hsa%3A9572"/>
                </rdf:Bag>
              </bqbiol:is>
              <bqbiol:isEncodedBy>
                <rdf:Bag>
                  <rdf:li rdf:resource="urn:miriam:entrez.gene:9572"/>
                </rdf:Bag>
              </bqbiol:isEncodedBy>
              <bqbiol:hasProperty>
                <rdf:Bag>
                  <rdf:li rdf:resource="urn:miriam:omim:602408"/>
                </rdf:Bag>
              </bqbiol:hasProperty>
              <bqbiol:isEncodedBy>
                <rdf:Bag>
                  <rdf:li rdf:resource="urn:miriam:ensembl:ENSG00000126368"/>
                </rdf:Bag>
              </bqbiol:isEncodedBy>
              <bqbiol:hasVersion>
                <rdf:Bag>
                  <rdf:li rdf:resource="urn:miriam:uniprot:P20393"/>
                  <rdf:li rdf:resource="urn:miriam:uniprot:F1D8S3"/>
                </rdf:Bag>
              </bqbiol:hasVersion>
              <bqbiol:isEncodedBy>
                <rdf:Bag>
                  <rdf:li rdf:resource="urn:miriam:hgnc:HGNC%3A7962"/>
                </rdf:Bag>
              </bqbiol:isEncodedBy>
              <bqbiol:unknownQualifier>
                <rdf:Bag>
                  <rdf:li rdf:resource="urn:miriam:obo.eco:ECO%3A0000313"/>
                </rdf:Bag>
              </bqbiol:unknownQualifier>
            </rdf:Description>
          </rdf:RDF>
        </annotation>
      </species>
      <species id="PER" initialAmount="1" name="PER" metaid="meta_PER" sboTerm="SBO:0000354" substanceUnits="substance" compartment="default">
<notes><body xmlns="http://www.w3.org/1999/xhtml"><a href="http://www.kegg.jp/dbget-bin/www_bget?hsa:5187+hsa:8863+hsa:8864">Original Kegg Entry</a><br/>
<p><b>Description for “PER1, MGC88021, PER, RIGUI, hPER”:</b> period homolog 1 (Drosophila)</p>
<p><b>Description for “PER3, GIG13”:</b> period homolog 3 (Drosophila)</p>
<p><b>Description for “PER2, FASPS, KIAA0347”:</b> period homolog 2 (Drosophila)</p>
</body></notes>
        <annotation>
          <rdf:RDF xmlns:rdf="http://www.w3.org/1999/02/22-rdf-syntax-ns#" xmlns:bqbiol="http://biomodels.net/biology-qualifiers/">
            <rdf:Description rdf:about="#meta_PER">
              <bqbiol:hasVersion>
                <rdf:Bag>
                  <rdf:li rdf:resource="urn:miriam:kegg.genes:hsa%3A5187"/>
                  <rdf:li rdf:resource="urn:miriam:kegg.genes:hsa%3A8863"/>
                  <rdf:li rdf:resource="urn:miriam:kegg.genes:hsa%3A8864"/>
                </rdf:Bag>
              </bqbiol:hasVersion>
              <bqbiol:isEncodedBy>
                <rdf:Bag>
                  <rdf:li rdf:resource="urn:miriam:entrez.gene:5187"/>
                  <rdf:li rdf:resource="urn:miriam:entrez.gene:8863"/>
                  <rdf:li rdf:resource="urn:miriam:entrez.gene:8864"/>
                </rdf:Bag>
              </bqbiol:isEncodedBy>
              <bqbiol:hasProperty>
                <rdf:Bag>
                  <rdf:li rdf:resource="urn:miriam:omim:602260"/>
                  <rdf:li rdf:resource="urn:miriam:omim:603427"/>
                  <rdf:li rdf:resource="urn:miriam:omim:603426"/>
                </rdf:Bag>
              </bqbiol:hasProperty>
              <bqbiol:isEncodedBy>
                <rdf:Bag>
                  <rdf:li rdf:resource="urn:miriam:ensembl:ENSG00000179094"/>
                  <rdf:li rdf:resource="urn:miriam:ensembl:ENSG00000049246"/>
                  <rdf:li rdf:resource="urn:miriam:ensembl:ENSG00000132326"/>
                </rdf:Bag>
              </bqbiol:isEncodedBy>
              <bqbiol:hasVersion>
                <rdf:Bag>
                  <rdf:li rdf:resource="urn:miriam:uniprot:O15534"/>
                  <rdf:li rdf:resource="urn:miriam:uniprot:P56645"/>
                  <rdf:li rdf:resource="urn:miriam:uniprot:A2I2N5"/>
                  <rdf:li rdf:resource="urn:miriam:uniprot:O15055"/>
                </rdf:Bag>
              </bqbiol:hasVersion>
              <bqbiol:isEncodedBy>
                <rdf:Bag>
                  <rdf:li rdf:resource="urn:miriam:hgnc:HGNC%3A8845"/>
                  <rdf:li rdf:resource="urn:miriam:hgnc:HGNC%3A8847"/>
                  <rdf:li rdf:resource="urn:miriam:hgnc:HGNC%3A8846"/>
                </rdf:Bag>
              </bqbiol:isEncodedBy>
              <bqbiol:unknownQualifier>
                <rdf:Bag>
                  <rdf:li rdf:resource="urn:miriam:obo.eco:ECO%3A0000313"/>
                </rdf:Bag>
              </bqbiol:unknownQualifier>
            </rdf:Description>
          </rdf:RDF>
        </annotation>
      </species>
      <species id="SKP1" initialAmount="1" name="SKP1" metaid="meta_SKP1" sboTerm="SBO:0000354" substanceUnits="substance" compartment="default">
<notes><body xmlns="http://www.w3.org/1999/xhtml"><a href="http://www.kegg.jp/dbget-bin/www_bget?hsa:100506332+hsa:6500+hsa:8454+hsa:9978">Original Kegg Entry</a><br/>
<p><b>Description for “SKP1, EMC19, MGC34403, OCP-II, OCP2, SKP1A, TCEB1L, p19A”:</b> S-phase kinase-associated protein 1 (EC:3.1.1.3)</p>
<p><b>Description for “CUL1, MGC149834, MGC149835”:</b> cullin 1</p>
<p><b>Description for “RBX1, BA554C12.1, FLJ60363, MGC13357, MGC1481, RNF75, ROC1”:</b> ring-box 1, E3 ubiquitin protein ligase</p>
</body></notes>
        <annotation>
          <rdf:RDF xmlns:rdf="http://www.w3.org/1999/02/22-rdf-syntax-ns#" xmlns:bqbiol="http://biomodels.net/biology-qualifiers/">
            <rdf:Description rdf:about="#meta_SKP1">
              <bqbiol:hasVersion>
                <rdf:Bag>
                  <rdf:li rdf:resource="urn:miriam:kegg.genes:hsa%3A100506332"/>
                  <rdf:li rdf:resource="urn:miriam:kegg.genes:hsa%3A6500"/>
                  <rdf:li rdf:resource="urn:miriam:kegg.genes:hsa%3A8454"/>
                  <rdf:li rdf:resource="urn:miriam:kegg.genes:hsa%3A9978"/>
                </rdf:Bag>
              </bqbiol:hasVersion>
              <bqbiol:isEncodedBy>
                <rdf:Bag>
                  <rdf:li rdf:resource="urn:miriam:entrez.gene:100506332"/>
                  <rdf:li rdf:resource="urn:miriam:entrez.gene:6500"/>
                  <rdf:li rdf:resource="urn:miriam:entrez.gene:8454"/>
                  <rdf:li rdf:resource="urn:miriam:entrez.gene:9978"/>
                </rdf:Bag>
              </bqbiol:isEncodedBy>
              <bqbiol:hasProperty>
                <rdf:Bag>
                  <rdf:li rdf:resource="urn:miriam:omim:601434"/>
                  <rdf:li rdf:resource="urn:miriam:omim:603134"/>
                  <rdf:li rdf:resource="urn:miriam:omim:603814"/>
                </rdf:Bag>
              </bqbiol:hasProperty>
              <bqbiol:isEncodedBy>
                <rdf:Bag>
                  <rdf:li rdf:resource="urn:miriam:ensembl:ENSG00000113558"/>
                  <rdf:li rdf:resource="urn:miriam:ensembl:ENSG00000055130"/>
                  <rdf:li rdf:resource="urn:miriam:ensembl:ENSG00000100387"/>
                </rdf:Bag>
              </bqbiol:isEncodedBy>
              <bqbiol:hasVersion>
                <rdf:Bag>
                  <rdf:li rdf:resource="urn:miriam:uniprot:P63208"/>
                  <rdf:li rdf:resource="urn:miriam:uniprot:Q13616"/>
                  <rdf:li rdf:resource="urn:miriam:uniprot:B3KTW0"/>
                  <rdf:li rdf:resource="urn:miriam:uniprot:P62877"/>
                </rdf:Bag>
              </bqbiol:hasVersion>
              <bqbiol:isEncodedBy>
                <rdf:Bag>
                  <rdf:li rdf:resource="urn:miriam:hgnc:HGNC%3A10899"/>
                  <rdf:li rdf:resource="urn:miriam:hgnc:HGNC%3A2551"/>
                  <rdf:li rdf:resource="urn:miriam:hgnc:HGNC%3A9928"/>
                </rdf:Bag>
              </bqbiol:isEncodedBy>
              <bqbiol:hasProperty>
                <rdf:Bag>
                  <rdf:li rdf:resource="urn:miriam:ec-code:3.1.1.3"/>
                </rdf:Bag>
              </bqbiol:hasProperty>
              <bqbiol:unknownQualifier>
                <rdf:Bag>
                  <rdf:li rdf:resource="urn:miriam:obo.eco:ECO%3A0000313"/>
                </rdf:Bag>
              </bqbiol:unknownQualifier>
            </rdf:Description>
          </rdf:RDF>
        </annotation>
      </species>
      <species id="BTRC" initialAmount="1" name="BTRC" metaid="meta_BTRC" sboTerm="SBO:0000354" substanceUnits="substance" compartment="default">
<notes><body xmlns="http://www.w3.org/1999/xhtml"><a href="http://www.kegg.jp/dbget-bin/www_bget?hsa:23291+hsa:8945">Original Kegg Entry</a><br/>
<p><b>Description for “FBXW11, BTRC2, BTRCP2, FBW1B, FBXW1B, Fbw11, Hos, KIAA0696”:</b> F-box and WD repeat domain containing 11</p>
<p><b>Description for “BTRC, BETA-TRCP, FBW1A, FBXW1, FBXW1A, FWD1, MGC4643, bTrCP, bTrCP1, betaTrCP”:</b> beta-transducin repeat containing</p>
</body></notes>
        <annotation>
          <rdf:RDF xmlns:rdf="http://www.w3.org/1999/02/22-rdf-syntax-ns#" xmlns:bqbiol="http://biomodels.net/biology-qualifiers/">
            <rdf:Description rdf:about="#meta_BTRC">
              <bqbiol:hasVersion>
                <rdf:Bag>
                  <rdf:li rdf:resource="urn:miriam:kegg.genes:hsa%3A23291"/>
                  <rdf:li rdf:resource="urn:miriam:kegg.genes:hsa%3A8945"/>
                </rdf:Bag>
              </bqbiol:hasVersion>
              <bqbiol:isEncodedBy>
                <rdf:Bag>
                  <rdf:li rdf:resource="urn:miriam:entrez.gene:23291"/>
                  <rdf:li rdf:resource="urn:miriam:entrez.gene:8945"/>
                </rdf:Bag>
              </bqbiol:isEncodedBy>
              <bqbiol:hasProperty>
                <rdf:Bag>
                  <rdf:li rdf:resource="urn:miriam:omim:605651"/>
                  <rdf:li rdf:resource="urn:miriam:omim:603482"/>
                </rdf:Bag>
              </bqbiol:hasProperty>
              <bqbiol:isEncodedBy>
                <rdf:Bag>
                  <rdf:li rdf:resource="urn:miriam:ensembl:ENSG00000072803"/>
                  <rdf:li rdf:resource="urn:miriam:ensembl:ENSG00000166167"/>
                </rdf:Bag>
              </bqbiol:isEncodedBy>
              <bqbiol:hasVersion>
                <rdf:Bag>
                  <rdf:li rdf:resource="urn:miriam:uniprot:Q9UKB1"/>
                  <rdf:li rdf:resource="urn:miriam:uniprot:Q9Y297"/>
                  <rdf:li rdf:resource="urn:miriam:uniprot:Q5W141"/>
                </rdf:Bag>
              </bqbiol:hasVersion>
              <bqbiol:isEncodedBy>
                <rdf:Bag>
                  <rdf:li rdf:resource="urn:miriam:hgnc:HGNC%3A13607"/>
                  <rdf:li rdf:resource="urn:miriam:hgnc:HGNC%3A1144"/>
                </rdf:Bag>
              </bqbiol:isEncodedBy>
              <bqbiol:unknownQualifier>
                <rdf:Bag>
                  <rdf:li rdf:resource="urn:miriam:obo.eco:ECO%3A0000313"/>
                </rdf:Bag>
              </bqbiol:unknownQualifier>
            </rdf:Description>
          </rdf:RDF>
        </annotation>
      </species>
      <species id="FBXL3" initialAmount="1" name="FBXL3" metaid="meta_FBXL3" sboTerm="SBO:0000354" substanceUnits="substance" compartment="default">
<notes><body xmlns="http://www.w3.org/1999/xhtml"><a href="http://www.kegg.jp/dbget-bin/www_bget?hsa:26224">Original Kegg Entry</a><br/>
<p><b>Description for “FBXL3, FBL3, FBL3A, FBXL3A”:</b> F-box and leucine-rich repeat protein 3</p>
</body></notes>
        <annotation>
          <rdf:RDF xmlns:rdf="http://www.w3.org/1999/02/22-rdf-syntax-ns#" xmlns:bqbiol="http://biomodels.net/biology-qualifiers/">
            <rdf:Description rdf:about="#meta_FBXL3">
              <bqbiol:is>
                <rdf:Bag>
                  <rdf:li rdf:resource="urn:miriam:kegg.genes:hsa%3A26224"/>
                </rdf:Bag>
              </bqbiol:is>
              <bqbiol:isEncodedBy>
                <rdf:Bag>
                  <rdf:li rdf:resource="urn:miriam:entrez.gene:26224"/>
                </rdf:Bag>
              </bqbiol:isEncodedBy>
              <bqbiol:hasProperty>
                <rdf:Bag>
                  <rdf:li rdf:resource="urn:miriam:omim:605653"/>
                </rdf:Bag>
              </bqbiol:hasProperty>
              <bqbiol:isEncodedBy>
                <rdf:Bag>
                  <rdf:li rdf:resource="urn:miriam:ensembl:ENSG00000005812"/>
                </rdf:Bag>
              </bqbiol:isEncodedBy>
              <bqbiol:is>
                <rdf:Bag>
                  <rdf:li rdf:resource="urn:miriam:uniprot:Q9UKT7"/>
                </rdf:Bag>
              </bqbiol:is>
              <bqbiol:isEncodedBy>
                <rdf:Bag>
                  <rdf:li rdf:resource="urn:miriam:hgnc:HGNC%3A13599"/>
                </rdf:Bag>
              </bqbiol:isEncodedBy>
              <bqbiol:unknownQualifier>
                <rdf:Bag>
                  <rdf:li rdf:resource="urn:miriam:obo.eco:ECO%3A0000313"/>
                </rdf:Bag>
              </bqbiol:unknownQualifier>
            </rdf:Description>
          </rdf:RDF>
        </annotation>
      </species>
      <species id="C10H12N5O6P" initialAmount="1" name="C10H12N5O6P" metaid="meta_C10H12N5O6P" sboTerm="SBO:0000247" substanceUnits="substance" compartment="default">
<notes><body xmlns="http://www.w3.org/1999/xhtml"><a href="http://www.kegg.jp/dbget-bin/www_bget?C00575">Original Kegg Entry</a><br/>
<p><b>cAMP</b></p>
<p><b>All given names:</b><br/>3',5'-Cyclic AMP<br/>Cyclic adenylic acid<br/>Cyclic AMP<br/>Adenosine 3',5'-phosphate<br/>Adenosine 3',5'-cyclic phosphate<br/>cAMP</p>
<p><b>Formula:</b> C10H12N5O6P</p>
<img src="http://www.kegg.jp/Fig/compound/C00575.gif"/><br/>
</body></notes>
        <annotation>
          <rdf:RDF xmlns:rdf="http://www.w3.org/1999/02/22-rdf-syntax-ns#" xmlns:bqbiol="http://biomodels.net/biology-qualifiers/">
            <rdf:Description rdf:about="#meta_C10H12N5O6P">
              <bqbiol:is>
                <rdf:Bag>
                  <rdf:li rdf:resource="urn:miriam:kegg.compound:C00575"/>
                </rdf:Bag>
              </bqbiol:is>
              <bqbiol:is>
                <rdf:Bag>
                  <rdf:li rdf:resource="urn:miriam:obo.chebi:CHEBI%3A17489"/>
                </rdf:Bag>
              </bqbiol:is>
              <bqbiol:hasProperty>
                <rdf:Bag>
                  <rdf:li rdf:resource="urn:miriam:pubchem.substance:3854"/>
                </rdf:Bag>
              </bqbiol:hasProperty>
              <bqbiol:hasProperty>
                <rdf:Bag>
                  <rdf:li rdf:resource="urn:miriam:3dmet:B01289"/>
                </rdf:Bag>
              </bqbiol:hasProperty>
              <bqbiol:unknownQualifier>
                <rdf:Bag>
                  <rdf:li rdf:resource="urn:miriam:obo.eco:ECO%3A0000313"/>
                </rdf:Bag>
              </bqbiol:unknownQualifier>
            </rdf:Description>
          </rdf:RDF>
        </annotation>
      </species>
      <species id="C00076" initialAmount="1" name="C00076" metaid="meta_C00076" sboTerm="SBO:0000247" substanceUnits="substance" compartment="default">
<notes><body xmlns="http://www.w3.org/1999/xhtml"><a href="http://www.kegg.jp/dbget-bin/www_bget?C00076">Original Kegg Entry</a><br/>
</body></notes>
        <annotation>
          <rdf:RDF xmlns:rdf="http://www.w3.org/1999/02/22-rdf-syntax-ns#" xmlns:bqbiol="http://biomodels.net/biology-qualifiers/">
            <rdf:Description rdf:about="#meta_C00076">
              <bqbiol:is>
                <rdf:Bag>
                  <rdf:li rdf:resource="urn:miriam:kegg.compound:C00076"/>
                </rdf:Bag>
              </bqbiol:is>
              <bqbiol:unknownQualifier>
                <rdf:Bag>
                  <rdf:li rdf:resource="urn:miriam:obo.eco:ECO%3A0000313"/>
                </rdf:Bag>
              </bqbiol:unknownQualifier>
            </rdf:Description>
          </rdf:RDF>
        </annotation>
      </species>
      <species id="ROR" initialAmount="1" name="ROR" metaid="meta_ROR" sboTerm="SBO:0000354" substanceUnits="substance" compartment="default">
<notes><body xmlns="http://www.w3.org/1999/xhtml"><a href="http://www.kegg.jp/dbget-bin/www_bget?hsa:6095+hsa:6096+hsa:6097">Original Kegg Entry</a><br/>
<p><b>Description for “RORA, DKFZp686M2414, MGC119326, MGC119329, NR1F1, ROR1, ROR2, ROR3, RZR-ALPHA, RZRA”:</b> RAR-related orphan receptor A</p>
<p><b>Description for “RORB, NR1F2, ROR-BETA, RZR-BETA, RZRB, bA133M9.1”:</b> RAR-related orphan receptor B</p>
<p><b>Description for “RORC, MGC129539, NR1F3, RORG, RZR-GAMMA, RZRG, TOR”:</b> RAR-related orphan receptor C</p>
</body></notes>
        <annotation>
          <rdf:RDF xmlns:rdf="http://www.w3.org/1999/02/22-rdf-syntax-ns#" xmlns:bqbiol="http://biomodels.net/biology-qualifiers/">
            <rdf:Description rdf:about="#meta_ROR">
              <bqbiol:hasVersion>
                <rdf:Bag>
                  <rdf:li rdf:resource="urn:miriam:kegg.genes:hsa%3A6095"/>
                  <rdf:li rdf:resource="urn:miriam:kegg.genes:hsa%3A6096"/>
                  <rdf:li rdf:resource="urn:miriam:kegg.genes:hsa%3A6097"/>
                </rdf:Bag>
              </bqbiol:hasVersion>
              <bqbiol:isEncodedBy>
                <rdf:Bag>
                  <rdf:li rdf:resource="urn:miriam:entrez.gene:6095"/>
                  <rdf:li rdf:resource="urn:miriam:entrez.gene:6096"/>
                  <rdf:li rdf:resource="urn:miriam:entrez.gene:6097"/>
                </rdf:Bag>
              </bqbiol:isEncodedBy>
              <bqbiol:hasProperty>
                <rdf:Bag>
                  <rdf:li rdf:resource="urn:miriam:omim:600825"/>
                  <rdf:li rdf:resource="urn:miriam:omim:601972"/>
                  <rdf:li rdf:resource="urn:miriam:omim:602943"/>
                </rdf:Bag>
              </bqbiol:hasProperty>
              <bqbiol:isEncodedBy>
                <rdf:Bag>
                  <rdf:li rdf:resource="urn:miriam:ensembl:ENSG00000069667"/>
                  <rdf:li rdf:resource="urn:miriam:ensembl:ENSG00000198963"/>
                  <rdf:li rdf:resource="urn:miriam:ensembl:ENSG00000143365"/>
                </rdf:Bag>
              </bqbiol:isEncodedBy>
              <bqbiol:hasVersion>
                <rdf:Bag>
                  <rdf:li rdf:resource="urn:miriam:uniprot:P35398"/>
                  <rdf:li rdf:resource="urn:miriam:uniprot:Q92753"/>
                  <rdf:li rdf:resource="urn:miriam:uniprot:Q58EY0"/>
                  <rdf:li rdf:resource="urn:miriam:uniprot:P51449"/>
                  <rdf:li rdf:resource="urn:miriam:uniprot:F1D8P6"/>
                  <rdf:li rdf:resource="urn:miriam:uniprot:Q6I9R9"/>
                </rdf:Bag>
              </bqbiol:hasVersion>
              <bqbiol:isEncodedBy>
                <rdf:Bag>
                  <rdf:li rdf:resource="urn:miriam:hgnc:HGNC%3A10258"/>
                  <rdf:li rdf:resource="urn:miriam:hgnc:HGNC%3A10259"/>
                  <rdf:li rdf:resource="urn:miriam:hgnc:HGNC%3A10260"/>
                </rdf:Bag>
              </bqbiol:isEncodedBy>
              <bqbiol:unknownQualifier>
                <rdf:Bag>
                  <rdf:li rdf:resource="urn:miriam:obo.eco:ECO%3A0000313"/>
                </rdf:Bag>
              </bqbiol:unknownQualifier>
            </rdf:Description>
          </rdf:RDF>
        </annotation>
      </species>
      <species id="MAPK_signaling_pathway" initialAmount="1" name="MAPK signaling pathway" metaid="meta_MAPK_signaling_pathway" sboTerm="SBO:0000552" substanceUnits="substance" compartment="default">
<notes><body xmlns="http://www.w3.org/1999/xhtml"><a href="http://www.kegg.jp/dbget-bin/www_bget?hsa04010">Original Kegg Entry</a><br/>
<p><b>MAPK signaling pathway - Homo sapiens (human)</b></p>
<img src="http://www.kegg.jp/kegg/misc/thumbnail/map04010.gif"/><br/>
</body></notes>
        <annotation>
          <rdf:RDF xmlns:rdf="http://www.w3.org/1999/02/22-rdf-syntax-ns#" xmlns:bqbiol="http://biomodels.net/biology-qualifiers/">
            <rdf:Description rdf:about="#meta_MAPK_signaling_pathway">
              <bqbiol:is>
                <rdf:Bag>
                  <rdf:li rdf:resource="urn:miriam:kegg.pathway:hsa04010"/>
                </rdf:Bag>
              </bqbiol:is>
              <bqbiol:unknownQualifier>
                <rdf:Bag>
                  <rdf:li rdf:resource="urn:miriam:obo.eco:ECO%3A0000313"/>
                </rdf:Bag>
              </bqbiol:unknownQualifier>
            </rdf:Description>
          </rdf:RDF>
        </annotation>
      </species>
      <species id="Ubiquitin_mediated_proteolysis" initialAmount="1" name="Ubiquitin mediated proteolysis" metaid="meta_Ubiquitin_mediated_proteolysis" sboTerm="SBO:0000552" substanceUnits="substance" compartment="default">
<notes><body xmlns="http://www.w3.org/1999/xhtml"><a href="http://www.kegg.jp/dbget-bin/www_bget?hsa04120">Original Kegg Entry</a><br/>
<p><b>Ubiquitin mediated proteolysis - Homo sapiens (human)</b></p>
<img src="http://www.kegg.jp/kegg/misc/thumbnail/map04120.gif"/><br/>
</body></notes>
        <annotation>
          <rdf:RDF xmlns:rdf="http://www.w3.org/1999/02/22-rdf-syntax-ns#" xmlns:bqbiol="http://biomodels.net/biology-qualifiers/">
            <rdf:Description rdf:about="#meta_Ubiquitin_mediated_proteolysis">
              <bqbiol:is>
                <rdf:Bag>
                  <rdf:li rdf:resource="urn:miriam:kegg.pathway:hsa04120"/>
                </rdf:Bag>
              </bqbiol:is>
              <bqbiol:isDescribedBy>
                <rdf:Bag>
                  <rdf:li rdf:resource="urn:miriam:obo.go:GO:0016567"/>
                </rdf:Bag>
              </bqbiol:isDescribedBy>
              <bqbiol:unknownQualifier>
                <rdf:Bag>
                  <rdf:li rdf:resource="urn:miriam:obo.eco:ECO%3A0000313"/>
                </rdf:Bag>
              </bqbiol:unknownQualifier>
            </rdf:Description>
          </rdf:RDF>
        </annotation>
      </species>
      <species id="undefined" initialAmount="1" name="undefined" metaid="meta_undefined" sboTerm="SBO:0000253" substanceUnits="substance" compartment="default">
<notes><body xmlns="http://www.w3.org/1999/xhtml"><a href="">Original Kegg Entry</a><br/>
<p>This species is a group, consisting of 3 components:<br/><ul><li>CSNK1</li><li>PER</li><li>CRY</li></ul></p></body></notes>
        <annotation>
          <rdf:RDF xmlns:rdf="http://www.w3.org/1999/02/22-rdf-syntax-ns#" xmlns:bqbiol="http://biomodels.net/biology-qualifiers/">
            <rdf:Description rdf:about="#meta_undefined">
              <bqbiol:isEncodedBy>
                <rdf:Bag>
                  <rdf:li rdf:resource="urn:miriam:kegg.genes:hsa%3A1453"/>
                  <rdf:li rdf:resource="urn:miriam:kegg.genes:hsa%3A1454"/>
                  <rdf:li rdf:resource="urn:miriam:kegg.genes:hsa%3A5187"/>
                  <rdf:li rdf:resource="urn:miriam:kegg.genes:hsa%3A8863"/>
                  <rdf:li rdf:resource="urn:miriam:kegg.genes:hsa%3A8864"/>
                  <rdf:li rdf:resource="urn:miriam:kegg.genes:hsa%3A1407"/>
                  <rdf:li rdf:resource="urn:miriam:kegg.genes:hsa%3A1408"/>
                </rdf:Bag>
              </bqbiol:isEncodedBy>
              <bqbiol:unknownQualifier>
                <rdf:Bag>
                  <rdf:li rdf:resource="urn:miriam:obo.eco:ECO%3A0000313"/>
                </rdf:Bag>
              </bqbiol:unknownQualifier>
            </rdf:Description>
          </rdf:RDF>
        </annotation>
      </species>
    </listOfSpecies>
  </model>
</sbml>