<?xml version='1.0' encoding='UTF-8' standalone='no'?>
<!-- Created by KEGGtranslator version 1.2.0 on 2011-11-09 20:29 with jsbml version 0.8-rc1. -->
<sbml xmlns="http://www.sbml.org/sbml/level2/version4" level="2" version="4">
  <model id="path_hsa04612" name="Antigen processing and presentation" metaid="meta_path_hsa04612">
<notes><body xmlns="http://www.w3.org/1999/xhtml"><h1>Model of “Antigen processing and presentation”</h1>
<a href="http://www.genome.jp/kegg/pathway/hsa/hsa04612.png"><img src="http://www.genome.jp/kegg/pathway/hsa/hsa04612.png" alt="http://www.genome.jp/kegg-bin/show_pathway?hsa04612"/></a><br/>
<a href="http://www.genome.jp/kegg-bin/show_pathway?hsa04612">Original Entry</a><br/>
<p>KGML comment: “Creation date: May 20, 2010 10:50:29 +0900 (JST)”<br/>
KGML version was: 0.71<br/>
</p><div align="right"><i><small>This file has been generated by KEGGtranslator version 1.2.0</small></i></div><br/>
</body></notes>
    <annotation>
      <rdf:RDF xmlns:rdf="http://www.w3.org/1999/02/22-rdf-syntax-ns#" xmlns:bqmodel="http://biomodels.net/model-qualifiers/" xmlns:bqbiol="http://biomodels.net/biology-qualifiers/">
        <rdf:Description rdf:about="#meta_path_hsa04612">
          <creator>
            <rdf:Bag>
              <rdf:li rdf:parseType="Resource">                <ORG rdf:parseType="Resource">
                  <Orgname>ZBIT, University of Tübingen, WSI-CogSys</Orgname>
                </ORG>
              </rdf:li>
            </rdf:Bag>
          </creator>
          <created rdf:parseType="Resource">
            <W3CDTF>2011-11-09T19:29:30Z</W3CDTF>
          </created>
          <modified rdf:parseType="Resource">
            <W3CDTF>2011-11-09T19:29:29Z</W3CDTF>
          </modified>
          <modified rdf:parseType="Resource">
            <W3CDTF>2011-11-09T19:29:30Z</W3CDTF>
          </modified>
          <bqmodel:is>
            <rdf:Bag>
              <rdf:li rdf:resource="urn:miriam:kegg.pathway:hsa04612"/>
            </rdf:Bag>
          </bqmodel:is>
          <bqbiol:isDescribedBy>
            <rdf:Bag>
              <rdf:li rdf:resource="urn:miriam:obo.go:GO:0019885"/>
              <rdf:li rdf:resource="urn:miriam:obo.go:GO:0019886"/>
              <rdf:li rdf:resource="urn:miriam:obo.go:GO:0042591"/>
            </rdf:Bag>
          </bqbiol:isDescribedBy>
        </rdf:Description>
      </rdf:RDF>
    </annotation>
      <listOfCompartments>
      <compartment id="default" name="Antigen processing and presentation" units="volume" size="1"/>
    </listOfCompartments>
    <listOfSpecies>
      <species id="CD74" initialAmount="1" name="CD74" metaid="meta_CD74" sboTerm="SBO:0000354" substanceUnits="substance" compartment="default">
<notes><body xmlns="http://www.w3.org/1999/xhtml"><a href="http://www.kegg.jp/dbget-bin/www_bget?hsa:972">Original Kegg Entry</a><br/>
<p><b>Description for “CD74, DHLAG, HLADG, II, Ia-GAMMA”:</b> CD74 molecule, major histocompatibility complex, class II invariant chain</p>
</body></notes>
        <annotation>
          <rdf:RDF xmlns:rdf="http://www.w3.org/1999/02/22-rdf-syntax-ns#" xmlns:bqbiol="http://biomodels.net/biology-qualifiers/">
            <rdf:Description rdf:about="#meta_CD74">
              <bqbiol:is>
                <rdf:Bag>
                  <rdf:li rdf:resource="urn:miriam:kegg.genes:hsa%3A972"/>
                </rdf:Bag>
              </bqbiol:is>
              <bqbiol:isEncodedBy>
                <rdf:Bag>
                  <rdf:li rdf:resource="urn:miriam:entrez.gene:972"/>
                </rdf:Bag>
              </bqbiol:isEncodedBy>
              <bqbiol:hasProperty>
                <rdf:Bag>
                  <rdf:li rdf:resource="urn:miriam:omim:142790"/>
                </rdf:Bag>
              </bqbiol:hasProperty>
              <bqbiol:isEncodedBy>
                <rdf:Bag>
                  <rdf:li rdf:resource="urn:miriam:ensembl:ENSG00000019582"/>
                </rdf:Bag>
              </bqbiol:isEncodedBy>
              <bqbiol:is>
                <rdf:Bag>
                  <rdf:li rdf:resource="urn:miriam:uniprot:P04233"/>
                </rdf:Bag>
              </bqbiol:is>
              <bqbiol:isEncodedBy>
                <rdf:Bag>
                  <rdf:li rdf:resource="urn:miriam:hgnc:HGNC%3A1697"/>
                </rdf:Bag>
              </bqbiol:isEncodedBy>
              <bqbiol:unknownQualifier>
                <rdf:Bag>
                  <rdf:li rdf:resource="urn:miriam:obo.eco:ECO%3A0000313"/>
                </rdf:Bag>
              </bqbiol:unknownQualifier>
            </rdf:Description>
          </rdf:RDF>
        </annotation>
      </species>
      <species id="HLADMA" initialAmount="1" name="HLA-DMA" metaid="meta_HLADMA" sboTerm="SBO:0000354" substanceUnits="substance" compartment="default">
<notes><body xmlns="http://www.w3.org/1999/xhtml"><a href="http://www.kegg.jp/dbget-bin/www_bget?hsa:3108+hsa:3109">Original Kegg Entry</a><br/>
</body></notes>
        <annotation>
          <rdf:RDF xmlns:rdf="http://www.w3.org/1999/02/22-rdf-syntax-ns#" xmlns:bqbiol="http://biomodels.net/biology-qualifiers/">
            <rdf:Description rdf:about="#meta_HLADMA">
              <bqbiol:hasVersion>
                <rdf:Bag>
                  <rdf:li rdf:resource="urn:miriam:kegg.genes:hsa%3A3108"/>
                  <rdf:li rdf:resource="urn:miriam:kegg.genes:hsa%3A3109"/>
                </rdf:Bag>
              </bqbiol:hasVersion>
              <bqbiol:unknownQualifier>
                <rdf:Bag>
                  <rdf:li rdf:resource="urn:miriam:obo.eco:ECO%3A0000313"/>
                </rdf:Bag>
              </bqbiol:unknownQualifier>
            </rdf:Description>
          </rdf:RDF>
        </annotation>
      </species>
      <species id="NFY" initialAmount="1" name="NFY" metaid="meta_NFY" sboTerm="SBO:0000354" substanceUnits="substance" compartment="default">
<notes><body xmlns="http://www.w3.org/1999/xhtml"><a href="http://www.kegg.jp/dbget-bin/www_bget?hsa:4800+hsa:4801+hsa:4802">Original Kegg Entry</a><br/>
<p><b>Description for “NFYA, CBF-A, CBF-B, FLJ11236, HAP2, NF-YA”:</b> nuclear transcription factor Y, alpha</p>
<p><b>Description for “NFYB, CBF-A, CBF-B, HAP3, NF-YB”:</b> nuclear transcription factor Y, beta</p>
<p><b>Description for “NFYC, CBF-C, CBFC, DKFZp667G242, FLJ45775, H1TF2A, HAP5, HSM, NF-YC”:</b> nuclear transcription factor Y, gamma</p>
</body></notes>
        <annotation>
          <rdf:RDF xmlns:rdf="http://www.w3.org/1999/02/22-rdf-syntax-ns#" xmlns:bqbiol="http://biomodels.net/biology-qualifiers/">
            <rdf:Description rdf:about="#meta_NFY">
              <bqbiol:hasVersion>
                <rdf:Bag>
                  <rdf:li rdf:resource="urn:miriam:kegg.genes:hsa%3A4800"/>
                  <rdf:li rdf:resource="urn:miriam:kegg.genes:hsa%3A4801"/>
                  <rdf:li rdf:resource="urn:miriam:kegg.genes:hsa%3A4802"/>
                </rdf:Bag>
              </bqbiol:hasVersion>
              <bqbiol:isEncodedBy>
                <rdf:Bag>
                  <rdf:li rdf:resource="urn:miriam:entrez.gene:4800"/>
                  <rdf:li rdf:resource="urn:miriam:entrez.gene:4801"/>
                  <rdf:li rdf:resource="urn:miriam:entrez.gene:4802"/>
                </rdf:Bag>
              </bqbiol:isEncodedBy>
              <bqbiol:hasProperty>
                <rdf:Bag>
                  <rdf:li rdf:resource="urn:miriam:omim:189903"/>
                  <rdf:li rdf:resource="urn:miriam:omim:189904"/>
                  <rdf:li rdf:resource="urn:miriam:omim:605344"/>
                </rdf:Bag>
              </bqbiol:hasProperty>
              <bqbiol:isEncodedBy>
                <rdf:Bag>
                  <rdf:li rdf:resource="urn:miriam:ensembl:ENSG00000001167"/>
                  <rdf:li rdf:resource="urn:miriam:ensembl:ENSG00000120837"/>
                  <rdf:li rdf:resource="urn:miriam:ensembl:ENSG00000066136"/>
                </rdf:Bag>
              </bqbiol:isEncodedBy>
              <bqbiol:hasVersion>
                <rdf:Bag>
                  <rdf:li rdf:resource="urn:miriam:uniprot:P23511"/>
                  <rdf:li rdf:resource="urn:miriam:uniprot:P25208"/>
                  <rdf:li rdf:resource="urn:miriam:uniprot:Q13952"/>
                  <rdf:li rdf:resource="urn:miriam:uniprot:Q59GY4"/>
                  <rdf:li rdf:resource="urn:miriam:uniprot:B4DUS6"/>
                  <rdf:li rdf:resource="urn:miriam:uniprot:B4DW63"/>
                  <rdf:li rdf:resource="urn:miriam:uniprot:Q5T6K9"/>
                </rdf:Bag>
              </bqbiol:hasVersion>
              <bqbiol:isEncodedBy>
                <rdf:Bag>
                  <rdf:li rdf:resource="urn:miriam:hgnc:HGNC%3A7804"/>
                  <rdf:li rdf:resource="urn:miriam:hgnc:HGNC%3A7805"/>
                  <rdf:li rdf:resource="urn:miriam:hgnc:HGNC%3A7806"/>
                </rdf:Bag>
              </bqbiol:isEncodedBy>
              <bqbiol:unknownQualifier>
                <rdf:Bag>
                  <rdf:li rdf:resource="urn:miriam:obo.eco:ECO%3A0000313"/>
                </rdf:Bag>
              </bqbiol:unknownQualifier>
            </rdf:Description>
          </rdf:RDF>
        </annotation>
      </species>
      <species id="RFX" initialAmount="1" name="RFX" metaid="meta_RFX" sboTerm="SBO:0000354" substanceUnits="substance" compartment="default">
<notes><body xmlns="http://www.w3.org/1999/xhtml"><a href="http://www.kegg.jp/dbget-bin/www_bget?hsa:5993+hsa:5994+hsa:8625">Original Kegg Entry</a><br/>
<p><b>Description for “RFX5”:</b> regulatory factor X, 5 (influences HLA class II expression)</p>
<p><b>Description for “RFXAP”:</b> regulatory factor X-associated protein</p>
<p><b>Description for “RFXANK, ANKRA1, BLS, F14150_1, MGC138628, RFX-B”:</b> regulatory factor X-associated ankyrin-containing protein</p>
</body></notes>
        <annotation>
          <rdf:RDF xmlns:rdf="http://www.w3.org/1999/02/22-rdf-syntax-ns#" xmlns:bqbiol="http://biomodels.net/biology-qualifiers/">
            <rdf:Description rdf:about="#meta_RFX">
              <bqbiol:hasVersion>
                <rdf:Bag>
                  <rdf:li rdf:resource="urn:miriam:kegg.genes:hsa%3A5993"/>
                  <rdf:li rdf:resource="urn:miriam:kegg.genes:hsa%3A5994"/>
                  <rdf:li rdf:resource="urn:miriam:kegg.genes:hsa%3A8625"/>
                </rdf:Bag>
              </bqbiol:hasVersion>
              <bqbiol:isEncodedBy>
                <rdf:Bag>
                  <rdf:li rdf:resource="urn:miriam:entrez.gene:5993"/>
                  <rdf:li rdf:resource="urn:miriam:entrez.gene:5994"/>
                  <rdf:li rdf:resource="urn:miriam:entrez.gene:8625"/>
                </rdf:Bag>
              </bqbiol:isEncodedBy>
              <bqbiol:hasProperty>
                <rdf:Bag>
                  <rdf:li rdf:resource="urn:miriam:omim:601863"/>
                  <rdf:li rdf:resource="urn:miriam:omim:601861"/>
                  <rdf:li rdf:resource="urn:miriam:omim:603200"/>
                </rdf:Bag>
              </bqbiol:hasProperty>
              <bqbiol:isEncodedBy>
                <rdf:Bag>
                  <rdf:li rdf:resource="urn:miriam:ensembl:ENSG00000143390"/>
                  <rdf:li rdf:resource="urn:miriam:ensembl:ENSG00000133111"/>
                  <rdf:li rdf:resource="urn:miriam:ensembl:ENSG00000064490"/>
                </rdf:Bag>
              </bqbiol:isEncodedBy>
              <bqbiol:hasVersion>
                <rdf:Bag>
                  <rdf:li rdf:resource="urn:miriam:uniprot:P48382"/>
                  <rdf:li rdf:resource="urn:miriam:uniprot:O00287"/>
                  <rdf:li rdf:resource="urn:miriam:uniprot:O14593"/>
                </rdf:Bag>
              </bqbiol:hasVersion>
              <bqbiol:isEncodedBy>
                <rdf:Bag>
                  <rdf:li rdf:resource="urn:miriam:hgnc:HGNC%3A9986"/>
                  <rdf:li rdf:resource="urn:miriam:hgnc:HGNC%3A9988"/>
                  <rdf:li rdf:resource="urn:miriam:hgnc:HGNC%3A9987"/>
                </rdf:Bag>
              </bqbiol:isEncodedBy>
              <bqbiol:unknownQualifier>
                <rdf:Bag>
                  <rdf:li rdf:resource="urn:miriam:obo.eco:ECO%3A0000313"/>
                </rdf:Bag>
              </bqbiol:unknownQualifier>
            </rdf:Description>
          </rdf:RDF>
        </annotation>
      </species>
      <species id="CREB1" initialAmount="1" name="CREB1" metaid="meta_CREB1" sboTerm="SBO:0000354" substanceUnits="substance" compartment="default">
<notes><body xmlns="http://www.w3.org/1999/xhtml"><a href="http://www.kegg.jp/dbget-bin/www_bget?hsa:1385">Original Kegg Entry</a><br/>
<p><b>Description for “CREB1, CREB, MGC9284”:</b> cAMP responsive element binding protein 1</p>
</body></notes>
        <annotation>
          <rdf:RDF xmlns:rdf="http://www.w3.org/1999/02/22-rdf-syntax-ns#" xmlns:bqbiol="http://biomodels.net/biology-qualifiers/">
            <rdf:Description rdf:about="#meta_CREB1">
              <bqbiol:is>
                <rdf:Bag>
                  <rdf:li rdf:resource="urn:miriam:kegg.genes:hsa%3A1385"/>
                </rdf:Bag>
              </bqbiol:is>
              <bqbiol:isEncodedBy>
                <rdf:Bag>
                  <rdf:li rdf:resource="urn:miriam:entrez.gene:1385"/>
                </rdf:Bag>
              </bqbiol:isEncodedBy>
              <bqbiol:hasProperty>
                <rdf:Bag>
                  <rdf:li rdf:resource="urn:miriam:omim:123810"/>
                </rdf:Bag>
              </bqbiol:hasProperty>
              <bqbiol:isEncodedBy>
                <rdf:Bag>
                  <rdf:li rdf:resource="urn:miriam:ensembl:ENSG00000118260"/>
                </rdf:Bag>
              </bqbiol:isEncodedBy>
              <bqbiol:hasVersion>
                <rdf:Bag>
                  <rdf:li rdf:resource="urn:miriam:uniprot:P16220"/>
                  <rdf:li rdf:resource="urn:miriam:uniprot:Q53X93"/>
                  <rdf:li rdf:resource="urn:miriam:uniprot:Q5U0J5"/>
                </rdf:Bag>
              </bqbiol:hasVersion>
              <bqbiol:isEncodedBy>
                <rdf:Bag>
                  <rdf:li rdf:resource="urn:miriam:hgnc:HGNC%3A2345"/>
                </rdf:Bag>
              </bqbiol:isEncodedBy>
              <bqbiol:unknownQualifier>
                <rdf:Bag>
                  <rdf:li rdf:resource="urn:miriam:obo.eco:ECO%3A0000313"/>
                </rdf:Bag>
              </bqbiol:unknownQualifier>
            </rdf:Description>
          </rdf:RDF>
        </annotation>
      </species>
      <species id="CIITA" initialAmount="1" name="CIITA" metaid="meta_CIITA" sboTerm="SBO:0000354" substanceUnits="substance" compartment="default">
<notes><body xmlns="http://www.w3.org/1999/xhtml"><a href="http://www.kegg.jp/dbget-bin/www_bget?hsa:4261">Original Kegg Entry</a><br/>
<p><b>Description for “CIITA, C2TA, CIITAIV, MHC2TA, NLRA”:</b> class II, major histocompatibility complex, transactivator</p>
</body></notes>
        <annotation>
          <rdf:RDF xmlns:rdf="http://www.w3.org/1999/02/22-rdf-syntax-ns#" xmlns:bqbiol="http://biomodels.net/biology-qualifiers/">
            <rdf:Description rdf:about="#meta_CIITA">
              <bqbiol:is>
                <rdf:Bag>
                  <rdf:li rdf:resource="urn:miriam:kegg.genes:hsa%3A4261"/>
                </rdf:Bag>
              </bqbiol:is>
              <bqbiol:isEncodedBy>
                <rdf:Bag>
                  <rdf:li rdf:resource="urn:miriam:entrez.gene:4261"/>
                </rdf:Bag>
              </bqbiol:isEncodedBy>
              <bqbiol:hasProperty>
                <rdf:Bag>
                  <rdf:li rdf:resource="urn:miriam:omim:600005"/>
                </rdf:Bag>
              </bqbiol:hasProperty>
              <bqbiol:isEncodedBy>
                <rdf:Bag>
                  <rdf:li rdf:resource="urn:miriam:ensembl:ENSG00000179583"/>
                </rdf:Bag>
              </bqbiol:isEncodedBy>
              <bqbiol:hasVersion>
                <rdf:Bag>
                  <rdf:li rdf:resource="urn:miriam:uniprot:P33076"/>
                  <rdf:li rdf:resource="urn:miriam:uniprot:Q66X48"/>
                </rdf:Bag>
              </bqbiol:hasVersion>
              <bqbiol:isEncodedBy>
                <rdf:Bag>
                  <rdf:li rdf:resource="urn:miriam:hgnc:HGNC%3A7067"/>
                </rdf:Bag>
              </bqbiol:isEncodedBy>
              <bqbiol:unknownQualifier>
                <rdf:Bag>
                  <rdf:li rdf:resource="urn:miriam:obo.eco:ECO%3A0000313"/>
                </rdf:Bag>
              </bqbiol:unknownQualifier>
            </rdf:Description>
          </rdf:RDF>
        </annotation>
      </species>
      <species id="CTS" initialAmount="1" name="CTS" metaid="meta_CTS" sboTerm="SBO:0000354" substanceUnits="substance" compartment="default">
<notes><body xmlns="http://www.w3.org/1999/xhtml"><a href="http://www.kegg.jp/dbget-bin/www_bget?hsa:1508+hsa:1514+hsa:1520">Original Kegg Entry</a><br/>
<p><b>Description for “CTSB, APPS, CPSB”:</b> cathepsin B (EC:3.4.22.1)</p>
<p><b>Description for “CTSL1, CATL, CTSL, FLJ31037, MEP”:</b> cathepsin L1 (EC:3.4.22.15)</p>
<p><b>Description for “CTSS, FLJ50259, MGC3886”:</b> cathepsin S (EC:3.4.22.27)</p>
</body></notes>
        <annotation>
          <rdf:RDF xmlns:rdf="http://www.w3.org/1999/02/22-rdf-syntax-ns#" xmlns:bqbiol="http://biomodels.net/biology-qualifiers/">
            <rdf:Description rdf:about="#meta_CTS">
              <bqbiol:hasVersion>
                <rdf:Bag>
                  <rdf:li rdf:resource="urn:miriam:kegg.genes:hsa%3A1508"/>
                  <rdf:li rdf:resource="urn:miriam:kegg.genes:hsa%3A1514"/>
                  <rdf:li rdf:resource="urn:miriam:kegg.genes:hsa%3A1520"/>
                </rdf:Bag>
              </bqbiol:hasVersion>
              <bqbiol:isEncodedBy>
                <rdf:Bag>
                  <rdf:li rdf:resource="urn:miriam:entrez.gene:1508"/>
                  <rdf:li rdf:resource="urn:miriam:entrez.gene:1514"/>
                  <rdf:li rdf:resource="urn:miriam:entrez.gene:1520"/>
                </rdf:Bag>
              </bqbiol:isEncodedBy>
              <bqbiol:hasProperty>
                <rdf:Bag>
                  <rdf:li rdf:resource="urn:miriam:omim:116810"/>
                  <rdf:li rdf:resource="urn:miriam:omim:116880"/>
                  <rdf:li rdf:resource="urn:miriam:omim:116845"/>
                </rdf:Bag>
              </bqbiol:hasProperty>
              <bqbiol:isEncodedBy>
                <rdf:Bag>
                  <rdf:li rdf:resource="urn:miriam:ensembl:ENSG00000164733"/>
                  <rdf:li rdf:resource="urn:miriam:ensembl:ENSG00000135047"/>
                  <rdf:li rdf:resource="urn:miriam:ensembl:ENSG00000163131"/>
                </rdf:Bag>
              </bqbiol:isEncodedBy>
              <bqbiol:hasVersion>
                <rdf:Bag>
                  <rdf:li rdf:resource="urn:miriam:uniprot:P07858"/>
                  <rdf:li rdf:resource="urn:miriam:uniprot:P07711"/>
                  <rdf:li rdf:resource="urn:miriam:uniprot:P25774"/>
                  <rdf:li rdf:resource="urn:miriam:uniprot:B4DWC9"/>
                </rdf:Bag>
              </bqbiol:hasVersion>
              <bqbiol:isEncodedBy>
                <rdf:Bag>
                  <rdf:li rdf:resource="urn:miriam:hgnc:HGNC%3A2527"/>
                  <rdf:li rdf:resource="urn:miriam:hgnc:HGNC%3A2537"/>
                  <rdf:li rdf:resource="urn:miriam:hgnc:HGNC%3A2545"/>
                </rdf:Bag>
              </bqbiol:isEncodedBy>
              <bqbiol:hasProperty>
                <rdf:Bag>
                  <rdf:li rdf:resource="urn:miriam:ec-code:3.4.22.1"/>
                  <rdf:li rdf:resource="urn:miriam:ec-code:3.4.22.15"/>
                  <rdf:li rdf:resource="urn:miriam:ec-code:3.4.22.27"/>
                </rdf:Bag>
              </bqbiol:hasProperty>
              <bqbiol:unknownQualifier>
                <rdf:Bag>
                  <rdf:li rdf:resource="urn:miriam:obo.eco:ECO%3A0000313"/>
                </rdf:Bag>
              </bqbiol:unknownQualifier>
            </rdf:Description>
          </rdf:RDF>
        </annotation>
      </species>
      <species id="LGMN" initialAmount="1" name="LGMN" metaid="meta_LGMN" sboTerm="SBO:0000354" substanceUnits="substance" compartment="default">
<notes><body xmlns="http://www.w3.org/1999/xhtml"><a href="http://www.kegg.jp/dbget-bin/www_bget?hsa:5641">Original Kegg Entry</a><br/>
<p><b>Description for “LGMN, AEP, LGMN1, PRSC1”:</b> legumain (EC:3.4.22.34)</p>
</body></notes>
        <annotation>
          <rdf:RDF xmlns:rdf="http://www.w3.org/1999/02/22-rdf-syntax-ns#" xmlns:bqbiol="http://biomodels.net/biology-qualifiers/">
            <rdf:Description rdf:about="#meta_LGMN">
              <bqbiol:is>
                <rdf:Bag>
                  <rdf:li rdf:resource="urn:miriam:kegg.genes:hsa%3A5641"/>
                </rdf:Bag>
              </bqbiol:is>
              <bqbiol:isEncodedBy>
                <rdf:Bag>
                  <rdf:li rdf:resource="urn:miriam:entrez.gene:5641"/>
                </rdf:Bag>
              </bqbiol:isEncodedBy>
              <bqbiol:hasProperty>
                <rdf:Bag>
                  <rdf:li rdf:resource="urn:miriam:omim:602620"/>
                </rdf:Bag>
              </bqbiol:hasProperty>
              <bqbiol:isEncodedBy>
                <rdf:Bag>
                  <rdf:li rdf:resource="urn:miriam:ensembl:ENSG00000100600"/>
                </rdf:Bag>
              </bqbiol:isEncodedBy>
              <bqbiol:hasVersion>
                <rdf:Bag>
                  <rdf:li rdf:resource="urn:miriam:uniprot:Q99538"/>
                  <rdf:li rdf:resource="urn:miriam:uniprot:Q53XC6"/>
                  <rdf:li rdf:resource="urn:miriam:uniprot:Q96CY7"/>
                </rdf:Bag>
              </bqbiol:hasVersion>
              <bqbiol:isEncodedBy>
                <rdf:Bag>
                  <rdf:li rdf:resource="urn:miriam:hgnc:HGNC%3A9472"/>
                </rdf:Bag>
              </bqbiol:isEncodedBy>
              <bqbiol:hasProperty>
                <rdf:Bag>
                  <rdf:li rdf:resource="urn:miriam:ec-code:3.4.22.34"/>
                </rdf:Bag>
              </bqbiol:hasProperty>
              <bqbiol:unknownQualifier>
                <rdf:Bag>
                  <rdf:li rdf:resource="urn:miriam:obo.eco:ECO%3A0000313"/>
                </rdf:Bag>
              </bqbiol:unknownQualifier>
            </rdf:Description>
          </rdf:RDF>
        </annotation>
      </species>
      <species id="CTSB" initialAmount="1" name="CTSB" metaid="meta_CTSB" sboTerm="SBO:0000354" substanceUnits="substance" compartment="default">
<notes><body xmlns="http://www.w3.org/1999/xhtml"><a href="http://www.kegg.jp/dbget-bin/www_bget?hsa:1508">Original Kegg Entry</a><br/>
<p><b>Description for “CTSB, APPS, CPSB”:</b> cathepsin B (EC:3.4.22.1)</p>
</body></notes>
        <annotation>
          <rdf:RDF xmlns:rdf="http://www.w3.org/1999/02/22-rdf-syntax-ns#" xmlns:bqbiol="http://biomodels.net/biology-qualifiers/">
            <rdf:Description rdf:about="#meta_CTSB">
              <bqbiol:is>
                <rdf:Bag>
                  <rdf:li rdf:resource="urn:miriam:kegg.genes:hsa%3A1508"/>
                </rdf:Bag>
              </bqbiol:is>
              <bqbiol:isEncodedBy>
                <rdf:Bag>
                  <rdf:li rdf:resource="urn:miriam:entrez.gene:1508"/>
                </rdf:Bag>
              </bqbiol:isEncodedBy>
              <bqbiol:hasProperty>
                <rdf:Bag>
                  <rdf:li rdf:resource="urn:miriam:omim:116810"/>
                </rdf:Bag>
              </bqbiol:hasProperty>
              <bqbiol:isEncodedBy>
                <rdf:Bag>
                  <rdf:li rdf:resource="urn:miriam:ensembl:ENSG00000164733"/>
                </rdf:Bag>
              </bqbiol:isEncodedBy>
              <bqbiol:is>
                <rdf:Bag>
                  <rdf:li rdf:resource="urn:miriam:uniprot:P07858"/>
                </rdf:Bag>
              </bqbiol:is>
              <bqbiol:isEncodedBy>
                <rdf:Bag>
                  <rdf:li rdf:resource="urn:miriam:hgnc:HGNC%3A2527"/>
                </rdf:Bag>
              </bqbiol:isEncodedBy>
              <bqbiol:hasProperty>
                <rdf:Bag>
                  <rdf:li rdf:resource="urn:miriam:ec-code:3.4.22.1"/>
                </rdf:Bag>
              </bqbiol:hasProperty>
              <bqbiol:unknownQualifier>
                <rdf:Bag>
                  <rdf:li rdf:resource="urn:miriam:obo.eco:ECO%3A0000313"/>
                </rdf:Bag>
              </bqbiol:unknownQualifier>
            </rdf:Description>
          </rdf:RDF>
        </annotation>
      </species>
      <species id="IFI30" initialAmount="1" name="IFI30" metaid="meta_IFI30" sboTerm="SBO:0000354" substanceUnits="substance" compartment="default">
<notes><body xmlns="http://www.w3.org/1999/xhtml"><a href="http://www.kegg.jp/dbget-bin/www_bget?hsa:10437">Original Kegg Entry</a><br/>
<p><b>Description for “IFI30, GILT, IFI-30, IP30, MGC32056”:</b> interferon, gamma-inducible protein 30</p>
</body></notes>
        <annotation>
          <rdf:RDF xmlns:rdf="http://www.w3.org/1999/02/22-rdf-syntax-ns#" xmlns:bqbiol="http://biomodels.net/biology-qualifiers/">
            <rdf:Description rdf:about="#meta_IFI30">
              <bqbiol:is>
                <rdf:Bag>
                  <rdf:li rdf:resource="urn:miriam:kegg.genes:hsa%3A10437"/>
                </rdf:Bag>
              </bqbiol:is>
              <bqbiol:isEncodedBy>
                <rdf:Bag>
                  <rdf:li rdf:resource="urn:miriam:entrez.gene:10437"/>
                </rdf:Bag>
              </bqbiol:isEncodedBy>
              <bqbiol:hasProperty>
                <rdf:Bag>
                  <rdf:li rdf:resource="urn:miriam:omim:604664"/>
                </rdf:Bag>
              </bqbiol:hasProperty>
              <bqbiol:isEncodedBy>
                <rdf:Bag>
                  <rdf:li rdf:resource="urn:miriam:ensembl:ENSG00000216490"/>
                </rdf:Bag>
              </bqbiol:isEncodedBy>
              <bqbiol:is>
                <rdf:Bag>
                  <rdf:li rdf:resource="urn:miriam:uniprot:P13284"/>
                </rdf:Bag>
              </bqbiol:is>
              <bqbiol:isEncodedBy>
                <rdf:Bag>
                  <rdf:li rdf:resource="urn:miriam:hgnc:HGNC%3A5398"/>
                </rdf:Bag>
              </bqbiol:isEncodedBy>
              <bqbiol:unknownQualifier>
                <rdf:Bag>
                  <rdf:li rdf:resource="urn:miriam:obo.eco:ECO%3A0000313"/>
                </rdf:Bag>
              </bqbiol:unknownQualifier>
            </rdf:Description>
          </rdf:RDF>
        </annotation>
      </species>
      <species id="K10784" initialAmount="1" name="K10784..." metaid="meta_K10784" sboTerm="SBO:0000354" substanceUnits="substance" compartment="default">
<notes><body xmlns="http://www.w3.org/1999/xhtml"><a href="http://www.kegg.jp/dbget-bin/www_bget?K10784+K10785">Original Kegg Entry</a><br/>
</body></notes>
        <annotation>
          <rdf:RDF xmlns:rdf="http://www.w3.org/1999/02/22-rdf-syntax-ns#" xmlns:bqbiol="http://biomodels.net/biology-qualifiers/">
            <rdf:Description rdf:about="#meta_K10784">
              <bqbiol:hasVersion>
                <rdf:Bag>
                  <rdf:li rdf:resource="urn:miriam:kegg.orthology:K10784"/>
                  <rdf:li rdf:resource="urn:miriam:kegg.orthology:K10785"/>
                </rdf:Bag>
              </bqbiol:hasVersion>
              <bqbiol:unknownQualifier>
                <rdf:Bag>
                  <rdf:li rdf:resource="urn:miriam:obo.eco:ECO%3A0000313"/>
                </rdf:Bag>
              </bqbiol:unknownQualifier>
            </rdf:Description>
          </rdf:RDF>
        </annotation>
      </species>
      <species id="CD4" initialAmount="1" name="CD4" metaid="meta_CD4" sboTerm="SBO:0000354" substanceUnits="substance" compartment="default">
<notes><body xmlns="http://www.w3.org/1999/xhtml"><a href="http://www.kegg.jp/dbget-bin/www_bget?hsa:920">Original Kegg Entry</a><br/>
<p><b>Description for “CD4, CD4mut”:</b> CD4 molecule</p>
</body></notes>
        <annotation>
          <rdf:RDF xmlns:rdf="http://www.w3.org/1999/02/22-rdf-syntax-ns#" xmlns:bqbiol="http://biomodels.net/biology-qualifiers/">
            <rdf:Description rdf:about="#meta_CD4">
              <bqbiol:is>
                <rdf:Bag>
                  <rdf:li rdf:resource="urn:miriam:kegg.genes:hsa%3A920"/>
                </rdf:Bag>
              </bqbiol:is>
              <bqbiol:isEncodedBy>
                <rdf:Bag>
                  <rdf:li rdf:resource="urn:miriam:entrez.gene:920"/>
                </rdf:Bag>
              </bqbiol:isEncodedBy>
              <bqbiol:hasProperty>
                <rdf:Bag>
                  <rdf:li rdf:resource="urn:miriam:omim:186940"/>
                </rdf:Bag>
              </bqbiol:hasProperty>
              <bqbiol:isEncodedBy>
                <rdf:Bag>
                  <rdf:li rdf:resource="urn:miriam:ensembl:ENSG00000010610"/>
                </rdf:Bag>
              </bqbiol:isEncodedBy>
              <bqbiol:hasVersion>
                <rdf:Bag>
                  <rdf:li rdf:resource="urn:miriam:uniprot:P01730"/>
                  <rdf:li rdf:resource="urn:miriam:uniprot:B4DT49"/>
                  <rdf:li rdf:resource="urn:miriam:uniprot:B0AZV7"/>
                </rdf:Bag>
              </bqbiol:hasVersion>
              <bqbiol:isEncodedBy>
                <rdf:Bag>
                  <rdf:li rdf:resource="urn:miriam:hgnc:HGNC%3A1678"/>
                </rdf:Bag>
              </bqbiol:isEncodedBy>
              <bqbiol:unknownQualifier>
                <rdf:Bag>
                  <rdf:li rdf:resource="urn:miriam:obo.eco:ECO%3A0000313"/>
                </rdf:Bag>
              </bqbiol:unknownQualifier>
            </rdf:Description>
          </rdf:RDF>
        </annotation>
      </species>
      <species id="KLRC4" initialAmount="1" name="KLRC4" metaid="meta_KLRC4" sboTerm="SBO:0000354" substanceUnits="substance" compartment="default">
<notes><body xmlns="http://www.w3.org/1999/xhtml"><a href="http://www.kegg.jp/dbget-bin/www_bget?hsa:115653+hsa:3802+hsa:3803+hsa:3804+hsa:3805+hsa:3806+hsa:3808+hsa:3809+hsa:3810+hsa:3811+hsa:3812+hsa:3821+hsa:3822+hsa:3823+hsa:3824+hsa:57292+hsa:8302">Original Kegg Entry</a><br/>
<p><b>Description for “KIR3DL3, CD158Z, KIR3DL7, KIR44, KIRC1”:</b> killer cell immunoglobulin-like receptor, three domains, long cytoplasmic tail, 3</p>
<p><b>Description for “KIR2DL1, CD158A, KIR-K64, KIR221, NKAT, NKAT1, p58.1”:</b> killer cell immunoglobulin-like receptor, two domains, long cytoplasmic tail, 1</p>
<p><b>Description for “KIR2DL2, CD158B1, CD158b, NKAT6, p58.2”:</b> killer cell immunoglobulin-like receptor, two domains, long cytoplasmic tail, 2</p>
<p><b>Description for “KIR2DL3, CD158B2, CD158b, GL183, KIR-023GB, KIR-K7b, KIR-K7c, KIRCL23, MGC129943, NKAT, NKAT2, NKAT2A, NKAT2B, p58”:</b> killer cell immunoglobulin-like receptor, two domains, long cytoplasmic tail, 3</p>
<p><b>Description for “KIR2DL4, CD158D, G9P, KIR103, KIR103AS”:</b> killer cell immunoglobulin-like receptor, two domains, long cytoplasmic tail, 4</p>
<p><b>Description for “KIR2DS1, CD158H, CD158a, p50.1”:</b> killer cell immunoglobulin-like receptor, two domains, short cytoplasmic tail, 1</p>
<p><b>Description for “KIR2DS3, NKAT7”:</b> killer cell immunoglobulin-like receptor, two domains, short cytoplasmic tail, 3</p>
<p><b>Description for “KIR2DS4, CD158I, KIR1D, KIR412, KKA3, MGC120019, MGC125315, MGC125317, NKAT8”:</b> killer cell immunoglobulin-like receptor, two domains, short cytoplasmic tail, 4</p>
<p><b>Description for “KIR2DS5, CD158G, NKAT9”:</b> killer cell immunoglobulin-like receptor, two domains, short cytoplasmic tail, 5</p>
<p><b>Description for “KIR3DL1, CD158E1, KIR, KIR3DL1/S1, MGC119726, MGC119728, MGC126589, MGC126591, NKAT3, NKB1, NKB1B”:</b> killer cell immunoglobulin-like receptor, three domains, long cytoplasmic tail, 1</p>
<p><b>Description for “KIR3DL2, CD158K, MGC125321, NKAT-4, NKAT4, NKAT4B, p140”:</b> killer cell immunoglobulin-like receptor, three domains, long cytoplasmic tail, 2</p>
<p><b>Description for “KLRC1, CD159A, MGC13374, MGC59791, NKG2, NKG2A”:</b> killer cell lectin-like receptor subfamily C, member 1</p>
<p><b>Description for “KLRC2, CD159c, MGC138244, NKG2-C, NKG2C”:</b> killer cell lectin-like receptor subfamily C, member 2</p>
<p><b>Description for “KLRC3, NKG2-E, NKG2E”:</b> killer cell lectin-like receptor subfamily C, member 3</p>
<p><b>Description for “KLRD1, CD94”:</b> killer cell lectin-like receptor subfamily D, member 1</p>
<p><b>Description for “KIR2DL5A, CD158F, KIR2DL5, KIR2DL5.1, KIR2DL5.3, KIR2DL5B”:</b> killer cell immunoglobulin-like receptor, two domains, long cytoplasmic tail, 5A</p>
<p><b>Description for “KLRC4, FLJ17759, FLJ78582, NKG2-F, NKG2F”:</b> killer cell lectin-like receptor subfamily C, member 4</p>
</body></notes>
        <annotation>
          <rdf:RDF xmlns:rdf="http://www.w3.org/1999/02/22-rdf-syntax-ns#" xmlns:bqbiol="http://biomodels.net/biology-qualifiers/">
            <rdf:Description rdf:about="#meta_KLRC4">
              <bqbiol:hasVersion>
                <rdf:Bag>
                  <rdf:li rdf:resource="urn:miriam:kegg.genes:hsa%3A115653"/>
                  <rdf:li rdf:resource="urn:miriam:kegg.genes:hsa%3A3802"/>
                  <rdf:li rdf:resource="urn:miriam:kegg.genes:hsa%3A3803"/>
                  <rdf:li rdf:resource="urn:miriam:kegg.genes:hsa%3A3804"/>
                  <rdf:li rdf:resource="urn:miriam:kegg.genes:hsa%3A3805"/>
                  <rdf:li rdf:resource="urn:miriam:kegg.genes:hsa%3A3806"/>
                  <rdf:li rdf:resource="urn:miriam:kegg.genes:hsa%3A3808"/>
                  <rdf:li rdf:resource="urn:miriam:kegg.genes:hsa%3A3809"/>
                  <rdf:li rdf:resource="urn:miriam:kegg.genes:hsa%3A3810"/>
                  <rdf:li rdf:resource="urn:miriam:kegg.genes:hsa%3A3811"/>
                  <rdf:li rdf:resource="urn:miriam:kegg.genes:hsa%3A3812"/>
                  <rdf:li rdf:resource="urn:miriam:kegg.genes:hsa%3A3821"/>
                  <rdf:li rdf:resource="urn:miriam:kegg.genes:hsa%3A3822"/>
                  <rdf:li rdf:resource="urn:miriam:kegg.genes:hsa%3A3823"/>
                  <rdf:li rdf:resource="urn:miriam:kegg.genes:hsa%3A3824"/>
                  <rdf:li rdf:resource="urn:miriam:kegg.genes:hsa%3A57292"/>
                  <rdf:li rdf:resource="urn:miriam:kegg.genes:hsa%3A8302"/>
                </rdf:Bag>
              </bqbiol:hasVersion>
              <bqbiol:isEncodedBy>
                <rdf:Bag>
                  <rdf:li rdf:resource="urn:miriam:entrez.gene:115653"/>
                  <rdf:li rdf:resource="urn:miriam:entrez.gene:3802"/>
                  <rdf:li rdf:resource="urn:miriam:entrez.gene:3803"/>
                  <rdf:li rdf:resource="urn:miriam:entrez.gene:3804"/>
                  <rdf:li rdf:resource="urn:miriam:entrez.gene:3805"/>
                  <rdf:li rdf:resource="urn:miriam:entrez.gene:3806"/>
                  <rdf:li rdf:resource="urn:miriam:entrez.gene:3808"/>
                  <rdf:li rdf:resource="urn:miriam:entrez.gene:3809"/>
                  <rdf:li rdf:resource="urn:miriam:entrez.gene:3810"/>
                  <rdf:li rdf:resource="urn:miriam:entrez.gene:3811"/>
                  <rdf:li rdf:resource="urn:miriam:entrez.gene:3812"/>
                  <rdf:li rdf:resource="urn:miriam:entrez.gene:3821"/>
                  <rdf:li rdf:resource="urn:miriam:entrez.gene:3822"/>
                  <rdf:li rdf:resource="urn:miriam:entrez.gene:3823"/>
                  <rdf:li rdf:resource="urn:miriam:entrez.gene:3824"/>
                  <rdf:li rdf:resource="urn:miriam:entrez.gene:57292"/>
                  <rdf:li rdf:resource="urn:miriam:entrez.gene:8302"/>
                </rdf:Bag>
              </bqbiol:isEncodedBy>
              <bqbiol:hasProperty>
                <rdf:Bag>
                  <rdf:li rdf:resource="urn:miriam:omim:610095"/>
                  <rdf:li rdf:resource="urn:miriam:omim:604936"/>
                  <rdf:li rdf:resource="urn:miriam:omim:604937"/>
                  <rdf:li rdf:resource="urn:miriam:omim:604938"/>
                  <rdf:li rdf:resource="urn:miriam:omim:604945"/>
                  <rdf:li rdf:resource="urn:miriam:omim:604952"/>
                  <rdf:li rdf:resource="urn:miriam:omim:604954"/>
                  <rdf:li rdf:resource="urn:miriam:omim:604955"/>
                  <rdf:li rdf:resource="urn:miriam:omim:604956"/>
                  <rdf:li rdf:resource="urn:miriam:omim:604946"/>
                  <rdf:li rdf:resource="urn:miriam:omim:604947"/>
                  <rdf:li rdf:resource="urn:miriam:omim:161555"/>
                  <rdf:li rdf:resource="urn:miriam:omim:602891"/>
                  <rdf:li rdf:resource="urn:miriam:omim:602892"/>
                  <rdf:li rdf:resource="urn:miriam:omim:602894"/>
                  <rdf:li rdf:resource="urn:miriam:omim:605305"/>
                  <rdf:li rdf:resource="urn:miriam:omim:602893"/>
                </rdf:Bag>
              </bqbiol:hasProperty>
              <bqbiol:isEncodedBy>
                <rdf:Bag>
                  <rdf:li rdf:resource="urn:miriam:ensembl:ENSG00000242019"/>
                  <rdf:li rdf:resource="urn:miriam:ensembl:ENSG00000125498"/>
                  <rdf:li rdf:resource="urn:miriam:ensembl:ENSG00000243772"/>
                  <rdf:li rdf:resource="urn:miriam:ensembl:ENSG00000189013"/>
                  <rdf:li rdf:resource="urn:miriam:ensembl:ENSG00000221957"/>
                  <rdf:li rdf:resource="urn:miriam:ensembl:ENSG00000167633"/>
                  <rdf:li rdf:resource="urn:miriam:ensembl:ENSG00000240403"/>
                  <rdf:li rdf:resource="urn:miriam:ensembl:ENSG00000134545"/>
                  <rdf:li rdf:resource="urn:miriam:ensembl:ENSG00000205809"/>
                  <rdf:li rdf:resource="urn:miriam:ensembl:ENSG00000205810"/>
                  <rdf:li rdf:resource="urn:miriam:ensembl:ENSG00000134539"/>
                  <rdf:li rdf:resource="urn:miriam:ensembl:ENSG00000183542"/>
                </rdf:Bag>
              </bqbiol:isEncodedBy>
              <bqbiol:hasVersion>
                <rdf:Bag>
                  <rdf:li rdf:resource="urn:miriam:uniprot:Q8N743"/>
                  <rdf:li rdf:resource="urn:miriam:uniprot:P43626"/>
                  <rdf:li rdf:resource="urn:miriam:uniprot:Q6H2H2"/>
                  <rdf:li rdf:resource="urn:miriam:uniprot:Q6H2H3"/>
                  <rdf:li rdf:resource="urn:miriam:uniprot:P43627"/>
                  <rdf:li rdf:resource="urn:miriam:uniprot:Q6H2H0"/>
                  <rdf:li rdf:resource="urn:miriam:uniprot:Q8N742"/>
                  <rdf:li rdf:resource="urn:miriam:uniprot:P43628"/>
                  <rdf:li rdf:resource="urn:miriam:uniprot:E3NZD8"/>
                  <rdf:li rdf:resource="urn:miriam:uniprot:Q99706"/>
                  <rdf:li rdf:resource="urn:miriam:uniprot:Q14954"/>
                  <rdf:li rdf:resource="urn:miriam:uniprot:Q14952"/>
                  <rdf:li rdf:resource="urn:miriam:uniprot:P43632"/>
                  <rdf:li rdf:resource="urn:miriam:uniprot:Q6H2G7"/>
                  <rdf:li rdf:resource="urn:miriam:uniprot:Q7L8K3"/>
                  <rdf:li rdf:resource="urn:miriam:uniprot:P43629"/>
                  <rdf:li rdf:resource="urn:miriam:uniprot:Q5UCE2"/>
                  <rdf:li rdf:resource="urn:miriam:uniprot:Q8N6C9"/>
                  <rdf:li rdf:resource="urn:miriam:uniprot:P43630"/>
                  <rdf:li rdf:resource="urn:miriam:uniprot:P26715"/>
                  <rdf:li rdf:resource="urn:miriam:uniprot:P26717"/>
                  <rdf:li rdf:resource="urn:miriam:uniprot:Q07444"/>
                  <rdf:li rdf:resource="urn:miriam:uniprot:Q13241"/>
                  <rdf:li rdf:resource="urn:miriam:uniprot:Q53ZY6"/>
                  <rdf:li rdf:resource="urn:miriam:uniprot:Q8N109"/>
                  <rdf:li rdf:resource="urn:miriam:uniprot:O43908"/>
                </rdf:Bag>
              </bqbiol:hasVersion>
              <bqbiol:isEncodedBy>
                <rdf:Bag>
                  <rdf:li rdf:resource="urn:miriam:hgnc:HGNC%3A16312"/>
                  <rdf:li rdf:resource="urn:miriam:hgnc:HGNC%3A6329"/>
                  <rdf:li rdf:resource="urn:miriam:hgnc:HGNC%3A6330"/>
                  <rdf:li rdf:resource="urn:miriam:hgnc:HGNC%3A6331"/>
                  <rdf:li rdf:resource="urn:miriam:hgnc:HGNC%3A6332"/>
                  <rdf:li rdf:resource="urn:miriam:hgnc:HGNC%3A6333"/>
                  <rdf:li rdf:resource="urn:miriam:hgnc:HGNC%3A6335"/>
                  <rdf:li rdf:resource="urn:miriam:hgnc:HGNC%3A6336"/>
                  <rdf:li rdf:resource="urn:miriam:hgnc:HGNC%3A6337"/>
                  <rdf:li rdf:resource="urn:miriam:hgnc:HGNC%3A6338"/>
                  <rdf:li rdf:resource="urn:miriam:hgnc:HGNC%3A6339"/>
                  <rdf:li rdf:resource="urn:miriam:hgnc:HGNC%3A6374"/>
                  <rdf:li rdf:resource="urn:miriam:hgnc:HGNC%3A6375"/>
                  <rdf:li rdf:resource="urn:miriam:hgnc:HGNC%3A6376"/>
                  <rdf:li rdf:resource="urn:miriam:hgnc:HGNC%3A6378"/>
                  <rdf:li rdf:resource="urn:miriam:hgnc:HGNC%3A16345"/>
                  <rdf:li rdf:resource="urn:miriam:hgnc:HGNC%3A6377"/>
                </rdf:Bag>
              </bqbiol:isEncodedBy>
              <bqbiol:unknownQualifier>
                <rdf:Bag>
                  <rdf:li rdf:resource="urn:miriam:obo.eco:ECO%3A0000313"/>
                </rdf:Bag>
              </bqbiol:unknownQualifier>
            </rdf:Description>
          </rdf:RDF>
        </annotation>
      </species>
      <species id="CD8" initialAmount="1" name="CD8" metaid="meta_CD8" sboTerm="SBO:0000354" substanceUnits="substance" compartment="default">
<notes><body xmlns="http://www.w3.org/1999/xhtml"><a href="http://www.kegg.jp/dbget-bin/www_bget?hsa:925+hsa:926">Original Kegg Entry</a><br/>
<p><b>Description for “CD8A, CD8, Leu2, MAL, p32”:</b> CD8a molecule</p>
<p><b>Description for “CD8B, CD8B1, LEU2, LY3, LYT3, MGC119115, P37”:</b> CD8b molecule</p>
</body></notes>
        <annotation>
          <rdf:RDF xmlns:rdf="http://www.w3.org/1999/02/22-rdf-syntax-ns#" xmlns:bqbiol="http://biomodels.net/biology-qualifiers/">
            <rdf:Description rdf:about="#meta_CD8">
              <bqbiol:hasVersion>
                <rdf:Bag>
                  <rdf:li rdf:resource="urn:miriam:kegg.genes:hsa%3A925"/>
                  <rdf:li rdf:resource="urn:miriam:kegg.genes:hsa%3A926"/>
                </rdf:Bag>
              </bqbiol:hasVersion>
              <bqbiol:isEncodedBy>
                <rdf:Bag>
                  <rdf:li rdf:resource="urn:miriam:entrez.gene:925"/>
                  <rdf:li rdf:resource="urn:miriam:entrez.gene:926"/>
                </rdf:Bag>
              </bqbiol:isEncodedBy>
              <bqbiol:hasProperty>
                <rdf:Bag>
                  <rdf:li rdf:resource="urn:miriam:omim:186910"/>
                  <rdf:li rdf:resource="urn:miriam:omim:186730"/>
                </rdf:Bag>
              </bqbiol:hasProperty>
              <bqbiol:isEncodedBy>
                <rdf:Bag>
                  <rdf:li rdf:resource="urn:miriam:ensembl:ENSG00000153563"/>
                  <rdf:li rdf:resource="urn:miriam:ensembl:ENSG00000172116"/>
                </rdf:Bag>
              </bqbiol:isEncodedBy>
              <bqbiol:hasVersion>
                <rdf:Bag>
                  <rdf:li rdf:resource="urn:miriam:uniprot:P01732"/>
                  <rdf:li rdf:resource="urn:miriam:uniprot:Q6ZVS2"/>
                  <rdf:li rdf:resource="urn:miriam:uniprot:Q8TAW8"/>
                  <rdf:li rdf:resource="urn:miriam:uniprot:P10966"/>
                  <rdf:li rdf:resource="urn:miriam:uniprot:Q496E2"/>
                </rdf:Bag>
              </bqbiol:hasVersion>
              <bqbiol:isEncodedBy>
                <rdf:Bag>
                  <rdf:li rdf:resource="urn:miriam:hgnc:HGNC%3A1706"/>
                  <rdf:li rdf:resource="urn:miriam:hgnc:HGNC%3A1707"/>
                </rdf:Bag>
              </bqbiol:isEncodedBy>
              <bqbiol:unknownQualifier>
                <rdf:Bag>
                  <rdf:li rdf:resource="urn:miriam:obo.eco:ECO%3A0000313"/>
                </rdf:Bag>
              </bqbiol:unknownQualifier>
            </rdf:Description>
          </rdf:RDF>
        </annotation>
      </species>
      <species id="TAPBP" initialAmount="1" name="TAPBP" metaid="meta_TAPBP" sboTerm="SBO:0000354" substanceUnits="substance" compartment="default">
<notes><body xmlns="http://www.w3.org/1999/xhtml"><a href="http://www.kegg.jp/dbget-bin/www_bget?hsa:6892">Original Kegg Entry</a><br/>
<p><b>Description for “TAPBP, NGS17, TAPA, TPN, TPSN”:</b> TAP binding protein (tapasin)</p>
</body></notes>
        <annotation>
          <rdf:RDF xmlns:rdf="http://www.w3.org/1999/02/22-rdf-syntax-ns#" xmlns:bqbiol="http://biomodels.net/biology-qualifiers/">
            <rdf:Description rdf:about="#meta_TAPBP">
              <bqbiol:is>
                <rdf:Bag>
                  <rdf:li rdf:resource="urn:miriam:kegg.genes:hsa%3A6892"/>
                </rdf:Bag>
              </bqbiol:is>
              <bqbiol:isEncodedBy>
                <rdf:Bag>
                  <rdf:li rdf:resource="urn:miriam:entrez.gene:6892"/>
                </rdf:Bag>
              </bqbiol:isEncodedBy>
              <bqbiol:hasProperty>
                <rdf:Bag>
                  <rdf:li rdf:resource="urn:miriam:omim:601962"/>
                </rdf:Bag>
              </bqbiol:hasProperty>
              <bqbiol:isEncodedBy>
                <rdf:Bag>
                  <rdf:li rdf:resource="urn:miriam:ensembl:ENSG00000231925"/>
                </rdf:Bag>
              </bqbiol:isEncodedBy>
              <bqbiol:hasVersion>
                <rdf:Bag>
                  <rdf:li rdf:resource="urn:miriam:uniprot:O15533"/>
                  <rdf:li rdf:resource="urn:miriam:uniprot:B2ZUA4"/>
                  <rdf:li rdf:resource="urn:miriam:uniprot:E9PGM2"/>
                </rdf:Bag>
              </bqbiol:hasVersion>
              <bqbiol:isEncodedBy>
                <rdf:Bag>
                  <rdf:li rdf:resource="urn:miriam:hgnc:HGNC%3A11566"/>
                </rdf:Bag>
              </bqbiol:isEncodedBy>
              <bqbiol:unknownQualifier>
                <rdf:Bag>
                  <rdf:li rdf:resource="urn:miriam:obo.eco:ECO%3A0000313"/>
                </rdf:Bag>
              </bqbiol:unknownQualifier>
            </rdf:Description>
          </rdf:RDF>
        </annotation>
      </species>
      <species id="CALR" initialAmount="1" name="CALR" metaid="meta_CALR" sboTerm="SBO:0000354" substanceUnits="substance" compartment="default">
<notes><body xmlns="http://www.w3.org/1999/xhtml"><a href="http://www.kegg.jp/dbget-bin/www_bget?hsa:811">Original Kegg Entry</a><br/>
<p><b>Description for “CALR, CRT, FLJ26680, RO, SSA, cC1qR”:</b> calreticulin</p>
</body></notes>
        <annotation>
          <rdf:RDF xmlns:rdf="http://www.w3.org/1999/02/22-rdf-syntax-ns#" xmlns:bqbiol="http://biomodels.net/biology-qualifiers/">
            <rdf:Description rdf:about="#meta_CALR">
              <bqbiol:is>
                <rdf:Bag>
                  <rdf:li rdf:resource="urn:miriam:kegg.genes:hsa%3A811"/>
                </rdf:Bag>
              </bqbiol:is>
              <bqbiol:isEncodedBy>
                <rdf:Bag>
                  <rdf:li rdf:resource="urn:miriam:entrez.gene:811"/>
                </rdf:Bag>
              </bqbiol:isEncodedBy>
              <bqbiol:hasProperty>
                <rdf:Bag>
                  <rdf:li rdf:resource="urn:miriam:omim:109091"/>
                </rdf:Bag>
              </bqbiol:hasProperty>
              <bqbiol:isEncodedBy>
                <rdf:Bag>
                  <rdf:li rdf:resource="urn:miriam:ensembl:ENSG00000179218"/>
                </rdf:Bag>
              </bqbiol:isEncodedBy>
              <bqbiol:is>
                <rdf:Bag>
                  <rdf:li rdf:resource="urn:miriam:uniprot:P27797"/>
                </rdf:Bag>
              </bqbiol:is>
              <bqbiol:isEncodedBy>
                <rdf:Bag>
                  <rdf:li rdf:resource="urn:miriam:hgnc:HGNC%3A1455"/>
                </rdf:Bag>
              </bqbiol:isEncodedBy>
              <bqbiol:unknownQualifier>
                <rdf:Bag>
                  <rdf:li rdf:resource="urn:miriam:obo.eco:ECO%3A0000313"/>
                </rdf:Bag>
              </bqbiol:unknownQualifier>
            </rdf:Description>
          </rdf:RDF>
        </annotation>
      </species>
      <species id="PDIA3" initialAmount="1" name="PDIA3" metaid="meta_PDIA3" sboTerm="SBO:0000354" substanceUnits="substance" compartment="default">
<notes><body xmlns="http://www.w3.org/1999/xhtml"><a href="http://www.kegg.jp/dbget-bin/www_bget?hsa:2923">Original Kegg Entry</a><br/>
</body></notes>
        <annotation>
          <rdf:RDF xmlns:rdf="http://www.w3.org/1999/02/22-rdf-syntax-ns#" xmlns:bqbiol="http://biomodels.net/biology-qualifiers/">
            <rdf:Description rdf:about="#meta_PDIA3">
              <bqbiol:is>
                <rdf:Bag>
                  <rdf:li rdf:resource="urn:miriam:kegg.genes:hsa%3A2923"/>
                </rdf:Bag>
              </bqbiol:is>
              <bqbiol:unknownQualifier>
                <rdf:Bag>
                  <rdf:li rdf:resource="urn:miriam:obo.eco:ECO%3A0000313"/>
                </rdf:Bag>
              </bqbiol:unknownQualifier>
            </rdf:Description>
          </rdf:RDF>
        </annotation>
      </species>
      <species id="B2M" initialAmount="1" name="B2M" metaid="meta_B2M" sboTerm="SBO:0000354" substanceUnits="substance" compartment="default">
<notes><body xmlns="http://www.w3.org/1999/xhtml"><a href="http://www.kegg.jp/dbget-bin/www_bget?hsa:567">Original Kegg Entry</a><br/>
<p><b>Description for “B2M”:</b> beta-2-microglobulin</p>
</body></notes>
        <annotation>
          <rdf:RDF xmlns:rdf="http://www.w3.org/1999/02/22-rdf-syntax-ns#" xmlns:bqbiol="http://biomodels.net/biology-qualifiers/">
            <rdf:Description rdf:about="#meta_B2M">
              <bqbiol:is>
                <rdf:Bag>
                  <rdf:li rdf:resource="urn:miriam:kegg.genes:hsa%3A567"/>
                </rdf:Bag>
              </bqbiol:is>
              <bqbiol:isEncodedBy>
                <rdf:Bag>
                  <rdf:li rdf:resource="urn:miriam:entrez.gene:567"/>
                </rdf:Bag>
              </bqbiol:isEncodedBy>
              <bqbiol:hasProperty>
                <rdf:Bag>
                  <rdf:li rdf:resource="urn:miriam:omim:109700"/>
                </rdf:Bag>
              </bqbiol:hasProperty>
              <bqbiol:isEncodedBy>
                <rdf:Bag>
                  <rdf:li rdf:resource="urn:miriam:ensembl:ENSG00000166710"/>
                </rdf:Bag>
              </bqbiol:isEncodedBy>
              <bqbiol:is>
                <rdf:Bag>
                  <rdf:li rdf:resource="urn:miriam:uniprot:P61769"/>
                </rdf:Bag>
              </bqbiol:is>
              <bqbiol:isEncodedBy>
                <rdf:Bag>
                  <rdf:li rdf:resource="urn:miriam:hgnc:HGNC%3A914"/>
                </rdf:Bag>
              </bqbiol:isEncodedBy>
              <bqbiol:unknownQualifier>
                <rdf:Bag>
                  <rdf:li rdf:resource="urn:miriam:obo.eco:ECO%3A0000313"/>
                </rdf:Bag>
              </bqbiol:unknownQualifier>
            </rdf:Description>
          </rdf:RDF>
        </annotation>
      </species>
      <species id="HLA" initialAmount="1" name="HLA-" metaid="meta_HLA" sboTerm="SBO:0000354" substanceUnits="substance" compartment="default">
<notes><body xmlns="http://www.w3.org/1999/xhtml"><a href="http://www.kegg.jp/dbget-bin/www_bget?hsa:3105+hsa:3106+hsa:3107+hsa:3133+hsa:3134+hsa:3135+hsa:652614">Original Kegg Entry</a><br/>
<p><b>Description for “HLA-E, DKFZp686P19218, EA1.2, EA2.1, HLA-6.2, MHC, QA1”:</b> major histocompatibility complex, class I, E</p>
<p><b>Description for “HLA-F, CDA12, HLA-5.4, HLA-CDA12, HLAF”:</b> major histocompatibility complex, class I, F</p>
<p><b>Description for “HLA-G, MHC-G”:</b> major histocompatibility complex, class I, G</p>
</body></notes>
        <annotation>
          <rdf:RDF xmlns:rdf="http://www.w3.org/1999/02/22-rdf-syntax-ns#" xmlns:bqbiol="http://biomodels.net/biology-qualifiers/">
            <rdf:Description rdf:about="#meta_HLA">
              <bqbiol:hasVersion>
                <rdf:Bag>
                  <rdf:li rdf:resource="urn:miriam:kegg.genes:hsa%3A3105"/>
                  <rdf:li rdf:resource="urn:miriam:kegg.genes:hsa%3A3106"/>
                  <rdf:li rdf:resource="urn:miriam:kegg.genes:hsa%3A3107"/>
                  <rdf:li rdf:resource="urn:miriam:kegg.genes:hsa%3A3133"/>
                  <rdf:li rdf:resource="urn:miriam:kegg.genes:hsa%3A3134"/>
                  <rdf:li rdf:resource="urn:miriam:kegg.genes:hsa%3A3135"/>
                  <rdf:li rdf:resource="urn:miriam:kegg.genes:hsa%3A652614"/>
                </rdf:Bag>
              </bqbiol:hasVersion>
              <bqbiol:isEncodedBy>
                <rdf:Bag>
                  <rdf:li rdf:resource="urn:miriam:entrez.gene:3133"/>
                  <rdf:li rdf:resource="urn:miriam:entrez.gene:3134"/>
                  <rdf:li rdf:resource="urn:miriam:entrez.gene:3135"/>
                  <rdf:li rdf:resource="urn:miriam:entrez.gene:652614"/>
                </rdf:Bag>
              </bqbiol:isEncodedBy>
              <bqbiol:hasProperty>
                <rdf:Bag>
                  <rdf:li rdf:resource="urn:miriam:omim:143010"/>
                  <rdf:li rdf:resource="urn:miriam:omim:143110"/>
                  <rdf:li rdf:resource="urn:miriam:omim:142871"/>
                </rdf:Bag>
              </bqbiol:hasProperty>
              <bqbiol:isEncodedBy>
                <rdf:Bag>
                  <rdf:li rdf:resource="urn:miriam:ensembl:ENSG00000204592"/>
                  <rdf:li rdf:resource="urn:miriam:ensembl:ENSG00000204642"/>
                  <rdf:li rdf:resource="urn:miriam:ensembl:ENSG00000204632"/>
                </rdf:Bag>
              </bqbiol:isEncodedBy>
              <bqbiol:hasVersion>
                <rdf:Bag>
                  <rdf:li rdf:resource="urn:miriam:uniprot:P13747"/>
                  <rdf:li rdf:resource="urn:miriam:uniprot:A8K8M6"/>
                  <rdf:li rdf:resource="urn:miriam:uniprot:O19682"/>
                  <rdf:li rdf:resource="urn:miriam:uniprot:Q6DU44"/>
                  <rdf:li rdf:resource="urn:miriam:uniprot:P30511"/>
                  <rdf:li rdf:resource="urn:miriam:uniprot:Q5JQI8"/>
                  <rdf:li rdf:resource="urn:miriam:uniprot:P17693"/>
                  <rdf:li rdf:resource="urn:miriam:uniprot:Q6DU14"/>
                </rdf:Bag>
              </bqbiol:hasVersion>
              <bqbiol:isEncodedBy>
                <rdf:Bag>
                  <rdf:li rdf:resource="urn:miriam:hgnc:HGNC%3A4962"/>
                  <rdf:li rdf:resource="urn:miriam:hgnc:HGNC%3A4963"/>
                  <rdf:li rdf:resource="urn:miriam:hgnc:HGNC%3A4964"/>
                </rdf:Bag>
              </bqbiol:isEncodedBy>
              <bqbiol:unknownQualifier>
                <rdf:Bag>
                  <rdf:li rdf:resource="urn:miriam:obo.eco:ECO%3A0000313"/>
                </rdf:Bag>
              </bqbiol:unknownQualifier>
            </rdf:Description>
          </rdf:RDF>
        </annotation>
      </species>
      <species id="HLAD" initialAmount="1" name="HLA-D" metaid="meta_HLAD" sboTerm="SBO:0000354" substanceUnits="substance" compartment="default">
<notes><body xmlns="http://www.w3.org/1999/xhtml"><a href="http://www.kegg.jp/dbget-bin/www_bget?hsa:100133583+hsa:3108+hsa:3109+hsa:3111+hsa:3112+hsa:3113+hsa:3115+hsa:3117+hsa:3118+hsa:3119+hsa:3122+hsa:3123+hsa:3125+hsa:3126+hsa:3127">Original Kegg Entry</a><br/>
<p><b>Description for “HLA-DOA, HLA-DNA, HLA-DZA, HLADZ”:</b> major histocompatibility complex, class II, DO alpha</p>
<p><b>Description for “HLA-DOB, DOB, FLJ57033”:</b> major histocompatibility complex, class II, DO beta</p>
<p><b>Description for “HLA-DPA1, DP(W3), DP(W4), HLA-DP1A, HLADP, HLASB, PLT1”:</b> major histocompatibility complex, class II, DP alpha 1</p>
<p><b>Description for “HLA-DPB1, DPB1, FLJ57621, FLJ61008, HLA-DP1B, HLA-DPB”:</b> major histocompatibility complex, class II, DP beta 1</p>
<p><b>Description for “HLA-DQA1, CD, CELIAC1, DQ-A1, FLJ27088, FLJ27328, GSE, HLA-DQA, MGC149527”:</b> major histocompatibility complex, class II, DQ alpha 1</p>
<p><b>Description for “HLA-DQA2, DX-ALPHA, HLA-DXA”:</b> major histocompatibility complex, class II, DQ alpha 2</p>
<p><b>Description for “HLA-DQB1, CELIAC1, HLA-DQB, IDDM1”:</b> major histocompatibility complex, class II, DQ beta 1</p>
</body></notes>
        <annotation>
          <rdf:RDF xmlns:rdf="http://www.w3.org/1999/02/22-rdf-syntax-ns#" xmlns:bqbiol="http://biomodels.net/biology-qualifiers/">
            <rdf:Description rdf:about="#meta_HLAD">
              <bqbiol:hasVersion>
                <rdf:Bag>
                  <rdf:li rdf:resource="urn:miriam:kegg.genes:hsa%3A100133583"/>
                  <rdf:li rdf:resource="urn:miriam:kegg.genes:hsa%3A3108"/>
                  <rdf:li rdf:resource="urn:miriam:kegg.genes:hsa%3A3109"/>
                  <rdf:li rdf:resource="urn:miriam:kegg.genes:hsa%3A3111"/>
                  <rdf:li rdf:resource="urn:miriam:kegg.genes:hsa%3A3112"/>
                  <rdf:li rdf:resource="urn:miriam:kegg.genes:hsa%3A3113"/>
                  <rdf:li rdf:resource="urn:miriam:kegg.genes:hsa%3A3115"/>
                  <rdf:li rdf:resource="urn:miriam:kegg.genes:hsa%3A3117"/>
                  <rdf:li rdf:resource="urn:miriam:kegg.genes:hsa%3A3118"/>
                  <rdf:li rdf:resource="urn:miriam:kegg.genes:hsa%3A3119"/>
                  <rdf:li rdf:resource="urn:miriam:kegg.genes:hsa%3A3122"/>
                  <rdf:li rdf:resource="urn:miriam:kegg.genes:hsa%3A3123"/>
                  <rdf:li rdf:resource="urn:miriam:kegg.genes:hsa%3A3125"/>
                  <rdf:li rdf:resource="urn:miriam:kegg.genes:hsa%3A3126"/>
                  <rdf:li rdf:resource="urn:miriam:kegg.genes:hsa%3A3127"/>
                </rdf:Bag>
              </bqbiol:hasVersion>
              <bqbiol:isEncodedBy>
                <rdf:Bag>
                  <rdf:li rdf:resource="urn:miriam:entrez.gene:3111"/>
                  <rdf:li rdf:resource="urn:miriam:entrez.gene:3112"/>
                  <rdf:li rdf:resource="urn:miriam:entrez.gene:3113"/>
                  <rdf:li rdf:resource="urn:miriam:entrez.gene:3115"/>
                  <rdf:li rdf:resource="urn:miriam:entrez.gene:3117"/>
                  <rdf:li rdf:resource="urn:miriam:entrez.gene:3118"/>
                  <rdf:li rdf:resource="urn:miriam:entrez.gene:3119"/>
                </rdf:Bag>
              </bqbiol:isEncodedBy>
              <bqbiol:hasProperty>
                <rdf:Bag>
                  <rdf:li rdf:resource="urn:miriam:omim:142930"/>
                  <rdf:li rdf:resource="urn:miriam:omim:600629"/>
                  <rdf:li rdf:resource="urn:miriam:omim:142880"/>
                  <rdf:li rdf:resource="urn:miriam:omim:142858"/>
                  <rdf:li rdf:resource="urn:miriam:omim:146880"/>
                  <rdf:li rdf:resource="urn:miriam:omim:613503"/>
                  <rdf:li rdf:resource="urn:miriam:omim:604305"/>
                </rdf:Bag>
              </bqbiol:hasProperty>
              <bqbiol:isEncodedBy>
                <rdf:Bag>
                  <rdf:li rdf:resource="urn:miriam:ensembl:ENSG00000204252"/>
                  <rdf:li rdf:resource="urn:miriam:ensembl:ENSG00000241106"/>
                  <rdf:li rdf:resource="urn:miriam:ensembl:ENSG00000231389"/>
                  <rdf:li rdf:resource="urn:miriam:ensembl:ENSG00000223865"/>
                  <rdf:li rdf:resource="urn:miriam:ensembl:ENSG00000196735"/>
                  <rdf:li rdf:resource="urn:miriam:ensembl:ENSG00000237541"/>
                  <rdf:li rdf:resource="urn:miriam:ensembl:ENSG00000179344"/>
                </rdf:Bag>
              </bqbiol:isEncodedBy>
              <bqbiol:hasVersion>
                <rdf:Bag>
                  <rdf:li rdf:resource="urn:miriam:uniprot:P06340"/>
                  <rdf:li rdf:resource="urn:miriam:uniprot:P13765"/>
                  <rdf:li rdf:resource="urn:miriam:uniprot:Q5QNS2"/>
                  <rdf:li rdf:resource="urn:miriam:uniprot:P20036"/>
                  <rdf:li rdf:resource="urn:miriam:uniprot:Q5STP1"/>
                  <rdf:li rdf:resource="urn:miriam:uniprot:P04440"/>
                  <rdf:li rdf:resource="urn:miriam:uniprot:P01909"/>
                  <rdf:li rdf:resource="urn:miriam:uniprot:Q8MH44"/>
                  <rdf:li rdf:resource="urn:miriam:uniprot:P01906"/>
                  <rdf:li rdf:resource="urn:miriam:uniprot:P01920"/>
                  <rdf:li rdf:resource="urn:miriam:uniprot:Q5Y7D6"/>
                </rdf:Bag>
              </bqbiol:hasVersion>
              <bqbiol:isEncodedBy>
                <rdf:Bag>
                  <rdf:li rdf:resource="urn:miriam:hgnc:HGNC%3A4936"/>
                  <rdf:li rdf:resource="urn:miriam:hgnc:HGNC%3A4937"/>
                  <rdf:li rdf:resource="urn:miriam:hgnc:HGNC%3A4938"/>
                  <rdf:li rdf:resource="urn:miriam:hgnc:HGNC%3A4940"/>
                  <rdf:li rdf:resource="urn:miriam:hgnc:HGNC%3A4942"/>
                  <rdf:li rdf:resource="urn:miriam:hgnc:HGNC%3A4943"/>
                  <rdf:li rdf:resource="urn:miriam:hgnc:HGNC%3A4944"/>
                </rdf:Bag>
              </bqbiol:isEncodedBy>
              <bqbiol:unknownQualifier>
                <rdf:Bag>
                  <rdf:li rdf:resource="urn:miriam:obo.eco:ECO%3A0000313"/>
                </rdf:Bag>
              </bqbiol:unknownQualifier>
            </rdf:Description>
          </rdf:RDF>
        </annotation>
      </species>
      <species id="TAP1" initialAmount="1" name="TAP1" metaid="meta_TAP1" sboTerm="SBO:0000354" substanceUnits="substance" compartment="default">
<notes><body xmlns="http://www.w3.org/1999/xhtml"><a href="http://www.kegg.jp/dbget-bin/www_bget?hsa:6890+hsa:6891">Original Kegg Entry</a><br/>
</body></notes>
        <annotation>
          <rdf:RDF xmlns:rdf="http://www.w3.org/1999/02/22-rdf-syntax-ns#" xmlns:bqbiol="http://biomodels.net/biology-qualifiers/">
            <rdf:Description rdf:about="#meta_TAP1">
              <bqbiol:hasVersion>
                <rdf:Bag>
                  <rdf:li rdf:resource="urn:miriam:kegg.genes:hsa%3A6890"/>
                  <rdf:li rdf:resource="urn:miriam:kegg.genes:hsa%3A6891"/>
                </rdf:Bag>
              </bqbiol:hasVersion>
              <bqbiol:unknownQualifier>
                <rdf:Bag>
                  <rdf:li rdf:resource="urn:miriam:obo.eco:ECO%3A0000313"/>
                </rdf:Bag>
              </bqbiol:unknownQualifier>
            </rdf:Description>
          </rdf:RDF>
        </annotation>
      </species>
      <species id="CANX" initialAmount="1" name="CANX" metaid="meta_CANX" sboTerm="SBO:0000354" substanceUnits="substance" compartment="default">
<notes><body xmlns="http://www.w3.org/1999/xhtml"><a href="http://www.kegg.jp/dbget-bin/www_bget?hsa:821">Original Kegg Entry</a><br/>
<p><b>Description for “CANX, CNX, FLJ26570, IP90, P90”:</b> calnexin</p>
</body></notes>
        <annotation>
          <rdf:RDF xmlns:rdf="http://www.w3.org/1999/02/22-rdf-syntax-ns#" xmlns:bqbiol="http://biomodels.net/biology-qualifiers/">
            <rdf:Description rdf:about="#meta_CANX">
              <bqbiol:is>
                <rdf:Bag>
                  <rdf:li rdf:resource="urn:miriam:kegg.genes:hsa%3A821"/>
                </rdf:Bag>
              </bqbiol:is>
              <bqbiol:isEncodedBy>
                <rdf:Bag>
                  <rdf:li rdf:resource="urn:miriam:entrez.gene:821"/>
                </rdf:Bag>
              </bqbiol:isEncodedBy>
              <bqbiol:hasProperty>
                <rdf:Bag>
                  <rdf:li rdf:resource="urn:miriam:omim:114217"/>
                </rdf:Bag>
              </bqbiol:hasProperty>
              <bqbiol:isEncodedBy>
                <rdf:Bag>
                  <rdf:li rdf:resource="urn:miriam:ensembl:ENSG00000127022"/>
                </rdf:Bag>
              </bqbiol:isEncodedBy>
              <bqbiol:is>
                <rdf:Bag>
                  <rdf:li rdf:resource="urn:miriam:uniprot:P27824"/>
                </rdf:Bag>
              </bqbiol:is>
              <bqbiol:isEncodedBy>
                <rdf:Bag>
                  <rdf:li rdf:resource="urn:miriam:hgnc:HGNC%3A1473"/>
                </rdf:Bag>
              </bqbiol:isEncodedBy>
              <bqbiol:unknownQualifier>
                <rdf:Bag>
                  <rdf:li rdf:resource="urn:miriam:obo.eco:ECO%3A0000313"/>
                </rdf:Bag>
              </bqbiol:unknownQualifier>
            </rdf:Description>
          </rdf:RDF>
        </annotation>
      </species>
      <species id="HSPA5" initialAmount="1" name="HSPA5" metaid="meta_HSPA5" sboTerm="SBO:0000354" substanceUnits="substance" compartment="default">
<notes><body xmlns="http://www.w3.org/1999/xhtml"><a href="http://www.kegg.jp/dbget-bin/www_bget?hsa:3309">Original Kegg Entry</a><br/>
</body></notes>
        <annotation>
          <rdf:RDF xmlns:rdf="http://www.w3.org/1999/02/22-rdf-syntax-ns#" xmlns:bqbiol="http://biomodels.net/biology-qualifiers/">
            <rdf:Description rdf:about="#meta_HSPA5">
              <bqbiol:is>
                <rdf:Bag>
                  <rdf:li rdf:resource="urn:miriam:kegg.genes:hsa%3A3309"/>
                </rdf:Bag>
              </bqbiol:is>
              <bqbiol:unknownQualifier>
                <rdf:Bag>
                  <rdf:li rdf:resource="urn:miriam:obo.eco:ECO%3A0000313"/>
                </rdf:Bag>
              </bqbiol:unknownQualifier>
            </rdf:Description>
          </rdf:RDF>
        </annotation>
      </species>
      <species id="HSP90A" initialAmount="1" name="HSP90A" metaid="meta_HSP90A" sboTerm="SBO:0000354" substanceUnits="substance" compartment="default">
<notes><body xmlns="http://www.w3.org/1999/xhtml"><a href="http://www.kegg.jp/dbget-bin/www_bget?hsa:3320+hsa:3326">Original Kegg Entry</a><br/>
<p><b>Description for “HSP90AA1, FLJ31884, HSP86, HSP89A, HSP90A, HSP90N, HSPC1, HSPCA, HSPCAL1, HSPCAL4, HSPN, Hsp89, Hsp90, LAP2”:</b> heat shock protein 90kDa alpha (cytosolic), class A member 1</p>
<p><b>Description for “HSP90AB1, D6S182, FLJ26984, HSP90-BETA, HSP90B, HSPC2, HSPCB”:</b> heat shock protein 90kDa alpha (cytosolic), class B member 1</p>
</body></notes>
        <annotation>
          <rdf:RDF xmlns:rdf="http://www.w3.org/1999/02/22-rdf-syntax-ns#" xmlns:bqbiol="http://biomodels.net/biology-qualifiers/">
            <rdf:Description rdf:about="#meta_HSP90A">
              <bqbiol:hasVersion>
                <rdf:Bag>
                  <rdf:li rdf:resource="urn:miriam:kegg.genes:hsa%3A3320"/>
                  <rdf:li rdf:resource="urn:miriam:kegg.genes:hsa%3A3326"/>
                </rdf:Bag>
              </bqbiol:hasVersion>
              <bqbiol:isEncodedBy>
                <rdf:Bag>
                  <rdf:li rdf:resource="urn:miriam:entrez.gene:3320"/>
                  <rdf:li rdf:resource="urn:miriam:entrez.gene:3326"/>
                </rdf:Bag>
              </bqbiol:isEncodedBy>
              <bqbiol:hasProperty>
                <rdf:Bag>
                  <rdf:li rdf:resource="urn:miriam:omim:140571"/>
                  <rdf:li rdf:resource="urn:miriam:omim:140572"/>
                </rdf:Bag>
              </bqbiol:hasProperty>
              <bqbiol:isEncodedBy>
                <rdf:Bag>
                  <rdf:li rdf:resource="urn:miriam:ensembl:ENSG00000080824"/>
                  <rdf:li rdf:resource="urn:miriam:ensembl:ENSG00000096384"/>
                </rdf:Bag>
              </bqbiol:isEncodedBy>
              <bqbiol:hasVersion>
                <rdf:Bag>
                  <rdf:li rdf:resource="urn:miriam:uniprot:P07900"/>
                  <rdf:li rdf:resource="urn:miriam:uniprot:Q86SX1"/>
                  <rdf:li rdf:resource="urn:miriam:uniprot:P08238"/>
                </rdf:Bag>
              </bqbiol:hasVersion>
              <bqbiol:isEncodedBy>
                <rdf:Bag>
                  <rdf:li rdf:resource="urn:miriam:hgnc:HGNC%3A5253"/>
                  <rdf:li rdf:resource="urn:miriam:hgnc:HGNC%3A5258"/>
                </rdf:Bag>
              </bqbiol:isEncodedBy>
              <bqbiol:unknownQualifier>
                <rdf:Bag>
                  <rdf:li rdf:resource="urn:miriam:obo.eco:ECO%3A0000313"/>
                </rdf:Bag>
              </bqbiol:unknownQualifier>
            </rdf:Description>
          </rdf:RDF>
        </annotation>
      </species>
      <species id="HSPA" initialAmount="1" name="HSPA" metaid="meta_HSPA" sboTerm="SBO:0000354" substanceUnits="substance" compartment="default">
<notes><body xmlns="http://www.w3.org/1999/xhtml"><a href="http://www.kegg.jp/dbget-bin/www_bget?hsa:3303+hsa:3304+hsa:3305+hsa:3306+hsa:3308+hsa:3310+hsa:3312">Original Kegg Entry</a><br/>
<p><b>Description for “HSPA4, APG-2, HS24/P52, MGC131852, RY, hsp70, hsp70RY”:</b> heat shock 70kDa protein 4</p>
<p><b>Description for “HSPA6”:</b> heat shock 70kDa protein 6 (HSP70B')</p>
<p><b>Description for “HSPA8, HSC54, HSC70, HSC71, HSP71, HSP73, HSPA10, LAP1, MGC131511, MGC29929, NIP71”:</b> heat shock 70kDa protein 8</p>
</body></notes>
        <annotation>
          <rdf:RDF xmlns:rdf="http://www.w3.org/1999/02/22-rdf-syntax-ns#" xmlns:bqbiol="http://biomodels.net/biology-qualifiers/">
            <rdf:Description rdf:about="#meta_HSPA">
              <bqbiol:hasVersion>
                <rdf:Bag>
                  <rdf:li rdf:resource="urn:miriam:kegg.genes:hsa%3A3303"/>
                  <rdf:li rdf:resource="urn:miriam:kegg.genes:hsa%3A3304"/>
                  <rdf:li rdf:resource="urn:miriam:kegg.genes:hsa%3A3305"/>
                  <rdf:li rdf:resource="urn:miriam:kegg.genes:hsa%3A3306"/>
                  <rdf:li rdf:resource="urn:miriam:kegg.genes:hsa%3A3308"/>
                  <rdf:li rdf:resource="urn:miriam:kegg.genes:hsa%3A3310"/>
                  <rdf:li rdf:resource="urn:miriam:kegg.genes:hsa%3A3312"/>
                </rdf:Bag>
              </bqbiol:hasVersion>
              <bqbiol:isEncodedBy>
                <rdf:Bag>
                  <rdf:li rdf:resource="urn:miriam:entrez.gene:3308"/>
                  <rdf:li rdf:resource="urn:miriam:entrez.gene:3310"/>
                  <rdf:li rdf:resource="urn:miriam:entrez.gene:3312"/>
                </rdf:Bag>
              </bqbiol:isEncodedBy>
              <bqbiol:hasProperty>
                <rdf:Bag>
                  <rdf:li rdf:resource="urn:miriam:omim:601113"/>
                  <rdf:li rdf:resource="urn:miriam:omim:140555"/>
                  <rdf:li rdf:resource="urn:miriam:omim:600816"/>
                </rdf:Bag>
              </bqbiol:hasProperty>
              <bqbiol:isEncodedBy>
                <rdf:Bag>
                  <rdf:li rdf:resource="urn:miriam:ensembl:ENSG00000170606"/>
                  <rdf:li rdf:resource="urn:miriam:ensembl:ENSG00000173110"/>
                  <rdf:li rdf:resource="urn:miriam:ensembl:ENSG00000109971"/>
                </rdf:Bag>
              </bqbiol:isEncodedBy>
              <bqbiol:hasVersion>
                <rdf:Bag>
                  <rdf:li rdf:resource="urn:miriam:uniprot:P34932"/>
                  <rdf:li rdf:resource="urn:miriam:uniprot:P17066"/>
                  <rdf:li rdf:resource="urn:miriam:uniprot:P11142"/>
                  <rdf:li rdf:resource="urn:miriam:uniprot:B3KTV0"/>
                </rdf:Bag>
              </bqbiol:hasVersion>
              <bqbiol:isEncodedBy>
                <rdf:Bag>
                  <rdf:li rdf:resource="urn:miriam:hgnc:HGNC%3A5237"/>
                  <rdf:li rdf:resource="urn:miriam:hgnc:HGNC%3A5239"/>
                  <rdf:li rdf:resource="urn:miriam:hgnc:HGNC%3A5241"/>
                </rdf:Bag>
              </bqbiol:isEncodedBy>
              <bqbiol:unknownQualifier>
                <rdf:Bag>
                  <rdf:li rdf:resource="urn:miriam:obo.eco:ECO%3A0000313"/>
                </rdf:Bag>
              </bqbiol:unknownQualifier>
            </rdf:Description>
          </rdf:RDF>
        </annotation>
      </species>
      <species id="PSME" initialAmount="1" name="PSME" metaid="meta_PSME" sboTerm="SBO:0000354" substanceUnits="substance" compartment="default">
<notes><body xmlns="http://www.w3.org/1999/xhtml"><a href="http://www.kegg.jp/dbget-bin/www_bget?hsa:10197+hsa:5720+hsa:5721">Original Kegg Entry</a><br/>
<p><b>Description for “PSME3, Ki, PA28-gamma, PA28G, REG-GAMMA”:</b> proteasome (prosome, macropain) activator subunit 3 (PA28 gamma; Ki)</p>
<p><b>Description for “PSME1, IFI5111, MGC8628, PA28A, PA28alpha, REGalpha”:</b> proteasome (prosome, macropain) activator subunit 1 (PA28 alpha)</p>
<p><b>Description for “PSME2, PA28B, PA28beta, REGbeta”:</b> proteasome (prosome, macropain) activator subunit 2 (PA28 beta)</p>
</body></notes>
        <annotation>
          <rdf:RDF xmlns:rdf="http://www.w3.org/1999/02/22-rdf-syntax-ns#" xmlns:bqbiol="http://biomodels.net/biology-qualifiers/">
            <rdf:Description rdf:about="#meta_PSME">
              <bqbiol:hasVersion>
                <rdf:Bag>
                  <rdf:li rdf:resource="urn:miriam:kegg.genes:hsa%3A10197"/>
                  <rdf:li rdf:resource="urn:miriam:kegg.genes:hsa%3A5720"/>
                  <rdf:li rdf:resource="urn:miriam:kegg.genes:hsa%3A5721"/>
                </rdf:Bag>
              </bqbiol:hasVersion>
              <bqbiol:isEncodedBy>
                <rdf:Bag>
                  <rdf:li rdf:resource="urn:miriam:entrez.gene:10197"/>
                  <rdf:li rdf:resource="urn:miriam:entrez.gene:5720"/>
                  <rdf:li rdf:resource="urn:miriam:entrez.gene:5721"/>
                </rdf:Bag>
              </bqbiol:isEncodedBy>
              <bqbiol:hasProperty>
                <rdf:Bag>
                  <rdf:li rdf:resource="urn:miriam:omim:605129"/>
                  <rdf:li rdf:resource="urn:miriam:omim:600654"/>
                  <rdf:li rdf:resource="urn:miriam:omim:602161"/>
                </rdf:Bag>
              </bqbiol:hasProperty>
              <bqbiol:isEncodedBy>
                <rdf:Bag>
                  <rdf:li rdf:resource="urn:miriam:ensembl:ENSG00000131467"/>
                  <rdf:li rdf:resource="urn:miriam:ensembl:ENSG00000092010"/>
                  <rdf:li rdf:resource="urn:miriam:ensembl:ENSG00000100911"/>
                </rdf:Bag>
              </bqbiol:isEncodedBy>
              <bqbiol:hasVersion>
                <rdf:Bag>
                  <rdf:li rdf:resource="urn:miriam:uniprot:P61289"/>
                  <rdf:li rdf:resource="urn:miriam:uniprot:Q06323"/>
                  <rdf:li rdf:resource="urn:miriam:uniprot:Q6IBM2"/>
                  <rdf:li rdf:resource="urn:miriam:uniprot:A6NJG9"/>
                  <rdf:li rdf:resource="urn:miriam:uniprot:Q86SZ9"/>
                  <rdf:li rdf:resource="urn:miriam:uniprot:Q9UL46"/>
                  <rdf:li rdf:resource="urn:miriam:uniprot:Q86SZ7"/>
                </rdf:Bag>
              </bqbiol:hasVersion>
              <bqbiol:isEncodedBy>
                <rdf:Bag>
                  <rdf:li rdf:resource="urn:miriam:hgnc:HGNC%3A9570"/>
                  <rdf:li rdf:resource="urn:miriam:hgnc:HGNC%3A9568"/>
                  <rdf:li rdf:resource="urn:miriam:hgnc:HGNC%3A9569"/>
                </rdf:Bag>
              </bqbiol:isEncodedBy>
              <bqbiol:unknownQualifier>
                <rdf:Bag>
                  <rdf:li rdf:resource="urn:miriam:obo.eco:ECO%3A0000313"/>
                </rdf:Bag>
              </bqbiol:unknownQualifier>
            </rdf:Description>
          </rdf:RDF>
        </annotation>
      </species>
      <species id="TNF" initialAmount="1" name="TNF" metaid="meta_TNF" sboTerm="SBO:0000354" substanceUnits="substance" compartment="default">
<notes><body xmlns="http://www.w3.org/1999/xhtml"><a href="http://www.kegg.jp/dbget-bin/www_bget?hsa:7124">Original Kegg Entry</a><br/>
<p><b>Description for “TNF, DIF, TNF-alpha, TNFA, TNFSF2”:</b> tumor necrosis factor</p>
</body></notes>
        <annotation>
          <rdf:RDF xmlns:rdf="http://www.w3.org/1999/02/22-rdf-syntax-ns#" xmlns:bqbiol="http://biomodels.net/biology-qualifiers/">
            <rdf:Description rdf:about="#meta_TNF">
              <bqbiol:is>
                <rdf:Bag>
                  <rdf:li rdf:resource="urn:miriam:kegg.genes:hsa%3A7124"/>
                </rdf:Bag>
              </bqbiol:is>
              <bqbiol:isEncodedBy>
                <rdf:Bag>
                  <rdf:li rdf:resource="urn:miriam:entrez.gene:7124"/>
                </rdf:Bag>
              </bqbiol:isEncodedBy>
              <bqbiol:hasProperty>
                <rdf:Bag>
                  <rdf:li rdf:resource="urn:miriam:omim:191160"/>
                </rdf:Bag>
              </bqbiol:hasProperty>
              <bqbiol:isEncodedBy>
                <rdf:Bag>
                  <rdf:li rdf:resource="urn:miriam:ensembl:ENSG00000232810"/>
                </rdf:Bag>
              </bqbiol:isEncodedBy>
              <bqbiol:hasVersion>
                <rdf:Bag>
                  <rdf:li rdf:resource="urn:miriam:uniprot:P01375"/>
                  <rdf:li rdf:resource="urn:miriam:uniprot:C1K3N5"/>
                  <rdf:li rdf:resource="urn:miriam:uniprot:Q5STB3"/>
                </rdf:Bag>
              </bqbiol:hasVersion>
              <bqbiol:isEncodedBy>
                <rdf:Bag>
                  <rdf:li rdf:resource="urn:miriam:hgnc:HGNC%3A11892"/>
                </rdf:Bag>
              </bqbiol:isEncodedBy>
              <bqbiol:unknownQualifier>
                <rdf:Bag>
                  <rdf:li rdf:resource="urn:miriam:obo.eco:ECO%3A0000313"/>
                </rdf:Bag>
              </bqbiol:unknownQualifier>
            </rdf:Description>
          </rdf:RDF>
        </annotation>
      </species>
      <species id="IFNG" initialAmount="1" name="IFNG" metaid="meta_IFNG" sboTerm="SBO:0000354" substanceUnits="substance" compartment="default">
<notes><body xmlns="http://www.w3.org/1999/xhtml"><a href="http://www.kegg.jp/dbget-bin/www_bget?hsa:3458">Original Kegg Entry</a><br/>
<p><b>Description for “IFNG, IFG, IFI”:</b> interferon, gamma</p>
</body></notes>
        <annotation>
          <rdf:RDF xmlns:rdf="http://www.w3.org/1999/02/22-rdf-syntax-ns#" xmlns:bqbiol="http://biomodels.net/biology-qualifiers/">
            <rdf:Description rdf:about="#meta_IFNG">
              <bqbiol:is>
                <rdf:Bag>
                  <rdf:li rdf:resource="urn:miriam:kegg.genes:hsa%3A3458"/>
                </rdf:Bag>
              </bqbiol:is>
              <bqbiol:isEncodedBy>
                <rdf:Bag>
                  <rdf:li rdf:resource="urn:miriam:entrez.gene:3458"/>
                </rdf:Bag>
              </bqbiol:isEncodedBy>
              <bqbiol:hasProperty>
                <rdf:Bag>
                  <rdf:li rdf:resource="urn:miriam:omim:147570"/>
                </rdf:Bag>
              </bqbiol:hasProperty>
              <bqbiol:isEncodedBy>
                <rdf:Bag>
                  <rdf:li rdf:resource="urn:miriam:ensembl:ENSG00000111537"/>
                </rdf:Bag>
              </bqbiol:isEncodedBy>
              <bqbiol:is>
                <rdf:Bag>
                  <rdf:li rdf:resource="urn:miriam:uniprot:P01579"/>
                </rdf:Bag>
              </bqbiol:is>
              <bqbiol:isEncodedBy>
                <rdf:Bag>
                  <rdf:li rdf:resource="urn:miriam:hgnc:HGNC%3A5438"/>
                </rdf:Bag>
              </bqbiol:isEncodedBy>
              <bqbiol:unknownQualifier>
                <rdf:Bag>
                  <rdf:li rdf:resource="urn:miriam:obo.eco:ECO%3A0000313"/>
                </rdf:Bag>
              </bqbiol:unknownQualifier>
            </rdf:Description>
          </rdf:RDF>
        </annotation>
      </species>
      <species id="Proteasome" initialAmount="1" name="Proteasome" metaid="meta_Proteasome" sboTerm="SBO:0000552" substanceUnits="substance" compartment="default">
<notes><body xmlns="http://www.w3.org/1999/xhtml"><a href="http://www.kegg.jp/dbget-bin/www_bget?hsa03050">Original Kegg Entry</a><br/>
<p><b>Proteasome - Homo sapiens (human)</b></p>
<img src="http://www.kegg.jp/kegg/misc/thumbnail/map03050.gif"/><br/>
</body></notes>
        <annotation>
          <rdf:RDF xmlns:rdf="http://www.w3.org/1999/02/22-rdf-syntax-ns#" xmlns:bqbiol="http://biomodels.net/biology-qualifiers/">
            <rdf:Description rdf:about="#meta_Proteasome">
              <bqbiol:is>
                <rdf:Bag>
                  <rdf:li rdf:resource="urn:miriam:kegg.pathway:hsa03050"/>
                </rdf:Bag>
              </bqbiol:is>
              <bqbiol:isDescribedBy>
                <rdf:Bag>
                  <rdf:li rdf:resource="urn:miriam:obo.go:GO:0000502"/>
                </rdf:Bag>
              </bqbiol:isDescribedBy>
              <bqbiol:unknownQualifier>
                <rdf:Bag>
                  <rdf:li rdf:resource="urn:miriam:obo.eco:ECO%3A0000313"/>
                </rdf:Bag>
              </bqbiol:unknownQualifier>
            </rdf:Description>
          </rdf:RDF>
        </annotation>
      </species>
      <species id="T_cell_receptor_signaling_pathway" initialAmount="1" name="T cell receptor signaling pathway" metaid="meta_T_cell_receptor_signaling_pathway" sboTerm="SBO:0000552" substanceUnits="substance" compartment="default">
<notes><body xmlns="http://www.w3.org/1999/xhtml"><a href="http://www.kegg.jp/dbget-bin/www_bget?hsa04660">Original Kegg Entry</a><br/>
<p><b>T cell receptor signaling pathway - Homo sapiens (human)</b></p>
<img src="http://www.kegg.jp/kegg/misc/thumbnail/map04660.gif"/><br/>
</body></notes>
        <annotation>
          <rdf:RDF xmlns:rdf="http://www.w3.org/1999/02/22-rdf-syntax-ns#" xmlns:bqbiol="http://biomodels.net/biology-qualifiers/">
            <rdf:Description rdf:about="#meta_T_cell_receptor_signaling_pathway">
              <bqbiol:is>
                <rdf:Bag>
                  <rdf:li rdf:resource="urn:miriam:kegg.pathway:hsa04660"/>
                </rdf:Bag>
              </bqbiol:is>
              <bqbiol:isDescribedBy>
                <rdf:Bag>
                  <rdf:li rdf:resource="urn:miriam:obo.go:GO:0050852"/>
                </rdf:Bag>
              </bqbiol:isDescribedBy>
              <bqbiol:unknownQualifier>
                <rdf:Bag>
                  <rdf:li rdf:resource="urn:miriam:obo.eco:ECO%3A0000313"/>
                </rdf:Bag>
              </bqbiol:unknownQualifier>
            </rdf:Description>
          </rdf:RDF>
        </annotation>
      </species>
      <species id="Natural_killer_cell_mediated_cytotoxicity" initialAmount="1" name="Natural killer cell mediated cytotoxicity" metaid="meta_Natural_killer_cell_mediated_cytotoxicity" sboTerm="SBO:0000552" substanceUnits="substance" compartment="default">
<notes><body xmlns="http://www.w3.org/1999/xhtml"><a href="http://www.kegg.jp/dbget-bin/www_bget?hsa04650">Original Kegg Entry</a><br/>
<p><b>Natural killer cell mediated cytotoxicity - Homo sapiens (human)</b></p>
<img src="http://www.kegg.jp/kegg/misc/thumbnail/map04650.gif"/><br/>
</body></notes>
        <annotation>
          <rdf:RDF xmlns:rdf="http://www.w3.org/1999/02/22-rdf-syntax-ns#" xmlns:bqbiol="http://biomodels.net/biology-qualifiers/">
            <rdf:Description rdf:about="#meta_Natural_killer_cell_mediated_cytotoxicity">
              <bqbiol:is>
                <rdf:Bag>
                  <rdf:li rdf:resource="urn:miriam:kegg.pathway:hsa04650"/>
                </rdf:Bag>
              </bqbiol:is>
              <bqbiol:isDescribedBy>
                <rdf:Bag>
                  <rdf:li rdf:resource="urn:miriam:obo.go:GO:0042267"/>
                </rdf:Bag>
              </bqbiol:isDescribedBy>
              <bqbiol:unknownQualifier>
                <rdf:Bag>
                  <rdf:li rdf:resource="urn:miriam:obo.eco:ECO%3A0000313"/>
                </rdf:Bag>
              </bqbiol:unknownQualifier>
            </rdf:Description>
          </rdf:RDF>
        </annotation>
      </species>
    </listOfSpecies>
  </model>
</sbml>