<?xml version='1.0' encoding='UTF-8' standalone='no'?>
<!-- Created by KEGGtranslator version 1.2.0 on 2011-11-09 20:31 with jsbml version 0.8-rc1. -->
<sbml xmlns="http://www.sbml.org/sbml/level2/version4" level="2" version="4">
  <model id="path_hsa04720" name="Long-term potentiation" metaid="meta_path_hsa04720">
<notes><body xmlns="http://www.w3.org/1999/xhtml"><h1>Model of “Long-term potentiation”</h1>
Hippocampal long-term potentiation (LTP), a long-lasting increase in synaptic efficacy, is the molecular basis for learning and memory. Tetanic stimulation of afferents in the CA1 region of the hippocampus induces glutamate release and activation of glutamate receptors in dendritic spines. A large increase in [Ca2+]i resulting from influx through NMDA receptors leads to constitutive activation of CaM kinase II (CaM KII) . Constitutively active CaM kinase II phosphorylates AMPA receptors, resulting in potentiation of the ionic conductance of AMPA receptors. Early-phase LTP (E-LTP) expression is due, in part, to this phosphorylation of the AMPA receptor. It is hypothesized that postsynaptic Ca2+ increases generated through NMDA receptors activate several signal transduction pathways including the Erk/MAP kinase and cAMP regulatory pathways. The convergence of these pathways at the level of the CREB/CRE transcriptional pathway may increase expression of a family of genes required for late-phase LTP (L-LTP).<br/>
<a href="http://www.genome.jp/kegg/pathway/hsa/hsa04720.png"><img src="http://www.genome.jp/kegg/pathway/hsa/hsa04720.png" alt="http://www.genome.jp/kegg-bin/show_pathway?hsa04720"/></a><br/>
<a href="http://www.genome.jp/kegg-bin/show_pathway?hsa04720">Original Entry</a><br/>
<p>KGML comment: “Creation date: May 16, 2011 18:51:20 +0900 (GMT+09:00)”<br/>
KGML version was: 0.71<br/>
</p><div align="right"><i><small>This file has been generated by KEGGtranslator version 1.2.0</small></i></div><br/>
</body></notes>
    <annotation>
      <rdf:RDF xmlns:rdf="http://www.w3.org/1999/02/22-rdf-syntax-ns#" xmlns:bqmodel="http://biomodels.net/model-qualifiers/" xmlns:bqbiol="http://biomodels.net/biology-qualifiers/">
        <rdf:Description rdf:about="#meta_path_hsa04720">
          <creator>
            <rdf:Bag>
              <rdf:li rdf:parseType="Resource">                <ORG rdf:parseType="Resource">
                  <Orgname>ZBIT, University of Tübingen, WSI-CogSys</Orgname>
                </ORG>
              </rdf:li>
            </rdf:Bag>
          </creator>
          <created rdf:parseType="Resource">
            <W3CDTF>2011-11-09T19:31:34Z</W3CDTF>
          </created>
          <modified rdf:parseType="Resource">
            <W3CDTF>2011-11-09T19:31:34Z</W3CDTF>
          </modified>
          <modified rdf:parseType="Resource">
            <W3CDTF>2011-11-09T19:31:34Z</W3CDTF>
          </modified>
          <bqmodel:is>
            <rdf:Bag>
              <rdf:li rdf:resource="urn:miriam:kegg.pathway:hsa04720"/>
            </rdf:Bag>
          </bqmodel:is>
          <bqbiol:isDescribedBy>
            <rdf:Bag>
              <rdf:li rdf:resource="urn:miriam:obo.go:GO:0048169"/>
            </rdf:Bag>
          </bqbiol:isDescribedBy>
        </rdf:Description>
      </rdf:RDF>
    </annotation>
      <listOfCompartments>
      <compartment id="default" name="Long-term potentiation" units="volume" size="1"/>
    </listOfCompartments>
    <listOfSpecies>
      <species id="PRKC" initialAmount="1" name="PRKC" metaid="meta_PRKC" sboTerm="SBO:0000354" substanceUnits="substance" compartment="default">
<notes><body xmlns="http://www.w3.org/1999/xhtml"><a href="http://www.kegg.jp/dbget-bin/www_bget?hsa:5578+hsa:5579+hsa:5582">Original Kegg Entry</a><br/>
<p><b>Description for “PRKCA, AAG6, MGC129900, MGC129901, PKC-alpha, PKCA, PRKACA”:</b> protein kinase C, alpha (EC:2.7.11.13)</p>
<p><b>Description for “PRKCB, MGC41878, PKC-beta, PKCB, PRKCB1, PRKCB2”:</b> protein kinase C, beta (EC:2.7.11.13)</p>
<p><b>Description for “PRKCG, MGC57564, PKC-gamma, PKCC, PKCG, SCA14”:</b> protein kinase C, gamma (EC:2.7.11.13)</p>
</body></notes>
        <annotation>
          <rdf:RDF xmlns:rdf="http://www.w3.org/1999/02/22-rdf-syntax-ns#" xmlns:bqbiol="http://biomodels.net/biology-qualifiers/">
            <rdf:Description rdf:about="#meta_PRKC">
              <bqbiol:hasVersion>
                <rdf:Bag>
                  <rdf:li rdf:resource="urn:miriam:kegg.genes:hsa%3A5578"/>
                  <rdf:li rdf:resource="urn:miriam:kegg.genes:hsa%3A5579"/>
                  <rdf:li rdf:resource="urn:miriam:kegg.genes:hsa%3A5582"/>
                </rdf:Bag>
              </bqbiol:hasVersion>
              <bqbiol:isEncodedBy>
                <rdf:Bag>
                  <rdf:li rdf:resource="urn:miriam:entrez.gene:5578"/>
                  <rdf:li rdf:resource="urn:miriam:entrez.gene:5579"/>
                  <rdf:li rdf:resource="urn:miriam:entrez.gene:5582"/>
                </rdf:Bag>
              </bqbiol:isEncodedBy>
              <bqbiol:hasProperty>
                <rdf:Bag>
                  <rdf:li rdf:resource="urn:miriam:omim:176960"/>
                  <rdf:li rdf:resource="urn:miriam:omim:176970"/>
                  <rdf:li rdf:resource="urn:miriam:omim:176980"/>
                </rdf:Bag>
              </bqbiol:hasProperty>
              <bqbiol:isEncodedBy>
                <rdf:Bag>
                  <rdf:li rdf:resource="urn:miriam:ensembl:ENSG00000154229"/>
                  <rdf:li rdf:resource="urn:miriam:ensembl:ENSG00000166501"/>
                  <rdf:li rdf:resource="urn:miriam:ensembl:ENSG00000126583"/>
                </rdf:Bag>
              </bqbiol:isEncodedBy>
              <bqbiol:hasVersion>
                <rdf:Bag>
                  <rdf:li rdf:resource="urn:miriam:uniprot:P17252"/>
                  <rdf:li rdf:resource="urn:miriam:uniprot:B5BU22"/>
                  <rdf:li rdf:resource="urn:miriam:uniprot:Q7Z727"/>
                  <rdf:li rdf:resource="urn:miriam:uniprot:P05771"/>
                  <rdf:li rdf:resource="urn:miriam:uniprot:P05129"/>
                </rdf:Bag>
              </bqbiol:hasVersion>
              <bqbiol:isEncodedBy>
                <rdf:Bag>
                  <rdf:li rdf:resource="urn:miriam:hgnc:HGNC%3A9393"/>
                  <rdf:li rdf:resource="urn:miriam:hgnc:HGNC%3A9395"/>
                  <rdf:li rdf:resource="urn:miriam:hgnc:HGNC%3A9402"/>
                </rdf:Bag>
              </bqbiol:isEncodedBy>
              <bqbiol:hasProperty>
                <rdf:Bag>
                  <rdf:li rdf:resource="urn:miriam:ec-code:2.7.11.13"/>
                </rdf:Bag>
              </bqbiol:hasProperty>
              <bqbiol:unknownQualifier>
                <rdf:Bag>
                  <rdf:li rdf:resource="urn:miriam:obo.eco:ECO%3A0000313"/>
                </rdf:Bag>
              </bqbiol:unknownQualifier>
            </rdf:Description>
          </rdf:RDF>
        </annotation>
      </species>
      <species id="Mg" initialAmount="1" name="Mg" metaid="meta_Mg" sboTerm="SBO:0000247" substanceUnits="substance" compartment="default">
<notes><body xmlns="http://www.w3.org/1999/xhtml"><a href="http://www.kegg.jp/dbget-bin/www_bget?C00305">Original Kegg Entry</a><br/>
<p><b>Magnesium ion</b></p>
<p><b>All given names:</b><br/>Magnesium cation<br/>Mg2+<br/>Magnesium(2+)<br/>Magnesium ion</p>
<p><b>Formula:</b> Mg</p>
<img src="http://www.kegg.jp/Fig/compound/C00305.gif"/><br/>
</body></notes>
        <annotation>
          <rdf:RDF xmlns:rdf="http://www.w3.org/1999/02/22-rdf-syntax-ns#" xmlns:bqbiol="http://biomodels.net/biology-qualifiers/">
            <rdf:Description rdf:about="#meta_Mg">
              <bqbiol:is>
                <rdf:Bag>
                  <rdf:li rdf:resource="urn:miriam:kegg.compound:C00305"/>
                </rdf:Bag>
              </bqbiol:is>
              <bqbiol:is>
                <rdf:Bag>
                  <rdf:li rdf:resource="urn:miriam:obo.chebi:CHEBI%3A18420"/>
                </rdf:Bag>
              </bqbiol:is>
              <bqbiol:hasProperty>
                <rdf:Bag>
                  <rdf:li rdf:resource="urn:miriam:pubchem.substance:3599"/>
                </rdf:Bag>
              </bqbiol:hasProperty>
              <bqbiol:unknownQualifier>
                <rdf:Bag>
                  <rdf:li rdf:resource="urn:miriam:obo.eco:ECO%3A0000313"/>
                </rdf:Bag>
              </bqbiol:unknownQualifier>
            </rdf:Description>
          </rdf:RDF>
        </annotation>
      </species>
      <species id="CAMK4" initialAmount="1" name="CAMK4" metaid="meta_CAMK4" sboTerm="SBO:0000354" substanceUnits="substance" compartment="default">
<notes><body xmlns="http://www.w3.org/1999/xhtml"><a href="http://www.kegg.jp/dbget-bin/www_bget?hsa:814">Original Kegg Entry</a><br/>
<p><b>Description for “CAMK4, CaMK_IV, CaMK-GR, IV, MGC36771, caMK”:</b> calcium/calmodulin-dependent protein kinase IV (EC:2.7.11.17)</p>
</body></notes>
        <annotation>
          <rdf:RDF xmlns:rdf="http://www.w3.org/1999/02/22-rdf-syntax-ns#" xmlns:bqbiol="http://biomodels.net/biology-qualifiers/">
            <rdf:Description rdf:about="#meta_CAMK4">
              <bqbiol:is>
                <rdf:Bag>
                  <rdf:li rdf:resource="urn:miriam:kegg.genes:hsa%3A814"/>
                </rdf:Bag>
              </bqbiol:is>
              <bqbiol:isEncodedBy>
                <rdf:Bag>
                  <rdf:li rdf:resource="urn:miriam:entrez.gene:814"/>
                </rdf:Bag>
              </bqbiol:isEncodedBy>
              <bqbiol:hasProperty>
                <rdf:Bag>
                  <rdf:li rdf:resource="urn:miriam:omim:114080"/>
                </rdf:Bag>
              </bqbiol:hasProperty>
              <bqbiol:isEncodedBy>
                <rdf:Bag>
                  <rdf:li rdf:resource="urn:miriam:ensembl:ENSG00000152495"/>
                </rdf:Bag>
              </bqbiol:isEncodedBy>
              <bqbiol:is>
                <rdf:Bag>
                  <rdf:li rdf:resource="urn:miriam:uniprot:Q16566"/>
                </rdf:Bag>
              </bqbiol:is>
              <bqbiol:isEncodedBy>
                <rdf:Bag>
                  <rdf:li rdf:resource="urn:miriam:hgnc:HGNC%3A1464"/>
                </rdf:Bag>
              </bqbiol:isEncodedBy>
              <bqbiol:hasProperty>
                <rdf:Bag>
                  <rdf:li rdf:resource="urn:miriam:ec-code:2.7.11.17"/>
                </rdf:Bag>
              </bqbiol:hasProperty>
              <bqbiol:unknownQualifier>
                <rdf:Bag>
                  <rdf:li rdf:resource="urn:miriam:obo.eco:ECO%3A0000313"/>
                </rdf:Bag>
              </bqbiol:unknownQualifier>
            </rdf:Description>
          </rdf:RDF>
        </annotation>
      </species>
      <species id="EP300" initialAmount="1" name="EP300" metaid="meta_EP300" sboTerm="SBO:0000354" substanceUnits="substance" compartment="default">
<notes><body xmlns="http://www.w3.org/1999/xhtml"><a href="http://www.kegg.jp/dbget-bin/www_bget?hsa:1387+hsa:2033">Original Kegg Entry</a><br/>
<p><b>Description for “EP300, KAT3B, RSTS2, p300”:</b> E1A binding protein p300 (EC:2.3.1.48)</p>
</body></notes>
        <annotation>
          <rdf:RDF xmlns:rdf="http://www.w3.org/1999/02/22-rdf-syntax-ns#" xmlns:bqbiol="http://biomodels.net/biology-qualifiers/">
            <rdf:Description rdf:about="#meta_EP300">
              <bqbiol:hasVersion>
                <rdf:Bag>
                  <rdf:li rdf:resource="urn:miriam:kegg.genes:hsa%3A1387"/>
                  <rdf:li rdf:resource="urn:miriam:kegg.genes:hsa%3A2033"/>
                </rdf:Bag>
              </bqbiol:hasVersion>
              <bqbiol:isEncodedBy>
                <rdf:Bag>
                  <rdf:li rdf:resource="urn:miriam:entrez.gene:2033"/>
                </rdf:Bag>
              </bqbiol:isEncodedBy>
              <bqbiol:hasProperty>
                <rdf:Bag>
                  <rdf:li rdf:resource="urn:miriam:omim:602700"/>
                </rdf:Bag>
              </bqbiol:hasProperty>
              <bqbiol:isEncodedBy>
                <rdf:Bag>
                  <rdf:li rdf:resource="urn:miriam:ensembl:ENSG00000100393"/>
                </rdf:Bag>
              </bqbiol:isEncodedBy>
              <bqbiol:hasVersion>
                <rdf:Bag>
                  <rdf:li rdf:resource="urn:miriam:uniprot:Q09472"/>
                  <rdf:li rdf:resource="urn:miriam:uniprot:Q7Z6C1"/>
                </rdf:Bag>
              </bqbiol:hasVersion>
              <bqbiol:isEncodedBy>
                <rdf:Bag>
                  <rdf:li rdf:resource="urn:miriam:hgnc:HGNC%3A3373"/>
                </rdf:Bag>
              </bqbiol:isEncodedBy>
              <bqbiol:hasProperty>
                <rdf:Bag>
                  <rdf:li rdf:resource="urn:miriam:ec-code:2.3.1.48"/>
                </rdf:Bag>
              </bqbiol:hasProperty>
              <bqbiol:unknownQualifier>
                <rdf:Bag>
                  <rdf:li rdf:resource="urn:miriam:obo.eco:ECO%3A0000313"/>
                </rdf:Bag>
              </bqbiol:unknownQualifier>
            </rdf:Description>
          </rdf:RDF>
        </annotation>
      </species>
      <species id="C00076" initialAmount="1" name="C00076" metaid="meta_C00076" sboTerm="SBO:0000247" substanceUnits="substance" compartment="default">
<notes><body xmlns="http://www.w3.org/1999/xhtml"><a href="http://www.kegg.jp/dbget-bin/www_bget?C00076">Original Kegg Entry</a><br/>
</body></notes>
        <annotation>
          <rdf:RDF xmlns:rdf="http://www.w3.org/1999/02/22-rdf-syntax-ns#" xmlns:bqbiol="http://biomodels.net/biology-qualifiers/">
            <rdf:Description rdf:about="#meta_C00076">
              <bqbiol:is>
                <rdf:Bag>
                  <rdf:li rdf:resource="urn:miriam:kegg.compound:C00076"/>
                </rdf:Bag>
              </bqbiol:is>
              <bqbiol:unknownQualifier>
                <rdf:Bag>
                  <rdf:li rdf:resource="urn:miriam:obo.eco:ECO%3A0000313"/>
                </rdf:Bag>
              </bqbiol:unknownQualifier>
            </rdf:Description>
          </rdf:RDF>
        </annotation>
      </species>
      <species id="C6H15O15P3" initialAmount="1" name="C6H15O15P3" metaid="meta_C6H15O15P3" sboTerm="SBO:0000247" substanceUnits="substance" compartment="default">
<notes><body xmlns="http://www.w3.org/1999/xhtml"><a href="http://www.kegg.jp/dbget-bin/www_bget?C01245">Original Kegg Entry</a><br/>
<p><b>Ins(1,4,5)P3</b></p>
<p><b>All given names:</b><br/>D-myo-Inositol 1,4,5-trisphosphate<br/>1D-myo-Inositol 1,4,5-trisphosphate<br/>Inositol 1,4,5-trisphosphate<br/>Ins(1,4,5)P3</p>
<p><b>Formula:</b> C6H15O15P3</p>
<img src="http://www.kegg.jp/Fig/compound/C01245.gif"/><br/>
</body></notes>
        <annotation>
          <rdf:RDF xmlns:rdf="http://www.w3.org/1999/02/22-rdf-syntax-ns#" xmlns:bqbiol="http://biomodels.net/biology-qualifiers/">
            <rdf:Description rdf:about="#meta_C6H15O15P3">
              <bqbiol:is>
                <rdf:Bag>
                  <rdf:li rdf:resource="urn:miriam:kegg.compound:C01245"/>
                </rdf:Bag>
              </bqbiol:is>
              <bqbiol:is>
                <rdf:Bag>
                  <rdf:li rdf:resource="urn:miriam:obo.chebi:CHEBI%3A16595"/>
                </rdf:Bag>
              </bqbiol:is>
              <bqbiol:hasProperty>
                <rdf:Bag>
                  <rdf:li rdf:resource="urn:miriam:pubchem.substance:4466"/>
                </rdf:Bag>
              </bqbiol:hasProperty>
              <bqbiol:hasProperty>
                <rdf:Bag>
                  <rdf:li rdf:resource="urn:miriam:3dmet:B01422"/>
                </rdf:Bag>
              </bqbiol:hasProperty>
              <bqbiol:unknownQualifier>
                <rdf:Bag>
                  <rdf:li rdf:resource="urn:miriam:obo.eco:ECO%3A0000313"/>
                </rdf:Bag>
              </bqbiol:unknownQualifier>
            </rdf:Description>
          </rdf:RDF>
        </annotation>
      </species>
      <species id="C01330" initialAmount="1" name="C01330" metaid="meta_C01330" sboTerm="SBO:0000247" substanceUnits="substance" compartment="default">
<notes><body xmlns="http://www.w3.org/1999/xhtml"><a href="http://www.kegg.jp/dbget-bin/www_bget?C01330">Original Kegg Entry</a><br/>
</body></notes>
        <annotation>
          <rdf:RDF xmlns:rdf="http://www.w3.org/1999/02/22-rdf-syntax-ns#" xmlns:bqbiol="http://biomodels.net/biology-qualifiers/">
            <rdf:Description rdf:about="#meta_C01330">
              <bqbiol:is>
                <rdf:Bag>
                  <rdf:li rdf:resource="urn:miriam:kegg.compound:C01330"/>
                </rdf:Bag>
              </bqbiol:is>
              <bqbiol:unknownQualifier>
                <rdf:Bag>
                  <rdf:li rdf:resource="urn:miriam:obo.eco:ECO%3A0000313"/>
                </rdf:Bag>
              </bqbiol:unknownQualifier>
            </rdf:Description>
          </rdf:RDF>
        </annotation>
      </species>
      <species id="C00165" initialAmount="1" name="C00165" metaid="meta_C00165" sboTerm="SBO:0000247" substanceUnits="substance" compartment="default">
<notes><body xmlns="http://www.w3.org/1999/xhtml"><a href="http://www.kegg.jp/dbget-bin/www_bget?C00165">Original Kegg Entry</a><br/>
</body></notes>
        <annotation>
          <rdf:RDF xmlns:rdf="http://www.w3.org/1999/02/22-rdf-syntax-ns#" xmlns:bqbiol="http://biomodels.net/biology-qualifiers/">
            <rdf:Description rdf:about="#meta_C00165">
              <bqbiol:is>
                <rdf:Bag>
                  <rdf:li rdf:resource="urn:miriam:kegg.compound:C00165"/>
                </rdf:Bag>
              </bqbiol:is>
              <bqbiol:unknownQualifier>
                <rdf:Bag>
                  <rdf:li rdf:resource="urn:miriam:obo.eco:ECO%3A0000313"/>
                </rdf:Bag>
              </bqbiol:unknownQualifier>
            </rdf:Description>
          </rdf:RDF>
        </annotation>
      </species>
      <species id="C10H12N5O6P" initialAmount="1" name="C10H12N5O6P" metaid="meta_C10H12N5O6P" sboTerm="SBO:0000247" substanceUnits="substance" compartment="default">
<notes><body xmlns="http://www.w3.org/1999/xhtml"><a href="http://www.kegg.jp/dbget-bin/www_bget?C00575">Original Kegg Entry</a><br/>
<p><b>cAMP</b></p>
<p><b>All given names:</b><br/>3',5'-Cyclic AMP<br/>Cyclic adenylic acid<br/>Cyclic AMP<br/>Adenosine 3',5'-phosphate<br/>Adenosine 3',5'-cyclic phosphate<br/>cAMP</p>
<p><b>Formula:</b> C10H12N5O6P</p>
<img src="http://www.kegg.jp/Fig/compound/C00575.gif"/><br/>
</body></notes>
        <annotation>
          <rdf:RDF xmlns:rdf="http://www.w3.org/1999/02/22-rdf-syntax-ns#" xmlns:bqbiol="http://biomodels.net/biology-qualifiers/">
            <rdf:Description rdf:about="#meta_C10H12N5O6P">
              <bqbiol:is>
                <rdf:Bag>
                  <rdf:li rdf:resource="urn:miriam:kegg.compound:C00575"/>
                </rdf:Bag>
              </bqbiol:is>
              <bqbiol:is>
                <rdf:Bag>
                  <rdf:li rdf:resource="urn:miriam:obo.chebi:CHEBI%3A17489"/>
                </rdf:Bag>
              </bqbiol:is>
              <bqbiol:hasProperty>
                <rdf:Bag>
                  <rdf:li rdf:resource="urn:miriam:pubchem.substance:3854"/>
                </rdf:Bag>
              </bqbiol:hasProperty>
              <bqbiol:hasProperty>
                <rdf:Bag>
                  <rdf:li rdf:resource="urn:miriam:3dmet:B01289"/>
                </rdf:Bag>
              </bqbiol:hasProperty>
              <bqbiol:unknownQualifier>
                <rdf:Bag>
                  <rdf:li rdf:resource="urn:miriam:obo.eco:ECO%3A0000313"/>
                </rdf:Bag>
              </bqbiol:unknownQualifier>
            </rdf:Description>
          </rdf:RDF>
        </annotation>
      </species>
      <species id="CAMK2" initialAmount="1" name="CAMK2" metaid="meta_CAMK2" sboTerm="SBO:0000354" substanceUnits="substance" compartment="default">
<notes><body xmlns="http://www.w3.org/1999/xhtml"><a href="http://www.kegg.jp/dbget-bin/www_bget?hsa:815+hsa:816+hsa:817+hsa:818">Original Kegg Entry</a><br/>
<p><b>Description for “CAMK2A, CAMKA, KIAA0968”:</b> calcium/calmodulin-dependent protein kinase II alpha (EC:2.7.11.17)</p>
<p><b>Description for “CAMK2B, CAM2, CAMK2, CAMKB, MGC29528”:</b> calcium/calmodulin-dependent protein kinase II beta (EC:2.7.11.17)</p>
<p><b>Description for “CAMK2D, CAMKD, DKFZp686G23119, DKFZp686I2288, MGC44911”:</b> calcium/calmodulin-dependent protein kinase II delta (EC:2.7.11.17)</p>
<p><b>Description for “CAMK2G, CAMK, CAMK-II, CAMKG, FLJ16043, MGC26678”:</b> calcium/calmodulin-dependent protein kinase II gamma (EC:2.7.11.17)</p>
</body></notes>
        <annotation>
          <rdf:RDF xmlns:rdf="http://www.w3.org/1999/02/22-rdf-syntax-ns#" xmlns:bqbiol="http://biomodels.net/biology-qualifiers/">
            <rdf:Description rdf:about="#meta_CAMK2">
              <bqbiol:hasVersion>
                <rdf:Bag>
                  <rdf:li rdf:resource="urn:miriam:kegg.genes:hsa%3A815"/>
                  <rdf:li rdf:resource="urn:miriam:kegg.genes:hsa%3A816"/>
                  <rdf:li rdf:resource="urn:miriam:kegg.genes:hsa%3A817"/>
                  <rdf:li rdf:resource="urn:miriam:kegg.genes:hsa%3A818"/>
                </rdf:Bag>
              </bqbiol:hasVersion>
              <bqbiol:isEncodedBy>
                <rdf:Bag>
                  <rdf:li rdf:resource="urn:miriam:entrez.gene:815"/>
                  <rdf:li rdf:resource="urn:miriam:entrez.gene:816"/>
                  <rdf:li rdf:resource="urn:miriam:entrez.gene:817"/>
                  <rdf:li rdf:resource="urn:miriam:entrez.gene:818"/>
                </rdf:Bag>
              </bqbiol:isEncodedBy>
              <bqbiol:hasProperty>
                <rdf:Bag>
                  <rdf:li rdf:resource="urn:miriam:omim:114078"/>
                  <rdf:li rdf:resource="urn:miriam:omim:607707"/>
                  <rdf:li rdf:resource="urn:miriam:omim:607708"/>
                  <rdf:li rdf:resource="urn:miriam:omim:602123"/>
                </rdf:Bag>
              </bqbiol:hasProperty>
              <bqbiol:isEncodedBy>
                <rdf:Bag>
                  <rdf:li rdf:resource="urn:miriam:ensembl:ENSG00000070808"/>
                  <rdf:li rdf:resource="urn:miriam:ensembl:ENSG00000058404"/>
                  <rdf:li rdf:resource="urn:miriam:ensembl:ENSG00000145349"/>
                  <rdf:li rdf:resource="urn:miriam:ensembl:ENSG00000148660"/>
                </rdf:Bag>
              </bqbiol:isEncodedBy>
              <bqbiol:hasVersion>
                <rdf:Bag>
                  <rdf:li rdf:resource="urn:miriam:uniprot:Q9UQM7"/>
                  <rdf:li rdf:resource="urn:miriam:uniprot:A8K161"/>
                  <rdf:li rdf:resource="urn:miriam:uniprot:Q8IWE0"/>
                  <rdf:li rdf:resource="urn:miriam:uniprot:Q7LDD5"/>
                  <rdf:li rdf:resource="urn:miriam:uniprot:Q13554"/>
                  <rdf:li rdf:resource="urn:miriam:uniprot:A4D2J9"/>
                  <rdf:li rdf:resource="urn:miriam:uniprot:A4D2K5"/>
                  <rdf:li rdf:resource="urn:miriam:uniprot:Q13557"/>
                  <rdf:li rdf:resource="urn:miriam:uniprot:Q13555"/>
                  <rdf:li rdf:resource="urn:miriam:uniprot:Q13280"/>
                </rdf:Bag>
              </bqbiol:hasVersion>
              <bqbiol:isEncodedBy>
                <rdf:Bag>
                  <rdf:li rdf:resource="urn:miriam:hgnc:HGNC%3A1460"/>
                  <rdf:li rdf:resource="urn:miriam:hgnc:HGNC%3A1461"/>
                  <rdf:li rdf:resource="urn:miriam:hgnc:HGNC%3A1462"/>
                  <rdf:li rdf:resource="urn:miriam:hgnc:HGNC%3A1463"/>
                </rdf:Bag>
              </bqbiol:isEncodedBy>
              <bqbiol:hasProperty>
                <rdf:Bag>
                  <rdf:li rdf:resource="urn:miriam:ec-code:2.7.11.17"/>
                </rdf:Bag>
              </bqbiol:hasProperty>
              <bqbiol:unknownQualifier>
                <rdf:Bag>
                  <rdf:li rdf:resource="urn:miriam:obo.eco:ECO%3A0000313"/>
                </rdf:Bag>
              </bqbiol:unknownQualifier>
            </rdf:Description>
          </rdf:RDF>
        </annotation>
      </species>
      <species id="C5H9NO4" initialAmount="1" name="C5H9NO4" metaid="meta_C5H9NO4" sboTerm="SBO:0000247" substanceUnits="substance" compartment="default">
<notes><body xmlns="http://www.w3.org/1999/xhtml"><a href="http://www.kegg.jp/dbget-bin/www_bget?C00025">Original Kegg Entry</a><br/>
<p><b>Glutamate</b></p>
<p><b>All given names:</b><br/>L-Glutamate<br/>L-Glutamic acid<br/>L-Glutaminic acid<br/>Glutamate</p>
<p><b>Formula:</b> C5H9NO4</p>
<img src="http://www.kegg.jp/Fig/compound/C00025.gif"/><br/>
</body></notes>
        <annotation>
          <rdf:RDF xmlns:rdf="http://www.w3.org/1999/02/22-rdf-syntax-ns#" xmlns:bqbiol="http://biomodels.net/biology-qualifiers/">
            <rdf:Description rdf:about="#meta_C5H9NO4">
              <bqbiol:is>
                <rdf:Bag>
                  <rdf:li rdf:resource="urn:miriam:kegg.compound:C00025"/>
                </rdf:Bag>
              </bqbiol:is>
              <bqbiol:is>
                <rdf:Bag>
                  <rdf:li rdf:resource="urn:miriam:obo.chebi:CHEBI%3A16015"/>
                </rdf:Bag>
              </bqbiol:is>
              <bqbiol:hasProperty>
                <rdf:Bag>
                  <rdf:li rdf:resource="urn:miriam:pubchem.substance:3327"/>
                </rdf:Bag>
              </bqbiol:hasProperty>
              <bqbiol:hasProperty>
                <rdf:Bag>
                  <rdf:li rdf:resource="urn:miriam:3dmet:B00007"/>
                </rdf:Bag>
              </bqbiol:hasProperty>
              <bqbiol:unknownQualifier>
                <rdf:Bag>
                  <rdf:li rdf:resource="urn:miriam:obo.eco:ECO%3A0000313"/>
                </rdf:Bag>
              </bqbiol:unknownQualifier>
            </rdf:Description>
          </rdf:RDF>
        </annotation>
      </species>
      <species id="CHP2" initialAmount="1" name="CHP2" metaid="meta_CHP2" sboTerm="SBO:0000354" substanceUnits="substance" compartment="default">
<notes><body xmlns="http://www.w3.org/1999/xhtml"><a href="http://www.kegg.jp/dbget-bin/www_bget?hsa:11261+hsa:5530+hsa:5532+hsa:5533+hsa:5534+hsa:5535+hsa:63928">Original Kegg Entry</a><br/>
<p><b>Description for “CHP, SLC9A1BP”:</b> calcium binding protein P22</p>
<p><b>Description for “PPP3CA, CALN, CALNA, CALNA1, CCN1, CNA1, PPP2B”:</b> protein phosphatase 3, catalytic subunit, alpha isozyme (EC:3.1.3.16)</p>
<p><b>Description for “PPP3CB, CALNA2, CALNB, CNA2, PP2Bbeta”:</b> protein phosphatase 3, catalytic subunit, beta isozyme (EC:3.1.3.16)</p>
<p><b>Description for “PPP3CC, CALNA3, CNA3, PP2Bgamma”:</b> protein phosphatase 3, catalytic subunit, gamma isozyme (EC:3.1.3.16)</p>
<p><b>Description for “PPP3R1, CALNB1, CNB, CNB1”:</b> protein phosphatase 3, regulatory subunit B, alpha (EC:3.1.3.16)</p>
<p><b>Description for “PPP3R2, PPP3RL”:</b> protein phosphatase 3, regulatory subunit B, beta (EC:3.1.3.16)</p>
<p><b>Description for “CHP2”:</b> calcineurin B homologous protein 2</p>
</body></notes>
        <annotation>
          <rdf:RDF xmlns:rdf="http://www.w3.org/1999/02/22-rdf-syntax-ns#" xmlns:bqbiol="http://biomodels.net/biology-qualifiers/">
            <rdf:Description rdf:about="#meta_CHP2">
              <bqbiol:hasVersion>
                <rdf:Bag>
                  <rdf:li rdf:resource="urn:miriam:kegg.genes:hsa%3A11261"/>
                  <rdf:li rdf:resource="urn:miriam:kegg.genes:hsa%3A5530"/>
                  <rdf:li rdf:resource="urn:miriam:kegg.genes:hsa%3A5532"/>
                  <rdf:li rdf:resource="urn:miriam:kegg.genes:hsa%3A5533"/>
                  <rdf:li rdf:resource="urn:miriam:kegg.genes:hsa%3A5534"/>
                  <rdf:li rdf:resource="urn:miriam:kegg.genes:hsa%3A5535"/>
                  <rdf:li rdf:resource="urn:miriam:kegg.genes:hsa%3A63928"/>
                </rdf:Bag>
              </bqbiol:hasVersion>
              <bqbiol:isEncodedBy>
                <rdf:Bag>
                  <rdf:li rdf:resource="urn:miriam:entrez.gene:11261"/>
                  <rdf:li rdf:resource="urn:miriam:entrez.gene:5530"/>
                  <rdf:li rdf:resource="urn:miriam:entrez.gene:5532"/>
                  <rdf:li rdf:resource="urn:miriam:entrez.gene:5533"/>
                  <rdf:li rdf:resource="urn:miriam:entrez.gene:5534"/>
                  <rdf:li rdf:resource="urn:miriam:entrez.gene:5535"/>
                  <rdf:li rdf:resource="urn:miriam:entrez.gene:63928"/>
                </rdf:Bag>
              </bqbiol:isEncodedBy>
              <bqbiol:hasProperty>
                <rdf:Bag>
                  <rdf:li rdf:resource="urn:miriam:omim:606988"/>
                  <rdf:li rdf:resource="urn:miriam:omim:114105"/>
                  <rdf:li rdf:resource="urn:miriam:omim:114106"/>
                  <rdf:li rdf:resource="urn:miriam:omim:114107"/>
                  <rdf:li rdf:resource="urn:miriam:omim:601302"/>
                  <rdf:li rdf:resource="urn:miriam:omim:613821"/>
                </rdf:Bag>
              </bqbiol:hasProperty>
              <bqbiol:isEncodedBy>
                <rdf:Bag>
                  <rdf:li rdf:resource="urn:miriam:ensembl:ENSG00000187446"/>
                  <rdf:li rdf:resource="urn:miriam:ensembl:ENSG00000138814"/>
                  <rdf:li rdf:resource="urn:miriam:ensembl:ENSG00000107758"/>
                  <rdf:li rdf:resource="urn:miriam:ensembl:ENSG00000120910"/>
                  <rdf:li rdf:resource="urn:miriam:ensembl:ENSG00000221823"/>
                  <rdf:li rdf:resource="urn:miriam:ensembl:ENSG00000188386"/>
                  <rdf:li rdf:resource="urn:miriam:ensembl:ENSG00000166869"/>
                </rdf:Bag>
              </bqbiol:isEncodedBy>
              <bqbiol:hasVersion>
                <rdf:Bag>
                  <rdf:li rdf:resource="urn:miriam:uniprot:Q99653"/>
                  <rdf:li rdf:resource="urn:miriam:uniprot:Q08209"/>
                  <rdf:li rdf:resource="urn:miriam:uniprot:A8W6Z7"/>
                  <rdf:li rdf:resource="urn:miriam:uniprot:P16298"/>
                  <rdf:li rdf:resource="urn:miriam:uniprot:Q8N1F0"/>
                  <rdf:li rdf:resource="urn:miriam:uniprot:P48454"/>
                  <rdf:li rdf:resource="urn:miriam:uniprot:P63098"/>
                  <rdf:li rdf:resource="urn:miriam:uniprot:Q96LZ3"/>
                  <rdf:li rdf:resource="urn:miriam:uniprot:O43745"/>
                  <rdf:li rdf:resource="urn:miriam:uniprot:A8K2I8"/>
                </rdf:Bag>
              </bqbiol:hasVersion>
              <bqbiol:isEncodedBy>
                <rdf:Bag>
                  <rdf:li rdf:resource="urn:miriam:hgnc:HGNC%3A9314"/>
                  <rdf:li rdf:resource="urn:miriam:hgnc:HGNC%3A9315"/>
                  <rdf:li rdf:resource="urn:miriam:hgnc:HGNC%3A9316"/>
                  <rdf:li rdf:resource="urn:miriam:hgnc:HGNC%3A9317"/>
                  <rdf:li rdf:resource="urn:miriam:hgnc:HGNC%3A9318"/>
                </rdf:Bag>
              </bqbiol:isEncodedBy>
              <bqbiol:hasProperty>
                <rdf:Bag>
                  <rdf:li rdf:resource="urn:miriam:ec-code:3.1.3.16"/>
                </rdf:Bag>
              </bqbiol:hasProperty>
              <bqbiol:unknownQualifier>
                <rdf:Bag>
                  <rdf:li rdf:resource="urn:miriam:obo.eco:ECO%3A0000313"/>
                </rdf:Bag>
              </bqbiol:unknownQualifier>
            </rdf:Description>
          </rdf:RDF>
        </annotation>
      </species>
      <species id="CALM" initialAmount="1" name="CALM" metaid="meta_CALM" sboTerm="SBO:0000354" substanceUnits="substance" compartment="default">
<notes><body xmlns="http://www.w3.org/1999/xhtml"><a href="http://www.kegg.jp/dbget-bin/www_bget?hsa:163688+hsa:51806+hsa:801+hsa:805+hsa:808+hsa:810">Original Kegg Entry</a><br/>
<p><b>Description for “CALML6, CAGLP”:</b> calmodulin-like 6</p>
<p><b>Description for “CALM1, CALM2, CALM3, CALML2, CAMI, DD132, PHKD, caM”:</b> calmodulin 1 (phosphorylase kinase, delta) (EC:2.7.11.19)</p>
<p><b>Description for “CALM2, CALM1, CALM3, CAMII, FLJ99410, PHKD, PHKD2”:</b> calmodulin 2 (phosphorylase kinase, delta) (EC:2.7.11.19)</p>
<p><b>Description for “CALM3, CALM1, CALM2, PHKD, PHKD3”:</b> calmodulin 3 (phosphorylase kinase, delta) (EC:2.7.11.19)</p>
<p><b>Description for “CALML3, CLP”:</b> calmodulin-like 3</p>
</body></notes>
        <annotation>
          <rdf:RDF xmlns:rdf="http://www.w3.org/1999/02/22-rdf-syntax-ns#" xmlns:bqbiol="http://biomodels.net/biology-qualifiers/">
            <rdf:Description rdf:about="#meta_CALM">
              <bqbiol:hasVersion>
                <rdf:Bag>
                  <rdf:li rdf:resource="urn:miriam:kegg.genes:hsa%3A163688"/>
                  <rdf:li rdf:resource="urn:miriam:kegg.genes:hsa%3A51806"/>
                  <rdf:li rdf:resource="urn:miriam:kegg.genes:hsa%3A801"/>
                  <rdf:li rdf:resource="urn:miriam:kegg.genes:hsa%3A805"/>
                  <rdf:li rdf:resource="urn:miriam:kegg.genes:hsa%3A808"/>
                  <rdf:li rdf:resource="urn:miriam:kegg.genes:hsa%3A810"/>
                </rdf:Bag>
              </bqbiol:hasVersion>
              <bqbiol:isEncodedBy>
                <rdf:Bag>
                  <rdf:li rdf:resource="urn:miriam:entrez.gene:163688"/>
                  <rdf:li rdf:resource="urn:miriam:entrez.gene:801"/>
                  <rdf:li rdf:resource="urn:miriam:entrez.gene:805"/>
                  <rdf:li rdf:resource="urn:miriam:entrez.gene:808"/>
                  <rdf:li rdf:resource="urn:miriam:entrez.gene:810"/>
                </rdf:Bag>
              </bqbiol:isEncodedBy>
              <bqbiol:hasProperty>
                <rdf:Bag>
                  <rdf:li rdf:resource="urn:miriam:omim:610171"/>
                  <rdf:li rdf:resource="urn:miriam:omim:114180"/>
                  <rdf:li rdf:resource="urn:miriam:omim:114182"/>
                  <rdf:li rdf:resource="urn:miriam:omim:114183"/>
                  <rdf:li rdf:resource="urn:miriam:omim:114184"/>
                </rdf:Bag>
              </bqbiol:hasProperty>
              <bqbiol:isEncodedBy>
                <rdf:Bag>
                  <rdf:li rdf:resource="urn:miriam:ensembl:ENSG00000169885"/>
                  <rdf:li rdf:resource="urn:miriam:ensembl:ENSG00000198668"/>
                  <rdf:li rdf:resource="urn:miriam:ensembl:ENSG00000143933"/>
                  <rdf:li rdf:resource="urn:miriam:ensembl:ENSG00000160014"/>
                  <rdf:li rdf:resource="urn:miriam:ensembl:ENSG00000178363"/>
                </rdf:Bag>
              </bqbiol:isEncodedBy>
              <bqbiol:hasVersion>
                <rdf:Bag>
                  <rdf:li rdf:resource="urn:miriam:uniprot:Q8TD86"/>
                  <rdf:li rdf:resource="urn:miriam:uniprot:P62158"/>
                  <rdf:li rdf:resource="urn:miriam:uniprot:B4DJ51"/>
                  <rdf:li rdf:resource="urn:miriam:uniprot:Q9BRL5"/>
                  <rdf:li rdf:resource="urn:miriam:uniprot:P27482"/>
                </rdf:Bag>
              </bqbiol:hasVersion>
              <bqbiol:isEncodedBy>
                <rdf:Bag>
                  <rdf:li rdf:resource="urn:miriam:hgnc:HGNC%3A24193"/>
                  <rdf:li rdf:resource="urn:miriam:hgnc:HGNC%3A1442"/>
                  <rdf:li rdf:resource="urn:miriam:hgnc:HGNC%3A1445"/>
                  <rdf:li rdf:resource="urn:miriam:hgnc:HGNC%3A1449"/>
                  <rdf:li rdf:resource="urn:miriam:hgnc:HGNC%3A1452"/>
                </rdf:Bag>
              </bqbiol:isEncodedBy>
              <bqbiol:hasProperty>
                <rdf:Bag>
                  <rdf:li rdf:resource="urn:miriam:ec-code:2.7.11.19"/>
                </rdf:Bag>
              </bqbiol:hasProperty>
              <bqbiol:unknownQualifier>
                <rdf:Bag>
                  <rdf:li rdf:resource="urn:miriam:obo.eco:ECO%3A0000313"/>
                </rdf:Bag>
              </bqbiol:unknownQualifier>
            </rdf:Description>
          </rdf:RDF>
        </annotation>
      </species>
      <species id="RPS6KA" initialAmount="1" name="RPS6KA" metaid="meta_RPS6KA" sboTerm="SBO:0000354" substanceUnits="substance" compartment="default">
<notes><body xmlns="http://www.w3.org/1999/xhtml"><a href="http://www.kegg.jp/dbget-bin/www_bget?hsa:27330+hsa:6195+hsa:6196+hsa:6197">Original Kegg Entry</a><br/>
<p><b>Description for “RPS6KA1, HU-1, MAPKAPK1A, RSK, RSK1”:</b> ribosomal protein S6 kinase, 90kDa, polypeptide 1 (EC:2.7.11.1)</p>
<p><b>Description for “RPS6KA2, HU-2, MAPKAPK1C, RSK, RSK3, S6K-alpha, S6K-alpha2, p90-RSK3, pp90RSK3”:</b> ribosomal protein S6 kinase, 90kDa, polypeptide 2 (EC:2.7.11.1)</p>
<p><b>Description for “RPS6KA3, CLS, HU-3, ISPK-1, MAPKAPK1B, MRX19, RSK, RSK2, S6K-alpha3, p90-RSK2, pp90RSK2”:</b> ribosomal protein S6 kinase, 90kDa, polypeptide 3 (EC:2.7.11.1)</p>
</body></notes>
        <annotation>
          <rdf:RDF xmlns:rdf="http://www.w3.org/1999/02/22-rdf-syntax-ns#" xmlns:bqbiol="http://biomodels.net/biology-qualifiers/">
            <rdf:Description rdf:about="#meta_RPS6KA">
              <bqbiol:hasVersion>
                <rdf:Bag>
                  <rdf:li rdf:resource="urn:miriam:kegg.genes:hsa%3A27330"/>
                  <rdf:li rdf:resource="urn:miriam:kegg.genes:hsa%3A6195"/>
                  <rdf:li rdf:resource="urn:miriam:kegg.genes:hsa%3A6196"/>
                  <rdf:li rdf:resource="urn:miriam:kegg.genes:hsa%3A6197"/>
                </rdf:Bag>
              </bqbiol:hasVersion>
              <bqbiol:isEncodedBy>
                <rdf:Bag>
                  <rdf:li rdf:resource="urn:miriam:entrez.gene:6195"/>
                  <rdf:li rdf:resource="urn:miriam:entrez.gene:6196"/>
                  <rdf:li rdf:resource="urn:miriam:entrez.gene:6197"/>
                </rdf:Bag>
              </bqbiol:isEncodedBy>
              <bqbiol:hasProperty>
                <rdf:Bag>
                  <rdf:li rdf:resource="urn:miriam:omim:601684"/>
                  <rdf:li rdf:resource="urn:miriam:omim:601685"/>
                  <rdf:li rdf:resource="urn:miriam:omim:300075"/>
                </rdf:Bag>
              </bqbiol:hasProperty>
              <bqbiol:isEncodedBy>
                <rdf:Bag>
                  <rdf:li rdf:resource="urn:miriam:ensembl:ENSG00000117676"/>
                  <rdf:li rdf:resource="urn:miriam:ensembl:ENSG00000071242"/>
                  <rdf:li rdf:resource="urn:miriam:ensembl:ENSG00000177189"/>
                </rdf:Bag>
              </bqbiol:isEncodedBy>
              <bqbiol:hasVersion>
                <rdf:Bag>
                  <rdf:li rdf:resource="urn:miriam:uniprot:Q15418"/>
                  <rdf:li rdf:resource="urn:miriam:uniprot:Q15349"/>
                  <rdf:li rdf:resource="urn:miriam:uniprot:B3KTK9"/>
                  <rdf:li rdf:resource="urn:miriam:uniprot:E9PFB7"/>
                  <rdf:li rdf:resource="urn:miriam:uniprot:P51812"/>
                </rdf:Bag>
              </bqbiol:hasVersion>
              <bqbiol:isEncodedBy>
                <rdf:Bag>
                  <rdf:li rdf:resource="urn:miriam:hgnc:HGNC%3A10430"/>
                  <rdf:li rdf:resource="urn:miriam:hgnc:HGNC%3A10431"/>
                  <rdf:li rdf:resource="urn:miriam:hgnc:HGNC%3A10432"/>
                </rdf:Bag>
              </bqbiol:isEncodedBy>
              <bqbiol:hasProperty>
                <rdf:Bag>
                  <rdf:li rdf:resource="urn:miriam:ec-code:2.7.11.1"/>
                </rdf:Bag>
              </bqbiol:hasProperty>
              <bqbiol:unknownQualifier>
                <rdf:Bag>
                  <rdf:li rdf:resource="urn:miriam:obo.eco:ECO%3A0000313"/>
                </rdf:Bag>
              </bqbiol:unknownQualifier>
            </rdf:Description>
          </rdf:RDF>
        </annotation>
      </species>
      <species id="ATF4" initialAmount="1" name="ATF4" metaid="meta_ATF4" sboTerm="SBO:0000354" substanceUnits="substance" compartment="default">
<notes><body xmlns="http://www.w3.org/1999/xhtml"><a href="http://www.kegg.jp/dbget-bin/www_bget?hsa:468">Original Kegg Entry</a><br/>
<p><b>Description for “ATF4, CREB-2, CREB2, TAXREB67, TXREB”:</b> activating transcription factor 4 (tax-responsive enhancer element B67)</p>
</body></notes>
        <annotation>
          <rdf:RDF xmlns:rdf="http://www.w3.org/1999/02/22-rdf-syntax-ns#" xmlns:bqbiol="http://biomodels.net/biology-qualifiers/">
            <rdf:Description rdf:about="#meta_ATF4">
              <bqbiol:is>
                <rdf:Bag>
                  <rdf:li rdf:resource="urn:miriam:kegg.genes:hsa%3A468"/>
                </rdf:Bag>
              </bqbiol:is>
              <bqbiol:isEncodedBy>
                <rdf:Bag>
                  <rdf:li rdf:resource="urn:miriam:entrez.gene:468"/>
                </rdf:Bag>
              </bqbiol:isEncodedBy>
              <bqbiol:hasProperty>
                <rdf:Bag>
                  <rdf:li rdf:resource="urn:miriam:omim:604064"/>
                </rdf:Bag>
              </bqbiol:hasProperty>
              <bqbiol:isEncodedBy>
                <rdf:Bag>
                  <rdf:li rdf:resource="urn:miriam:ensembl:ENSG00000128272"/>
                </rdf:Bag>
              </bqbiol:isEncodedBy>
              <bqbiol:hasVersion>
                <rdf:Bag>
                  <rdf:li rdf:resource="urn:miriam:uniprot:P18848"/>
                  <rdf:li rdf:resource="urn:miriam:uniprot:Q96AQ3"/>
                </rdf:Bag>
              </bqbiol:hasVersion>
              <bqbiol:isEncodedBy>
                <rdf:Bag>
                  <rdf:li rdf:resource="urn:miriam:hgnc:HGNC%3A786"/>
                </rdf:Bag>
              </bqbiol:isEncodedBy>
              <bqbiol:unknownQualifier>
                <rdf:Bag>
                  <rdf:li rdf:resource="urn:miriam:obo.eco:ECO%3A0000313"/>
                </rdf:Bag>
              </bqbiol:unknownQualifier>
            </rdf:Description>
          </rdf:RDF>
        </annotation>
      </species>
      <species id="GRIN" initialAmount="1" name="GRIN" metaid="meta_GRIN" sboTerm="SBO:0000354" substanceUnits="substance" compartment="default">
<notes><body xmlns="http://www.w3.org/1999/xhtml"><a href="http://www.kegg.jp/dbget-bin/www_bget?hsa:2902+hsa:2903+hsa:2904+hsa:2905+hsa:2906">Original Kegg Entry</a><br/>
<p><b>Description for “GRIN1, NMDA1, NMDAR1, NR1”:</b> glutamate receptor, ionotropic, N-methyl D-aspartate 1</p>
<p><b>Description for “GRIN2A, NMDAR2A, NR2A”:</b> glutamate receptor, ionotropic, N-methyl D-aspartate 2A</p>
<p><b>Description for “GRIN2B, MGC142178, MGC142180, NMDAR2B, NR2B, hNR3”:</b> glutamate receptor, ionotropic, N-methyl D-aspartate 2B</p>
<p><b>Description for “GRIN2C, NMDAR2C, NR2C”:</b> glutamate receptor, ionotropic, N-methyl D-aspartate 2C</p>
<p><b>Description for “GRIN2D, EB11, NMDAR2D, NR2D”:</b> glutamate receptor, ionotropic, N-methyl D-aspartate 2D</p>
</body></notes>
        <annotation>
          <rdf:RDF xmlns:rdf="http://www.w3.org/1999/02/22-rdf-syntax-ns#" xmlns:bqbiol="http://biomodels.net/biology-qualifiers/">
            <rdf:Description rdf:about="#meta_GRIN">
              <bqbiol:hasVersion>
                <rdf:Bag>
                  <rdf:li rdf:resource="urn:miriam:kegg.genes:hsa%3A2902"/>
                  <rdf:li rdf:resource="urn:miriam:kegg.genes:hsa%3A2903"/>
                  <rdf:li rdf:resource="urn:miriam:kegg.genes:hsa%3A2904"/>
                  <rdf:li rdf:resource="urn:miriam:kegg.genes:hsa%3A2905"/>
                  <rdf:li rdf:resource="urn:miriam:kegg.genes:hsa%3A2906"/>
                </rdf:Bag>
              </bqbiol:hasVersion>
              <bqbiol:isEncodedBy>
                <rdf:Bag>
                  <rdf:li rdf:resource="urn:miriam:entrez.gene:2902"/>
                  <rdf:li rdf:resource="urn:miriam:entrez.gene:2903"/>
                  <rdf:li rdf:resource="urn:miriam:entrez.gene:2904"/>
                  <rdf:li rdf:resource="urn:miriam:entrez.gene:2905"/>
                  <rdf:li rdf:resource="urn:miriam:entrez.gene:2906"/>
                </rdf:Bag>
              </bqbiol:isEncodedBy>
              <bqbiol:hasProperty>
                <rdf:Bag>
                  <rdf:li rdf:resource="urn:miriam:omim:138249"/>
                  <rdf:li rdf:resource="urn:miriam:omim:138253"/>
                  <rdf:li rdf:resource="urn:miriam:omim:138252"/>
                  <rdf:li rdf:resource="urn:miriam:omim:138254"/>
                  <rdf:li rdf:resource="urn:miriam:omim:602717"/>
                </rdf:Bag>
              </bqbiol:hasProperty>
              <bqbiol:isEncodedBy>
                <rdf:Bag>
                  <rdf:li rdf:resource="urn:miriam:ensembl:ENSG00000176884"/>
                  <rdf:li rdf:resource="urn:miriam:ensembl:ENSG00000183454"/>
                  <rdf:li rdf:resource="urn:miriam:ensembl:ENSG00000150086"/>
                  <rdf:li rdf:resource="urn:miriam:ensembl:ENSG00000161509"/>
                  <rdf:li rdf:resource="urn:miriam:ensembl:ENSG00000105464"/>
                </rdf:Bag>
              </bqbiol:isEncodedBy>
              <bqbiol:hasVersion>
                <rdf:Bag>
                  <rdf:li rdf:resource="urn:miriam:uniprot:Q05586"/>
                  <rdf:li rdf:resource="urn:miriam:uniprot:Q59GW0"/>
                  <rdf:li rdf:resource="urn:miriam:uniprot:Q5VSF5"/>
                  <rdf:li rdf:resource="urn:miriam:uniprot:Q9UPF8"/>
                  <rdf:li rdf:resource="urn:miriam:uniprot:Q5VSF4"/>
                  <rdf:li rdf:resource="urn:miriam:uniprot:Q9UPF9"/>
                  <rdf:li rdf:resource="urn:miriam:uniprot:Q12879"/>
                  <rdf:li rdf:resource="urn:miriam:uniprot:Q547U9"/>
                  <rdf:li rdf:resource="urn:miriam:uniprot:Q59EW6"/>
                  <rdf:li rdf:resource="urn:miriam:uniprot:B4DII7"/>
                  <rdf:li rdf:resource="urn:miriam:uniprot:Q17RZ6"/>
                  <rdf:li rdf:resource="urn:miriam:uniprot:Q13224"/>
                  <rdf:li rdf:resource="urn:miriam:uniprot:Q14957"/>
                  <rdf:li rdf:resource="urn:miriam:uniprot:O15398"/>
                  <rdf:li rdf:resource="urn:miriam:uniprot:O15399"/>
                  <rdf:li rdf:resource="urn:miriam:uniprot:Q59G17"/>
                </rdf:Bag>
              </bqbiol:hasVersion>
              <bqbiol:isEncodedBy>
                <rdf:Bag>
                  <rdf:li rdf:resource="urn:miriam:hgnc:HGNC%3A4584"/>
                  <rdf:li rdf:resource="urn:miriam:hgnc:HGNC%3A4585"/>
                  <rdf:li rdf:resource="urn:miriam:hgnc:HGNC%3A4586"/>
                  <rdf:li rdf:resource="urn:miriam:hgnc:HGNC%3A4587"/>
                  <rdf:li rdf:resource="urn:miriam:hgnc:HGNC%3A4588"/>
                </rdf:Bag>
              </bqbiol:isEncodedBy>
              <bqbiol:unknownQualifier>
                <rdf:Bag>
                  <rdf:li rdf:resource="urn:miriam:obo.eco:ECO%3A0000313"/>
                </rdf:Bag>
              </bqbiol:unknownQualifier>
            </rdf:Description>
          </rdf:RDF>
        </annotation>
      </species>
      <species id="PRKX" initialAmount="1" name="PRKX" metaid="meta_PRKX" sboTerm="SBO:0000354" substanceUnits="substance" compartment="default">
<notes><body xmlns="http://www.w3.org/1999/xhtml"><a href="http://www.kegg.jp/dbget-bin/www_bget?hsa:5566+hsa:5567+hsa:5568+hsa:5613">Original Kegg Entry</a><br/>
<p><b>Description for “PRKX, PKX1”:</b> protein kinase, X-linked (EC:2.7.11.1)</p>
</body></notes>
        <annotation>
          <rdf:RDF xmlns:rdf="http://www.w3.org/1999/02/22-rdf-syntax-ns#" xmlns:bqbiol="http://biomodels.net/biology-qualifiers/">
            <rdf:Description rdf:about="#meta_PRKX">
              <bqbiol:hasVersion>
                <rdf:Bag>
                  <rdf:li rdf:resource="urn:miriam:kegg.genes:hsa%3A5566"/>
                  <rdf:li rdf:resource="urn:miriam:kegg.genes:hsa%3A5567"/>
                  <rdf:li rdf:resource="urn:miriam:kegg.genes:hsa%3A5568"/>
                  <rdf:li rdf:resource="urn:miriam:kegg.genes:hsa%3A5613"/>
                </rdf:Bag>
              </bqbiol:hasVersion>
              <bqbiol:isEncodedBy>
                <rdf:Bag>
                  <rdf:li rdf:resource="urn:miriam:entrez.gene:5613"/>
                </rdf:Bag>
              </bqbiol:isEncodedBy>
              <bqbiol:hasProperty>
                <rdf:Bag>
                  <rdf:li rdf:resource="urn:miriam:omim:300083"/>
                </rdf:Bag>
              </bqbiol:hasProperty>
              <bqbiol:isEncodedBy>
                <rdf:Bag>
                  <rdf:li rdf:resource="urn:miriam:ensembl:ENSG00000183943"/>
                </rdf:Bag>
              </bqbiol:isEncodedBy>
              <bqbiol:is>
                <rdf:Bag>
                  <rdf:li rdf:resource="urn:miriam:uniprot:P51817"/>
                </rdf:Bag>
              </bqbiol:is>
              <bqbiol:isEncodedBy>
                <rdf:Bag>
                  <rdf:li rdf:resource="urn:miriam:hgnc:HGNC%3A9441"/>
                </rdf:Bag>
              </bqbiol:isEncodedBy>
              <bqbiol:hasProperty>
                <rdf:Bag>
                  <rdf:li rdf:resource="urn:miriam:ec-code:2.7.11.11"/>
                  <rdf:li rdf:resource="urn:miriam:ec-code:2.7.11.1"/>
                </rdf:Bag>
              </bqbiol:hasProperty>
              <bqbiol:unknownQualifier>
                <rdf:Bag>
                  <rdf:li rdf:resource="urn:miriam:obo.eco:ECO%3A0000313"/>
                </rdf:Bag>
              </bqbiol:unknownQualifier>
            </rdf:Description>
          </rdf:RDF>
        </annotation>
      </species>
      <species id="CACNA1C" initialAmount="1" name="CACNA1C" metaid="meta_CACNA1C" sboTerm="SBO:0000354" substanceUnits="substance" compartment="default">
<notes><body xmlns="http://www.w3.org/1999/xhtml"><a href="http://www.kegg.jp/dbget-bin/www_bget?hsa:775">Original Kegg Entry</a><br/>
<p><b>Description for “CACNA1C, CACH2, CACN2, CACNL1A1, CCHL1A1, CaV1.2, MGC120730, TS”:</b> calcium channel, voltage-dependent, L type, alpha 1C subunit</p>
</body></notes>
        <annotation>
          <rdf:RDF xmlns:rdf="http://www.w3.org/1999/02/22-rdf-syntax-ns#" xmlns:bqbiol="http://biomodels.net/biology-qualifiers/">
            <rdf:Description rdf:about="#meta_CACNA1C">
              <bqbiol:is>
                <rdf:Bag>
                  <rdf:li rdf:resource="urn:miriam:kegg.genes:hsa%3A775"/>
                </rdf:Bag>
              </bqbiol:is>
              <bqbiol:isEncodedBy>
                <rdf:Bag>
                  <rdf:li rdf:resource="urn:miriam:entrez.gene:775"/>
                </rdf:Bag>
              </bqbiol:isEncodedBy>
              <bqbiol:hasProperty>
                <rdf:Bag>
                  <rdf:li rdf:resource="urn:miriam:omim:114205"/>
                </rdf:Bag>
              </bqbiol:hasProperty>
              <bqbiol:isEncodedBy>
                <rdf:Bag>
                  <rdf:li rdf:resource="urn:miriam:ensembl:ENSG00000151067"/>
                </rdf:Bag>
              </bqbiol:isEncodedBy>
              <bqbiol:hasVersion>
                <rdf:Bag>
                  <rdf:li rdf:resource="urn:miriam:uniprot:Q13936"/>
                  <rdf:li rdf:resource="urn:miriam:uniprot:E9PDJ1"/>
                  <rdf:li rdf:resource="urn:miriam:uniprot:E9PDJ0"/>
                </rdf:Bag>
              </bqbiol:hasVersion>
              <bqbiol:isEncodedBy>
                <rdf:Bag>
                  <rdf:li rdf:resource="urn:miriam:hgnc:HGNC%3A1390"/>
                </rdf:Bag>
              </bqbiol:isEncodedBy>
              <bqbiol:unknownQualifier>
                <rdf:Bag>
                  <rdf:li rdf:resource="urn:miriam:obo.eco:ECO%3A0000313"/>
                </rdf:Bag>
              </bqbiol:unknownQualifier>
            </rdf:Description>
          </rdf:RDF>
        </annotation>
      </species>
      <species id="PPP1" initialAmount="1" name="PPP1" metaid="meta_PPP1" sboTerm="SBO:0000354" substanceUnits="substance" compartment="default">
<notes><body xmlns="http://www.w3.org/1999/xhtml"><a href="http://www.kegg.jp/dbget-bin/www_bget?hsa:4659+hsa:5499+hsa:5500+hsa:5501">Original Kegg Entry</a><br/>
<p><b>Description for “PPP1R12A, MBS, MGC133042, MYPT1”:</b> protein phosphatase 1, regulatory (inhibitor) subunit 12A</p>
<p><b>Description for “PPP1CA, MGC15877, MGC1674, PP-1A, PP1alpha, PPP1A”:</b> protein phosphatase 1, catalytic subunit, alpha isozyme (EC:3.1.3.16)</p>
<p><b>Description for “PPP1CB, MGC3672, PP-1B, PP1beta, PPP1CD”:</b> protein phosphatase 1, catalytic subunit, beta isozyme (EC:3.1.3.16 3.1.3.53)</p>
<p><b>Description for “PPP1CC, PP-1G, PPP1G”:</b> protein phosphatase 1, catalytic subunit, gamma isozyme (EC:3.1.3.16)</p>
</body></notes>
        <annotation>
          <rdf:RDF xmlns:rdf="http://www.w3.org/1999/02/22-rdf-syntax-ns#" xmlns:bqbiol="http://biomodels.net/biology-qualifiers/">
            <rdf:Description rdf:about="#meta_PPP1">
              <bqbiol:hasVersion>
                <rdf:Bag>
                  <rdf:li rdf:resource="urn:miriam:kegg.genes:hsa%3A4659"/>
                  <rdf:li rdf:resource="urn:miriam:kegg.genes:hsa%3A5499"/>
                  <rdf:li rdf:resource="urn:miriam:kegg.genes:hsa%3A5500"/>
                  <rdf:li rdf:resource="urn:miriam:kegg.genes:hsa%3A5501"/>
                </rdf:Bag>
              </bqbiol:hasVersion>
              <bqbiol:isEncodedBy>
                <rdf:Bag>
                  <rdf:li rdf:resource="urn:miriam:entrez.gene:4659"/>
                  <rdf:li rdf:resource="urn:miriam:entrez.gene:5499"/>
                  <rdf:li rdf:resource="urn:miriam:entrez.gene:5500"/>
                  <rdf:li rdf:resource="urn:miriam:entrez.gene:5501"/>
                </rdf:Bag>
              </bqbiol:isEncodedBy>
              <bqbiol:hasProperty>
                <rdf:Bag>
                  <rdf:li rdf:resource="urn:miriam:omim:602021"/>
                  <rdf:li rdf:resource="urn:miriam:omim:176875"/>
                  <rdf:li rdf:resource="urn:miriam:omim:600590"/>
                  <rdf:li rdf:resource="urn:miriam:omim:176914"/>
                </rdf:Bag>
              </bqbiol:hasProperty>
              <bqbiol:isEncodedBy>
                <rdf:Bag>
                  <rdf:li rdf:resource="urn:miriam:ensembl:ENSG00000058272"/>
                  <rdf:li rdf:resource="urn:miriam:ensembl:ENSG00000172531"/>
                  <rdf:li rdf:resource="urn:miriam:ensembl:ENSG00000213639"/>
                  <rdf:li rdf:resource="urn:miriam:ensembl:ENSG00000186298"/>
                </rdf:Bag>
              </bqbiol:isEncodedBy>
              <bqbiol:hasVersion>
                <rdf:Bag>
                  <rdf:li rdf:resource="urn:miriam:uniprot:O14974"/>
                  <rdf:li rdf:resource="urn:miriam:uniprot:B2RAH5"/>
                  <rdf:li rdf:resource="urn:miriam:uniprot:B4DZ09"/>
                  <rdf:li rdf:resource="urn:miriam:uniprot:P62136"/>
                  <rdf:li rdf:resource="urn:miriam:uniprot:Q07161"/>
                  <rdf:li rdf:resource="urn:miriam:uniprot:A6NNR3"/>
                  <rdf:li rdf:resource="urn:miriam:uniprot:P62140"/>
                  <rdf:li rdf:resource="urn:miriam:uniprot:P36873"/>
                </rdf:Bag>
              </bqbiol:hasVersion>
              <bqbiol:isEncodedBy>
                <rdf:Bag>
                  <rdf:li rdf:resource="urn:miriam:hgnc:HGNC%3A7618"/>
                  <rdf:li rdf:resource="urn:miriam:hgnc:HGNC%3A9281"/>
                  <rdf:li rdf:resource="urn:miriam:hgnc:HGNC%3A9282"/>
                  <rdf:li rdf:resource="urn:miriam:hgnc:HGNC%3A9283"/>
                </rdf:Bag>
              </bqbiol:isEncodedBy>
              <bqbiol:hasProperty>
                <rdf:Bag>
                  <rdf:li rdf:resource="urn:miriam:ec-code:3.1.3.16"/>
                  <rdf:li rdf:resource="urn:miriam:ec-code:3.1.3.53"/>
                </rdf:Bag>
              </bqbiol:hasProperty>
              <bqbiol:unknownQualifier>
                <rdf:Bag>
                  <rdf:li rdf:resource="urn:miriam:obo.eco:ECO%3A0000313"/>
                </rdf:Bag>
              </bqbiol:unknownQualifier>
            </rdf:Description>
          </rdf:RDF>
        </annotation>
      </species>
      <species id="ADCY1" initialAmount="1" name="ADCY1" metaid="meta_ADCY1" sboTerm="SBO:0000354" substanceUnits="substance" compartment="default">
<notes><body xmlns="http://www.w3.org/1999/xhtml"><a href="http://www.kegg.jp/dbget-bin/www_bget?hsa:107+hsa:114">Original Kegg Entry</a><br/>
<p><b>Description for “ADCY1, AC1”:</b> adenylate cyclase 1 (brain) (EC:4.6.1.1)</p>
</body></notes>
        <annotation>
          <rdf:RDF xmlns:rdf="http://www.w3.org/1999/02/22-rdf-syntax-ns#" xmlns:bqbiol="http://biomodels.net/biology-qualifiers/">
            <rdf:Description rdf:about="#meta_ADCY1">
              <bqbiol:hasVersion>
                <rdf:Bag>
                  <rdf:li rdf:resource="urn:miriam:kegg.genes:hsa%3A107"/>
                  <rdf:li rdf:resource="urn:miriam:kegg.genes:hsa%3A114"/>
                </rdf:Bag>
              </bqbiol:hasVersion>
              <bqbiol:isEncodedBy>
                <rdf:Bag>
                  <rdf:li rdf:resource="urn:miriam:entrez.gene:107"/>
                </rdf:Bag>
              </bqbiol:isEncodedBy>
              <bqbiol:hasProperty>
                <rdf:Bag>
                  <rdf:li rdf:resource="urn:miriam:omim:103072"/>
                </rdf:Bag>
              </bqbiol:hasProperty>
              <bqbiol:isEncodedBy>
                <rdf:Bag>
                  <rdf:li rdf:resource="urn:miriam:ensembl:ENSG00000164742"/>
                </rdf:Bag>
              </bqbiol:isEncodedBy>
              <bqbiol:hasVersion>
                <rdf:Bag>
                  <rdf:li rdf:resource="urn:miriam:uniprot:Q08828"/>
                  <rdf:li rdf:resource="urn:miriam:uniprot:Q59FG4"/>
                  <rdf:li rdf:resource="urn:miriam:uniprot:Q8NFM5"/>
                </rdf:Bag>
              </bqbiol:hasVersion>
              <bqbiol:isEncodedBy>
                <rdf:Bag>
                  <rdf:li rdf:resource="urn:miriam:hgnc:HGNC%3A232"/>
                </rdf:Bag>
              </bqbiol:isEncodedBy>
              <bqbiol:hasProperty>
                <rdf:Bag>
                  <rdf:li rdf:resource="urn:miriam:ec-code:4.6.1.1"/>
                </rdf:Bag>
              </bqbiol:hasProperty>
              <bqbiol:unknownQualifier>
                <rdf:Bag>
                  <rdf:li rdf:resource="urn:miriam:obo.eco:ECO%3A0000313"/>
                </rdf:Bag>
              </bqbiol:unknownQualifier>
            </rdf:Description>
          </rdf:RDF>
        </annotation>
      </species>
      <species id="GRIA" initialAmount="1" name="GRIA" metaid="meta_GRIA" sboTerm="SBO:0000354" substanceUnits="substance" compartment="default">
<notes><body xmlns="http://www.w3.org/1999/xhtml"><a href="http://www.kegg.jp/dbget-bin/www_bget?hsa:2890+hsa:2891">Original Kegg Entry</a><br/>
<p><b>Description for “GRIA1, GLUH1, GLUR1, GLURA, GluA1, HBGR1, MGC133252”:</b> glutamate receptor, ionotropic, AMPA 1</p>
<p><b>Description for “GRIA2, GLUR2, GLURB, GluA2, GluR-K2, HBGR2”:</b> glutamate receptor, ionotropic, AMPA 2</p>
</body></notes>
        <annotation>
          <rdf:RDF xmlns:rdf="http://www.w3.org/1999/02/22-rdf-syntax-ns#" xmlns:bqbiol="http://biomodels.net/biology-qualifiers/">
            <rdf:Description rdf:about="#meta_GRIA">
              <bqbiol:hasVersion>
                <rdf:Bag>
                  <rdf:li rdf:resource="urn:miriam:kegg.genes:hsa%3A2890"/>
                  <rdf:li rdf:resource="urn:miriam:kegg.genes:hsa%3A2891"/>
                </rdf:Bag>
              </bqbiol:hasVersion>
              <bqbiol:isEncodedBy>
                <rdf:Bag>
                  <rdf:li rdf:resource="urn:miriam:entrez.gene:2890"/>
                  <rdf:li rdf:resource="urn:miriam:entrez.gene:2891"/>
                </rdf:Bag>
              </bqbiol:isEncodedBy>
              <bqbiol:hasProperty>
                <rdf:Bag>
                  <rdf:li rdf:resource="urn:miriam:omim:138248"/>
                  <rdf:li rdf:resource="urn:miriam:omim:138247"/>
                </rdf:Bag>
              </bqbiol:hasProperty>
              <bqbiol:isEncodedBy>
                <rdf:Bag>
                  <rdf:li rdf:resource="urn:miriam:ensembl:ENSG00000155511"/>
                  <rdf:li rdf:resource="urn:miriam:ensembl:ENSG00000120251"/>
                </rdf:Bag>
              </bqbiol:isEncodedBy>
              <bqbiol:hasVersion>
                <rdf:Bag>
                  <rdf:li rdf:resource="urn:miriam:uniprot:P42261"/>
                  <rdf:li rdf:resource="urn:miriam:uniprot:Q59GL5"/>
                  <rdf:li rdf:resource="urn:miriam:uniprot:P42262"/>
                </rdf:Bag>
              </bqbiol:hasVersion>
              <bqbiol:isEncodedBy>
                <rdf:Bag>
                  <rdf:li rdf:resource="urn:miriam:hgnc:HGNC%3A4571"/>
                  <rdf:li rdf:resource="urn:miriam:hgnc:HGNC%3A4572"/>
                </rdf:Bag>
              </bqbiol:isEncodedBy>
              <bqbiol:unknownQualifier>
                <rdf:Bag>
                  <rdf:li rdf:resource="urn:miriam:obo.eco:ECO%3A0000313"/>
                </rdf:Bag>
              </bqbiol:unknownQualifier>
            </rdf:Description>
          </rdf:RDF>
        </annotation>
      </species>
      <species id="RAPGEF3" initialAmount="1" name="RAPGEF3" metaid="meta_RAPGEF3" sboTerm="SBO:0000354" substanceUnits="substance" compartment="default">
<notes><body xmlns="http://www.w3.org/1999/xhtml"><a href="http://www.kegg.jp/dbget-bin/www_bget?hsa:10411">Original Kegg Entry</a><br/>
<p><b>Description for “RAPGEF3, CAMP-GEFI, EPAC, EPAC1, HSU79275, MGC21410, bcm910”:</b> Rap guanine nucleotide exchange factor (GEF) 3</p>
</body></notes>
        <annotation>
          <rdf:RDF xmlns:rdf="http://www.w3.org/1999/02/22-rdf-syntax-ns#" xmlns:bqbiol="http://biomodels.net/biology-qualifiers/">
            <rdf:Description rdf:about="#meta_RAPGEF3">
              <bqbiol:is>
                <rdf:Bag>
                  <rdf:li rdf:resource="urn:miriam:kegg.genes:hsa%3A10411"/>
                </rdf:Bag>
              </bqbiol:is>
              <bqbiol:isEncodedBy>
                <rdf:Bag>
                  <rdf:li rdf:resource="urn:miriam:entrez.gene:10411"/>
                </rdf:Bag>
              </bqbiol:isEncodedBy>
              <bqbiol:hasProperty>
                <rdf:Bag>
                  <rdf:li rdf:resource="urn:miriam:omim:606057"/>
                </rdf:Bag>
              </bqbiol:hasProperty>
              <bqbiol:isEncodedBy>
                <rdf:Bag>
                  <rdf:li rdf:resource="urn:miriam:ensembl:ENSG00000079337"/>
                </rdf:Bag>
              </bqbiol:isEncodedBy>
              <bqbiol:hasVersion>
                <rdf:Bag>
                  <rdf:li rdf:resource="urn:miriam:uniprot:Q99777"/>
                  <rdf:li rdf:resource="urn:miriam:uniprot:A8K2G5"/>
                </rdf:Bag>
              </bqbiol:hasVersion>
              <bqbiol:isEncodedBy>
                <rdf:Bag>
                  <rdf:li rdf:resource="urn:miriam:hgnc:HGNC%3A16629"/>
                </rdf:Bag>
              </bqbiol:isEncodedBy>
              <bqbiol:unknownQualifier>
                <rdf:Bag>
                  <rdf:li rdf:resource="urn:miriam:obo.eco:ECO%3A0000313"/>
                </rdf:Bag>
              </bqbiol:unknownQualifier>
            </rdf:Description>
          </rdf:RDF>
        </annotation>
      </species>
      <species id="MAPK1" initialAmount="1" name="MAPK1" metaid="meta_MAPK1" sboTerm="SBO:0000354" substanceUnits="substance" compartment="default">
<notes><body xmlns="http://www.w3.org/1999/xhtml"><a href="http://www.kegg.jp/dbget-bin/www_bget?hsa:5594+hsa:5595">Original Kegg Entry</a><br/>
</body></notes>
        <annotation>
          <rdf:RDF xmlns:rdf="http://www.w3.org/1999/02/22-rdf-syntax-ns#" xmlns:bqbiol="http://biomodels.net/biology-qualifiers/">
            <rdf:Description rdf:about="#meta_MAPK1">
              <bqbiol:hasVersion>
                <rdf:Bag>
                  <rdf:li rdf:resource="urn:miriam:kegg.genes:hsa%3A5594"/>
                  <rdf:li rdf:resource="urn:miriam:kegg.genes:hsa%3A5595"/>
                </rdf:Bag>
              </bqbiol:hasVersion>
              <bqbiol:unknownQualifier>
                <rdf:Bag>
                  <rdf:li rdf:resource="urn:miriam:obo.eco:ECO%3A0000313"/>
                </rdf:Bag>
              </bqbiol:unknownQualifier>
            </rdf:Description>
          </rdf:RDF>
        </annotation>
      </species>
      <species id="MAP2K" initialAmount="1" name="MAP2K" metaid="meta_MAP2K" sboTerm="SBO:0000354" substanceUnits="substance" compartment="default">
<notes><body xmlns="http://www.w3.org/1999/xhtml"><a href="http://www.kegg.jp/dbget-bin/www_bget?hsa:5604+hsa:5605">Original Kegg Entry</a><br/>
<p><b>Description for “MAP2K1, MAPKK1, MEK1, MKK1, PRKMK1”:</b> mitogen-activated protein kinase kinase 1 (EC:2.7.12.2)</p>
<p><b>Description for “MAP2K2, FLJ26075, MAPKK2, MEK2, MKK2, PRKMK2”:</b> mitogen-activated protein kinase kinase 2 (EC:2.7.12.2)</p>
</body></notes>
        <annotation>
          <rdf:RDF xmlns:rdf="http://www.w3.org/1999/02/22-rdf-syntax-ns#" xmlns:bqbiol="http://biomodels.net/biology-qualifiers/">
            <rdf:Description rdf:about="#meta_MAP2K">
              <bqbiol:hasVersion>
                <rdf:Bag>
                  <rdf:li rdf:resource="urn:miriam:kegg.genes:hsa%3A5604"/>
                  <rdf:li rdf:resource="urn:miriam:kegg.genes:hsa%3A5605"/>
                </rdf:Bag>
              </bqbiol:hasVersion>
              <bqbiol:isEncodedBy>
                <rdf:Bag>
                  <rdf:li rdf:resource="urn:miriam:entrez.gene:5604"/>
                  <rdf:li rdf:resource="urn:miriam:entrez.gene:5605"/>
                </rdf:Bag>
              </bqbiol:isEncodedBy>
              <bqbiol:hasProperty>
                <rdf:Bag>
                  <rdf:li rdf:resource="urn:miriam:omim:176872"/>
                  <rdf:li rdf:resource="urn:miriam:omim:601263"/>
                </rdf:Bag>
              </bqbiol:hasProperty>
              <bqbiol:isEncodedBy>
                <rdf:Bag>
                  <rdf:li rdf:resource="urn:miriam:ensembl:ENSG00000169032"/>
                  <rdf:li rdf:resource="urn:miriam:ensembl:ENSG00000126934"/>
                </rdf:Bag>
              </bqbiol:isEncodedBy>
              <bqbiol:hasVersion>
                <rdf:Bag>
                  <rdf:li rdf:resource="urn:miriam:uniprot:Q02750"/>
                  <rdf:li rdf:resource="urn:miriam:uniprot:A4QPA9"/>
                  <rdf:li rdf:resource="urn:miriam:uniprot:P36507"/>
                </rdf:Bag>
              </bqbiol:hasVersion>
              <bqbiol:isEncodedBy>
                <rdf:Bag>
                  <rdf:li rdf:resource="urn:miriam:hgnc:HGNC%3A6840"/>
                  <rdf:li rdf:resource="urn:miriam:hgnc:HGNC%3A6842"/>
                </rdf:Bag>
              </bqbiol:isEncodedBy>
              <bqbiol:hasProperty>
                <rdf:Bag>
                  <rdf:li rdf:resource="urn:miriam:ec-code:2.7.12.2"/>
                </rdf:Bag>
              </bqbiol:hasProperty>
              <bqbiol:unknownQualifier>
                <rdf:Bag>
                  <rdf:li rdf:resource="urn:miriam:obo.eco:ECO%3A0000313"/>
                </rdf:Bag>
              </bqbiol:unknownQualifier>
            </rdf:Description>
          </rdf:RDF>
        </annotation>
      </species>
      <species id="BRAF" initialAmount="1" name="BRAF" metaid="meta_BRAF" sboTerm="SBO:0000354" substanceUnits="substance" compartment="default">
<notes><body xmlns="http://www.w3.org/1999/xhtml"><a href="http://www.kegg.jp/dbget-bin/www_bget?hsa:369+hsa:5894+hsa:673">Original Kegg Entry</a><br/>
<p><b>Description for “ARAF, A-RAF, ARAF1, PKS2, RAFA1”:</b> v-raf murine sarcoma 3611 viral oncogene homolog (EC:2.7.11.1)</p>
<p><b>Description for “RAF1, CRAF, NS5, Raf-1, c-Raf”:</b> v-raf-1 murine leukemia viral oncogene homolog 1 (EC:2.7.11.1)</p>
<p><b>Description for “BRAF, B-RAF1, BRAF1, FLJ95109, MGC126806, MGC138284, NS7, RAFB1”:</b> v-raf murine sarcoma viral oncogene homolog B1 (EC:2.7.11.1)</p>
</body></notes>
        <annotation>
          <rdf:RDF xmlns:rdf="http://www.w3.org/1999/02/22-rdf-syntax-ns#" xmlns:bqbiol="http://biomodels.net/biology-qualifiers/">
            <rdf:Description rdf:about="#meta_BRAF">
              <bqbiol:hasVersion>
                <rdf:Bag>
                  <rdf:li rdf:resource="urn:miriam:kegg.genes:hsa%3A369"/>
                  <rdf:li rdf:resource="urn:miriam:kegg.genes:hsa%3A5894"/>
                  <rdf:li rdf:resource="urn:miriam:kegg.genes:hsa%3A673"/>
                </rdf:Bag>
              </bqbiol:hasVersion>
              <bqbiol:isEncodedBy>
                <rdf:Bag>
                  <rdf:li rdf:resource="urn:miriam:entrez.gene:369"/>
                  <rdf:li rdf:resource="urn:miriam:entrez.gene:5894"/>
                  <rdf:li rdf:resource="urn:miriam:entrez.gene:673"/>
                </rdf:Bag>
              </bqbiol:isEncodedBy>
              <bqbiol:hasProperty>
                <rdf:Bag>
                  <rdf:li rdf:resource="urn:miriam:omim:311010"/>
                  <rdf:li rdf:resource="urn:miriam:omim:164760"/>
                  <rdf:li rdf:resource="urn:miriam:omim:164757"/>
                </rdf:Bag>
              </bqbiol:hasProperty>
              <bqbiol:isEncodedBy>
                <rdf:Bag>
                  <rdf:li rdf:resource="urn:miriam:ensembl:ENSG00000078061"/>
                  <rdf:li rdf:resource="urn:miriam:ensembl:ENSG00000132155"/>
                  <rdf:li rdf:resource="urn:miriam:ensembl:ENSG00000157764"/>
                </rdf:Bag>
              </bqbiol:isEncodedBy>
              <bqbiol:hasVersion>
                <rdf:Bag>
                  <rdf:li rdf:resource="urn:miriam:uniprot:P10398"/>
                  <rdf:li rdf:resource="urn:miriam:uniprot:P04049"/>
                  <rdf:li rdf:resource="urn:miriam:uniprot:P15056"/>
                </rdf:Bag>
              </bqbiol:hasVersion>
              <bqbiol:isEncodedBy>
                <rdf:Bag>
                  <rdf:li rdf:resource="urn:miriam:hgnc:HGNC%3A646"/>
                  <rdf:li rdf:resource="urn:miriam:hgnc:HGNC%3A9829"/>
                  <rdf:li rdf:resource="urn:miriam:hgnc:HGNC%3A1097"/>
                </rdf:Bag>
              </bqbiol:isEncodedBy>
              <bqbiol:hasProperty>
                <rdf:Bag>
                  <rdf:li rdf:resource="urn:miriam:ec-code:2.7.11.1"/>
                </rdf:Bag>
              </bqbiol:hasProperty>
              <bqbiol:unknownQualifier>
                <rdf:Bag>
                  <rdf:li rdf:resource="urn:miriam:obo.eco:ECO%3A0000313"/>
                </rdf:Bag>
              </bqbiol:unknownQualifier>
            </rdf:Description>
          </rdf:RDF>
        </annotation>
      </species>
      <species id="NRAS" initialAmount="1" name="NRAS" metaid="meta_NRAS" sboTerm="SBO:0000354" substanceUnits="substance" compartment="default">
<notes><body xmlns="http://www.w3.org/1999/xhtml"><a href="http://www.kegg.jp/dbget-bin/www_bget?hsa:3265+hsa:3845+hsa:4893">Original Kegg Entry</a><br/>
<p><b>Description for “HRAS, C-BAS/HAS, C-H-RAS, C-HA-RAS1, CTLO, H-RASIDX, HAMSV, HRAS1, K-RAS, N-RAS, RASH1”:</b> v-Ha-ras Harvey rat sarcoma viral oncogene homolog</p>
<p><b>Description for “KRAS, C-K-RAS, K-RAS2A, K-RAS2B, K-RAS4A, K-RAS4B, KI-RAS, KRAS1, KRAS2, NS, NS3, RASK2”:</b> v-Ki-ras2 Kirsten rat sarcoma viral oncogene homolog</p>
<p><b>Description for “NRAS, ALPS4, N-ras, NRAS1, NS6”:</b> neuroblastoma RAS viral (v-ras) oncogene homolog</p>
</body></notes>
        <annotation>
          <rdf:RDF xmlns:rdf="http://www.w3.org/1999/02/22-rdf-syntax-ns#" xmlns:bqbiol="http://biomodels.net/biology-qualifiers/">
            <rdf:Description rdf:about="#meta_NRAS">
              <bqbiol:hasVersion>
                <rdf:Bag>
                  <rdf:li rdf:resource="urn:miriam:kegg.genes:hsa%3A3265"/>
                  <rdf:li rdf:resource="urn:miriam:kegg.genes:hsa%3A3845"/>
                  <rdf:li rdf:resource="urn:miriam:kegg.genes:hsa%3A4893"/>
                </rdf:Bag>
              </bqbiol:hasVersion>
              <bqbiol:isEncodedBy>
                <rdf:Bag>
                  <rdf:li rdf:resource="urn:miriam:entrez.gene:3265"/>
                  <rdf:li rdf:resource="urn:miriam:entrez.gene:3845"/>
                  <rdf:li rdf:resource="urn:miriam:entrez.gene:4893"/>
                </rdf:Bag>
              </bqbiol:isEncodedBy>
              <bqbiol:hasProperty>
                <rdf:Bag>
                  <rdf:li rdf:resource="urn:miriam:omim:190020"/>
                  <rdf:li rdf:resource="urn:miriam:omim:190070"/>
                  <rdf:li rdf:resource="urn:miriam:omim:164790"/>
                </rdf:Bag>
              </bqbiol:hasProperty>
              <bqbiol:isEncodedBy>
                <rdf:Bag>
                  <rdf:li rdf:resource="urn:miriam:ensembl:ENSG00000174775"/>
                  <rdf:li rdf:resource="urn:miriam:ensembl:ENSG00000133703"/>
                  <rdf:li rdf:resource="urn:miriam:ensembl:ENSG00000213281"/>
                </rdf:Bag>
              </bqbiol:isEncodedBy>
              <bqbiol:hasVersion>
                <rdf:Bag>
                  <rdf:li rdf:resource="urn:miriam:uniprot:P01112"/>
                  <rdf:li rdf:resource="urn:miriam:uniprot:P01116"/>
                  <rdf:li rdf:resource="urn:miriam:uniprot:P01111"/>
                  <rdf:li rdf:resource="urn:miriam:uniprot:Q5U091"/>
                </rdf:Bag>
              </bqbiol:hasVersion>
              <bqbiol:isEncodedBy>
                <rdf:Bag>
                  <rdf:li rdf:resource="urn:miriam:hgnc:HGNC%3A5173"/>
                  <rdf:li rdf:resource="urn:miriam:hgnc:HGNC%3A6407"/>
                  <rdf:li rdf:resource="urn:miriam:hgnc:HGNC%3A7989"/>
                </rdf:Bag>
              </bqbiol:isEncodedBy>
              <bqbiol:unknownQualifier>
                <rdf:Bag>
                  <rdf:li rdf:resource="urn:miriam:obo.eco:ECO%3A0000313"/>
                </rdf:Bag>
              </bqbiol:unknownQualifier>
            </rdf:Description>
          </rdf:RDF>
        </annotation>
      </species>
      <species id="RAP1" initialAmount="1" name="RAP1" metaid="meta_RAP1" sboTerm="SBO:0000354" substanceUnits="substance" compartment="default">
<notes><body xmlns="http://www.w3.org/1999/xhtml"><a href="http://www.kegg.jp/dbget-bin/www_bget?hsa:5906+hsa:5908">Original Kegg Entry</a><br/>
<p><b>Description for “RAP1A, KREV-1, KREV1, RAP1, SMGP21”:</b> RAP1A, member of RAS oncogene family</p>
<p><b>Description for “RAP1B, DKFZp586H0723, K-REV, RAL1B”:</b> RAP1B, member of RAS oncogene family</p>
</body></notes>
        <annotation>
          <rdf:RDF xmlns:rdf="http://www.w3.org/1999/02/22-rdf-syntax-ns#" xmlns:bqbiol="http://biomodels.net/biology-qualifiers/">
            <rdf:Description rdf:about="#meta_RAP1">
              <bqbiol:hasVersion>
                <rdf:Bag>
                  <rdf:li rdf:resource="urn:miriam:kegg.genes:hsa%3A5906"/>
                  <rdf:li rdf:resource="urn:miriam:kegg.genes:hsa%3A5908"/>
                </rdf:Bag>
              </bqbiol:hasVersion>
              <bqbiol:isEncodedBy>
                <rdf:Bag>
                  <rdf:li rdf:resource="urn:miriam:entrez.gene:5906"/>
                  <rdf:li rdf:resource="urn:miriam:entrez.gene:5908"/>
                </rdf:Bag>
              </bqbiol:isEncodedBy>
              <bqbiol:hasProperty>
                <rdf:Bag>
                  <rdf:li rdf:resource="urn:miriam:omim:179520"/>
                  <rdf:li rdf:resource="urn:miriam:omim:179530"/>
                </rdf:Bag>
              </bqbiol:hasProperty>
              <bqbiol:isEncodedBy>
                <rdf:Bag>
                  <rdf:li rdf:resource="urn:miriam:ensembl:ENSG00000116473"/>
                  <rdf:li rdf:resource="urn:miriam:ensembl:ENSG00000127314"/>
                </rdf:Bag>
              </bqbiol:isEncodedBy>
              <bqbiol:hasVersion>
                <rdf:Bag>
                  <rdf:li rdf:resource="urn:miriam:uniprot:P62834"/>
                  <rdf:li rdf:resource="urn:miriam:uniprot:A8KAH9"/>
                  <rdf:li rdf:resource="urn:miriam:uniprot:P61224"/>
                </rdf:Bag>
              </bqbiol:hasVersion>
              <bqbiol:isEncodedBy>
                <rdf:Bag>
                  <rdf:li rdf:resource="urn:miriam:hgnc:HGNC%3A9855"/>
                  <rdf:li rdf:resource="urn:miriam:hgnc:HGNC%3A9857"/>
                </rdf:Bag>
              </bqbiol:isEncodedBy>
              <bqbiol:unknownQualifier>
                <rdf:Bag>
                  <rdf:li rdf:resource="urn:miriam:obo.eco:ECO%3A0000313"/>
                </rdf:Bag>
              </bqbiol:unknownQualifier>
            </rdf:Description>
          </rdf:RDF>
        </annotation>
      </species>
      <species id="PPP1R1A" initialAmount="1" name="PPP1R1A" metaid="meta_PPP1R1A" sboTerm="SBO:0000354" substanceUnits="substance" compartment="default">
<notes><body xmlns="http://www.w3.org/1999/xhtml"><a href="http://www.kegg.jp/dbget-bin/www_bget?hsa:5502">Original Kegg Entry</a><br/>
<p><b>Description for “PPP1R1A, I1, IPP1”:</b> protein phosphatase 1, regulatory (inhibitor) subunit 1A (EC:3.1.3.16)</p>
</body></notes>
        <annotation>
          <rdf:RDF xmlns:rdf="http://www.w3.org/1999/02/22-rdf-syntax-ns#" xmlns:bqbiol="http://biomodels.net/biology-qualifiers/">
            <rdf:Description rdf:about="#meta_PPP1R1A">
              <bqbiol:is>
                <rdf:Bag>
                  <rdf:li rdf:resource="urn:miriam:kegg.genes:hsa%3A5502"/>
                </rdf:Bag>
              </bqbiol:is>
              <bqbiol:isEncodedBy>
                <rdf:Bag>
                  <rdf:li rdf:resource="urn:miriam:entrez.gene:5502"/>
                </rdf:Bag>
              </bqbiol:isEncodedBy>
              <bqbiol:hasProperty>
                <rdf:Bag>
                  <rdf:li rdf:resource="urn:miriam:omim:613246"/>
                </rdf:Bag>
              </bqbiol:hasProperty>
              <bqbiol:isEncodedBy>
                <rdf:Bag>
                  <rdf:li rdf:resource="urn:miriam:ensembl:ENSG00000135447"/>
                </rdf:Bag>
              </bqbiol:isEncodedBy>
              <bqbiol:is>
                <rdf:Bag>
                  <rdf:li rdf:resource="urn:miriam:uniprot:Q13522"/>
                </rdf:Bag>
              </bqbiol:is>
              <bqbiol:isEncodedBy>
                <rdf:Bag>
                  <rdf:li rdf:resource="urn:miriam:hgnc:HGNC%3A9286"/>
                </rdf:Bag>
              </bqbiol:isEncodedBy>
              <bqbiol:hasProperty>
                <rdf:Bag>
                  <rdf:li rdf:resource="urn:miriam:ec-code:3.1.3.16"/>
                </rdf:Bag>
              </bqbiol:hasProperty>
              <bqbiol:unknownQualifier>
                <rdf:Bag>
                  <rdf:li rdf:resource="urn:miriam:obo.eco:ECO%3A0000313"/>
                </rdf:Bag>
              </bqbiol:unknownQualifier>
            </rdf:Description>
          </rdf:RDF>
        </annotation>
      </species>
      <species id="GNAQ" initialAmount="1" name="GNAQ" metaid="meta_GNAQ" sboTerm="SBO:0000354" substanceUnits="substance" compartment="default">
<notes><body xmlns="http://www.w3.org/1999/xhtml"><a href="http://www.kegg.jp/dbget-bin/www_bget?hsa:2776">Original Kegg Entry</a><br/>
<p><b>Description for “GNAQ, G-ALPHA-q, GAQ”:</b> guanine nucleotide binding protein (G protein), q polypeptide</p>
</body></notes>
        <annotation>
          <rdf:RDF xmlns:rdf="http://www.w3.org/1999/02/22-rdf-syntax-ns#" xmlns:bqbiol="http://biomodels.net/biology-qualifiers/">
            <rdf:Description rdf:about="#meta_GNAQ">
              <bqbiol:is>
                <rdf:Bag>
                  <rdf:li rdf:resource="urn:miriam:kegg.genes:hsa%3A2776"/>
                </rdf:Bag>
              </bqbiol:is>
              <bqbiol:isEncodedBy>
                <rdf:Bag>
                  <rdf:li rdf:resource="urn:miriam:entrez.gene:2776"/>
                </rdf:Bag>
              </bqbiol:isEncodedBy>
              <bqbiol:hasProperty>
                <rdf:Bag>
                  <rdf:li rdf:resource="urn:miriam:omim:600998"/>
                </rdf:Bag>
              </bqbiol:hasProperty>
              <bqbiol:isEncodedBy>
                <rdf:Bag>
                  <rdf:li rdf:resource="urn:miriam:ensembl:ENSG00000156052"/>
                </rdf:Bag>
              </bqbiol:isEncodedBy>
              <bqbiol:is>
                <rdf:Bag>
                  <rdf:li rdf:resource="urn:miriam:uniprot:P50148"/>
                </rdf:Bag>
              </bqbiol:is>
              <bqbiol:isEncodedBy>
                <rdf:Bag>
                  <rdf:li rdf:resource="urn:miriam:hgnc:HGNC%3A4390"/>
                </rdf:Bag>
              </bqbiol:isEncodedBy>
              <bqbiol:unknownQualifier>
                <rdf:Bag>
                  <rdf:li rdf:resource="urn:miriam:obo.eco:ECO%3A0000313"/>
                </rdf:Bag>
              </bqbiol:unknownQualifier>
            </rdf:Description>
          </rdf:RDF>
        </annotation>
      </species>
      <species id="GRM" initialAmount="1" name="GRM" metaid="meta_GRM" sboTerm="SBO:0000354" substanceUnits="substance" compartment="default">
<notes><body xmlns="http://www.w3.org/1999/xhtml"><a href="http://www.kegg.jp/dbget-bin/www_bget?hsa:2911+hsa:2915">Original Kegg Entry</a><br/>
<p><b>Description for “GRM1, GPRC1A, GRM1A, MGLUR1, MGLUR1A, mGlu1”:</b> glutamate receptor, metabotropic 1</p>
<p><b>Description for “GRM5, GPRC1E, MGLUR5, mGlu5”:</b> glutamate receptor, metabotropic 5</p>
</body></notes>
        <annotation>
          <rdf:RDF xmlns:rdf="http://www.w3.org/1999/02/22-rdf-syntax-ns#" xmlns:bqbiol="http://biomodels.net/biology-qualifiers/">
            <rdf:Description rdf:about="#meta_GRM">
              <bqbiol:hasVersion>
                <rdf:Bag>
                  <rdf:li rdf:resource="urn:miriam:kegg.genes:hsa%3A2911"/>
                  <rdf:li rdf:resource="urn:miriam:kegg.genes:hsa%3A2915"/>
                </rdf:Bag>
              </bqbiol:hasVersion>
              <bqbiol:isEncodedBy>
                <rdf:Bag>
                  <rdf:li rdf:resource="urn:miriam:entrez.gene:2911"/>
                  <rdf:li rdf:resource="urn:miriam:entrez.gene:2915"/>
                </rdf:Bag>
              </bqbiol:isEncodedBy>
              <bqbiol:hasProperty>
                <rdf:Bag>
                  <rdf:li rdf:resource="urn:miriam:omim:604473"/>
                  <rdf:li rdf:resource="urn:miriam:omim:604102"/>
                </rdf:Bag>
              </bqbiol:hasProperty>
              <bqbiol:isEncodedBy>
                <rdf:Bag>
                  <rdf:li rdf:resource="urn:miriam:ensembl:ENSG00000152822"/>
                  <rdf:li rdf:resource="urn:miriam:ensembl:ENSG00000168959"/>
                </rdf:Bag>
              </bqbiol:isEncodedBy>
              <bqbiol:hasVersion>
                <rdf:Bag>
                  <rdf:li rdf:resource="urn:miriam:uniprot:Q13255"/>
                  <rdf:li rdf:resource="urn:miriam:uniprot:Q59HC2"/>
                  <rdf:li rdf:resource="urn:miriam:uniprot:P41594"/>
                  <rdf:li rdf:resource="urn:miriam:uniprot:A8K5P7"/>
                </rdf:Bag>
              </bqbiol:hasVersion>
              <bqbiol:isEncodedBy>
                <rdf:Bag>
                  <rdf:li rdf:resource="urn:miriam:hgnc:HGNC%3A4593"/>
                  <rdf:li rdf:resource="urn:miriam:hgnc:HGNC%3A4597"/>
                </rdf:Bag>
              </bqbiol:isEncodedBy>
              <bqbiol:unknownQualifier>
                <rdf:Bag>
                  <rdf:li rdf:resource="urn:miriam:obo.eco:ECO%3A0000313"/>
                </rdf:Bag>
              </bqbiol:unknownQualifier>
            </rdf:Description>
          </rdf:RDF>
        </annotation>
      </species>
      <species id="PLCB" initialAmount="1" name="PLCB" metaid="meta_PLCB" sboTerm="SBO:0000354" substanceUnits="substance" compartment="default">
<notes><body xmlns="http://www.w3.org/1999/xhtml"><a href="http://www.kegg.jp/dbget-bin/www_bget?hsa:23236+hsa:5330+hsa:5331+hsa:5332">Original Kegg Entry</a><br/>
<p><b>Description for “PLCB1, EIEE12, FLJ45792, PI-PLC, PLC-154, PLC-I, PLC154, PLCB1A, PLCB1B”:</b> phospholipase C, beta 1 (phosphoinositide-specific) (EC:3.1.4.11)</p>
<p><b>Description for “PLCB2, FLJ38135”:</b> phospholipase C, beta 2 (EC:3.1.4.11)</p>
<p><b>Description for “PLCB3, FLJ37084”:</b> phospholipase C, beta 3 (phosphatidylinositol-specific) (EC:3.1.4.11)</p>
<p><b>Description for “PLCB4, FLJ16169, PI-PLC”:</b> phospholipase C, beta 4 (EC:3.1.4.11)</p>
</body></notes>
        <annotation>
          <rdf:RDF xmlns:rdf="http://www.w3.org/1999/02/22-rdf-syntax-ns#" xmlns:bqbiol="http://biomodels.net/biology-qualifiers/">
            <rdf:Description rdf:about="#meta_PLCB">
              <bqbiol:hasVersion>
                <rdf:Bag>
                  <rdf:li rdf:resource="urn:miriam:kegg.genes:hsa%3A23236"/>
                  <rdf:li rdf:resource="urn:miriam:kegg.genes:hsa%3A5330"/>
                  <rdf:li rdf:resource="urn:miriam:kegg.genes:hsa%3A5331"/>
                  <rdf:li rdf:resource="urn:miriam:kegg.genes:hsa%3A5332"/>
                </rdf:Bag>
              </bqbiol:hasVersion>
              <bqbiol:isEncodedBy>
                <rdf:Bag>
                  <rdf:li rdf:resource="urn:miriam:entrez.gene:23236"/>
                  <rdf:li rdf:resource="urn:miriam:entrez.gene:5330"/>
                  <rdf:li rdf:resource="urn:miriam:entrez.gene:5331"/>
                  <rdf:li rdf:resource="urn:miriam:entrez.gene:5332"/>
                </rdf:Bag>
              </bqbiol:isEncodedBy>
              <bqbiol:hasProperty>
                <rdf:Bag>
                  <rdf:li rdf:resource="urn:miriam:omim:607120"/>
                  <rdf:li rdf:resource="urn:miriam:omim:604114"/>
                  <rdf:li rdf:resource="urn:miriam:omim:600230"/>
                  <rdf:li rdf:resource="urn:miriam:omim:600810"/>
                </rdf:Bag>
              </bqbiol:hasProperty>
              <bqbiol:isEncodedBy>
                <rdf:Bag>
                  <rdf:li rdf:resource="urn:miriam:ensembl:ENSG00000182621"/>
                  <rdf:li rdf:resource="urn:miriam:ensembl:ENSG00000137841"/>
                  <rdf:li rdf:resource="urn:miriam:ensembl:ENSG00000149782"/>
                  <rdf:li rdf:resource="urn:miriam:ensembl:ENSG00000101333"/>
                </rdf:Bag>
              </bqbiol:isEncodedBy>
              <bqbiol:hasVersion>
                <rdf:Bag>
                  <rdf:li rdf:resource="urn:miriam:uniprot:Q9NQ66"/>
                  <rdf:li rdf:resource="urn:miriam:uniprot:Q00722"/>
                  <rdf:li rdf:resource="urn:miriam:uniprot:Q59F77"/>
                  <rdf:li rdf:resource="urn:miriam:uniprot:Q01970"/>
                  <rdf:li rdf:resource="urn:miriam:uniprot:Q8N1A4"/>
                  <rdf:li rdf:resource="urn:miriam:uniprot:Q15147"/>
                  <rdf:li rdf:resource="urn:miriam:uniprot:E2QRH8"/>
                </rdf:Bag>
              </bqbiol:hasVersion>
              <bqbiol:isEncodedBy>
                <rdf:Bag>
                  <rdf:li rdf:resource="urn:miriam:hgnc:HGNC%3A15917"/>
                  <rdf:li rdf:resource="urn:miriam:hgnc:HGNC%3A9055"/>
                  <rdf:li rdf:resource="urn:miriam:hgnc:HGNC%3A9056"/>
                  <rdf:li rdf:resource="urn:miriam:hgnc:HGNC%3A9059"/>
                </rdf:Bag>
              </bqbiol:isEncodedBy>
              <bqbiol:hasProperty>
                <rdf:Bag>
                  <rdf:li rdf:resource="urn:miriam:ec-code:3.1.4.11"/>
                </rdf:Bag>
              </bqbiol:hasProperty>
              <bqbiol:unknownQualifier>
                <rdf:Bag>
                  <rdf:li rdf:resource="urn:miriam:obo.eco:ECO%3A0000313"/>
                </rdf:Bag>
              </bqbiol:unknownQualifier>
            </rdf:Description>
          </rdf:RDF>
        </annotation>
      </species>
      <species id="ITPR3" initialAmount="1" name="ITPR3" metaid="meta_ITPR3" sboTerm="SBO:0000354" substanceUnits="substance" compartment="default">
<notes><body xmlns="http://www.w3.org/1999/xhtml"><a href="http://www.kegg.jp/dbget-bin/www_bget?hsa:3708+hsa:3709+hsa:3710">Original Kegg Entry</a><br/>
<p><b>Description for “ITPR3, FLJ36205, IP3R, IP3R3”:</b> inositol 1,4,5-trisphosphate receptor, type 3</p>
</body></notes>
        <annotation>
          <rdf:RDF xmlns:rdf="http://www.w3.org/1999/02/22-rdf-syntax-ns#" xmlns:bqbiol="http://biomodels.net/biology-qualifiers/">
            <rdf:Description rdf:about="#meta_ITPR3">
              <bqbiol:hasVersion>
                <rdf:Bag>
                  <rdf:li rdf:resource="urn:miriam:kegg.genes:hsa%3A3708"/>
                  <rdf:li rdf:resource="urn:miriam:kegg.genes:hsa%3A3709"/>
                  <rdf:li rdf:resource="urn:miriam:kegg.genes:hsa%3A3710"/>
                </rdf:Bag>
              </bqbiol:hasVersion>
              <bqbiol:isEncodedBy>
                <rdf:Bag>
                  <rdf:li rdf:resource="urn:miriam:entrez.gene:3710"/>
                </rdf:Bag>
              </bqbiol:isEncodedBy>
              <bqbiol:hasProperty>
                <rdf:Bag>
                  <rdf:li rdf:resource="urn:miriam:omim:147267"/>
                </rdf:Bag>
              </bqbiol:hasProperty>
              <bqbiol:isEncodedBy>
                <rdf:Bag>
                  <rdf:li rdf:resource="urn:miriam:ensembl:ENSG00000096433"/>
                </rdf:Bag>
              </bqbiol:isEncodedBy>
              <bqbiol:hasVersion>
                <rdf:Bag>
                  <rdf:li rdf:resource="urn:miriam:uniprot:Q14573"/>
                  <rdf:li rdf:resource="urn:miriam:uniprot:A6H8K3"/>
                  <rdf:li rdf:resource="urn:miriam:uniprot:Q59ES2"/>
                </rdf:Bag>
              </bqbiol:hasVersion>
              <bqbiol:isEncodedBy>
                <rdf:Bag>
                  <rdf:li rdf:resource="urn:miriam:hgnc:HGNC%3A6182"/>
                </rdf:Bag>
              </bqbiol:isEncodedBy>
              <bqbiol:unknownQualifier>
                <rdf:Bag>
                  <rdf:li rdf:resource="urn:miriam:obo.eco:ECO%3A0000313"/>
                </rdf:Bag>
              </bqbiol:unknownQualifier>
            </rdf:Description>
          </rdf:RDF>
        </annotation>
      </species>
      <species id="MAPK_signaling_pathway" initialAmount="1" name="MAPK signaling pathway" metaid="meta_MAPK_signaling_pathway" sboTerm="SBO:0000552" substanceUnits="substance" compartment="default">
<notes><body xmlns="http://www.w3.org/1999/xhtml"><a href="http://www.kegg.jp/dbget-bin/www_bget?hsa04010">Original Kegg Entry</a><br/>
<p><b>MAPK signaling pathway - Homo sapiens (human)</b></p>
<img src="http://www.kegg.jp/kegg/misc/thumbnail/map04010.gif"/><br/>
</body></notes>
        <annotation>
          <rdf:RDF xmlns:rdf="http://www.w3.org/1999/02/22-rdf-syntax-ns#" xmlns:bqbiol="http://biomodels.net/biology-qualifiers/">
            <rdf:Description rdf:about="#meta_MAPK_signaling_pathway">
              <bqbiol:is>
                <rdf:Bag>
                  <rdf:li rdf:resource="urn:miriam:kegg.pathway:hsa04010"/>
                </rdf:Bag>
              </bqbiol:is>
              <bqbiol:unknownQualifier>
                <rdf:Bag>
                  <rdf:li rdf:resource="urn:miriam:obo.eco:ECO%3A0000313"/>
                </rdf:Bag>
              </bqbiol:unknownQualifier>
            </rdf:Description>
          </rdf:RDF>
        </annotation>
      </species>
      <species id="Calcium_signaling_pathway" initialAmount="1" name="Calcium signaling pathway" metaid="meta_Calcium_signaling_pathway" sboTerm="SBO:0000552" substanceUnits="substance" compartment="default">
<notes><body xmlns="http://www.w3.org/1999/xhtml"><a href="http://www.kegg.jp/dbget-bin/www_bget?hsa04020">Original Kegg Entry</a><br/>
<p><b>Calcium signaling pathway - Homo sapiens (human)</b></p>
<img src="http://www.kegg.jp/kegg/misc/thumbnail/map04020.gif"/><br/>
</body></notes>
        <annotation>
          <rdf:RDF xmlns:rdf="http://www.w3.org/1999/02/22-rdf-syntax-ns#" xmlns:bqbiol="http://biomodels.net/biology-qualifiers/">
            <rdf:Description rdf:about="#meta_Calcium_signaling_pathway">
              <bqbiol:is>
                <rdf:Bag>
                  <rdf:li rdf:resource="urn:miriam:kegg.pathway:hsa04020"/>
                </rdf:Bag>
              </bqbiol:is>
              <bqbiol:isDescribedBy>
                <rdf:Bag>
                  <rdf:li rdf:resource="urn:miriam:obo.go:GO:0019722"/>
                </rdf:Bag>
              </bqbiol:isDescribedBy>
              <bqbiol:unknownQualifier>
                <rdf:Bag>
                  <rdf:li rdf:resource="urn:miriam:obo.eco:ECO%3A0000313"/>
                </rdf:Bag>
              </bqbiol:unknownQualifier>
            </rdf:Description>
          </rdf:RDF>
        </annotation>
      </species>
      <species id="Glutamatergic_synapse" initialAmount="1" name="Glutamatergic synapse" metaid="meta_Glutamatergic_synapse" sboTerm="SBO:0000552" substanceUnits="substance" compartment="default">
<notes><body xmlns="http://www.w3.org/1999/xhtml"><a href="http://www.kegg.jp/dbget-bin/www_bget?hsa04724">Original Kegg Entry</a><br/>
<p><b>Glutamatergic synapse - Homo sapiens (human)</b></p>
<img src="http://www.kegg.jp/kegg/misc/thumbnail/map04724.gif"/><br/>
</body></notes>
        <annotation>
          <rdf:RDF xmlns:rdf="http://www.w3.org/1999/02/22-rdf-syntax-ns#" xmlns:bqbiol="http://biomodels.net/biology-qualifiers/">
            <rdf:Description rdf:about="#meta_Glutamatergic_synapse">
              <bqbiol:is>
                <rdf:Bag>
                  <rdf:li rdf:resource="urn:miriam:kegg.pathway:hsa04724"/>
                </rdf:Bag>
              </bqbiol:is>
              <bqbiol:isDescribedBy>
                <rdf:Bag>
                  <rdf:li rdf:resource="urn:miriam:obo.go:GO:0051966"/>
                </rdf:Bag>
              </bqbiol:isDescribedBy>
              <bqbiol:unknownQualifier>
                <rdf:Bag>
                  <rdf:li rdf:resource="urn:miriam:obo.eco:ECO%3A0000313"/>
                </rdf:Bag>
              </bqbiol:unknownQualifier>
            </rdf:Description>
          </rdf:RDF>
        </annotation>
      </species>
    </listOfSpecies>
  </model>
</sbml>