<?xml version='1.0' encoding='UTF-8' standalone='no'?>
<!-- Created by KEGGtranslator version 1.2.0 on 2011-11-09 20:25 with jsbml version 0.8-rc1. -->
<sbml xmlns="http://www.sbml.org/sbml/level2/version4" level="2" version="4">
  <model id="path_hsa04150" name="mTOR signaling pathway" metaid="meta_path_hsa04150">
<notes><body xmlns="http://www.w3.org/1999/xhtml"><h1>Model of “mTOR signaling pathway”</h1>
<a href="http://www.genome.jp/kegg/pathway/hsa/hsa04150.png"><img src="http://www.genome.jp/kegg/pathway/hsa/hsa04150.png" alt="http://www.genome.jp/kegg-bin/show_pathway?hsa04150"/></a><br/>
<a href="http://www.genome.jp/kegg-bin/show_pathway?hsa04150">Original Entry</a><br/>
<p>KGML comment: “Creation date: Mar 31, 2009 11:02:59 +0900 (JST)”<br/>
KGML version was: 0.71<br/>
</p><div align="right"><i><small>This file has been generated by KEGGtranslator version 1.2.0</small></i></div><br/>
</body></notes>
    <annotation>
      <rdf:RDF xmlns:rdf="http://www.w3.org/1999/02/22-rdf-syntax-ns#" xmlns:bqmodel="http://biomodels.net/model-qualifiers/" xmlns:bqbiol="http://biomodels.net/biology-qualifiers/">
        <rdf:Description rdf:about="#meta_path_hsa04150">
          <creator>
            <rdf:Bag>
              <rdf:li rdf:parseType="Resource">                <ORG rdf:parseType="Resource">
                  <Orgname>ZBIT, University of Tübingen, WSI-CogSys</Orgname>
                </ORG>
              </rdf:li>
            </rdf:Bag>
          </creator>
          <created rdf:parseType="Resource">
            <W3CDTF>2011-11-09T19:25:20Z</W3CDTF>
          </created>
          <modified rdf:parseType="Resource">
            <W3CDTF>2011-11-09T19:25:19Z</W3CDTF>
          </modified>
          <modified rdf:parseType="Resource">
            <W3CDTF>2011-11-09T19:25:20Z</W3CDTF>
          </modified>
          <bqmodel:is>
            <rdf:Bag>
              <rdf:li rdf:resource="urn:miriam:kegg.pathway:hsa04150"/>
            </rdf:Bag>
          </bqmodel:is>
        </rdf:Description>
      </rdf:RDF>
    </annotation>
      <listOfCompartments>
      <compartment id="default" name="mTOR signaling pathway" units="volume" size="1"/>
    </listOfCompartments>
    <listOfSpecies>
      <species id="Regulation_of_autophagy" initialAmount="1" name="Regulation of autophagy" metaid="meta_Regulation_of_autophagy" sboTerm="SBO:0000552" substanceUnits="substance" compartment="default">
<notes><body xmlns="http://www.w3.org/1999/xhtml"><a href="http://www.kegg.jp/dbget-bin/www_bget?hsa04140">Original Kegg Entry</a><br/>
<p><b>Regulation of autophagy - Homo sapiens (human)</b></p>
<img src="http://www.kegg.jp/kegg/misc/thumbnail/map04140.gif"/><br/>
</body></notes>
        <annotation>
          <rdf:RDF xmlns:rdf="http://www.w3.org/1999/02/22-rdf-syntax-ns#" xmlns:bqbiol="http://biomodels.net/biology-qualifiers/">
            <rdf:Description rdf:about="#meta_Regulation_of_autophagy">
              <bqbiol:is>
                <rdf:Bag>
                  <rdf:li rdf:resource="urn:miriam:kegg.pathway:hsa04140"/>
                </rdf:Bag>
              </bqbiol:is>
              <bqbiol:isDescribedBy>
                <rdf:Bag>
                  <rdf:li rdf:resource="urn:miriam:obo.go:GO:0006914"/>
                </rdf:Bag>
              </bqbiol:isDescribedBy>
              <bqbiol:unknownQualifier>
                <rdf:Bag>
                  <rdf:li rdf:resource="urn:miriam:obo.eco:ECO%3A0000313"/>
                </rdf:Bag>
              </bqbiol:unknownQualifier>
            </rdf:Description>
          </rdf:RDF>
        </annotation>
      </species>
      <species id="VEGF_signaling_pathway" initialAmount="1" name="VEGF signaling pathway" metaid="meta_VEGF_signaling_pathway" sboTerm="SBO:0000552" substanceUnits="substance" compartment="default">
<notes><body xmlns="http://www.w3.org/1999/xhtml"><a href="http://www.kegg.jp/dbget-bin/www_bget?hsa04370">Original Kegg Entry</a><br/>
</body></notes>
        <annotation>
          <rdf:RDF xmlns:rdf="http://www.w3.org/1999/02/22-rdf-syntax-ns#" xmlns:bqbiol="http://biomodels.net/biology-qualifiers/">
            <rdf:Description rdf:about="#meta_VEGF_signaling_pathway">
              <bqbiol:is>
                <rdf:Bag>
                  <rdf:li rdf:resource="urn:miriam:kegg.pathway:hsa04370"/>
                </rdf:Bag>
              </bqbiol:is>
              <bqbiol:unknownQualifier>
                <rdf:Bag>
                  <rdf:li rdf:resource="urn:miriam:obo.eco:ECO%3A0000313"/>
                </rdf:Bag>
              </bqbiol:unknownQualifier>
            </rdf:Description>
          </rdf:RDF>
        </annotation>
      </species>
      <species id="C04677" initialAmount="1" name="C04677" metaid="meta_C04677" sboTerm="SBO:0000247" substanceUnits="substance" compartment="default">
<notes><body xmlns="http://www.w3.org/1999/xhtml"><a href="http://www.kegg.jp/dbget-bin/www_bget?C04677">Original Kegg Entry</a><br/>
</body></notes>
        <annotation>
          <rdf:RDF xmlns:rdf="http://www.w3.org/1999/02/22-rdf-syntax-ns#" xmlns:bqbiol="http://biomodels.net/biology-qualifiers/">
            <rdf:Description rdf:about="#meta_C04677">
              <bqbiol:is>
                <rdf:Bag>
                  <rdf:li rdf:resource="urn:miriam:kegg.compound:C04677"/>
                </rdf:Bag>
              </bqbiol:is>
              <bqbiol:unknownQualifier>
                <rdf:Bag>
                  <rdf:li rdf:resource="urn:miriam:obo.eco:ECO%3A0000313"/>
                </rdf:Bag>
              </bqbiol:unknownQualifier>
            </rdf:Description>
          </rdf:RDF>
        </annotation>
      </species>
      <species id="C00020" initialAmount="1" name="C00020" metaid="meta_C00020" sboTerm="SBO:0000247" substanceUnits="substance" compartment="default">
<notes><body xmlns="http://www.w3.org/1999/xhtml"><a href="http://www.kegg.jp/dbget-bin/www_bget?C00020">Original Kegg Entry</a><br/>
</body></notes>
        <annotation>
          <rdf:RDF xmlns:rdf="http://www.w3.org/1999/02/22-rdf-syntax-ns#" xmlns:bqbiol="http://biomodels.net/biology-qualifiers/">
            <rdf:Description rdf:about="#meta_C00020">
              <bqbiol:is>
                <rdf:Bag>
                  <rdf:li rdf:resource="urn:miriam:kegg.compound:C00020"/>
                </rdf:Bag>
              </bqbiol:is>
              <bqbiol:unknownQualifier>
                <rdf:Bag>
                  <rdf:li rdf:resource="urn:miriam:obo.eco:ECO%3A0000313"/>
                </rdf:Bag>
              </bqbiol:unknownQualifier>
            </rdf:Description>
          </rdf:RDF>
        </annotation>
      </species>
      <species id="C11H20O22P4R2" initialAmount="1" name="C11H20O22P4R2" metaid="meta_C11H20O22P4R2" sboTerm="SBO:0000247" substanceUnits="substance" compartment="default">
<notes><body xmlns="http://www.w3.org/1999/xhtml"><a href="http://www.kegg.jp/dbget-bin/www_bget?C05981">Original Kegg Entry</a><br/>
<p><b>1,2-Diacyl-sn-glycero-3-phospho-(1'-myo-inositol-3',4',5'-bisphosphate)</b></p>
<p><b>All given names:</b><br/>Phosphatidylinositol-3,4,5-trisphosphate<br/>1-Phosphatidyl-1D-myo-inositol 3,4,5-trisphosphate<br/>1,2-Diacyl-sn-glycero-3-phospho-(1'-myo-inositol-3',4',5'-bisphosphate)</p>
<p><b>Formula:</b> C11H20O22P4R2</p>
<img src="http://www.kegg.jp/Fig/compound/C05981.gif"/><br/>
</body></notes>
        <annotation>
          <rdf:RDF xmlns:rdf="http://www.w3.org/1999/02/22-rdf-syntax-ns#" xmlns:bqbiol="http://biomodels.net/biology-qualifiers/">
            <rdf:Description rdf:about="#meta_C11H20O22P4R2">
              <bqbiol:is>
                <rdf:Bag>
                  <rdf:li rdf:resource="urn:miriam:kegg.compound:C05981"/>
                </rdf:Bag>
              </bqbiol:is>
              <bqbiol:is>
                <rdf:Bag>
                  <rdf:li rdf:resource="urn:miriam:obo.chebi:CHEBI%3A16618"/>
                </rdf:Bag>
              </bqbiol:is>
              <bqbiol:unknownQualifier>
                <rdf:Bag>
                  <rdf:li rdf:resource="urn:miriam:obo.eco:ECO%3A0000313"/>
                </rdf:Bag>
              </bqbiol:unknownQualifier>
            </rdf:Description>
          </rdf:RDF>
        </annotation>
      </species>
      <species id="C19H17NO3" initialAmount="1" name="C19H17NO3" metaid="meta_C19H17NO3" sboTerm="SBO:0000247" substanceUnits="substance" compartment="default">
<notes><body xmlns="http://www.w3.org/1999/xhtml"><a href="http://www.kegg.jp/dbget-bin/www_bget?C15195">Original Kegg Entry</a><br/>
<p><b>2-(4-Morpholinyl)-8-phenyl-4H-1-benzopyran-4-one</b></p>
<p><b>All given names:</b><br/>LY 294002<br/>2-(4-Morpholinyl)-8-phenyl-4H-1-benzopyran-4-one</p>
<p><b>Formula:</b> C19H17NO3</p>
<img src="http://www.kegg.jp/Fig/compound/C15195.gif"/><br/>
</body></notes>
        <annotation>
          <rdf:RDF xmlns:rdf="http://www.w3.org/1999/02/22-rdf-syntax-ns#" xmlns:bqbiol="http://biomodels.net/biology-qualifiers/">
            <rdf:Description rdf:about="#meta_C19H17NO3">
              <bqbiol:is>
                <rdf:Bag>
                  <rdf:li rdf:resource="urn:miriam:kegg.compound:C15195"/>
                </rdf:Bag>
              </bqbiol:is>
              <bqbiol:hasProperty>
                <rdf:Bag>
                  <rdf:li rdf:resource="urn:miriam:pubchem.substance:17396192"/>
                </rdf:Bag>
              </bqbiol:hasProperty>
              <bqbiol:unknownQualifier>
                <rdf:Bag>
                  <rdf:li rdf:resource="urn:miriam:obo.eco:ECO%3A0000313"/>
                </rdf:Bag>
              </bqbiol:unknownQualifier>
            </rdf:Description>
          </rdf:RDF>
        </annotation>
      </species>
      <species id="C15181" initialAmount="1" name="C15181" metaid="meta_C15181" sboTerm="SBO:0000247" substanceUnits="substance" compartment="default">
<notes><body xmlns="http://www.w3.org/1999/xhtml"><a href="http://www.kegg.jp/dbget-bin/www_bget?C15181">Original Kegg Entry</a><br/>
</body></notes>
        <annotation>
          <rdf:RDF xmlns:rdf="http://www.w3.org/1999/02/22-rdf-syntax-ns#" xmlns:bqbiol="http://biomodels.net/biology-qualifiers/">
            <rdf:Description rdf:about="#meta_C15181">
              <bqbiol:is>
                <rdf:Bag>
                  <rdf:li rdf:resource="urn:miriam:kegg.compound:C15181"/>
                </rdf:Bag>
              </bqbiol:is>
              <bqbiol:unknownQualifier>
                <rdf:Bag>
                  <rdf:li rdf:resource="urn:miriam:obo.eco:ECO%3A0000313"/>
                </rdf:Bag>
              </bqbiol:unknownQualifier>
            </rdf:Description>
          </rdf:RDF>
        </annotation>
      </species>
      <species id="C53H83NO14" initialAmount="1" name="C53H83NO14" metaid="meta_C53H83NO14" sboTerm="SBO:0000247" substanceUnits="substance" compartment="default">
<notes><body xmlns="http://www.w3.org/1999/xhtml"><a href="http://www.kegg.jp/dbget-bin/www_bget?D00753+D02714+C15182+C15183">Original Kegg Entry</a><br/>
<p><b>Zortress (TN)</b></p>
<p><b>All given names:</b><br/>Everolimus (JAN/USAN/INN)<br/>Afinitor (TN)<br/>Zortress (TN)</p>
<p><b>Formula:</b> C53H83NO14</p>
</body></notes>
        <annotation>
          <rdf:RDF xmlns:rdf="http://www.w3.org/1999/02/22-rdf-syntax-ns#" xmlns:bqbiol="http://biomodels.net/biology-qualifiers/">
            <rdf:Description rdf:about="#meta_C53H83NO14">
              <bqbiol:hasVersion>
                <rdf:Bag>
                  <rdf:li rdf:resource="urn:miriam:kegg.drug:D00753"/>
                  <rdf:li rdf:resource="urn:miriam:kegg.drug:D02714"/>
                  <rdf:li rdf:resource="urn:miriam:kegg.compound:C15182"/>
                  <rdf:li rdf:resource="urn:miriam:kegg.compound:C15183"/>
                </rdf:Bag>
              </bqbiol:hasVersion>
              <bqbiol:hasProperty>
                <rdf:Bag>
                  <rdf:li rdf:resource="urn:miriam:pubchem.substance:17396881"/>
                </rdf:Bag>
              </bqbiol:hasProperty>
              <bqbiol:unknownQualifier>
                <rdf:Bag>
                  <rdf:li rdf:resource="urn:miriam:obo.eco:ECO%3A0000313"/>
                </rdf:Bag>
              </bqbiol:unknownQualifier>
            </rdf:Description>
          </rdf:RDF>
        </annotation>
      </species>
      <species id="C4H11N5_HCl" initialAmount="1" name="C4H11N5. HCl" metaid="meta_C4H11N5_HCl" sboTerm="SBO:0000247" substanceUnits="substance" compartment="default">
<notes><body xmlns="http://www.w3.org/1999/xhtml"><a href="http://www.kegg.jp/dbget-bin/www_bget?D00944">Original Kegg Entry</a><br/>
<p><b>Glucophage (TN)</b></p>
<p><b>All given names:</b><br/>Metformin hydrochloride (JP16/USP)<br/>Glucophage (TN)</p>
<p><b>Formula:</b> C4H11N5. HCl</p>
</body></notes>
        <annotation>
          <rdf:RDF xmlns:rdf="http://www.w3.org/1999/02/22-rdf-syntax-ns#" xmlns:bqbiol="http://biomodels.net/biology-qualifiers/">
            <rdf:Description rdf:about="#meta_C4H11N5_HCl">
              <bqbiol:is>
                <rdf:Bag>
                  <rdf:li rdf:resource="urn:miriam:kegg.drug:D00944"/>
                </rdf:Bag>
              </bqbiol:is>
              <bqbiol:is>
                <rdf:Bag>
                  <rdf:li rdf:resource="urn:miriam:drugbank:DB00331"/>
                </rdf:Bag>
              </bqbiol:is>
              <bqbiol:hasProperty>
                <rdf:Bag>
                  <rdf:li rdf:resource="urn:miriam:pubchem.substance:7848007"/>
                </rdf:Bag>
              </bqbiol:hasProperty>
              <bqbiol:unknownQualifier>
                <rdf:Bag>
                  <rdf:li rdf:resource="urn:miriam:obo.eco:ECO%3A0000313"/>
                </rdf:Bag>
              </bqbiol:unknownQualifier>
            </rdf:Description>
          </rdf:RDF>
        </annotation>
      </species>
      <species id="CAB39" initialAmount="1" name="CAB39" metaid="meta_CAB39" sboTerm="SBO:0000354" substanceUnits="substance" compartment="default">
<notes><body xmlns="http://www.w3.org/1999/xhtml"><a href="http://www.kegg.jp/dbget-bin/www_bget?hsa:51719+hsa:81617">Original Kegg Entry</a><br/>
<p><b>Description for “CAB39, FLJ22682, MO25”:</b> calcium binding protein 39</p>
</body></notes>
        <annotation>
          <rdf:RDF xmlns:rdf="http://www.w3.org/1999/02/22-rdf-syntax-ns#" xmlns:bqbiol="http://biomodels.net/biology-qualifiers/">
            <rdf:Description rdf:about="#meta_CAB39">
              <bqbiol:hasVersion>
                <rdf:Bag>
                  <rdf:li rdf:resource="urn:miriam:kegg.genes:hsa%3A51719"/>
                  <rdf:li rdf:resource="urn:miriam:kegg.genes:hsa%3A81617"/>
                </rdf:Bag>
              </bqbiol:hasVersion>
              <bqbiol:isEncodedBy>
                <rdf:Bag>
                  <rdf:li rdf:resource="urn:miriam:entrez.gene:51719"/>
                </rdf:Bag>
              </bqbiol:isEncodedBy>
              <bqbiol:hasProperty>
                <rdf:Bag>
                  <rdf:li rdf:resource="urn:miriam:omim:612174"/>
                </rdf:Bag>
              </bqbiol:hasProperty>
              <bqbiol:isEncodedBy>
                <rdf:Bag>
                  <rdf:li rdf:resource="urn:miriam:ensembl:ENSG00000135932"/>
                </rdf:Bag>
              </bqbiol:isEncodedBy>
              <bqbiol:hasVersion>
                <rdf:Bag>
                  <rdf:li rdf:resource="urn:miriam:uniprot:Q9Y376"/>
                  <rdf:li rdf:resource="urn:miriam:uniprot:A8K8L7"/>
                </rdf:Bag>
              </bqbiol:hasVersion>
              <bqbiol:isEncodedBy>
                <rdf:Bag>
                  <rdf:li rdf:resource="urn:miriam:hgnc:HGNC%3A20292"/>
                </rdf:Bag>
              </bqbiol:isEncodedBy>
              <bqbiol:unknownQualifier>
                <rdf:Bag>
                  <rdf:li rdf:resource="urn:miriam:obo.eco:ECO%3A0000313"/>
                </rdf:Bag>
              </bqbiol:unknownQualifier>
            </rdf:Description>
          </rdf:RDF>
        </annotation>
      </species>
      <species id="STRADA" initialAmount="1" name="STRADA" metaid="meta_STRADA" sboTerm="SBO:0000354" substanceUnits="substance" compartment="default">
<notes><body xmlns="http://www.w3.org/1999/xhtml"><a href="http://www.kegg.jp/dbget-bin/www_bget?hsa:92335">Original Kegg Entry</a><br/>
<p><b>Description for “STRADA, FLJ90524, LYK5, NY-BR-96, PMSE, STRAD, Stlk”:</b> STE20-related kinase adaptor alpha</p>
</body></notes>
        <annotation>
          <rdf:RDF xmlns:rdf="http://www.w3.org/1999/02/22-rdf-syntax-ns#" xmlns:bqbiol="http://biomodels.net/biology-qualifiers/">
            <rdf:Description rdf:about="#meta_STRADA">
              <bqbiol:is>
                <rdf:Bag>
                  <rdf:li rdf:resource="urn:miriam:kegg.genes:hsa%3A92335"/>
                </rdf:Bag>
              </bqbiol:is>
              <bqbiol:isEncodedBy>
                <rdf:Bag>
                  <rdf:li rdf:resource="urn:miriam:entrez.gene:92335"/>
                </rdf:Bag>
              </bqbiol:isEncodedBy>
              <bqbiol:hasProperty>
                <rdf:Bag>
                  <rdf:li rdf:resource="urn:miriam:omim:608626"/>
                </rdf:Bag>
              </bqbiol:hasProperty>
              <bqbiol:isEncodedBy>
                <rdf:Bag>
                  <rdf:li rdf:resource="urn:miriam:ensembl:ENSG00000125695"/>
                </rdf:Bag>
              </bqbiol:isEncodedBy>
              <bqbiol:hasVersion>
                <rdf:Bag>
                  <rdf:li rdf:resource="urn:miriam:uniprot:Q7RTN6"/>
                  <rdf:li rdf:resource="urn:miriam:uniprot:Q86YC8"/>
                  <rdf:li rdf:resource="urn:miriam:uniprot:Q5JPI2"/>
                  <rdf:li rdf:resource="urn:miriam:uniprot:B4DW17"/>
                  <rdf:li rdf:resource="urn:miriam:uniprot:B4DDE3"/>
                </rdf:Bag>
              </bqbiol:hasVersion>
              <bqbiol:isEncodedBy>
                <rdf:Bag>
                  <rdf:li rdf:resource="urn:miriam:hgnc:HGNC%3A30172"/>
                </rdf:Bag>
              </bqbiol:isEncodedBy>
              <bqbiol:unknownQualifier>
                <rdf:Bag>
                  <rdf:li rdf:resource="urn:miriam:obo.eco:ECO%3A0000313"/>
                </rdf:Bag>
              </bqbiol:unknownQualifier>
            </rdf:Description>
          </rdf:RDF>
        </annotation>
      </species>
      <species id="STK11" initialAmount="1" name="STK11" metaid="meta_STK11" sboTerm="SBO:0000354" substanceUnits="substance" compartment="default">
<notes><body xmlns="http://www.w3.org/1999/xhtml"><a href="http://www.kegg.jp/dbget-bin/www_bget?hsa:6794">Original Kegg Entry</a><br/>
<p><b>Description for “STK11, LKB1, PJS”:</b> serine/threonine kinase 11 (EC:2.7.11.1)</p>
</body></notes>
        <annotation>
          <rdf:RDF xmlns:rdf="http://www.w3.org/1999/02/22-rdf-syntax-ns#" xmlns:bqbiol="http://biomodels.net/biology-qualifiers/">
            <rdf:Description rdf:about="#meta_STK11">
              <bqbiol:is>
                <rdf:Bag>
                  <rdf:li rdf:resource="urn:miriam:kegg.genes:hsa%3A6794"/>
                </rdf:Bag>
              </bqbiol:is>
              <bqbiol:isEncodedBy>
                <rdf:Bag>
                  <rdf:li rdf:resource="urn:miriam:entrez.gene:6794"/>
                </rdf:Bag>
              </bqbiol:isEncodedBy>
              <bqbiol:hasProperty>
                <rdf:Bag>
                  <rdf:li rdf:resource="urn:miriam:omim:602216"/>
                </rdf:Bag>
              </bqbiol:hasProperty>
              <bqbiol:isEncodedBy>
                <rdf:Bag>
                  <rdf:li rdf:resource="urn:miriam:ensembl:ENSG00000118046"/>
                </rdf:Bag>
              </bqbiol:isEncodedBy>
              <bqbiol:is>
                <rdf:Bag>
                  <rdf:li rdf:resource="urn:miriam:uniprot:Q15831"/>
                </rdf:Bag>
              </bqbiol:is>
              <bqbiol:isEncodedBy>
                <rdf:Bag>
                  <rdf:li rdf:resource="urn:miriam:hgnc:HGNC%3A11389"/>
                </rdf:Bag>
              </bqbiol:isEncodedBy>
              <bqbiol:hasProperty>
                <rdf:Bag>
                  <rdf:li rdf:resource="urn:miriam:ec-code:2.7.11.9"/>
                  <rdf:li rdf:resource="urn:miriam:ec-code:2.7.11.1"/>
                </rdf:Bag>
              </bqbiol:hasProperty>
              <bqbiol:unknownQualifier>
                <rdf:Bag>
                  <rdf:li rdf:resource="urn:miriam:obo.eco:ECO%3A0000313"/>
                </rdf:Bag>
              </bqbiol:unknownQualifier>
            </rdf:Description>
          </rdf:RDF>
        </annotation>
      </species>
      <species id="BRAF" initialAmount="1" name="BRAF" metaid="meta_BRAF" sboTerm="SBO:0000354" substanceUnits="substance" compartment="default">
<notes><body xmlns="http://www.w3.org/1999/xhtml"><a href="http://www.kegg.jp/dbget-bin/www_bget?hsa:673">Original Kegg Entry</a><br/>
<p><b>Description for “BRAF, B-RAF1, BRAF1, FLJ95109, MGC126806, MGC138284, NS7, RAFB1”:</b> v-raf murine sarcoma viral oncogene homolog B1 (EC:2.7.11.1)</p>
</body></notes>
        <annotation>
          <rdf:RDF xmlns:rdf="http://www.w3.org/1999/02/22-rdf-syntax-ns#" xmlns:bqbiol="http://biomodels.net/biology-qualifiers/">
            <rdf:Description rdf:about="#meta_BRAF">
              <bqbiol:is>
                <rdf:Bag>
                  <rdf:li rdf:resource="urn:miriam:kegg.genes:hsa%3A673"/>
                </rdf:Bag>
              </bqbiol:is>
              <bqbiol:isEncodedBy>
                <rdf:Bag>
                  <rdf:li rdf:resource="urn:miriam:entrez.gene:673"/>
                </rdf:Bag>
              </bqbiol:isEncodedBy>
              <bqbiol:hasProperty>
                <rdf:Bag>
                  <rdf:li rdf:resource="urn:miriam:omim:164757"/>
                </rdf:Bag>
              </bqbiol:hasProperty>
              <bqbiol:isEncodedBy>
                <rdf:Bag>
                  <rdf:li rdf:resource="urn:miriam:ensembl:ENSG00000157764"/>
                </rdf:Bag>
              </bqbiol:isEncodedBy>
              <bqbiol:is>
                <rdf:Bag>
                  <rdf:li rdf:resource="urn:miriam:uniprot:P15056"/>
                </rdf:Bag>
              </bqbiol:is>
              <bqbiol:isEncodedBy>
                <rdf:Bag>
                  <rdf:li rdf:resource="urn:miriam:hgnc:HGNC%3A1097"/>
                </rdf:Bag>
              </bqbiol:isEncodedBy>
              <bqbiol:hasProperty>
                <rdf:Bag>
                  <rdf:li rdf:resource="urn:miriam:ec-code:2.7.11.1"/>
                </rdf:Bag>
              </bqbiol:hasProperty>
              <bqbiol:unknownQualifier>
                <rdf:Bag>
                  <rdf:li rdf:resource="urn:miriam:obo.eco:ECO%3A0000313"/>
                </rdf:Bag>
              </bqbiol:unknownQualifier>
            </rdf:Description>
          </rdf:RDF>
        </annotation>
      </species>
      <species id="ULK" initialAmount="1" name="ULK" metaid="meta_ULK" sboTerm="SBO:0000354" substanceUnits="substance" compartment="default">
<notes><body xmlns="http://www.w3.org/1999/xhtml"><a href="http://www.kegg.jp/dbget-bin/www_bget?hsa:25989+hsa:8408+hsa:9706">Original Kegg Entry</a><br/>
<p><b>Description for “ULK1, ATG1, ATG1A, FLJ38455, FLJ46475, UNC51, Unc51.1”:</b> unc-51-like kinase 1 (C. elegans) (EC:2.7.11.1)</p>
<p><b>Description for “ULK2, ATG1B, KIAA0623, Unc51.2”:</b> unc-51-like kinase 2 (C. elegans) (EC:2.7.11.1)</p>
</body></notes>
        <annotation>
          <rdf:RDF xmlns:rdf="http://www.w3.org/1999/02/22-rdf-syntax-ns#" xmlns:bqbiol="http://biomodels.net/biology-qualifiers/">
            <rdf:Description rdf:about="#meta_ULK">
              <bqbiol:hasVersion>
                <rdf:Bag>
                  <rdf:li rdf:resource="urn:miriam:kegg.genes:hsa%3A25989"/>
                  <rdf:li rdf:resource="urn:miriam:kegg.genes:hsa%3A8408"/>
                  <rdf:li rdf:resource="urn:miriam:kegg.genes:hsa%3A9706"/>
                </rdf:Bag>
              </bqbiol:hasVersion>
              <bqbiol:isEncodedBy>
                <rdf:Bag>
                  <rdf:li rdf:resource="urn:miriam:entrez.gene:8408"/>
                  <rdf:li rdf:resource="urn:miriam:entrez.gene:9706"/>
                </rdf:Bag>
              </bqbiol:isEncodedBy>
              <bqbiol:hasProperty>
                <rdf:Bag>
                  <rdf:li rdf:resource="urn:miriam:omim:603168"/>
                  <rdf:li rdf:resource="urn:miriam:omim:608650"/>
                </rdf:Bag>
              </bqbiol:hasProperty>
              <bqbiol:isEncodedBy>
                <rdf:Bag>
                  <rdf:li rdf:resource="urn:miriam:ensembl:ENSG00000177169"/>
                  <rdf:li rdf:resource="urn:miriam:ensembl:ENSG00000083290"/>
                </rdf:Bag>
              </bqbiol:isEncodedBy>
              <bqbiol:hasVersion>
                <rdf:Bag>
                  <rdf:li rdf:resource="urn:miriam:uniprot:O75385"/>
                  <rdf:li rdf:resource="urn:miriam:uniprot:Q8IYT8"/>
                </rdf:Bag>
              </bqbiol:hasVersion>
              <bqbiol:isEncodedBy>
                <rdf:Bag>
                  <rdf:li rdf:resource="urn:miriam:hgnc:HGNC%3A12558"/>
                  <rdf:li rdf:resource="urn:miriam:hgnc:HGNC%3A13480"/>
                </rdf:Bag>
              </bqbiol:isEncodedBy>
              <bqbiol:hasProperty>
                <rdf:Bag>
                  <rdf:li rdf:resource="urn:miriam:ec-code:2.7.11.1"/>
                </rdf:Bag>
              </bqbiol:hasProperty>
              <bqbiol:unknownQualifier>
                <rdf:Bag>
                  <rdf:li rdf:resource="urn:miriam:obo.eco:ECO%3A0000313"/>
                </rdf:Bag>
              </bqbiol:unknownQualifier>
            </rdf:Description>
          </rdf:RDF>
        </annotation>
      </species>
      <species id="EIF4E2" initialAmount="1" name="EIF4E2" metaid="meta_EIF4E2" sboTerm="SBO:0000354" substanceUnits="substance" compartment="default">
<notes><body xmlns="http://www.w3.org/1999/xhtml"><a href="http://www.kegg.jp/dbget-bin/www_bget?hsa:1977+hsa:253314+hsa:9470">Original Kegg Entry</a><br/>
<p><b>Description for “EIF4E2, 4E-LP, 4EHP, EIF4EL3, IF4e”:</b> eukaryotic translation initiation factor 4E family member 2</p>
</body></notes>
        <annotation>
          <rdf:RDF xmlns:rdf="http://www.w3.org/1999/02/22-rdf-syntax-ns#" xmlns:bqbiol="http://biomodels.net/biology-qualifiers/">
            <rdf:Description rdf:about="#meta_EIF4E2">
              <bqbiol:hasVersion>
                <rdf:Bag>
                  <rdf:li rdf:resource="urn:miriam:kegg.genes:hsa%3A1977"/>
                  <rdf:li rdf:resource="urn:miriam:kegg.genes:hsa%3A253314"/>
                  <rdf:li rdf:resource="urn:miriam:kegg.genes:hsa%3A9470"/>
                </rdf:Bag>
              </bqbiol:hasVersion>
              <bqbiol:isEncodedBy>
                <rdf:Bag>
                  <rdf:li rdf:resource="urn:miriam:entrez.gene:9470"/>
                </rdf:Bag>
              </bqbiol:isEncodedBy>
              <bqbiol:hasProperty>
                <rdf:Bag>
                  <rdf:li rdf:resource="urn:miriam:omim:605895"/>
                </rdf:Bag>
              </bqbiol:hasProperty>
              <bqbiol:isEncodedBy>
                <rdf:Bag>
                  <rdf:li rdf:resource="urn:miriam:ensembl:ENSG00000135930"/>
                </rdf:Bag>
              </bqbiol:isEncodedBy>
              <bqbiol:hasVersion>
                <rdf:Bag>
                  <rdf:li rdf:resource="urn:miriam:uniprot:O60573"/>
                  <rdf:li rdf:resource="urn:miriam:uniprot:Q53RG0"/>
                </rdf:Bag>
              </bqbiol:hasVersion>
              <bqbiol:isEncodedBy>
                <rdf:Bag>
                  <rdf:li rdf:resource="urn:miriam:hgnc:HGNC%3A3293"/>
                </rdf:Bag>
              </bqbiol:isEncodedBy>
              <bqbiol:unknownQualifier>
                <rdf:Bag>
                  <rdf:li rdf:resource="urn:miriam:obo.eco:ECO%3A0000313"/>
                </rdf:Bag>
              </bqbiol:unknownQualifier>
            </rdf:Description>
          </rdf:RDF>
        </annotation>
      </species>
      <species id="EIF4EBP1" initialAmount="1" name="EIF4EBP1" metaid="meta_EIF4EBP1" sboTerm="SBO:0000354" substanceUnits="substance" compartment="default">
<notes><body xmlns="http://www.w3.org/1999/xhtml"><a href="http://www.kegg.jp/dbget-bin/www_bget?hsa:1978">Original Kegg Entry</a><br/>
</body></notes>
        <annotation>
          <rdf:RDF xmlns:rdf="http://www.w3.org/1999/02/22-rdf-syntax-ns#" xmlns:bqbiol="http://biomodels.net/biology-qualifiers/">
            <rdf:Description rdf:about="#meta_EIF4EBP1">
              <bqbiol:is>
                <rdf:Bag>
                  <rdf:li rdf:resource="urn:miriam:kegg.genes:hsa%3A1978"/>
                </rdf:Bag>
              </bqbiol:is>
              <bqbiol:unknownQualifier>
                <rdf:Bag>
                  <rdf:li rdf:resource="urn:miriam:obo.eco:ECO%3A0000313"/>
                </rdf:Bag>
              </bqbiol:unknownQualifier>
            </rdf:Description>
          </rdf:RDF>
        </annotation>
      </species>
      <species id="RPS6" initialAmount="1" name="RPS6" metaid="meta_RPS6" sboTerm="SBO:0000354" substanceUnits="substance" compartment="default">
<notes><body xmlns="http://www.w3.org/1999/xhtml"><a href="http://www.kegg.jp/dbget-bin/www_bget?hsa:6194">Original Kegg Entry</a><br/>
<p><b>Description for “RPS6, S6”:</b> ribosomal protein S6</p>
</body></notes>
        <annotation>
          <rdf:RDF xmlns:rdf="http://www.w3.org/1999/02/22-rdf-syntax-ns#" xmlns:bqbiol="http://biomodels.net/biology-qualifiers/">
            <rdf:Description rdf:about="#meta_RPS6">
              <bqbiol:is>
                <rdf:Bag>
                  <rdf:li rdf:resource="urn:miriam:kegg.genes:hsa%3A6194"/>
                </rdf:Bag>
              </bqbiol:is>
              <bqbiol:isEncodedBy>
                <rdf:Bag>
                  <rdf:li rdf:resource="urn:miriam:entrez.gene:6194"/>
                </rdf:Bag>
              </bqbiol:isEncodedBy>
              <bqbiol:hasProperty>
                <rdf:Bag>
                  <rdf:li rdf:resource="urn:miriam:omim:180460"/>
                </rdf:Bag>
              </bqbiol:hasProperty>
              <bqbiol:isEncodedBy>
                <rdf:Bag>
                  <rdf:li rdf:resource="urn:miriam:ensembl:ENSG00000137154"/>
                </rdf:Bag>
              </bqbiol:isEncodedBy>
              <bqbiol:hasVersion>
                <rdf:Bag>
                  <rdf:li rdf:resource="urn:miriam:uniprot:P62753"/>
                  <rdf:li rdf:resource="urn:miriam:uniprot:A2A3R6"/>
                </rdf:Bag>
              </bqbiol:hasVersion>
              <bqbiol:isEncodedBy>
                <rdf:Bag>
                  <rdf:li rdf:resource="urn:miriam:hgnc:HGNC%3A10429"/>
                </rdf:Bag>
              </bqbiol:isEncodedBy>
              <bqbiol:unknownQualifier>
                <rdf:Bag>
                  <rdf:li rdf:resource="urn:miriam:obo.eco:ECO%3A0000313"/>
                </rdf:Bag>
              </bqbiol:unknownQualifier>
            </rdf:Description>
          </rdf:RDF>
        </annotation>
      </species>
      <species id="EIF4B" initialAmount="1" name="EIF4B" metaid="meta_EIF4B" sboTerm="SBO:0000354" substanceUnits="substance" compartment="default">
<notes><body xmlns="http://www.w3.org/1999/xhtml"><a href="http://www.kegg.jp/dbget-bin/www_bget?hsa:1975">Original Kegg Entry</a><br/>
</body></notes>
        <annotation>
          <rdf:RDF xmlns:rdf="http://www.w3.org/1999/02/22-rdf-syntax-ns#" xmlns:bqbiol="http://biomodels.net/biology-qualifiers/">
            <rdf:Description rdf:about="#meta_EIF4B">
              <bqbiol:is>
                <rdf:Bag>
                  <rdf:li rdf:resource="urn:miriam:kegg.genes:hsa%3A1975"/>
                </rdf:Bag>
              </bqbiol:is>
              <bqbiol:unknownQualifier>
                <rdf:Bag>
                  <rdf:li rdf:resource="urn:miriam:obo.eco:ECO%3A0000313"/>
                </rdf:Bag>
              </bqbiol:unknownQualifier>
            </rdf:Description>
          </rdf:RDF>
        </annotation>
      </species>
      <species id="RPS6KB" initialAmount="1" name="RPS6KB" metaid="meta_RPS6KB" sboTerm="SBO:0000354" substanceUnits="substance" compartment="default">
<notes><body xmlns="http://www.w3.org/1999/xhtml"><a href="http://www.kegg.jp/dbget-bin/www_bget?hsa:6198+hsa:6199">Original Kegg Entry</a><br/>
<p><b>Description for “RPS6KB1, PS6K, S6K, S6K1, STK14A, p70(S6K)-alpha, p70-S6K, p70-alpha”:</b> ribosomal protein S6 kinase, 70kDa, polypeptide 1 (EC:2.7.11.1)</p>
<p><b>Description for “RPS6KB2, KLS, P70-beta, P70-beta-1, P70-beta-2, S6K-beta2, S6K2, SRK, STK14B, p70(S6K)-beta, p70S6Kb”:</b> ribosomal protein S6 kinase, 70kDa, polypeptide 2 (EC:2.7.11.1)</p>
</body></notes>
        <annotation>
          <rdf:RDF xmlns:rdf="http://www.w3.org/1999/02/22-rdf-syntax-ns#" xmlns:bqbiol="http://biomodels.net/biology-qualifiers/">
            <rdf:Description rdf:about="#meta_RPS6KB">
              <bqbiol:hasVersion>
                <rdf:Bag>
                  <rdf:li rdf:resource="urn:miriam:kegg.genes:hsa%3A6198"/>
                  <rdf:li rdf:resource="urn:miriam:kegg.genes:hsa%3A6199"/>
                </rdf:Bag>
              </bqbiol:hasVersion>
              <bqbiol:isEncodedBy>
                <rdf:Bag>
                  <rdf:li rdf:resource="urn:miriam:entrez.gene:6198"/>
                  <rdf:li rdf:resource="urn:miriam:entrez.gene:6199"/>
                </rdf:Bag>
              </bqbiol:isEncodedBy>
              <bqbiol:hasProperty>
                <rdf:Bag>
                  <rdf:li rdf:resource="urn:miriam:omim:608938"/>
                  <rdf:li rdf:resource="urn:miriam:omim:608939"/>
                </rdf:Bag>
              </bqbiol:hasProperty>
              <bqbiol:isEncodedBy>
                <rdf:Bag>
                  <rdf:li rdf:resource="urn:miriam:ensembl:ENSG00000108443"/>
                  <rdf:li rdf:resource="urn:miriam:ensembl:ENSG00000175634"/>
                </rdf:Bag>
              </bqbiol:isEncodedBy>
              <bqbiol:hasVersion>
                <rdf:Bag>
                  <rdf:li rdf:resource="urn:miriam:uniprot:P23443"/>
                  <rdf:li rdf:resource="urn:miriam:uniprot:Q9UBS0"/>
                </rdf:Bag>
              </bqbiol:hasVersion>
              <bqbiol:isEncodedBy>
                <rdf:Bag>
                  <rdf:li rdf:resource="urn:miriam:hgnc:HGNC%3A10436"/>
                  <rdf:li rdf:resource="urn:miriam:hgnc:HGNC%3A10437"/>
                </rdf:Bag>
              </bqbiol:isEncodedBy>
              <bqbiol:hasProperty>
                <rdf:Bag>
                  <rdf:li rdf:resource="urn:miriam:ec-code:2.7.11.1"/>
                </rdf:Bag>
              </bqbiol:hasProperty>
              <bqbiol:unknownQualifier>
                <rdf:Bag>
                  <rdf:li rdf:resource="urn:miriam:obo.eco:ECO%3A0000313"/>
                </rdf:Bag>
              </bqbiol:unknownQualifier>
            </rdf:Description>
          </rdf:RDF>
        </annotation>
      </species>
      <species id="VEGF" initialAmount="1" name="VEGF" metaid="meta_VEGF" sboTerm="SBO:0000354" substanceUnits="substance" compartment="default">
<notes><body xmlns="http://www.w3.org/1999/xhtml"><a href="http://www.kegg.jp/dbget-bin/www_bget?hsa:2277+hsa:5228+hsa:7422+hsa:7423+hsa:7424">Original Kegg Entry</a><br/>
<p><b>Description for “VEGFA, MGC70609, MVCD1, VEGF, VPF”:</b> vascular endothelial growth factor A</p>
<p><b>Description for “VEGFB, VEGFL, VRF”:</b> vascular endothelial growth factor B</p>
<p><b>Description for “VEGFC, Flt4-L, VRP”:</b> vascular endothelial growth factor C</p>
</body></notes>
        <annotation>
          <rdf:RDF xmlns:rdf="http://www.w3.org/1999/02/22-rdf-syntax-ns#" xmlns:bqbiol="http://biomodels.net/biology-qualifiers/">
            <rdf:Description rdf:about="#meta_VEGF">
              <bqbiol:hasVersion>
                <rdf:Bag>
                  <rdf:li rdf:resource="urn:miriam:kegg.genes:hsa%3A2277"/>
                  <rdf:li rdf:resource="urn:miriam:kegg.genes:hsa%3A5228"/>
                  <rdf:li rdf:resource="urn:miriam:kegg.genes:hsa%3A7422"/>
                  <rdf:li rdf:resource="urn:miriam:kegg.genes:hsa%3A7423"/>
                  <rdf:li rdf:resource="urn:miriam:kegg.genes:hsa%3A7424"/>
                </rdf:Bag>
              </bqbiol:hasVersion>
              <bqbiol:isEncodedBy>
                <rdf:Bag>
                  <rdf:li rdf:resource="urn:miriam:entrez.gene:7422"/>
                  <rdf:li rdf:resource="urn:miriam:entrez.gene:7423"/>
                  <rdf:li rdf:resource="urn:miriam:entrez.gene:7424"/>
                </rdf:Bag>
              </bqbiol:isEncodedBy>
              <bqbiol:hasProperty>
                <rdf:Bag>
                  <rdf:li rdf:resource="urn:miriam:omim:192240"/>
                  <rdf:li rdf:resource="urn:miriam:omim:601398"/>
                  <rdf:li rdf:resource="urn:miriam:omim:601528"/>
                </rdf:Bag>
              </bqbiol:hasProperty>
              <bqbiol:isEncodedBy>
                <rdf:Bag>
                  <rdf:li rdf:resource="urn:miriam:ensembl:ENSG00000112715"/>
                  <rdf:li rdf:resource="urn:miriam:ensembl:ENSG00000173511"/>
                  <rdf:li rdf:resource="urn:miriam:ensembl:ENSG00000150630"/>
                </rdf:Bag>
              </bqbiol:isEncodedBy>
              <bqbiol:hasVersion>
                <rdf:Bag>
                  <rdf:li rdf:resource="urn:miriam:uniprot:P15692"/>
                  <rdf:li rdf:resource="urn:miriam:uniprot:P49765"/>
                  <rdf:li rdf:resource="urn:miriam:uniprot:Q7LAP4"/>
                  <rdf:li rdf:resource="urn:miriam:uniprot:P49767"/>
                </rdf:Bag>
              </bqbiol:hasVersion>
              <bqbiol:isEncodedBy>
                <rdf:Bag>
                  <rdf:li rdf:resource="urn:miriam:hgnc:HGNC%3A12680"/>
                  <rdf:li rdf:resource="urn:miriam:hgnc:HGNC%3A12681"/>
                  <rdf:li rdf:resource="urn:miriam:hgnc:HGNC%3A12682"/>
                </rdf:Bag>
              </bqbiol:isEncodedBy>
              <bqbiol:unknownQualifier>
                <rdf:Bag>
                  <rdf:li rdf:resource="urn:miriam:obo.eco:ECO%3A0000313"/>
                </rdf:Bag>
              </bqbiol:unknownQualifier>
            </rdf:Description>
          </rdf:RDF>
        </annotation>
      </species>
      <species id="HIF1A" initialAmount="1" name="HIF1A" metaid="meta_HIF1A" sboTerm="SBO:0000354" substanceUnits="substance" compartment="default">
<notes><body xmlns="http://www.w3.org/1999/xhtml"><a href="http://www.kegg.jp/dbget-bin/www_bget?hsa:3091">Original Kegg Entry</a><br/>
</body></notes>
        <annotation>
          <rdf:RDF xmlns:rdf="http://www.w3.org/1999/02/22-rdf-syntax-ns#" xmlns:bqbiol="http://biomodels.net/biology-qualifiers/">
            <rdf:Description rdf:about="#meta_HIF1A">
              <bqbiol:is>
                <rdf:Bag>
                  <rdf:li rdf:resource="urn:miriam:kegg.genes:hsa%3A3091"/>
                </rdf:Bag>
              </bqbiol:is>
              <bqbiol:unknownQualifier>
                <rdf:Bag>
                  <rdf:li rdf:resource="urn:miriam:obo.eco:ECO%3A0000313"/>
                </rdf:Bag>
              </bqbiol:unknownQualifier>
            </rdf:Description>
          </rdf:RDF>
        </annotation>
      </species>
      <species id="RPTOR" initialAmount="1" name="RPTOR" metaid="meta_RPTOR" sboTerm="SBO:0000354" substanceUnits="substance" compartment="default">
<notes><body xmlns="http://www.w3.org/1999/xhtml"><a href="http://www.kegg.jp/dbget-bin/www_bget?hsa:57521">Original Kegg Entry</a><br/>
<p><b>Description for “RPTOR, KIAA1303, KOG1, Mip1”:</b> regulatory associated protein of MTOR, complex 1</p>
</body></notes>
        <annotation>
          <rdf:RDF xmlns:rdf="http://www.w3.org/1999/02/22-rdf-syntax-ns#" xmlns:bqbiol="http://biomodels.net/biology-qualifiers/">
            <rdf:Description rdf:about="#meta_RPTOR">
              <bqbiol:is>
                <rdf:Bag>
                  <rdf:li rdf:resource="urn:miriam:kegg.genes:hsa%3A57521"/>
                </rdf:Bag>
              </bqbiol:is>
              <bqbiol:isEncodedBy>
                <rdf:Bag>
                  <rdf:li rdf:resource="urn:miriam:entrez.gene:57521"/>
                </rdf:Bag>
              </bqbiol:isEncodedBy>
              <bqbiol:hasProperty>
                <rdf:Bag>
                  <rdf:li rdf:resource="urn:miriam:omim:607130"/>
                </rdf:Bag>
              </bqbiol:hasProperty>
              <bqbiol:isEncodedBy>
                <rdf:Bag>
                  <rdf:li rdf:resource="urn:miriam:ensembl:ENSG00000141564"/>
                </rdf:Bag>
              </bqbiol:isEncodedBy>
              <bqbiol:hasVersion>
                <rdf:Bag>
                  <rdf:li rdf:resource="urn:miriam:uniprot:Q8N122"/>
                  <rdf:li rdf:resource="urn:miriam:uniprot:F5H7J5"/>
                  <rdf:li rdf:resource="urn:miriam:uniprot:Q6DKI0"/>
                </rdf:Bag>
              </bqbiol:hasVersion>
              <bqbiol:isEncodedBy>
                <rdf:Bag>
                  <rdf:li rdf:resource="urn:miriam:hgnc:HGNC%3A30287"/>
                </rdf:Bag>
              </bqbiol:isEncodedBy>
              <bqbiol:unknownQualifier>
                <rdf:Bag>
                  <rdf:li rdf:resource="urn:miriam:obo.eco:ECO%3A0000313"/>
                </rdf:Bag>
              </bqbiol:unknownQualifier>
            </rdf:Description>
          </rdf:RDF>
        </annotation>
      </species>
      <species id="MTOR" initialAmount="1" name="MTOR" metaid="meta_MTOR" sboTerm="SBO:0000354" substanceUnits="substance" compartment="default">
<notes><body xmlns="http://www.w3.org/1999/xhtml"><a href="http://www.kegg.jp/dbget-bin/www_bget?hsa:2475">Original Kegg Entry</a><br/>
</body></notes>
        <annotation>
          <rdf:RDF xmlns:rdf="http://www.w3.org/1999/02/22-rdf-syntax-ns#" xmlns:bqbiol="http://biomodels.net/biology-qualifiers/">
            <rdf:Description rdf:about="#meta_MTOR">
              <bqbiol:is>
                <rdf:Bag>
                  <rdf:li rdf:resource="urn:miriam:kegg.genes:hsa%3A2475"/>
                </rdf:Bag>
              </bqbiol:is>
              <bqbiol:unknownQualifier>
                <rdf:Bag>
                  <rdf:li rdf:resource="urn:miriam:obo.eco:ECO%3A0000313"/>
                </rdf:Bag>
              </bqbiol:unknownQualifier>
            </rdf:Description>
          </rdf:RDF>
        </annotation>
      </species>
      <species id="MLST8" initialAmount="1" name="MLST8" metaid="meta_MLST8" sboTerm="SBO:0000354" substanceUnits="substance" compartment="default">
<notes><body xmlns="http://www.w3.org/1999/xhtml"><a href="http://www.kegg.jp/dbget-bin/www_bget?hsa:64223">Original Kegg Entry</a><br/>
</body></notes>
        <annotation>
          <rdf:RDF xmlns:rdf="http://www.w3.org/1999/02/22-rdf-syntax-ns#" xmlns:bqbiol="http://biomodels.net/biology-qualifiers/">
            <rdf:Description rdf:about="#meta_MLST8">
              <bqbiol:is>
                <rdf:Bag>
                  <rdf:li rdf:resource="urn:miriam:kegg.genes:hsa%3A64223"/>
                </rdf:Bag>
              </bqbiol:is>
              <bqbiol:unknownQualifier>
                <rdf:Bag>
                  <rdf:li rdf:resource="urn:miriam:obo.eco:ECO%3A0000313"/>
                </rdf:Bag>
              </bqbiol:unknownQualifier>
            </rdf:Description>
          </rdf:RDF>
        </annotation>
      </species>
      <species id="RICTOR" initialAmount="1" name="RICTOR" metaid="meta_RICTOR" sboTerm="SBO:0000354" substanceUnits="substance" compartment="default">
<notes><body xmlns="http://www.w3.org/1999/xhtml"><a href="http://www.kegg.jp/dbget-bin/www_bget?hsa:253260">Original Kegg Entry</a><br/>
</body></notes>
        <annotation>
          <rdf:RDF xmlns:rdf="http://www.w3.org/1999/02/22-rdf-syntax-ns#" xmlns:bqbiol="http://biomodels.net/biology-qualifiers/">
            <rdf:Description rdf:about="#meta_RICTOR">
              <bqbiol:is>
                <rdf:Bag>
                  <rdf:li rdf:resource="urn:miriam:kegg.genes:hsa%3A253260"/>
                </rdf:Bag>
              </bqbiol:is>
              <bqbiol:unknownQualifier>
                <rdf:Bag>
                  <rdf:li rdf:resource="urn:miriam:obo.eco:ECO%3A0000313"/>
                </rdf:Bag>
              </bqbiol:unknownQualifier>
            </rdf:Description>
          </rdf:RDF>
        </annotation>
      </species>
      <species id="RHEB" initialAmount="1" name="RHEB" metaid="meta_RHEB" sboTerm="SBO:0000354" substanceUnits="substance" compartment="default">
<notes><body xmlns="http://www.w3.org/1999/xhtml"><a href="http://www.kegg.jp/dbget-bin/www_bget?hsa:6009">Original Kegg Entry</a><br/>
</body></notes>
        <annotation>
          <rdf:RDF xmlns:rdf="http://www.w3.org/1999/02/22-rdf-syntax-ns#" xmlns:bqbiol="http://biomodels.net/biology-qualifiers/">
            <rdf:Description rdf:about="#meta_RHEB">
              <bqbiol:is>
                <rdf:Bag>
                  <rdf:li rdf:resource="urn:miriam:kegg.genes:hsa%3A6009"/>
                </rdf:Bag>
              </bqbiol:is>
              <bqbiol:unknownQualifier>
                <rdf:Bag>
                  <rdf:li rdf:resource="urn:miriam:obo.eco:ECO%3A0000313"/>
                </rdf:Bag>
              </bqbiol:unknownQualifier>
            </rdf:Description>
          </rdf:RDF>
        </annotation>
      </species>
      <species id="PRKAA1" initialAmount="1" name="PRKAA1" metaid="meta_PRKAA1" sboTerm="SBO:0000354" substanceUnits="substance" compartment="default">
<notes><body xmlns="http://www.w3.org/1999/xhtml"><a href="http://www.kegg.jp/dbget-bin/www_bget?hsa:5562+hsa:5563">Original Kegg Entry</a><br/>
</body></notes>
        <annotation>
          <rdf:RDF xmlns:rdf="http://www.w3.org/1999/02/22-rdf-syntax-ns#" xmlns:bqbiol="http://biomodels.net/biology-qualifiers/">
            <rdf:Description rdf:about="#meta_PRKAA1">
              <bqbiol:hasVersion>
                <rdf:Bag>
                  <rdf:li rdf:resource="urn:miriam:kegg.genes:hsa%3A5562"/>
                  <rdf:li rdf:resource="urn:miriam:kegg.genes:hsa%3A5563"/>
                </rdf:Bag>
              </bqbiol:hasVersion>
              <bqbiol:unknownQualifier>
                <rdf:Bag>
                  <rdf:li rdf:resource="urn:miriam:obo.eco:ECO%3A0000313"/>
                </rdf:Bag>
              </bqbiol:unknownQualifier>
            </rdf:Description>
          </rdf:RDF>
        </annotation>
      </species>
      <species id="DDIT4" initialAmount="1" name="DDIT4" metaid="meta_DDIT4" sboTerm="SBO:0000354" substanceUnits="substance" compartment="default">
<notes><body xmlns="http://www.w3.org/1999/xhtml"><a href="http://www.kegg.jp/dbget-bin/www_bget?hsa:54541">Original Kegg Entry</a><br/>
</body></notes>
        <annotation>
          <rdf:RDF xmlns:rdf="http://www.w3.org/1999/02/22-rdf-syntax-ns#" xmlns:bqbiol="http://biomodels.net/biology-qualifiers/">
            <rdf:Description rdf:about="#meta_DDIT4">
              <bqbiol:is>
                <rdf:Bag>
                  <rdf:li rdf:resource="urn:miriam:kegg.genes:hsa%3A54541"/>
                </rdf:Bag>
              </bqbiol:is>
              <bqbiol:unknownQualifier>
                <rdf:Bag>
                  <rdf:li rdf:resource="urn:miriam:obo.eco:ECO%3A0000313"/>
                </rdf:Bag>
              </bqbiol:unknownQualifier>
            </rdf:Description>
          </rdf:RDF>
        </annotation>
      </species>
      <species id="TSC2" initialAmount="1" name="TSC2" metaid="meta_TSC2" sboTerm="SBO:0000354" substanceUnits="substance" compartment="default">
<notes><body xmlns="http://www.w3.org/1999/xhtml"><a href="http://www.kegg.jp/dbget-bin/www_bget?hsa:7249">Original Kegg Entry</a><br/>
<p><b>Description for “TSC2, FLJ43106, LAM, TSC4”:</b> tuberous sclerosis 2</p>
</body></notes>
        <annotation>
          <rdf:RDF xmlns:rdf="http://www.w3.org/1999/02/22-rdf-syntax-ns#" xmlns:bqbiol="http://biomodels.net/biology-qualifiers/">
            <rdf:Description rdf:about="#meta_TSC2">
              <bqbiol:is>
                <rdf:Bag>
                  <rdf:li rdf:resource="urn:miriam:kegg.genes:hsa%3A7249"/>
                </rdf:Bag>
              </bqbiol:is>
              <bqbiol:isEncodedBy>
                <rdf:Bag>
                  <rdf:li rdf:resource="urn:miriam:entrez.gene:7249"/>
                </rdf:Bag>
              </bqbiol:isEncodedBy>
              <bqbiol:hasProperty>
                <rdf:Bag>
                  <rdf:li rdf:resource="urn:miriam:omim:191092"/>
                </rdf:Bag>
              </bqbiol:hasProperty>
              <bqbiol:isEncodedBy>
                <rdf:Bag>
                  <rdf:li rdf:resource="urn:miriam:ensembl:ENSG00000103197"/>
                </rdf:Bag>
              </bqbiol:isEncodedBy>
              <bqbiol:is>
                <rdf:Bag>
                  <rdf:li rdf:resource="urn:miriam:uniprot:P49815"/>
                </rdf:Bag>
              </bqbiol:is>
              <bqbiol:isEncodedBy>
                <rdf:Bag>
                  <rdf:li rdf:resource="urn:miriam:hgnc:HGNC%3A12363"/>
                </rdf:Bag>
              </bqbiol:isEncodedBy>
              <bqbiol:unknownQualifier>
                <rdf:Bag>
                  <rdf:li rdf:resource="urn:miriam:obo.eco:ECO%3A0000313"/>
                </rdf:Bag>
              </bqbiol:unknownQualifier>
            </rdf:Description>
          </rdf:RDF>
        </annotation>
      </species>
      <species id="TSC1" initialAmount="1" name="TSC1" metaid="meta_TSC1" sboTerm="SBO:0000354" substanceUnits="substance" compartment="default">
<notes><body xmlns="http://www.w3.org/1999/xhtml"><a href="http://www.kegg.jp/dbget-bin/www_bget?hsa:7248">Original Kegg Entry</a><br/>
</body></notes>
        <annotation>
          <rdf:RDF xmlns:rdf="http://www.w3.org/1999/02/22-rdf-syntax-ns#" xmlns:bqbiol="http://biomodels.net/biology-qualifiers/">
            <rdf:Description rdf:about="#meta_TSC1">
              <bqbiol:is>
                <rdf:Bag>
                  <rdf:li rdf:resource="urn:miriam:kegg.genes:hsa%3A7248"/>
                </rdf:Bag>
              </bqbiol:is>
              <bqbiol:unknownQualifier>
                <rdf:Bag>
                  <rdf:li rdf:resource="urn:miriam:obo.eco:ECO%3A0000313"/>
                </rdf:Bag>
              </bqbiol:unknownQualifier>
            </rdf:Description>
          </rdf:RDF>
        </annotation>
      </species>
      <species id="RPS6KA" initialAmount="1" name="RPS6KA" metaid="meta_RPS6KA" sboTerm="SBO:0000354" substanceUnits="substance" compartment="default">
<notes><body xmlns="http://www.w3.org/1999/xhtml"><a href="http://www.kegg.jp/dbget-bin/www_bget?hsa:27330+hsa:6195+hsa:6196+hsa:6197">Original Kegg Entry</a><br/>
<p><b>Description for “RPS6KA1, HU-1, MAPKAPK1A, RSK, RSK1”:</b> ribosomal protein S6 kinase, 90kDa, polypeptide 1 (EC:2.7.11.1)</p>
<p><b>Description for “RPS6KA2, HU-2, MAPKAPK1C, RSK, RSK3, S6K-alpha, S6K-alpha2, p90-RSK3, pp90RSK3”:</b> ribosomal protein S6 kinase, 90kDa, polypeptide 2 (EC:2.7.11.1)</p>
<p><b>Description for “RPS6KA3, CLS, HU-3, ISPK-1, MAPKAPK1B, MRX19, RSK, RSK2, S6K-alpha3, p90-RSK2, pp90RSK2”:</b> ribosomal protein S6 kinase, 90kDa, polypeptide 3 (EC:2.7.11.1)</p>
</body></notes>
        <annotation>
          <rdf:RDF xmlns:rdf="http://www.w3.org/1999/02/22-rdf-syntax-ns#" xmlns:bqbiol="http://biomodels.net/biology-qualifiers/">
            <rdf:Description rdf:about="#meta_RPS6KA">
              <bqbiol:hasVersion>
                <rdf:Bag>
                  <rdf:li rdf:resource="urn:miriam:kegg.genes:hsa%3A27330"/>
                  <rdf:li rdf:resource="urn:miriam:kegg.genes:hsa%3A6195"/>
                  <rdf:li rdf:resource="urn:miriam:kegg.genes:hsa%3A6196"/>
                  <rdf:li rdf:resource="urn:miriam:kegg.genes:hsa%3A6197"/>
                </rdf:Bag>
              </bqbiol:hasVersion>
              <bqbiol:isEncodedBy>
                <rdf:Bag>
                  <rdf:li rdf:resource="urn:miriam:entrez.gene:6195"/>
                  <rdf:li rdf:resource="urn:miriam:entrez.gene:6196"/>
                  <rdf:li rdf:resource="urn:miriam:entrez.gene:6197"/>
                </rdf:Bag>
              </bqbiol:isEncodedBy>
              <bqbiol:hasProperty>
                <rdf:Bag>
                  <rdf:li rdf:resource="urn:miriam:omim:601684"/>
                  <rdf:li rdf:resource="urn:miriam:omim:601685"/>
                  <rdf:li rdf:resource="urn:miriam:omim:300075"/>
                </rdf:Bag>
              </bqbiol:hasProperty>
              <bqbiol:isEncodedBy>
                <rdf:Bag>
                  <rdf:li rdf:resource="urn:miriam:ensembl:ENSG00000117676"/>
                  <rdf:li rdf:resource="urn:miriam:ensembl:ENSG00000071242"/>
                  <rdf:li rdf:resource="urn:miriam:ensembl:ENSG00000177189"/>
                </rdf:Bag>
              </bqbiol:isEncodedBy>
              <bqbiol:hasVersion>
                <rdf:Bag>
                  <rdf:li rdf:resource="urn:miriam:uniprot:Q15418"/>
                  <rdf:li rdf:resource="urn:miriam:uniprot:Q15349"/>
                  <rdf:li rdf:resource="urn:miriam:uniprot:B3KTK9"/>
                  <rdf:li rdf:resource="urn:miriam:uniprot:E9PFB7"/>
                  <rdf:li rdf:resource="urn:miriam:uniprot:P51812"/>
                </rdf:Bag>
              </bqbiol:hasVersion>
              <bqbiol:isEncodedBy>
                <rdf:Bag>
                  <rdf:li rdf:resource="urn:miriam:hgnc:HGNC%3A10430"/>
                  <rdf:li rdf:resource="urn:miriam:hgnc:HGNC%3A10431"/>
                  <rdf:li rdf:resource="urn:miriam:hgnc:HGNC%3A10432"/>
                </rdf:Bag>
              </bqbiol:isEncodedBy>
              <bqbiol:hasProperty>
                <rdf:Bag>
                  <rdf:li rdf:resource="urn:miriam:ec-code:2.7.11.1"/>
                </rdf:Bag>
              </bqbiol:hasProperty>
              <bqbiol:unknownQualifier>
                <rdf:Bag>
                  <rdf:li rdf:resource="urn:miriam:obo.eco:ECO%3A0000313"/>
                </rdf:Bag>
              </bqbiol:unknownQualifier>
            </rdf:Description>
          </rdf:RDF>
        </annotation>
      </species>
      <species id="MAPK1" initialAmount="1" name="MAPK1" metaid="meta_MAPK1" sboTerm="SBO:0000354" substanceUnits="substance" compartment="default">
<notes><body xmlns="http://www.w3.org/1999/xhtml"><a href="http://www.kegg.jp/dbget-bin/www_bget?hsa:5594+hsa:5595">Original Kegg Entry</a><br/>
</body></notes>
        <annotation>
          <rdf:RDF xmlns:rdf="http://www.w3.org/1999/02/22-rdf-syntax-ns#" xmlns:bqbiol="http://biomodels.net/biology-qualifiers/">
            <rdf:Description rdf:about="#meta_MAPK1">
              <bqbiol:hasVersion>
                <rdf:Bag>
                  <rdf:li rdf:resource="urn:miriam:kegg.genes:hsa%3A5594"/>
                  <rdf:li rdf:resource="urn:miriam:kegg.genes:hsa%3A5595"/>
                </rdf:Bag>
              </bqbiol:hasVersion>
              <bqbiol:unknownQualifier>
                <rdf:Bag>
                  <rdf:li rdf:resource="urn:miriam:obo.eco:ECO%3A0000313"/>
                </rdf:Bag>
              </bqbiol:unknownQualifier>
            </rdf:Description>
          </rdf:RDF>
        </annotation>
      </species>
      <species id="AKT3" initialAmount="1" name="AKT3" metaid="meta_AKT3" sboTerm="SBO:0000354" substanceUnits="substance" compartment="default">
<notes><body xmlns="http://www.w3.org/1999/xhtml"><a href="http://www.kegg.jp/dbget-bin/www_bget?hsa:10000+hsa:207+hsa:208">Original Kegg Entry</a><br/>
<p><b>Description for “AKT3, DKFZp434N0250, PKB-GAMMA, PKBG, PRKBG, RAC-PK-gamma, RAC-gamma, STK-2”:</b> v-akt murine thymoma viral oncogene homolog 3 (protein kinase B, gamma) (EC:2.7.11.1)</p>
</body></notes>
        <annotation>
          <rdf:RDF xmlns:rdf="http://www.w3.org/1999/02/22-rdf-syntax-ns#" xmlns:bqbiol="http://biomodels.net/biology-qualifiers/">
            <rdf:Description rdf:about="#meta_AKT3">
              <bqbiol:hasVersion>
                <rdf:Bag>
                  <rdf:li rdf:resource="urn:miriam:kegg.genes:hsa%3A10000"/>
                  <rdf:li rdf:resource="urn:miriam:kegg.genes:hsa%3A207"/>
                  <rdf:li rdf:resource="urn:miriam:kegg.genes:hsa%3A208"/>
                </rdf:Bag>
              </bqbiol:hasVersion>
              <bqbiol:isEncodedBy>
                <rdf:Bag>
                  <rdf:li rdf:resource="urn:miriam:entrez.gene:10000"/>
                </rdf:Bag>
              </bqbiol:isEncodedBy>
              <bqbiol:hasProperty>
                <rdf:Bag>
                  <rdf:li rdf:resource="urn:miriam:omim:611223"/>
                </rdf:Bag>
              </bqbiol:hasProperty>
              <bqbiol:isEncodedBy>
                <rdf:Bag>
                  <rdf:li rdf:resource="urn:miriam:ensembl:ENSG00000117020"/>
                </rdf:Bag>
              </bqbiol:isEncodedBy>
              <bqbiol:is>
                <rdf:Bag>
                  <rdf:li rdf:resource="urn:miriam:uniprot:Q9Y243"/>
                </rdf:Bag>
              </bqbiol:is>
              <bqbiol:isEncodedBy>
                <rdf:Bag>
                  <rdf:li rdf:resource="urn:miriam:hgnc:HGNC%3A393"/>
                </rdf:Bag>
              </bqbiol:isEncodedBy>
              <bqbiol:hasProperty>
                <rdf:Bag>
                  <rdf:li rdf:resource="urn:miriam:ec-code:2.7.11.1"/>
                </rdf:Bag>
              </bqbiol:hasProperty>
              <bqbiol:unknownQualifier>
                <rdf:Bag>
                  <rdf:li rdf:resource="urn:miriam:obo.eco:ECO%3A0000313"/>
                </rdf:Bag>
              </bqbiol:unknownQualifier>
            </rdf:Description>
          </rdf:RDF>
        </annotation>
      </species>
      <species id="PDPK1" initialAmount="1" name="PDPK1" metaid="meta_PDPK1" sboTerm="SBO:0000354" substanceUnits="substance" compartment="default">
<notes><body xmlns="http://www.w3.org/1999/xhtml"><a href="http://www.kegg.jp/dbget-bin/www_bget?hsa:5170">Original Kegg Entry</a><br/>
<p><b>Description for “PDPK1, MGC20087, MGC35290, PDK1, PRO0461”:</b> 3-phosphoinositide dependent protein kinase-1 (EC:2.7.11.1)</p>
</body></notes>
        <annotation>
          <rdf:RDF xmlns:rdf="http://www.w3.org/1999/02/22-rdf-syntax-ns#" xmlns:bqbiol="http://biomodels.net/biology-qualifiers/">
            <rdf:Description rdf:about="#meta_PDPK1">
              <bqbiol:is>
                <rdf:Bag>
                  <rdf:li rdf:resource="urn:miriam:kegg.genes:hsa%3A5170"/>
                </rdf:Bag>
              </bqbiol:is>
              <bqbiol:isEncodedBy>
                <rdf:Bag>
                  <rdf:li rdf:resource="urn:miriam:entrez.gene:5170"/>
                </rdf:Bag>
              </bqbiol:isEncodedBy>
              <bqbiol:hasProperty>
                <rdf:Bag>
                  <rdf:li rdf:resource="urn:miriam:omim:605213"/>
                </rdf:Bag>
              </bqbiol:hasProperty>
              <bqbiol:isEncodedBy>
                <rdf:Bag>
                  <rdf:li rdf:resource="urn:miriam:ensembl:ENSG00000140992"/>
                </rdf:Bag>
              </bqbiol:isEncodedBy>
              <bqbiol:hasVersion>
                <rdf:Bag>
                  <rdf:li rdf:resource="urn:miriam:uniprot:O15530"/>
                  <rdf:li rdf:resource="urn:miriam:uniprot:Q9BRD5"/>
                </rdf:Bag>
              </bqbiol:hasVersion>
              <bqbiol:isEncodedBy>
                <rdf:Bag>
                  <rdf:li rdf:resource="urn:miriam:hgnc:HGNC%3A8816"/>
                </rdf:Bag>
              </bqbiol:isEncodedBy>
              <bqbiol:hasProperty>
                <rdf:Bag>
                  <rdf:li rdf:resource="urn:miriam:ec-code:2.7.11.1"/>
                </rdf:Bag>
              </bqbiol:hasProperty>
              <bqbiol:unknownQualifier>
                <rdf:Bag>
                  <rdf:li rdf:resource="urn:miriam:obo.eco:ECO%3A0000313"/>
                </rdf:Bag>
              </bqbiol:unknownQualifier>
            </rdf:Description>
          </rdf:RDF>
        </annotation>
      </species>
      <species id="PIK3" initialAmount="1" name="PIK3" metaid="meta_PIK3" sboTerm="SBO:0000354" substanceUnits="substance" compartment="default">
<notes><body xmlns="http://www.w3.org/1999/xhtml"><a href="http://www.kegg.jp/dbget-bin/www_bget?hsa:23533+hsa:5290+hsa:5291+hsa:5293+hsa:5294+hsa:5295+hsa:5296+hsa:8503">Original Kegg Entry</a><br/>
<p><b>Description for “PIK3CB, DKFZp779K1237, MGC133043, P110BETA, PI3K, PI3KBETA, PIK3C1”:</b> phosphoinositide-3-kinase, catalytic, beta polypeptide (EC:2.7.1.153)</p>
<p><b>Description for “PIK3CG, PI3CG, PI3K, PI3Kgamma, PIK3”:</b> phosphoinositide-3-kinase, catalytic, gamma polypeptide (EC:2.7.1.153)</p>
<p><b>Description for “PIK3R3, DKFZp686P05226, FLJ41892, p55, p55-GAMMA”:</b> phosphoinositide-3-kinase, regulatory subunit 3 (gamma)</p>
</body></notes>
        <annotation>
          <rdf:RDF xmlns:rdf="http://www.w3.org/1999/02/22-rdf-syntax-ns#" xmlns:bqbiol="http://biomodels.net/biology-qualifiers/">
            <rdf:Description rdf:about="#meta_PIK3">
              <bqbiol:hasVersion>
                <rdf:Bag>
                  <rdf:li rdf:resource="urn:miriam:kegg.genes:hsa%3A23533"/>
                  <rdf:li rdf:resource="urn:miriam:kegg.genes:hsa%3A5290"/>
                  <rdf:li rdf:resource="urn:miriam:kegg.genes:hsa%3A5291"/>
                  <rdf:li rdf:resource="urn:miriam:kegg.genes:hsa%3A5293"/>
                  <rdf:li rdf:resource="urn:miriam:kegg.genes:hsa%3A5294"/>
                  <rdf:li rdf:resource="urn:miriam:kegg.genes:hsa%3A5295"/>
                  <rdf:li rdf:resource="urn:miriam:kegg.genes:hsa%3A5296"/>
                  <rdf:li rdf:resource="urn:miriam:kegg.genes:hsa%3A8503"/>
                </rdf:Bag>
              </bqbiol:hasVersion>
              <bqbiol:isEncodedBy>
                <rdf:Bag>
                  <rdf:li rdf:resource="urn:miriam:entrez.gene:5291"/>
                  <rdf:li rdf:resource="urn:miriam:entrez.gene:5294"/>
                  <rdf:li rdf:resource="urn:miriam:entrez.gene:8503"/>
                </rdf:Bag>
              </bqbiol:isEncodedBy>
              <bqbiol:hasProperty>
                <rdf:Bag>
                  <rdf:li rdf:resource="urn:miriam:omim:602925"/>
                  <rdf:li rdf:resource="urn:miriam:omim:601232"/>
                  <rdf:li rdf:resource="urn:miriam:omim:606076"/>
                </rdf:Bag>
              </bqbiol:hasProperty>
              <bqbiol:isEncodedBy>
                <rdf:Bag>
                  <rdf:li rdf:resource="urn:miriam:ensembl:ENSG00000051382"/>
                  <rdf:li rdf:resource="urn:miriam:ensembl:ENSG00000105851"/>
                  <rdf:li rdf:resource="urn:miriam:ensembl:ENSG00000117461"/>
                </rdf:Bag>
              </bqbiol:isEncodedBy>
              <bqbiol:hasVersion>
                <rdf:Bag>
                  <rdf:li rdf:resource="urn:miriam:uniprot:P42338"/>
                  <rdf:li rdf:resource="urn:miriam:uniprot:P48736"/>
                  <rdf:li rdf:resource="urn:miriam:uniprot:A4D0Q6"/>
                  <rdf:li rdf:resource="urn:miriam:uniprot:Q92569"/>
                  <rdf:li rdf:resource="urn:miriam:uniprot:Q8N381"/>
                </rdf:Bag>
              </bqbiol:hasVersion>
              <bqbiol:isEncodedBy>
                <rdf:Bag>
                  <rdf:li rdf:resource="urn:miriam:hgnc:HGNC%3A8976"/>
                  <rdf:li rdf:resource="urn:miriam:hgnc:HGNC%3A8978"/>
                  <rdf:li rdf:resource="urn:miriam:hgnc:HGNC%3A8981"/>
                </rdf:Bag>
              </bqbiol:isEncodedBy>
              <bqbiol:hasProperty>
                <rdf:Bag>
                  <rdf:li rdf:resource="urn:miriam:ec-code:2.7.1.153"/>
                </rdf:Bag>
              </bqbiol:hasProperty>
              <bqbiol:unknownQualifier>
                <rdf:Bag>
                  <rdf:li rdf:resource="urn:miriam:obo.eco:ECO%3A0000313"/>
                </rdf:Bag>
              </bqbiol:unknownQualifier>
            </rdf:Description>
          </rdf:RDF>
        </annotation>
      </species>
      <species id="MAPK_signaling_pathway" initialAmount="1" name="MAPK signaling pathway" metaid="meta_MAPK_signaling_pathway" sboTerm="SBO:0000552" substanceUnits="substance" compartment="default">
<notes><body xmlns="http://www.w3.org/1999/xhtml"><a href="http://www.kegg.jp/dbget-bin/www_bget?hsa04010">Original Kegg Entry</a><br/>
<p><b>MAPK signaling pathway - Homo sapiens (human)</b></p>
<img src="http://www.kegg.jp/kegg/misc/thumbnail/map04010.gif"/><br/>
</body></notes>
        <annotation>
          <rdf:RDF xmlns:rdf="http://www.w3.org/1999/02/22-rdf-syntax-ns#" xmlns:bqbiol="http://biomodels.net/biology-qualifiers/">
            <rdf:Description rdf:about="#meta_MAPK_signaling_pathway">
              <bqbiol:is>
                <rdf:Bag>
                  <rdf:li rdf:resource="urn:miriam:kegg.pathway:hsa04010"/>
                </rdf:Bag>
              </bqbiol:is>
              <bqbiol:unknownQualifier>
                <rdf:Bag>
                  <rdf:li rdf:resource="urn:miriam:obo.eco:ECO%3A0000313"/>
                </rdf:Bag>
              </bqbiol:unknownQualifier>
            </rdf:Description>
          </rdf:RDF>
        </annotation>
      </species>
      <species id="Insulin_signaling_pathway" initialAmount="1" name="Insulin signaling pathway" metaid="meta_Insulin_signaling_pathway" sboTerm="SBO:0000552" substanceUnits="substance" compartment="default">
<notes><body xmlns="http://www.w3.org/1999/xhtml"><a href="http://www.kegg.jp/dbget-bin/www_bget?hsa04910">Original Kegg Entry</a><br/>
<p><b>Insulin signaling pathway - Homo sapiens (human)</b></p>
<img src="http://www.kegg.jp/kegg/misc/thumbnail/map04910.gif"/><br/>
</body></notes>
        <annotation>
          <rdf:RDF xmlns:rdf="http://www.w3.org/1999/02/22-rdf-syntax-ns#" xmlns:bqbiol="http://biomodels.net/biology-qualifiers/">
            <rdf:Description rdf:about="#meta_Insulin_signaling_pathway">
              <bqbiol:is>
                <rdf:Bag>
                  <rdf:li rdf:resource="urn:miriam:kegg.pathway:hsa04910"/>
                </rdf:Bag>
              </bqbiol:is>
              <bqbiol:unknownQualifier>
                <rdf:Bag>
                  <rdf:li rdf:resource="urn:miriam:obo.eco:ECO%3A0000313"/>
                </rdf:Bag>
              </bqbiol:unknownQualifier>
            </rdf:Description>
          </rdf:RDF>
        </annotation>
      </species>
      <species id="IGF1" initialAmount="1" name="IGF1" metaid="meta_IGF1" sboTerm="SBO:0000354" substanceUnits="substance" compartment="default">
<notes><body xmlns="http://www.w3.org/1999/xhtml"><a href="http://www.kegg.jp/dbget-bin/www_bget?hsa:3479+hsa:3630">Original Kegg Entry</a><br/>
</body></notes>
        <annotation>
          <rdf:RDF xmlns:rdf="http://www.w3.org/1999/02/22-rdf-syntax-ns#" xmlns:bqbiol="http://biomodels.net/biology-qualifiers/">
            <rdf:Description rdf:about="#meta_IGF1">
              <bqbiol:hasVersion>
                <rdf:Bag>
                  <rdf:li rdf:resource="urn:miriam:kegg.genes:hsa%3A3479"/>
                  <rdf:li rdf:resource="urn:miriam:kegg.genes:hsa%3A3630"/>
                </rdf:Bag>
              </bqbiol:hasVersion>
              <bqbiol:unknownQualifier>
                <rdf:Bag>
                  <rdf:li rdf:resource="urn:miriam:obo.eco:ECO%3A0000313"/>
                </rdf:Bag>
              </bqbiol:unknownQualifier>
            </rdf:Description>
          </rdf:RDF>
        </annotation>
      </species>
    </listOfSpecies>
  </model>
</sbml>