<?xml version='1.0' encoding='UTF-8' standalone='no'?>
<!-- Created by KEGGtranslator version 1.2.0 on 2011-11-09 19:35 with jsbml version 0.8-rc1. -->
<sbml xmlns="http://www.sbml.org/sbml/level2/version4" level="2" version="4">
  <model id="path_hsa00785" name="Lipoic acid metabolism" metaid="meta_path_hsa00785">
<notes><body xmlns="http://www.w3.org/1999/xhtml"><h1>Model of “Lipoic acid metabolism” in “Homo sapiens (human)”</h1>
<a href="http://www.genome.jp/kegg/pathway/hsa/hsa00785.png"><img src="http://www.genome.jp/kegg/pathway/hsa/hsa00785.png" alt="http://www.genome.jp/kegg-bin/show_pathway?hsa00785"/></a><br/>
<a href="http://www.genome.jp/kegg-bin/show_pathway?hsa00785">Original Entry</a><br/>
<p>KGML comment: “Creation date: Oct 1, 2009 10:13:56 +0900 (JST)”<br/>
KGML version was: 0.71<br/>
</p><div align="right"><i><small>This file has been generated by KEGGtranslator version 1.2.0</small></i></div><br/>
</body></notes>
    <annotation>
      <rdf:RDF xmlns:rdf="http://www.w3.org/1999/02/22-rdf-syntax-ns#" xmlns:bqmodel="http://biomodels.net/model-qualifiers/" xmlns:bqbiol="http://biomodels.net/biology-qualifiers/">
        <rdf:Description rdf:about="#meta_path_hsa00785">
          <creator>
            <rdf:Bag>
              <rdf:li rdf:parseType="Resource">                <ORG rdf:parseType="Resource">
                  <Orgname>ZBIT, University of Tübingen, WSI-CogSys</Orgname>
                </ORG>
              </rdf:li>
            </rdf:Bag>
          </creator>
          <created rdf:parseType="Resource">
            <W3CDTF>2011-11-09T18:35:03Z</W3CDTF>
          </created>
          <modified rdf:parseType="Resource">
            <W3CDTF>2011-11-09T18:35:03Z</W3CDTF>
          </modified>
          <modified rdf:parseType="Resource">
            <W3CDTF>2011-11-09T18:35:03Z</W3CDTF>
          </modified>
          <bqmodel:is>
            <rdf:Bag>
              <rdf:li rdf:resource="urn:miriam:kegg.pathway:hsa00785"/>
            </rdf:Bag>
          </bqmodel:is>
          <bqbiol:occursIn>
            <rdf:Bag>
              <rdf:li rdf:resource="urn:miriam:taxonomy:9606"/>
            </rdf:Bag>
          </bqbiol:occursIn>
          <bqbiol:isDescribedBy>
            <rdf:Bag>
              <rdf:li rdf:resource="urn:miriam:obo.go:GO:0000273"/>
            </rdf:Bag>
          </bqbiol:isDescribedBy>
        </rdf:Description>
      </rdf:RDF>
    </annotation>
      <listOfCompartments>
      <compartment id="default" name="Lipoic acid metabolism" units="volume" size="1"/>
    </listOfCompartments>
    <listOfSpecies>
      <species id="LIAS" initialAmount="1" name="LIAS" metaid="meta_LIAS" sboTerm="SBO:0000354" substanceUnits="substance" compartment="default">
<notes><body xmlns="http://www.w3.org/1999/xhtml"><a href="http://www.kegg.jp/dbget-bin/www_bget?hsa:11019">Original Kegg Entry</a><br/>
<p><b>Description for “LIAS, LAS, LIP1, LS, MGC23245”:</b> lipoic acid synthetase (EC:2.8.1.8)</p>
</body></notes>
        <annotation>
          <rdf:RDF xmlns:rdf="http://www.w3.org/1999/02/22-rdf-syntax-ns#" xmlns:bqbiol="http://biomodels.net/biology-qualifiers/">
            <rdf:Description rdf:about="#meta_LIAS">
              <bqbiol:is>
                <rdf:Bag>
                  <rdf:li rdf:resource="urn:miriam:kegg.genes:hsa%3A11019"/>
                </rdf:Bag>
              </bqbiol:is>
              <bqbiol:isEncodedBy>
                <rdf:Bag>
                  <rdf:li rdf:resource="urn:miriam:entrez.gene:11019"/>
                </rdf:Bag>
              </bqbiol:isEncodedBy>
              <bqbiol:hasProperty>
                <rdf:Bag>
                  <rdf:li rdf:resource="urn:miriam:omim:607031"/>
                </rdf:Bag>
              </bqbiol:hasProperty>
              <bqbiol:isEncodedBy>
                <rdf:Bag>
                  <rdf:li rdf:resource="urn:miriam:ensembl:ENSG00000121897"/>
                </rdf:Bag>
              </bqbiol:isEncodedBy>
              <bqbiol:is>
                <rdf:Bag>
                  <rdf:li rdf:resource="urn:miriam:uniprot:O43766"/>
                </rdf:Bag>
              </bqbiol:is>
              <bqbiol:isEncodedBy>
                <rdf:Bag>
                  <rdf:li rdf:resource="urn:miriam:hgnc:HGNC%3A16429"/>
                </rdf:Bag>
              </bqbiol:isEncodedBy>
              <bqbiol:occursIn>
                <rdf:Bag>
                  <rdf:li rdf:resource="urn:miriam:kegg.reaction:R07768"/>
                </rdf:Bag>
              </bqbiol:occursIn>
              <bqbiol:hasProperty>
                <rdf:Bag>
                  <rdf:li rdf:resource="urn:miriam:ec-code:2.8.1.8"/>
                </rdf:Bag>
              </bqbiol:hasProperty>
              <bqbiol:unknownQualifier>
                <rdf:Bag>
                  <rdf:li rdf:resource="urn:miriam:obo.eco:ECO%3A0000313"/>
                </rdf:Bag>
              </bqbiol:unknownQualifier>
            </rdf:Description>
          </rdf:RDF>
        </annotation>
      </species>
      <species id="LIPT2" initialAmount="1" name="LIPT2" metaid="meta_LIPT2" sboTerm="SBO:0000354" substanceUnits="substance" compartment="default">
<notes><body xmlns="http://www.w3.org/1999/xhtml"><a href="http://www.kegg.jp/dbget-bin/www_bget?hsa:387787">Original Kegg Entry</a><br/>
<p><b>Description for “LIPT2”:</b> lipoyl(octanoyl) transferase 2 (putative) (EC:2.3.1.181)</p>
</body></notes>
        <annotation>
          <rdf:RDF xmlns:rdf="http://www.w3.org/1999/02/22-rdf-syntax-ns#" xmlns:bqbiol="http://biomodels.net/biology-qualifiers/">
            <rdf:Description rdf:about="#meta_LIPT2">
              <bqbiol:is>
                <rdf:Bag>
                  <rdf:li rdf:resource="urn:miriam:kegg.genes:hsa%3A387787"/>
                </rdf:Bag>
              </bqbiol:is>
              <bqbiol:isEncodedBy>
                <rdf:Bag>
                  <rdf:li rdf:resource="urn:miriam:entrez.gene:387787"/>
                </rdf:Bag>
              </bqbiol:isEncodedBy>
              <bqbiol:isEncodedBy>
                <rdf:Bag>
                  <rdf:li rdf:resource="urn:miriam:ensembl:ENSG00000175536"/>
                </rdf:Bag>
              </bqbiol:isEncodedBy>
              <bqbiol:is>
                <rdf:Bag>
                  <rdf:li rdf:resource="urn:miriam:uniprot:A6NK58"/>
                </rdf:Bag>
              </bqbiol:is>
              <bqbiol:isEncodedBy>
                <rdf:Bag>
                  <rdf:li rdf:resource="urn:miriam:hgnc:HGNC%3A37216"/>
                </rdf:Bag>
              </bqbiol:isEncodedBy>
              <bqbiol:occursIn>
                <rdf:Bag>
                  <rdf:li rdf:resource="urn:miriam:kegg.reaction:R07769"/>
                </rdf:Bag>
              </bqbiol:occursIn>
              <bqbiol:hasProperty>
                <rdf:Bag>
                  <rdf:li rdf:resource="urn:miriam:ec-code:2.3.1.181"/>
                </rdf:Bag>
              </bqbiol:hasProperty>
              <bqbiol:unknownQualifier>
                <rdf:Bag>
                  <rdf:li rdf:resource="urn:miriam:obo.eco:ECO%3A0000313"/>
                </rdf:Bag>
              </bqbiol:unknownQualifier>
            </rdf:Description>
          </rdf:RDF>
        </annotation>
      </species>
      <species id="C8H13OS3R" initialAmount="1" name="C8H13OS3R" metaid="meta_C8H13OS3R" sboTerm="SBO:0000247" substanceUnits="substance" compartment="default">
<notes><body xmlns="http://www.w3.org/1999/xhtml"><a href="http://www.kegg.jp/dbget-bin/www_bget?C16239">Original Kegg Entry</a><br/>
<p><b>Lipoyl-ACP</b></p>
<p><b>All given names:</b><br/>Lipoyl-[acp]<br/>Lipoyl-[acyl carrier protein]<br/>Lipoyl-ACP</p>
<p><b>Formula:</b> C8H13OS3R</p>
<img src="http://www.kegg.jp/Fig/compound/C16239.gif"/><br/>
</body></notes>
        <annotation>
          <rdf:RDF xmlns:rdf="http://www.w3.org/1999/02/22-rdf-syntax-ns#" xmlns:bqbiol="http://biomodels.net/biology-qualifiers/">
            <rdf:Description rdf:about="#meta_C8H13OS3R">
              <bqbiol:is>
                <rdf:Bag>
                  <rdf:li rdf:resource="urn:miriam:kegg.compound:C16239"/>
                </rdf:Bag>
              </bqbiol:is>
              <bqbiol:occursIn>
                <rdf:Bag>
                  <rdf:li rdf:resource="urn:miriam:kegg.reaction:R07768"/>
                  <rdf:li rdf:resource="urn:miriam:kegg.reaction:R07769"/>
                </rdf:Bag>
              </bqbiol:occursIn>
              <bqbiol:unknownQualifier>
                <rdf:Bag>
                  <rdf:li rdf:resource="urn:miriam:obo.eco:ECO%3A0000313"/>
                </rdf:Bag>
              </bqbiol:unknownQualifier>
            </rdf:Description>
          </rdf:RDF>
        </annotation>
      </species>
      <species id="lplA" initialAmount="1" name="lplA" metaid="meta_lplA" sboTerm="SBO:0000354" substanceUnits="substance" compartment="default">
<notes><body xmlns="http://www.w3.org/1999/xhtml"><a href="http://www.kegg.jp/dbget-bin/www_bget?K03800">Original Kegg Entry</a><br/>
<p><b>Description for “lplA”:</b> lipoate-protein ligase A [EC:2.7.7.63]</p>
</body></notes>
        <annotation>
          <rdf:RDF xmlns:rdf="http://www.w3.org/1999/02/22-rdf-syntax-ns#" xmlns:bqbiol="http://biomodels.net/biology-qualifiers/">
            <rdf:Description rdf:about="#meta_lplA">
              <bqbiol:is>
                <rdf:Bag>
                  <rdf:li rdf:resource="urn:miriam:kegg.orthology:K03800"/>
                </rdf:Bag>
              </bqbiol:is>
              <bqbiol:isEncodedBy>
                <rdf:Bag>
                  <rdf:li rdf:resource="urn:miriam:entrez.gene:510857"/>
                </rdf:Bag>
              </bqbiol:isEncodedBy>
              <bqbiol:occursIn>
                <rdf:Bag>
                  <rdf:li rdf:resource="urn:miriam:kegg.reaction:R07771"/>
                </rdf:Bag>
              </bqbiol:occursIn>
              <bqbiol:hasProperty>
                <rdf:Bag>
                  <rdf:li rdf:resource="urn:miriam:ec-code:2.7.7.63"/>
                </rdf:Bag>
              </bqbiol:hasProperty>
              <bqbiol:unknownQualifier>
                <rdf:Bag>
                  <rdf:li rdf:resource="urn:miriam:obo.eco:ECO%3A0000313"/>
                </rdf:Bag>
              </bqbiol:unknownQualifier>
            </rdf:Description>
          </rdf:RDF>
        </annotation>
      </species>
      <species id="Fatty_acid_biosynthesis" initialAmount="1" name="Fatty acid biosynthesis" metaid="meta_Fatty_acid_biosynthesis" sboTerm="SBO:0000552" substanceUnits="substance" compartment="default">
<notes><body xmlns="http://www.w3.org/1999/xhtml"><a href="http://www.kegg.jp/dbget-bin/www_bget?hsa00061">Original Kegg Entry</a><br/>
<p><b>Fatty acid biosynthesis - Homo sapiens (human)</b></p>
<img src="http://www.kegg.jp/kegg/misc/thumbnail/map00061.gif"/><br/>
</body></notes>
        <annotation>
          <rdf:RDF xmlns:rdf="http://www.w3.org/1999/02/22-rdf-syntax-ns#" xmlns:bqbiol="http://biomodels.net/biology-qualifiers/">
            <rdf:Description rdf:about="#meta_Fatty_acid_biosynthesis">
              <bqbiol:is>
                <rdf:Bag>
                  <rdf:li rdf:resource="urn:miriam:kegg.pathway:hsa00061"/>
                </rdf:Bag>
              </bqbiol:is>
              <bqbiol:unknownQualifier>
                <rdf:Bag>
                  <rdf:li rdf:resource="urn:miriam:obo.eco:ECO%3A0000313"/>
                </rdf:Bag>
              </bqbiol:unknownQualifier>
            </rdf:Description>
          </rdf:RDF>
        </annotation>
      </species>
      <species id="LIPT1" initialAmount="1" name="LIPT1" metaid="meta_LIPT1" sboTerm="SBO:0000354" substanceUnits="substance" compartment="default">
<notes><body xmlns="http://www.w3.org/1999/xhtml"><a href="http://www.kegg.jp/dbget-bin/www_bget?hsa:51601">Original Kegg Entry</a><br/>
<p><b>Description for “LIPT1, MGC12290, MGC13378”:</b> lipoyltransferase 1 (EC:2.3.1.181)</p>
</body></notes>
        <annotation>
          <rdf:RDF xmlns:rdf="http://www.w3.org/1999/02/22-rdf-syntax-ns#" xmlns:bqbiol="http://biomodels.net/biology-qualifiers/">
            <rdf:Description rdf:about="#meta_LIPT1">
              <bqbiol:is>
                <rdf:Bag>
                  <rdf:li rdf:resource="urn:miriam:kegg.genes:hsa%3A51601"/>
                </rdf:Bag>
              </bqbiol:is>
              <bqbiol:isEncodedBy>
                <rdf:Bag>
                  <rdf:li rdf:resource="urn:miriam:entrez.gene:51601"/>
                </rdf:Bag>
              </bqbiol:isEncodedBy>
              <bqbiol:hasProperty>
                <rdf:Bag>
                  <rdf:li rdf:resource="urn:miriam:omim:610284"/>
                </rdf:Bag>
              </bqbiol:hasProperty>
              <bqbiol:isEncodedBy>
                <rdf:Bag>
                  <rdf:li rdf:resource="urn:miriam:ensembl:ENSG00000144182"/>
                </rdf:Bag>
              </bqbiol:isEncodedBy>
              <bqbiol:is>
                <rdf:Bag>
                  <rdf:li rdf:resource="urn:miriam:uniprot:Q9Y234"/>
                </rdf:Bag>
              </bqbiol:is>
              <bqbiol:isEncodedBy>
                <rdf:Bag>
                  <rdf:li rdf:resource="urn:miriam:hgnc:HGNC%3A29569"/>
                </rdf:Bag>
              </bqbiol:isEncodedBy>
              <bqbiol:occursIn>
                <rdf:Bag>
                  <rdf:li rdf:resource="urn:miriam:kegg.reaction:R07771"/>
                </rdf:Bag>
              </bqbiol:occursIn>
              <bqbiol:hasProperty>
                <rdf:Bag>
                  <rdf:li rdf:resource="urn:miriam:ec-code:2.3.1.181"/>
                </rdf:Bag>
              </bqbiol:hasProperty>
              <bqbiol:unknownQualifier>
                <rdf:Bag>
                  <rdf:li rdf:resource="urn:miriam:obo.eco:ECO%3A0000313"/>
                </rdf:Bag>
              </bqbiol:unknownQualifier>
            </rdf:Description>
          </rdf:RDF>
        </annotation>
      </species>
      <species id="C8H15OSR" initialAmount="1" name="C8H15OSR" metaid="meta_C8H15OSR" sboTerm="SBO:0000247" substanceUnits="substance" compartment="default">
<notes><body xmlns="http://www.w3.org/1999/xhtml"><a href="http://www.kegg.jp/dbget-bin/www_bget?C05752">Original Kegg Entry</a><br/>
<p><b>Octanoyl-[acyl-carrier protein]</b></p>
<p><b>All given names:</b><br/>Octanoyl-[acp]<br/>Octanoyl-[acyl-carrier protein]</p>
<p><b>Formula:</b> C8H15OSR</p>
<img src="http://www.kegg.jp/Fig/compound/C05752.gif"/><br/>
</body></notes>
        <annotation>
          <rdf:RDF xmlns:rdf="http://www.w3.org/1999/02/22-rdf-syntax-ns#" xmlns:bqbiol="http://biomodels.net/biology-qualifiers/">
            <rdf:Description rdf:about="#meta_C8H15OSR">
              <bqbiol:is>
                <rdf:Bag>
                  <rdf:li rdf:resource="urn:miriam:kegg.compound:C05752"/>
                </rdf:Bag>
              </bqbiol:is>
              <bqbiol:is>
                <rdf:Bag>
                  <rdf:li rdf:resource="urn:miriam:obo.chebi:CHEBI%3A7725"/>
                </rdf:Bag>
              </bqbiol:is>
              <bqbiol:occursIn>
                <rdf:Bag>
                  <rdf:li rdf:resource="urn:miriam:kegg.reaction:R07766"/>
                  <rdf:li rdf:resource="urn:miriam:kegg.reaction:R07768"/>
                </rdf:Bag>
              </bqbiol:occursIn>
              <bqbiol:unknownQualifier>
                <rdf:Bag>
                  <rdf:li rdf:resource="urn:miriam:obo.eco:ECO%3A0000313"/>
                </rdf:Bag>
              </bqbiol:unknownQualifier>
            </rdf:Description>
          </rdf:RDF>
        </annotation>
      </species>
      <species id="C8H14O2S2" initialAmount="1" name="C8H14O2S2" metaid="meta_C8H14O2S2" sboTerm="SBO:0000247" substanceUnits="substance" compartment="default">
<notes><body xmlns="http://www.w3.org/1999/xhtml"><a href="http://www.kegg.jp/dbget-bin/www_bget?C00725">Original Kegg Entry</a><br/>
<p><b>Thioctic acid</b></p>
<p><b>All given names:</b><br/>Lipoate<br/>Lipoic acid<br/>alpha-Lipoic acid<br/>Thioctic acid</p>
<p><b>Formula:</b> C8H14O2S2</p>
<img src="http://www.kegg.jp/Fig/compound/C00725.gif"/><br/>
</body></notes>
        <annotation>
          <rdf:RDF xmlns:rdf="http://www.w3.org/1999/02/22-rdf-syntax-ns#" xmlns:bqbiol="http://biomodels.net/biology-qualifiers/">
            <rdf:Description rdf:about="#meta_C8H14O2S2">
              <bqbiol:is>
                <rdf:Bag>
                  <rdf:li rdf:resource="urn:miriam:kegg.compound:C00725"/>
                </rdf:Bag>
              </bqbiol:is>
              <bqbiol:is>
                <rdf:Bag>
                  <rdf:li rdf:resource="urn:miriam:obo.chebi:CHEBI%3A30314"/>
                </rdf:Bag>
              </bqbiol:is>
              <bqbiol:hasProperty>
                <rdf:Bag>
                  <rdf:li rdf:resource="urn:miriam:pubchem.substance:3990"/>
                </rdf:Bag>
              </bqbiol:hasProperty>
              <bqbiol:hasProperty>
                <rdf:Bag>
                  <rdf:li rdf:resource="urn:miriam:3dmet:B00160"/>
                </rdf:Bag>
              </bqbiol:hasProperty>
              <bqbiol:unknownQualifier>
                <rdf:Bag>
                  <rdf:li rdf:resource="urn:miriam:obo.eco:ECO%3A0000313"/>
                </rdf:Bag>
              </bqbiol:unknownQualifier>
            </rdf:Description>
          </rdf:RDF>
        </annotation>
      </species>
      <species id="C18H26N5O8PS2" initialAmount="1" name="C18H26N5O8PS2" metaid="meta_C18H26N5O8PS2" sboTerm="SBO:0000247" substanceUnits="substance" compartment="default">
<notes><body xmlns="http://www.w3.org/1999/xhtml"><a href="http://www.kegg.jp/dbget-bin/www_bget?C16238">Original Kegg Entry</a><br/>
<p><b>Lipoyl-AMP</b></p>
<p><b>Formula:</b> C18H26N5O8PS2</p>
<img src="http://www.kegg.jp/Fig/compound/C16238.gif"/><br/>
</body></notes>
        <annotation>
          <rdf:RDF xmlns:rdf="http://www.w3.org/1999/02/22-rdf-syntax-ns#" xmlns:bqbiol="http://biomodels.net/biology-qualifiers/">
            <rdf:Description rdf:about="#meta_C18H26N5O8PS2">
              <bqbiol:is>
                <rdf:Bag>
                  <rdf:li rdf:resource="urn:miriam:kegg.compound:C16238"/>
                </rdf:Bag>
              </bqbiol:is>
              <bqbiol:is>
                <rdf:Bag>
                  <rdf:li rdf:resource="urn:miriam:obo.chebi:CHEBI%3A55451"/>
                </rdf:Bag>
              </bqbiol:is>
              <bqbiol:occursIn>
                <rdf:Bag>
                  <rdf:li rdf:resource="urn:miriam:kegg.reaction:R07771"/>
                </rdf:Bag>
              </bqbiol:occursIn>
              <bqbiol:unknownQualifier>
                <rdf:Bag>
                  <rdf:li rdf:resource="urn:miriam:obo.eco:ECO%3A0000313"/>
                </rdf:Bag>
              </bqbiol:unknownQualifier>
            </rdf:Description>
          </rdf:RDF>
        </annotation>
      </species>
      <species id="C8H16NOR" initialAmount="1" name="C8H16NOR" metaid="meta_C8H16NOR" sboTerm="SBO:0000247" substanceUnits="substance" compartment="default">
<notes><body xmlns="http://www.w3.org/1999/xhtml"><a href="http://www.kegg.jp/dbget-bin/www_bget?C16236">Original Kegg Entry</a><br/>
<p><b>Protein N6-(octanoyl)lysine</b></p>
<p><b>Formula:</b> C8H16NOR</p>
<img src="http://www.kegg.jp/Fig/compound/C16236.gif"/><br/>
</body></notes>
        <annotation>
          <rdf:RDF xmlns:rdf="http://www.w3.org/1999/02/22-rdf-syntax-ns#" xmlns:bqbiol="http://biomodels.net/biology-qualifiers/">
            <rdf:Description rdf:about="#meta_C8H16NOR">
              <bqbiol:is>
                <rdf:Bag>
                  <rdf:li rdf:resource="urn:miriam:kegg.compound:C16236"/>
                </rdf:Bag>
              </bqbiol:is>
              <bqbiol:occursIn>
                <rdf:Bag>
                  <rdf:li rdf:resource="urn:miriam:kegg.reaction:R07767"/>
                  <rdf:li rdf:resource="urn:miriam:kegg.reaction:R07766"/>
                </rdf:Bag>
              </bqbiol:occursIn>
              <bqbiol:unknownQualifier>
                <rdf:Bag>
                  <rdf:li rdf:resource="urn:miriam:obo.eco:ECO%3A0000313"/>
                </rdf:Bag>
              </bqbiol:unknownQualifier>
            </rdf:Description>
          </rdf:RDF>
        </annotation>
      </species>
      <species id="C8H14NOS2R" initialAmount="1" name="C8H14NOS2R" metaid="meta_C8H14NOS2R" sboTerm="SBO:0000247" substanceUnits="substance" compartment="default">
<notes><body xmlns="http://www.w3.org/1999/xhtml"><a href="http://www.kegg.jp/dbget-bin/www_bget?C16237">Original Kegg Entry</a><br/>
<p><b>Protein N6-(lipoyl)lysine</b></p>
<p><b>Formula:</b> C8H14NOS2R</p>
<img src="http://www.kegg.jp/Fig/compound/C16237.gif"/><br/>
</body></notes>
        <annotation>
          <rdf:RDF xmlns:rdf="http://www.w3.org/1999/02/22-rdf-syntax-ns#" xmlns:bqbiol="http://biomodels.net/biology-qualifiers/">
            <rdf:Description rdf:about="#meta_C8H14NOS2R">
              <bqbiol:is>
                <rdf:Bag>
                  <rdf:li rdf:resource="urn:miriam:kegg.compound:C16237"/>
                </rdf:Bag>
              </bqbiol:is>
              <bqbiol:occursIn>
                <rdf:Bag>
                  <rdf:li rdf:resource="urn:miriam:kegg.reaction:R07767"/>
                  <rdf:li rdf:resource="urn:miriam:kegg.reaction:R07771"/>
                  <rdf:li rdf:resource="urn:miriam:kegg.reaction:R07769"/>
                </rdf:Bag>
              </bqbiol:occursIn>
              <bqbiol:unknownQualifier>
                <rdf:Bag>
                  <rdf:li rdf:resource="urn:miriam:obo.eco:ECO%3A0000313"/>
                </rdf:Bag>
              </bqbiol:unknownQualifier>
            </rdf:Description>
          </rdf:RDF>
        </annotation>
      </species>
      <species id="Sdonor" initialAmount="1" name="S-donor" metaid="meta_Sdonor" sboTerm="SBO:0000247" substanceUnits="substance" compartment="default">
<notes><body xmlns="http://www.w3.org/1999/xhtml"><a href="http://www.kegg.jp/dbget-bin/www_bget?cpd:C17023">Original Kegg Entry</a><br/>
<p><b>S-donor</b></p>
<p><b>All given names:</b><br/>Sulfur donor<br/>S-donor</p>
</body></notes>
        <annotation>
          <rdf:RDF xmlns:rdf="http://www.w3.org/1999/02/22-rdf-syntax-ns#" xmlns:bqbiol="http://biomodels.net/biology-qualifiers/">
            <rdf:Description rdf:about="#meta_Sdonor">
              <bqbiol:is>
                <rdf:Bag>
                  <rdf:li rdf:resource="urn:miriam:kegg.compound:C17023"/>
                </rdf:Bag>
              </bqbiol:is>
              <bqbiol:occursIn>
                <rdf:Bag>
                  <rdf:li rdf:resource="urn:miriam:kegg.reaction:R07767"/>
                  <rdf:li rdf:resource="urn:miriam:kegg.reaction:R07768"/>
                </rdf:Bag>
              </bqbiol:occursIn>
              <bqbiol:unknownQualifier>
                <rdf:Bag>
                  <rdf:li rdf:resource="urn:miriam:obo.eco:ECO%3A0000313"/>
                </rdf:Bag>
              </bqbiol:unknownQualifier>
            </rdf:Description>
          </rdf:RDF>
        </annotation>
      </species>
      <species id="C15H22N6O5S" initialAmount="1" name="C15H22N6O5S" metaid="meta_C15H22N6O5S" sboTerm="SBO:0000247" substanceUnits="substance" compartment="default">
<notes><body xmlns="http://www.w3.org/1999/xhtml"><a href="http://www.kegg.jp/dbget-bin/www_bget?cpd:C00019">Original Kegg Entry</a><br/>
<p><b>SAM</b></p>
<p><b>All given names:</b><br/>S-Adenosyl-L-methionine<br/>S-Adenosylmethionine<br/>AdoMet<br/>SAM</p>
<p><b>Formula:</b> C15H22N6O5S</p>
<img src="http://www.kegg.jp/Fig/compound/C00019.gif"/><br/>
</body></notes>
        <annotation>
          <rdf:RDF xmlns:rdf="http://www.w3.org/1999/02/22-rdf-syntax-ns#" xmlns:bqbiol="http://biomodels.net/biology-qualifiers/">
            <rdf:Description rdf:about="#meta_C15H22N6O5S">
              <bqbiol:is>
                <rdf:Bag>
                  <rdf:li rdf:resource="urn:miriam:kegg.compound:C00019"/>
                </rdf:Bag>
              </bqbiol:is>
              <bqbiol:is>
                <rdf:Bag>
                  <rdf:li rdf:resource="urn:miriam:obo.chebi:CHEBI%3A15414"/>
                </rdf:Bag>
              </bqbiol:is>
              <bqbiol:hasProperty>
                <rdf:Bag>
                  <rdf:li rdf:resource="urn:miriam:pubchem.substance:3321"/>
                </rdf:Bag>
              </bqbiol:hasProperty>
              <bqbiol:hasProperty>
                <rdf:Bag>
                  <rdf:li rdf:resource="urn:miriam:3dmet:B04620"/>
                </rdf:Bag>
              </bqbiol:hasProperty>
              <bqbiol:occursIn>
                <rdf:Bag>
                  <rdf:li rdf:resource="urn:miriam:kegg.reaction:R07767"/>
                  <rdf:li rdf:resource="urn:miriam:kegg.reaction:R07768"/>
                </rdf:Bag>
              </bqbiol:occursIn>
              <bqbiol:unknownQualifier>
                <rdf:Bag>
                  <rdf:li rdf:resource="urn:miriam:obo.eco:ECO%3A0000313"/>
                </rdf:Bag>
              </bqbiol:unknownQualifier>
            </rdf:Description>
          </rdf:RDF>
        </annotation>
      </species>
      <species id="C5H11NO2S" initialAmount="1" name="C5H11NO2S" metaid="meta_C5H11NO2S" sboTerm="SBO:0000247" substanceUnits="substance" compartment="default">
<notes><body xmlns="http://www.w3.org/1999/xhtml"><a href="http://www.kegg.jp/dbget-bin/www_bget?cpd:C00073">Original Kegg Entry</a><br/>
<p><b>L-2-Amino-4methylthiobutyric acid</b></p>
<p><b>All given names:</b><br/>L-Methionine<br/>Methionine<br/>L-2-Amino-4methylthiobutyric acid</p>
<p><b>Formula:</b> C5H11NO2S</p>
<img src="http://www.kegg.jp/Fig/compound/C00073.gif"/><br/>
</body></notes>
        <annotation>
          <rdf:RDF xmlns:rdf="http://www.w3.org/1999/02/22-rdf-syntax-ns#" xmlns:bqbiol="http://biomodels.net/biology-qualifiers/">
            <rdf:Description rdf:about="#meta_C5H11NO2S">
              <bqbiol:is>
                <rdf:Bag>
                  <rdf:li rdf:resource="urn:miriam:kegg.compound:C00073"/>
                </rdf:Bag>
              </bqbiol:is>
              <bqbiol:is>
                <rdf:Bag>
                  <rdf:li rdf:resource="urn:miriam:obo.chebi:CHEBI%3A16643"/>
                </rdf:Bag>
              </bqbiol:is>
              <bqbiol:hasProperty>
                <rdf:Bag>
                  <rdf:li rdf:resource="urn:miriam:pubchem.substance:3373"/>
                </rdf:Bag>
              </bqbiol:hasProperty>
              <bqbiol:hasProperty>
                <rdf:Bag>
                  <rdf:li rdf:resource="urn:miriam:3dmet:B01148"/>
                </rdf:Bag>
              </bqbiol:hasProperty>
              <bqbiol:occursIn>
                <rdf:Bag>
                  <rdf:li rdf:resource="urn:miriam:kegg.reaction:R07767"/>
                  <rdf:li rdf:resource="urn:miriam:kegg.reaction:R07768"/>
                </rdf:Bag>
              </bqbiol:occursIn>
              <bqbiol:unknownQualifier>
                <rdf:Bag>
                  <rdf:li rdf:resource="urn:miriam:obo.eco:ECO%3A0000313"/>
                </rdf:Bag>
              </bqbiol:unknownQualifier>
            </rdf:Description>
          </rdf:RDF>
        </annotation>
      </species>
      <species id="cpdC05198" initialAmount="1" name="cpd:C05198" metaid="meta_cpdC05198" sboTerm="SBO:0000247" substanceUnits="substance" compartment="default">
<notes><body xmlns="http://www.w3.org/1999/xhtml"><a href="http://www.kegg.jp/dbget-bin/www_bget?cpd:C05198">Original Kegg Entry</a><br/>
</body></notes>
        <annotation>
          <rdf:RDF xmlns:rdf="http://www.w3.org/1999/02/22-rdf-syntax-ns#" xmlns:bqbiol="http://biomodels.net/biology-qualifiers/">
            <rdf:Description rdf:about="#meta_cpdC05198">
              <bqbiol:is>
                <rdf:Bag>
                  <rdf:li rdf:resource="urn:miriam:kegg.compound:C05198"/>
                </rdf:Bag>
              </bqbiol:is>
              <bqbiol:unknownQualifier>
                <rdf:Bag>
                  <rdf:li rdf:resource="urn:miriam:obo.eco:ECO%3A0000313"/>
                </rdf:Bag>
              </bqbiol:unknownQualifier>
            </rdf:Description>
          </rdf:RDF>
        </annotation>
      </species>
      <species id="NH2R" initialAmount="1" name="NH2R" metaid="meta_NH2R" sboTerm="SBO:0000247" substanceUnits="substance" compartment="default">
<notes><body xmlns="http://www.w3.org/1999/xhtml"><a href="http://www.kegg.jp/dbget-bin/www_bget?cpd:C16240">Original Kegg Entry</a><br/>
<p><b>Apoprotein</b></p>
<p><b>Formula:</b> NH2R</p>
<img src="http://www.kegg.jp/Fig/compound/C16240.gif"/><br/>
</body></notes>
        <annotation>
          <rdf:RDF xmlns:rdf="http://www.w3.org/1999/02/22-rdf-syntax-ns#" xmlns:bqbiol="http://biomodels.net/biology-qualifiers/">
            <rdf:Description rdf:about="#meta_NH2R">
              <bqbiol:is>
                <rdf:Bag>
                  <rdf:li rdf:resource="urn:miriam:kegg.compound:C16240"/>
                </rdf:Bag>
              </bqbiol:is>
              <bqbiol:occursIn>
                <rdf:Bag>
                  <rdf:li rdf:resource="urn:miriam:kegg.reaction:R07771"/>
                  <rdf:li rdf:resource="urn:miriam:kegg.reaction:R07766"/>
                  <rdf:li rdf:resource="urn:miriam:kegg.reaction:R07769"/>
                </rdf:Bag>
              </bqbiol:occursIn>
              <bqbiol:unknownQualifier>
                <rdf:Bag>
                  <rdf:li rdf:resource="urn:miriam:obo.eco:ECO%3A0000313"/>
                </rdf:Bag>
              </bqbiol:unknownQualifier>
            </rdf:Description>
          </rdf:RDF>
        </annotation>
      </species>
      <species id="cpdC00229" initialAmount="1" name="cpd:C00229" metaid="meta_cpdC00229" sboTerm="SBO:0000247" substanceUnits="substance" compartment="default">
<notes><body xmlns="http://www.w3.org/1999/xhtml"><a href="http://www.kegg.jp/dbget-bin/www_bget?cpd:C00229">Original Kegg Entry</a><br/>
</body></notes>
        <annotation>
          <rdf:RDF xmlns:rdf="http://www.w3.org/1999/02/22-rdf-syntax-ns#" xmlns:bqbiol="http://biomodels.net/biology-qualifiers/">
            <rdf:Description rdf:about="#meta_cpdC00229">
              <bqbiol:is>
                <rdf:Bag>
                  <rdf:li rdf:resource="urn:miriam:kegg.compound:C00229"/>
                </rdf:Bag>
              </bqbiol:is>
              <bqbiol:unknownQualifier>
                <rdf:Bag>
                  <rdf:li rdf:resource="urn:miriam:obo.eco:ECO%3A0000313"/>
                </rdf:Bag>
              </bqbiol:unknownQualifier>
            </rdf:Description>
          </rdf:RDF>
        </annotation>
      </species>
      <species id="C10H14N5O7P" initialAmount="1" name="C10H14N5O7P" metaid="meta_C10H14N5O7P" sboTerm="SBO:0000247" substanceUnits="substance" compartment="default">
<notes><body xmlns="http://www.w3.org/1999/xhtml"><a href="http://www.kegg.jp/dbget-bin/www_bget?cpd:C00020">Original Kegg Entry</a><br/>
<p><b>Adenosine 5'-phosphate</b></p>
<p><b>All given names:</b><br/>AMP<br/>Adenosine 5'-monophosphate<br/>Adenylic acid<br/>Adenylate<br/>5'-AMP<br/>5'-Adenylic acid<br/>5'-Adenosine monophosphate<br/>Adenosine 5'-phosphate</p>
<p><b>Formula:</b> C10H14N5O7P</p>
<img src="http://www.kegg.jp/Fig/compound/C00020.gif"/><br/>
</body></notes>
        <annotation>
          <rdf:RDF xmlns:rdf="http://www.w3.org/1999/02/22-rdf-syntax-ns#" xmlns:bqbiol="http://biomodels.net/biology-qualifiers/">
            <rdf:Description rdf:about="#meta_C10H14N5O7P">
              <bqbiol:is>
                <rdf:Bag>
                  <rdf:li rdf:resource="urn:miriam:kegg.compound:C00020"/>
                </rdf:Bag>
              </bqbiol:is>
              <bqbiol:is>
                <rdf:Bag>
                  <rdf:li rdf:resource="urn:miriam:obo.chebi:CHEBI%3A16027"/>
                </rdf:Bag>
              </bqbiol:is>
              <bqbiol:hasProperty>
                <rdf:Bag>
                  <rdf:li rdf:resource="urn:miriam:pubchem.substance:3322"/>
                </rdf:Bag>
              </bqbiol:hasProperty>
              <bqbiol:hasProperty>
                <rdf:Bag>
                  <rdf:li rdf:resource="urn:miriam:3dmet:B01133"/>
                </rdf:Bag>
              </bqbiol:hasProperty>
              <bqbiol:occursIn>
                <rdf:Bag>
                  <rdf:li rdf:resource="urn:miriam:kegg.reaction:R07771"/>
                </rdf:Bag>
              </bqbiol:occursIn>
              <bqbiol:unknownQualifier>
                <rdf:Bag>
                  <rdf:li rdf:resource="urn:miriam:obo.eco:ECO%3A0000313"/>
                </rdf:Bag>
              </bqbiol:unknownQualifier>
            </rdf:Description>
          </rdf:RDF>
        </annotation>
      </species>
    </listOfSpecies>
    <listOfReactions>
      <reaction id="rnR07768" name="rn:R07768" metaid="meta_rnR07768" reversible="false" sboTerm="SBO:0000176">
<notes><body xmlns="http://www.w3.org/1999/xhtml"><p><b>Definition of “RN:R07768”:</b> Octanoyl-[acp] + 2 Sulfur donor + 2 S-Adenosyl-L-methionine &lt;=> Lipoyl-[acp] + 2 L-Methionine + 2 5'-Deoxyadenosine<br/>
<b>Equation for “RN:R07768”:</b> C05752 + 2 C17023 + 2 C00019 &lt;=> C16239 + 2 C00073 + 2 C05198<br/>
<a href="http://www.genome.jp/Fig/reaction/R07768.gif"><img src="http://www.genome.jp/Fig/reaction/R07768.gif"/></a>
<br/>
<b>Occurs in:</b><br/>
<ul>
<li>Lipoic acid metabolism</li>
<li>Metabolic pathways</li>
</ul><br/>
</p></body></notes>
        <annotation>
          <rdf:RDF xmlns:rdf="http://www.w3.org/1999/02/22-rdf-syntax-ns#" xmlns:bqbiol="http://biomodels.net/biology-qualifiers/">
            <rdf:Description rdf:about="#meta_rnR07768">
              <bqbiol:is>
                <rdf:Bag>
                  <rdf:li rdf:resource="urn:miriam:kegg.reaction:R07768"/>
                </rdf:Bag>
              </bqbiol:is>
              <bqbiol:occursIn>
                <rdf:Bag>
                  <rdf:li rdf:resource="urn:miriam:kegg.pathway:rn00785"/>
                  <rdf:li rdf:resource="urn:miriam:kegg.pathway:rn01100"/>
                </rdf:Bag>
              </bqbiol:occursIn>
            </rdf:Description>
          </rdf:RDF>
        </annotation>
              <listOfReactants>
          <speciesReference id="cpdC05752" species="C8H15OSR" name="cpd:C05752" metaid="meta_cpdC05752" sboTerm="SBO:0000015"/>
          <speciesReference id="cpdC17023" species="Sdonor" name="cpd:C17023" metaid="meta_cpdC17023" sboTerm="SBO:0000015"/>
          <speciesReference id="cpdC00019" species="C15H22N6O5S" name="cpd:C00019" metaid="meta_cpdC00019" sboTerm="SBO:0000015"/>
        </listOfReactants>
        <listOfProducts>
          <speciesReference id="cpdC16239" species="C8H13OS3R" name="cpd:C16239" metaid="meta_cpdC16239" sboTerm="SBO:0000011"/>
          <speciesReference id="cpdC00073" species="C5H11NO2S" name="cpd:C00073" metaid="meta_cpdC00073" sboTerm="SBO:0000011"/>
          <speciesReference id="cpdC05198_1" species="cpdC05198" name="cpd:C05198" metaid="meta_cpdC05198_1" sboTerm="SBO:0000011"/>
        </listOfProducts>
        <listOfModifiers>
          <modifierSpeciesReference id="mod_rnR07768" species="LIAS" name="mod_rnR07768" metaid="meta_mod_rnR07768" sboTerm="SBO:0000460"/>
        </listOfModifiers>
      </reaction>
      <reaction id="rnR07769" name="rn:R07769" metaid="meta_rnR07769" reversible="false" sboTerm="SBO:0000176">
<notes><body xmlns="http://www.w3.org/1999/xhtml"><p><b>Definition of “RN:R07769”:</b> Lipoyl-[acp] + Apoprotein &lt;=> Protein N6-(lipoyl)lysine + Acyl-carrier protein<br/>
<b>Equation for “RN:R07769”:</b> C16239 + C16240 &lt;=> C16237 + C00229<br/>
<a href="http://www.genome.jp/Fig/reaction/R07769.gif"><img src="http://www.genome.jp/Fig/reaction/R07769.gif"/></a>
<br/>
<b>Occurs in:</b><br/>
<ul>
<li>Lipoic acid metabolism</li>
<li>Metabolic pathways</li>
</ul><br/>
</p></body></notes>
        <annotation>
          <rdf:RDF xmlns:rdf="http://www.w3.org/1999/02/22-rdf-syntax-ns#" xmlns:bqbiol="http://biomodels.net/biology-qualifiers/">
            <rdf:Description rdf:about="#meta_rnR07769">
              <bqbiol:is>
                <rdf:Bag>
                  <rdf:li rdf:resource="urn:miriam:kegg.reaction:R07769"/>
                </rdf:Bag>
              </bqbiol:is>
              <bqbiol:occursIn>
                <rdf:Bag>
                  <rdf:li rdf:resource="urn:miriam:kegg.pathway:rn00785"/>
                  <rdf:li rdf:resource="urn:miriam:kegg.pathway:rn01100"/>
                </rdf:Bag>
              </bqbiol:occursIn>
            </rdf:Description>
          </rdf:RDF>
        </annotation>
              <listOfReactants>
          <speciesReference id="cpdC16239_1" species="C8H13OS3R" name="cpd:C16239" metaid="meta_cpdC16239_1" sboTerm="SBO:0000015"/>
          <speciesReference id="cpdC16240" species="NH2R" name="cpd:C16240" metaid="meta_cpdC16240" sboTerm="SBO:0000015"/>
        </listOfReactants>
        <listOfProducts>
          <speciesReference id="cpdC16237" species="C8H14NOS2R" name="cpd:C16237" metaid="meta_cpdC16237" sboTerm="SBO:0000011"/>
          <speciesReference id="cpdC00229_1" species="cpdC00229" name="cpd:C00229" metaid="meta_cpdC00229_1" sboTerm="SBO:0000011"/>
        </listOfProducts>
        <listOfModifiers>
          <modifierSpeciesReference id="mod_rnR07769" species="LIPT2" name="mod_rnR07769" metaid="meta_mod_rnR07769" sboTerm="SBO:0000460"/>
        </listOfModifiers>
      </reaction>
      <reaction id="rnR07767" name="rn:R07767" metaid="meta_rnR07767" reversible="false" sboTerm="SBO:0000176">
<notes><body xmlns="http://www.w3.org/1999/xhtml"><p><b>Definition of “RN:R07767”:</b> Protein N6-(octanoyl)lysine + 2 Sulfur donor + 2 S-Adenosyl-L-methionine &lt;=> Protein N6-(lipoyl)lysine + 2 L-Methionine + 2 5'-Deoxyadenosine<br/>
<b>Equation for “RN:R07767”:</b> C16236 + 2 C17023 + 2 C00019 &lt;=> C16237 + 2 C00073 + 2 C05198<br/>
<a href="http://www.genome.jp/Fig/reaction/R07767.gif"><img src="http://www.genome.jp/Fig/reaction/R07767.gif"/></a>
<br/>
<b>Occurs in:</b><br/>
<ul>
<li>Lipoic acid metabolism</li>
<li>Metabolic pathways</li>
</ul><br/>
</p></body></notes>
        <annotation>
          <rdf:RDF xmlns:rdf="http://www.w3.org/1999/02/22-rdf-syntax-ns#" xmlns:bqbiol="http://biomodels.net/biology-qualifiers/">
            <rdf:Description rdf:about="#meta_rnR07767">
              <bqbiol:is>
                <rdf:Bag>
                  <rdf:li rdf:resource="urn:miriam:kegg.reaction:R07767"/>
                </rdf:Bag>
              </bqbiol:is>
              <bqbiol:occursIn>
                <rdf:Bag>
                  <rdf:li rdf:resource="urn:miriam:kegg.pathway:rn00785"/>
                  <rdf:li rdf:resource="urn:miriam:kegg.pathway:rn01100"/>
                </rdf:Bag>
              </bqbiol:occursIn>
            </rdf:Description>
          </rdf:RDF>
        </annotation>
              <listOfReactants>
          <speciesReference id="cpdC16236" species="C8H16NOR" name="cpd:C16236" metaid="meta_cpdC16236" sboTerm="SBO:0000015"/>
          <speciesReference id="cpdC17023_1" species="Sdonor" name="cpd:C17023" metaid="meta_cpdC17023_1" sboTerm="SBO:0000015"/>
          <speciesReference id="cpdC00019_1" species="C15H22N6O5S" name="cpd:C00019" metaid="meta_cpdC00019_1" sboTerm="SBO:0000015"/>
        </listOfReactants>
        <listOfProducts>
          <speciesReference id="cpdC16237_1" species="C8H14NOS2R" name="cpd:C16237" metaid="meta_cpdC16237_1" sboTerm="SBO:0000011"/>
          <speciesReference id="cpdC00073_1" species="C5H11NO2S" name="cpd:C00073" metaid="meta_cpdC00073_1" sboTerm="SBO:0000011"/>
          <speciesReference id="cpdC05198_2" species="cpdC05198" name="cpd:C05198" metaid="meta_cpdC05198_2" sboTerm="SBO:0000011"/>
        </listOfProducts>
      </reaction>
      <reaction id="rnR07766" name="rn:R07766" metaid="meta_rnR07766" reversible="false" sboTerm="SBO:0000176">
<notes><body xmlns="http://www.w3.org/1999/xhtml"><p><b>Definition of “RN:R07766”:</b> Octanoyl-[acp] + Apoprotein &lt;=> Protein N6-(octanoyl)lysine + Acyl-carrier protein<br/>
<b>Equation for “RN:R07766”:</b> C05752 + C16240 &lt;=> C16236 + C00229<br/>
<a href="http://www.genome.jp/Fig/reaction/R07766.gif"><img src="http://www.genome.jp/Fig/reaction/R07766.gif"/></a>
<br/>
<b>Occurs in:</b><br/>
<ul>
<li>Lipoic acid metabolism</li>
<li>Metabolic pathways</li>
</ul><br/>
</p></body></notes>
        <annotation>
          <rdf:RDF xmlns:rdf="http://www.w3.org/1999/02/22-rdf-syntax-ns#" xmlns:bqbiol="http://biomodels.net/biology-qualifiers/">
            <rdf:Description rdf:about="#meta_rnR07766">
              <bqbiol:is>
                <rdf:Bag>
                  <rdf:li rdf:resource="urn:miriam:kegg.reaction:R07766"/>
                </rdf:Bag>
              </bqbiol:is>
              <bqbiol:occursIn>
                <rdf:Bag>
                  <rdf:li rdf:resource="urn:miriam:kegg.pathway:rn00785"/>
                  <rdf:li rdf:resource="urn:miriam:kegg.pathway:rn01100"/>
                </rdf:Bag>
              </bqbiol:occursIn>
            </rdf:Description>
          </rdf:RDF>
        </annotation>
              <listOfReactants>
          <speciesReference id="cpdC05752_1" species="C8H15OSR" name="cpd:C05752" metaid="meta_cpdC05752_1" sboTerm="SBO:0000015"/>
          <speciesReference id="cpdC16240_1" species="NH2R" name="cpd:C16240" metaid="meta_cpdC16240_1" sboTerm="SBO:0000015"/>
        </listOfReactants>
        <listOfProducts>
          <speciesReference id="cpdC16236_1" species="C8H16NOR" name="cpd:C16236" metaid="meta_cpdC16236_1" sboTerm="SBO:0000011"/>
          <speciesReference id="cpdC00229_2" species="cpdC00229" name="cpd:C00229" metaid="meta_cpdC00229_2" sboTerm="SBO:0000011"/>
        </listOfProducts>
      </reaction>
      <reaction id="rnR07771" name="rn:R07771" metaid="meta_rnR07771" reversible="false" sboTerm="SBO:0000176">
<notes><body xmlns="http://www.w3.org/1999/xhtml"><p><b>Definition of “RN:R07771”:</b> Lipoyl-AMP + Apoprotein &lt;=> Protein N6-(lipoyl)lysine + AMP<br/>
<b>Equation for “RN:R07771”:</b> C16238 + C16240 &lt;=> C16237 + C00020<br/>
<a href="http://www.genome.jp/Fig/reaction/R07771.gif"><img src="http://www.genome.jp/Fig/reaction/R07771.gif"/></a>
<br/>
<b>Occurs in:</b><br/>
<ul>
<li>Lipoic acid metabolism</li>
<li>Metabolic pathways</li>
</ul><br/>
</p></body></notes>
        <annotation>
          <rdf:RDF xmlns:rdf="http://www.w3.org/1999/02/22-rdf-syntax-ns#" xmlns:bqbiol="http://biomodels.net/biology-qualifiers/">
            <rdf:Description rdf:about="#meta_rnR07771">
              <bqbiol:is>
                <rdf:Bag>
                  <rdf:li rdf:resource="urn:miriam:kegg.reaction:R07771"/>
                </rdf:Bag>
              </bqbiol:is>
              <bqbiol:occursIn>
                <rdf:Bag>
                  <rdf:li rdf:resource="urn:miriam:kegg.pathway:rn00785"/>
                  <rdf:li rdf:resource="urn:miriam:kegg.pathway:rn01100"/>
                </rdf:Bag>
              </bqbiol:occursIn>
            </rdf:Description>
          </rdf:RDF>
        </annotation>
              <listOfReactants>
          <speciesReference id="cpdC16238" species="C18H26N5O8PS2" name="cpd:C16238" metaid="meta_cpdC16238" sboTerm="SBO:0000015"/>
          <speciesReference id="cpdC16240_2" species="NH2R" name="cpd:C16240" metaid="meta_cpdC16240_2" sboTerm="SBO:0000015"/>
        </listOfReactants>
        <listOfProducts>
          <speciesReference id="cpdC16237_2" species="C8H14NOS2R" name="cpd:C16237" metaid="meta_cpdC16237_2" sboTerm="SBO:0000011"/>
          <speciesReference id="cpdC00020" species="C10H14N5O7P" name="cpd:C00020" metaid="meta_cpdC00020" sboTerm="SBO:0000011"/>
        </listOfProducts>
        <listOfModifiers>
          <modifierSpeciesReference id="mod_rnR07771_1" species="LIPT1" name="mod_rnR07771_1" metaid="meta_mod_rnR07771_1" sboTerm="SBO:0000460"/>
          <modifierSpeciesReference id="mod_rnR07771" species="lplA" name="mod_rnR07771" metaid="meta_mod_rnR07771" sboTerm="SBO:0000460"/>
        </listOfModifiers>
      </reaction>
    </listOfReactions>
  </model>
</sbml>