<?xml version='1.0' encoding='UTF-8' standalone='no'?>
<!-- Created by KEGGtranslator version 1.2.0 on 2011-11-09 19:31 with jsbml version 0.8-rc1. -->
<sbml xmlns="http://www.sbml.org/sbml/level2/version4" level="2" version="4">
  <model id="path_hsa00511" name="Other glycan degradation" metaid="meta_path_hsa00511">
<notes><body xmlns="http://www.w3.org/1999/xhtml"><h1>Model of “Other glycan degradation” in “Homo sapiens (human)”</h1>
<a href="http://www.genome.jp/kegg/pathway/hsa/hsa00511.png"><img src="http://www.genome.jp/kegg/pathway/hsa/hsa00511.png" alt="http://www.genome.jp/kegg-bin/show_pathway?hsa00511"/></a><br/>
<a href="http://www.genome.jp/kegg-bin/show_pathway?hsa00511">Original Entry</a><br/>
<p>KGML comment: “Creation date: Feb 1, 2011 17:36:51 +0900 (GMT+09:00)”<br/>
KGML version was: 0.71<br/>
</p><div align="right"><i><small>This file has been generated by KEGGtranslator version 1.2.0</small></i></div><br/>
</body></notes>
    <annotation>
      <rdf:RDF xmlns:rdf="http://www.w3.org/1999/02/22-rdf-syntax-ns#" xmlns:bqmodel="http://biomodels.net/model-qualifiers/" xmlns:bqbiol="http://biomodels.net/biology-qualifiers/">
        <rdf:Description rdf:about="#meta_path_hsa00511">
          <creator>
            <rdf:Bag>
              <rdf:li rdf:parseType="Resource">                <ORG rdf:parseType="Resource">
                  <Orgname>ZBIT, University of Tübingen, WSI-CogSys</Orgname>
                </ORG>
              </rdf:li>
            </rdf:Bag>
          </creator>
          <created rdf:parseType="Resource">
            <W3CDTF>2011-11-09T18:31:46Z</W3CDTF>
          </created>
          <modified rdf:parseType="Resource">
            <W3CDTF>2011-11-09T18:31:46Z</W3CDTF>
          </modified>
          <modified rdf:parseType="Resource">
            <W3CDTF>2011-11-09T18:31:46Z</W3CDTF>
          </modified>
          <bqmodel:is>
            <rdf:Bag>
              <rdf:li rdf:resource="urn:miriam:kegg.pathway:hsa00511"/>
            </rdf:Bag>
          </bqmodel:is>
          <bqbiol:occursIn>
            <rdf:Bag>
              <rdf:li rdf:resource="urn:miriam:taxonomy:9606"/>
            </rdf:Bag>
          </bqbiol:occursIn>
        </rdf:Description>
      </rdf:RDF>
    </annotation>
      <listOfCompartments>
      <compartment id="default" name="Other glycan degradation" units="volume" size="1"/>
    </listOfCompartments>
    <listOfSpecies>
      <species id="NEU" initialAmount="1" name="NEU" metaid="meta_NEU" sboTerm="SBO:0000354" substanceUnits="substance" compartment="default">
<notes><body xmlns="http://www.w3.org/1999/xhtml"><a href="http://www.kegg.jp/dbget-bin/www_bget?hsa:10825+hsa:129807+hsa:4758+hsa:4759">Original Kegg Entry</a><br/>
<p><b>Description for “NEU3, FLJ12388, SIAL3”:</b> sialidase 3 (membrane sialidase) (EC:3.2.1.18)</p>
<p><b>Description for “NEU4, FLJ35928, MGC102757, MGC18222”:</b> sialidase 4 (EC:3.2.1.18)</p>
<p><b>Description for “NEU1, FLJ93471, NANH, NEU, SIAL1”:</b> sialidase 1 (lysosomal sialidase) (EC:3.2.1.18)</p>
<p><b>Description for “NEU2, MGC129579, SIAL2”:</b> sialidase 2 (cytosolic sialidase) (EC:3.2.1.18)</p>
</body></notes>
        <annotation>
          <rdf:RDF xmlns:rdf="http://www.w3.org/1999/02/22-rdf-syntax-ns#" xmlns:bqbiol="http://biomodels.net/biology-qualifiers/">
            <rdf:Description rdf:about="#meta_NEU">
              <bqbiol:hasVersion>
                <rdf:Bag>
                  <rdf:li rdf:resource="urn:miriam:kegg.genes:hsa%3A10825"/>
                  <rdf:li rdf:resource="urn:miriam:kegg.genes:hsa%3A129807"/>
                  <rdf:li rdf:resource="urn:miriam:kegg.genes:hsa%3A4758"/>
                  <rdf:li rdf:resource="urn:miriam:kegg.genes:hsa%3A4759"/>
                </rdf:Bag>
              </bqbiol:hasVersion>
              <bqbiol:isEncodedBy>
                <rdf:Bag>
                  <rdf:li rdf:resource="urn:miriam:entrez.gene:10825"/>
                  <rdf:li rdf:resource="urn:miriam:entrez.gene:129807"/>
                  <rdf:li rdf:resource="urn:miriam:entrez.gene:4758"/>
                  <rdf:li rdf:resource="urn:miriam:entrez.gene:4759"/>
                </rdf:Bag>
              </bqbiol:isEncodedBy>
              <bqbiol:hasProperty>
                <rdf:Bag>
                  <rdf:li rdf:resource="urn:miriam:omim:604617"/>
                  <rdf:li rdf:resource="urn:miriam:omim:608527"/>
                  <rdf:li rdf:resource="urn:miriam:omim:608272"/>
                  <rdf:li rdf:resource="urn:miriam:omim:605528"/>
                </rdf:Bag>
              </bqbiol:hasProperty>
              <bqbiol:isEncodedBy>
                <rdf:Bag>
                  <rdf:li rdf:resource="urn:miriam:ensembl:ENSG00000162139"/>
                  <rdf:li rdf:resource="urn:miriam:ensembl:ENSG00000204099"/>
                  <rdf:li rdf:resource="urn:miriam:ensembl:ENSG00000204386"/>
                  <rdf:li rdf:resource="urn:miriam:ensembl:ENSG00000115488"/>
                </rdf:Bag>
              </bqbiol:isEncodedBy>
              <bqbiol:hasVersion>
                <rdf:Bag>
                  <rdf:li rdf:resource="urn:miriam:uniprot:A8K327"/>
                  <rdf:li rdf:resource="urn:miriam:uniprot:Q8WWR8"/>
                  <rdf:li rdf:resource="urn:miriam:uniprot:B3KR54"/>
                  <rdf:li rdf:resource="urn:miriam:uniprot:Q99519"/>
                  <rdf:li rdf:resource="urn:miriam:uniprot:Q5JQI0"/>
                  <rdf:li rdf:resource="urn:miriam:uniprot:Q9Y3R4"/>
                </rdf:Bag>
              </bqbiol:hasVersion>
              <bqbiol:isEncodedBy>
                <rdf:Bag>
                  <rdf:li rdf:resource="urn:miriam:hgnc:HGNC%3A7760"/>
                  <rdf:li rdf:resource="urn:miriam:hgnc:HGNC%3A21328"/>
                  <rdf:li rdf:resource="urn:miriam:hgnc:HGNC%3A7758"/>
                  <rdf:li rdf:resource="urn:miriam:hgnc:HGNC%3A7759"/>
                </rdf:Bag>
              </bqbiol:isEncodedBy>
              <bqbiol:hasProperty>
                <rdf:Bag>
                  <rdf:li rdf:resource="urn:miriam:ec-code:3.2.1.18"/>
                </rdf:Bag>
              </bqbiol:hasProperty>
              <bqbiol:unknownQualifier>
                <rdf:Bag>
                  <rdf:li rdf:resource="urn:miriam:obo.eco:ECO%3A0000313"/>
                </rdf:Bag>
              </bqbiol:unknownQualifier>
            </rdf:Description>
          </rdf:RDF>
        </annotation>
      </species>
      <species id="GLB1" initialAmount="1" name="GLB1" metaid="meta_GLB1" sboTerm="SBO:0000354" substanceUnits="substance" compartment="default">
<notes><body xmlns="http://www.w3.org/1999/xhtml"><a href="http://www.kegg.jp/dbget-bin/www_bget?hsa:2720">Original Kegg Entry</a><br/>
<p><b>Description for “GLB1, EBP, ELNR1, MPS4B”:</b> galactosidase, beta 1 (EC:3.2.1.23)</p>
</body></notes>
        <annotation>
          <rdf:RDF xmlns:rdf="http://www.w3.org/1999/02/22-rdf-syntax-ns#" xmlns:bqbiol="http://biomodels.net/biology-qualifiers/">
            <rdf:Description rdf:about="#meta_GLB1">
              <bqbiol:is>
                <rdf:Bag>
                  <rdf:li rdf:resource="urn:miriam:kegg.genes:hsa%3A2720"/>
                </rdf:Bag>
              </bqbiol:is>
              <bqbiol:isEncodedBy>
                <rdf:Bag>
                  <rdf:li rdf:resource="urn:miriam:entrez.gene:2720"/>
                </rdf:Bag>
              </bqbiol:isEncodedBy>
              <bqbiol:hasProperty>
                <rdf:Bag>
                  <rdf:li rdf:resource="urn:miriam:omim:611458"/>
                </rdf:Bag>
              </bqbiol:hasProperty>
              <bqbiol:isEncodedBy>
                <rdf:Bag>
                  <rdf:li rdf:resource="urn:miriam:ensembl:ENSG00000170266"/>
                </rdf:Bag>
              </bqbiol:isEncodedBy>
              <bqbiol:is>
                <rdf:Bag>
                  <rdf:li rdf:resource="urn:miriam:uniprot:P16278"/>
                </rdf:Bag>
              </bqbiol:is>
              <bqbiol:isEncodedBy>
                <rdf:Bag>
                  <rdf:li rdf:resource="urn:miriam:hgnc:HGNC%3A4298"/>
                </rdf:Bag>
              </bqbiol:isEncodedBy>
              <bqbiol:hasProperty>
                <rdf:Bag>
                  <rdf:li rdf:resource="urn:miriam:ec-code:3.2.1.23"/>
                </rdf:Bag>
              </bqbiol:hasProperty>
              <bqbiol:unknownQualifier>
                <rdf:Bag>
                  <rdf:li rdf:resource="urn:miriam:obo.eco:ECO%3A0000313"/>
                </rdf:Bag>
              </bqbiol:unknownQualifier>
            </rdf:Description>
          </rdf:RDF>
        </annotation>
      </species>
      <species id="MAN2" initialAmount="1" name="MAN2" metaid="meta_MAN2" sboTerm="SBO:0000354" substanceUnits="substance" compartment="default">
<notes><body xmlns="http://www.w3.org/1999/xhtml"><a href="http://www.kegg.jp/dbget-bin/www_bget?hsa:23324+hsa:4123+hsa:4125">Original Kegg Entry</a><br/>
<p><b>Description for “MAN2B2, KIAA0935”:</b> mannosidase, alpha, class 2B, member 2 (EC:3.2.1.24)</p>
<p><b>Description for “MAN2C1, DKFZp686E23167, MAN6A8, MANA, MANA1, MGC87979”:</b> mannosidase, alpha, class 2C, member 1 (EC:3.2.1.24)</p>
<p><b>Description for “MAN2B1, LAMAN, MANB”:</b> mannosidase, alpha, class 2B, member 1 (EC:3.2.1.24)</p>
</body></notes>
        <annotation>
          <rdf:RDF xmlns:rdf="http://www.w3.org/1999/02/22-rdf-syntax-ns#" xmlns:bqbiol="http://biomodels.net/biology-qualifiers/">
            <rdf:Description rdf:about="#meta_MAN2">
              <bqbiol:hasVersion>
                <rdf:Bag>
                  <rdf:li rdf:resource="urn:miriam:kegg.genes:hsa%3A23324"/>
                  <rdf:li rdf:resource="urn:miriam:kegg.genes:hsa%3A4123"/>
                  <rdf:li rdf:resource="urn:miriam:kegg.genes:hsa%3A4125"/>
                </rdf:Bag>
              </bqbiol:hasVersion>
              <bqbiol:isEncodedBy>
                <rdf:Bag>
                  <rdf:li rdf:resource="urn:miriam:entrez.gene:23324"/>
                  <rdf:li rdf:resource="urn:miriam:entrez.gene:4123"/>
                  <rdf:li rdf:resource="urn:miriam:entrez.gene:4125"/>
                </rdf:Bag>
              </bqbiol:isEncodedBy>
              <bqbiol:hasProperty>
                <rdf:Bag>
                  <rdf:li rdf:resource="urn:miriam:omim:154580"/>
                  <rdf:li rdf:resource="urn:miriam:omim:609458"/>
                </rdf:Bag>
              </bqbiol:hasProperty>
              <bqbiol:isEncodedBy>
                <rdf:Bag>
                  <rdf:li rdf:resource="urn:miriam:ensembl:ENSG00000013288"/>
                  <rdf:li rdf:resource="urn:miriam:ensembl:ENSG00000140400"/>
                  <rdf:li rdf:resource="urn:miriam:ensembl:ENSG00000104774"/>
                </rdf:Bag>
              </bqbiol:isEncodedBy>
              <bqbiol:hasVersion>
                <rdf:Bag>
                  <rdf:li rdf:resource="urn:miriam:uniprot:Q9Y2E5"/>
                  <rdf:li rdf:resource="urn:miriam:uniprot:Q05BN7"/>
                  <rdf:li rdf:resource="urn:miriam:uniprot:Q9NTJ4"/>
                  <rdf:li rdf:resource="urn:miriam:uniprot:O00754"/>
                  <rdf:li rdf:resource="urn:miriam:uniprot:A8K6A7"/>
                </rdf:Bag>
              </bqbiol:hasVersion>
              <bqbiol:isEncodedBy>
                <rdf:Bag>
                  <rdf:li rdf:resource="urn:miriam:hgnc:HGNC%3A29623"/>
                  <rdf:li rdf:resource="urn:miriam:hgnc:HGNC%3A6827"/>
                  <rdf:li rdf:resource="urn:miriam:hgnc:HGNC%3A6826"/>
                </rdf:Bag>
              </bqbiol:isEncodedBy>
              <bqbiol:hasProperty>
                <rdf:Bag>
                  <rdf:li rdf:resource="urn:miriam:ec-code:3.2.1.24"/>
                </rdf:Bag>
              </bqbiol:hasProperty>
              <bqbiol:unknownQualifier>
                <rdf:Bag>
                  <rdf:li rdf:resource="urn:miriam:obo.eco:ECO%3A0000313"/>
                </rdf:Bag>
              </bqbiol:unknownQualifier>
            </rdf:Description>
          </rdf:RDF>
        </annotation>
      </species>
      <species id="MAN2_1" initialAmount="1" name="MAN2" metaid="meta_MAN2_1" sboTerm="SBO:0000354" substanceUnits="substance" compartment="default">
<notes><body xmlns="http://www.w3.org/1999/xhtml"><a href="http://www.kegg.jp/dbget-bin/www_bget?hsa:4123+hsa:4125">Original Kegg Entry</a><br/>
<p><b>Description for “MAN2C1, DKFZp686E23167, MAN6A8, MANA, MANA1, MGC87979”:</b> mannosidase, alpha, class 2C, member 1 (EC:3.2.1.24)</p>
<p><b>Description for “MAN2B1, LAMAN, MANB”:</b> mannosidase, alpha, class 2B, member 1 (EC:3.2.1.24)</p>
</body></notes>
        <annotation>
          <rdf:RDF xmlns:rdf="http://www.w3.org/1999/02/22-rdf-syntax-ns#" xmlns:bqbiol="http://biomodels.net/biology-qualifiers/">
            <rdf:Description rdf:about="#meta_MAN2_1">
              <bqbiol:hasVersion>
                <rdf:Bag>
                  <rdf:li rdf:resource="urn:miriam:kegg.genes:hsa%3A4123"/>
                  <rdf:li rdf:resource="urn:miriam:kegg.genes:hsa%3A4125"/>
                </rdf:Bag>
              </bqbiol:hasVersion>
              <bqbiol:isEncodedBy>
                <rdf:Bag>
                  <rdf:li rdf:resource="urn:miriam:entrez.gene:4123"/>
                  <rdf:li rdf:resource="urn:miriam:entrez.gene:4125"/>
                </rdf:Bag>
              </bqbiol:isEncodedBy>
              <bqbiol:hasProperty>
                <rdf:Bag>
                  <rdf:li rdf:resource="urn:miriam:omim:154580"/>
                  <rdf:li rdf:resource="urn:miriam:omim:609458"/>
                </rdf:Bag>
              </bqbiol:hasProperty>
              <bqbiol:isEncodedBy>
                <rdf:Bag>
                  <rdf:li rdf:resource="urn:miriam:ensembl:ENSG00000140400"/>
                  <rdf:li rdf:resource="urn:miriam:ensembl:ENSG00000104774"/>
                </rdf:Bag>
              </bqbiol:isEncodedBy>
              <bqbiol:hasVersion>
                <rdf:Bag>
                  <rdf:li rdf:resource="urn:miriam:uniprot:Q9NTJ4"/>
                  <rdf:li rdf:resource="urn:miriam:uniprot:O00754"/>
                  <rdf:li rdf:resource="urn:miriam:uniprot:A8K6A7"/>
                </rdf:Bag>
              </bqbiol:hasVersion>
              <bqbiol:isEncodedBy>
                <rdf:Bag>
                  <rdf:li rdf:resource="urn:miriam:hgnc:HGNC%3A6827"/>
                  <rdf:li rdf:resource="urn:miriam:hgnc:HGNC%3A6826"/>
                </rdf:Bag>
              </bqbiol:isEncodedBy>
              <bqbiol:hasProperty>
                <rdf:Bag>
                  <rdf:li rdf:resource="urn:miriam:ec-code:3.2.1.24"/>
                </rdf:Bag>
              </bqbiol:hasProperty>
              <bqbiol:unknownQualifier>
                <rdf:Bag>
                  <rdf:li rdf:resource="urn:miriam:obo.eco:ECO%3A0000313"/>
                </rdf:Bag>
              </bqbiol:unknownQualifier>
            </rdf:Description>
          </rdf:RDF>
        </annotation>
      </species>
      <species id="FUCA" initialAmount="1" name="FUCA" metaid="meta_FUCA" sboTerm="SBO:0000354" substanceUnits="substance" compartment="default">
<notes><body xmlns="http://www.w3.org/1999/xhtml"><a href="http://www.kegg.jp/dbget-bin/www_bget?hsa:2517+hsa:2519">Original Kegg Entry</a><br/>
<p><b>Description for “FUCA1, FUCA”:</b> fucosidase, alpha-L- 1, tissue (EC:3.2.1.51)</p>
<p><b>Description for “FUCA2, MGC1314, dJ20N2.5”:</b> fucosidase, alpha-L- 2, plasma (EC:3.2.1.51)</p>
</body></notes>
        <annotation>
          <rdf:RDF xmlns:rdf="http://www.w3.org/1999/02/22-rdf-syntax-ns#" xmlns:bqbiol="http://biomodels.net/biology-qualifiers/">
            <rdf:Description rdf:about="#meta_FUCA">
              <bqbiol:hasVersion>
                <rdf:Bag>
                  <rdf:li rdf:resource="urn:miriam:kegg.genes:hsa%3A2517"/>
                  <rdf:li rdf:resource="urn:miriam:kegg.genes:hsa%3A2519"/>
                </rdf:Bag>
              </bqbiol:hasVersion>
              <bqbiol:isEncodedBy>
                <rdf:Bag>
                  <rdf:li rdf:resource="urn:miriam:entrez.gene:2517"/>
                  <rdf:li rdf:resource="urn:miriam:entrez.gene:2519"/>
                </rdf:Bag>
              </bqbiol:isEncodedBy>
              <bqbiol:hasProperty>
                <rdf:Bag>
                  <rdf:li rdf:resource="urn:miriam:omim:612280"/>
                  <rdf:li rdf:resource="urn:miriam:omim:136820"/>
                </rdf:Bag>
              </bqbiol:hasProperty>
              <bqbiol:isEncodedBy>
                <rdf:Bag>
                  <rdf:li rdf:resource="urn:miriam:ensembl:ENSG00000179163"/>
                  <rdf:li rdf:resource="urn:miriam:ensembl:ENSG00000001036"/>
                </rdf:Bag>
              </bqbiol:isEncodedBy>
              <bqbiol:hasVersion>
                <rdf:Bag>
                  <rdf:li rdf:resource="urn:miriam:uniprot:P04066"/>
                  <rdf:li rdf:resource="urn:miriam:uniprot:Q9BTY2"/>
                </rdf:Bag>
              </bqbiol:hasVersion>
              <bqbiol:isEncodedBy>
                <rdf:Bag>
                  <rdf:li rdf:resource="urn:miriam:hgnc:HGNC%3A4006"/>
                  <rdf:li rdf:resource="urn:miriam:hgnc:HGNC%3A4008"/>
                </rdf:Bag>
              </bqbiol:isEncodedBy>
              <bqbiol:hasProperty>
                <rdf:Bag>
                  <rdf:li rdf:resource="urn:miriam:ec-code:3.2.1.51"/>
                </rdf:Bag>
              </bqbiol:hasProperty>
              <bqbiol:unknownQualifier>
                <rdf:Bag>
                  <rdf:li rdf:resource="urn:miriam:obo.eco:ECO%3A0000313"/>
                </rdf:Bag>
              </bqbiol:unknownQualifier>
            </rdf:Description>
          </rdf:RDF>
        </annotation>
      </species>
      <species id="AGA" initialAmount="1" name="AGA" metaid="meta_AGA" sboTerm="SBO:0000354" substanceUnits="substance" compartment="default">
<notes><body xmlns="http://www.w3.org/1999/xhtml"><a href="http://www.kegg.jp/dbget-bin/www_bget?hsa:175">Original Kegg Entry</a><br/>
<p><b>Description for “AGA, AGU, ASRG, GA”:</b> aspartylglucosaminidase (EC:3.5.1.26)</p>
</body></notes>
        <annotation>
          <rdf:RDF xmlns:rdf="http://www.w3.org/1999/02/22-rdf-syntax-ns#" xmlns:bqbiol="http://biomodels.net/biology-qualifiers/">
            <rdf:Description rdf:about="#meta_AGA">
              <bqbiol:is>
                <rdf:Bag>
                  <rdf:li rdf:resource="urn:miriam:kegg.genes:hsa%3A175"/>
                </rdf:Bag>
              </bqbiol:is>
              <bqbiol:isEncodedBy>
                <rdf:Bag>
                  <rdf:li rdf:resource="urn:miriam:entrez.gene:175"/>
                </rdf:Bag>
              </bqbiol:isEncodedBy>
              <bqbiol:hasProperty>
                <rdf:Bag>
                  <rdf:li rdf:resource="urn:miriam:omim:613228"/>
                </rdf:Bag>
              </bqbiol:hasProperty>
              <bqbiol:isEncodedBy>
                <rdf:Bag>
                  <rdf:li rdf:resource="urn:miriam:ensembl:ENSG00000038002"/>
                </rdf:Bag>
              </bqbiol:isEncodedBy>
              <bqbiol:is>
                <rdf:Bag>
                  <rdf:li rdf:resource="urn:miriam:uniprot:P20933"/>
                </rdf:Bag>
              </bqbiol:is>
              <bqbiol:isEncodedBy>
                <rdf:Bag>
                  <rdf:li rdf:resource="urn:miriam:hgnc:HGNC%3A318"/>
                </rdf:Bag>
              </bqbiol:isEncodedBy>
              <bqbiol:hasProperty>
                <rdf:Bag>
                  <rdf:li rdf:resource="urn:miriam:ec-code:3.5.1.26"/>
                </rdf:Bag>
              </bqbiol:hasProperty>
              <bqbiol:unknownQualifier>
                <rdf:Bag>
                  <rdf:li rdf:resource="urn:miriam:obo.eco:ECO%3A0000313"/>
                </rdf:Bag>
              </bqbiol:unknownQualifier>
            </rdf:Description>
          </rdf:RDF>
        </annotation>
      </species>
      <species id="HEX" initialAmount="1" name="HEX" metaid="meta_HEX" sboTerm="SBO:0000354" substanceUnits="substance" compartment="default">
<notes><body xmlns="http://www.w3.org/1999/xhtml"><a href="http://www.kegg.jp/dbget-bin/www_bget?hsa:3073+hsa:3074">Original Kegg Entry</a><br/>
<p><b>Description for “HEXA, MGC99608, TSD”:</b> hexosaminidase A (alpha polypeptide) (EC:3.2.1.52)</p>
<p><b>Description for “HEXB, ENC-1AS”:</b> hexosaminidase B (beta polypeptide) (EC:3.2.1.52)</p>
</body></notes>
        <annotation>
          <rdf:RDF xmlns:rdf="http://www.w3.org/1999/02/22-rdf-syntax-ns#" xmlns:bqbiol="http://biomodels.net/biology-qualifiers/">
            <rdf:Description rdf:about="#meta_HEX">
              <bqbiol:hasVersion>
                <rdf:Bag>
                  <rdf:li rdf:resource="urn:miriam:kegg.genes:hsa%3A3073"/>
                  <rdf:li rdf:resource="urn:miriam:kegg.genes:hsa%3A3074"/>
                </rdf:Bag>
              </bqbiol:hasVersion>
              <bqbiol:isEncodedBy>
                <rdf:Bag>
                  <rdf:li rdf:resource="urn:miriam:entrez.gene:3073"/>
                  <rdf:li rdf:resource="urn:miriam:entrez.gene:3074"/>
                </rdf:Bag>
              </bqbiol:isEncodedBy>
              <bqbiol:hasProperty>
                <rdf:Bag>
                  <rdf:li rdf:resource="urn:miriam:omim:606869"/>
                  <rdf:li rdf:resource="urn:miriam:omim:606873"/>
                </rdf:Bag>
              </bqbiol:hasProperty>
              <bqbiol:isEncodedBy>
                <rdf:Bag>
                  <rdf:li rdf:resource="urn:miriam:ensembl:ENSG00000213614"/>
                  <rdf:li rdf:resource="urn:miriam:ensembl:ENSG00000049860"/>
                </rdf:Bag>
              </bqbiol:isEncodedBy>
              <bqbiol:hasVersion>
                <rdf:Bag>
                  <rdf:li rdf:resource="urn:miriam:uniprot:P06865"/>
                  <rdf:li rdf:resource="urn:miriam:uniprot:P07686"/>
                </rdf:Bag>
              </bqbiol:hasVersion>
              <bqbiol:isEncodedBy>
                <rdf:Bag>
                  <rdf:li rdf:resource="urn:miriam:hgnc:HGNC%3A4878"/>
                  <rdf:li rdf:resource="urn:miriam:hgnc:HGNC%3A4879"/>
                </rdf:Bag>
              </bqbiol:isEncodedBy>
              <bqbiol:hasProperty>
                <rdf:Bag>
                  <rdf:li rdf:resource="urn:miriam:ec-code:3.2.1.52"/>
                </rdf:Bag>
              </bqbiol:hasProperty>
              <bqbiol:unknownQualifier>
                <rdf:Bag>
                  <rdf:li rdf:resource="urn:miriam:obo.eco:ECO%3A0000313"/>
                </rdf:Bag>
              </bqbiol:unknownQualifier>
            </rdf:Description>
          </rdf:RDF>
        </annotation>
      </species>
      <species id="HEX_1" initialAmount="1" name="HEX" metaid="meta_HEX_1" sboTerm="SBO:0000354" substanceUnits="substance" compartment="default">
<notes><body xmlns="http://www.w3.org/1999/xhtml"><a href="http://www.kegg.jp/dbget-bin/www_bget?hsa:284004+hsa:3073+hsa:3074">Original Kegg Entry</a><br/>
<p><b>Description for “HEXDC, FLJ23825”:</b> hexosaminidase (glycosyl hydrolase family 20, catalytic domain) containing (EC:3.2.1.52)</p>
<p><b>Description for “HEXA, MGC99608, TSD”:</b> hexosaminidase A (alpha polypeptide) (EC:3.2.1.52)</p>
<p><b>Description for “HEXB, ENC-1AS”:</b> hexosaminidase B (beta polypeptide) (EC:3.2.1.52)</p>
</body></notes>
        <annotation>
          <rdf:RDF xmlns:rdf="http://www.w3.org/1999/02/22-rdf-syntax-ns#" xmlns:bqbiol="http://biomodels.net/biology-qualifiers/">
            <rdf:Description rdf:about="#meta_HEX_1">
              <bqbiol:hasVersion>
                <rdf:Bag>
                  <rdf:li rdf:resource="urn:miriam:kegg.genes:hsa%3A284004"/>
                  <rdf:li rdf:resource="urn:miriam:kegg.genes:hsa%3A3073"/>
                  <rdf:li rdf:resource="urn:miriam:kegg.genes:hsa%3A3074"/>
                </rdf:Bag>
              </bqbiol:hasVersion>
              <bqbiol:isEncodedBy>
                <rdf:Bag>
                  <rdf:li rdf:resource="urn:miriam:entrez.gene:284004"/>
                  <rdf:li rdf:resource="urn:miriam:entrez.gene:3073"/>
                  <rdf:li rdf:resource="urn:miriam:entrez.gene:3074"/>
                </rdf:Bag>
              </bqbiol:isEncodedBy>
              <bqbiol:hasProperty>
                <rdf:Bag>
                  <rdf:li rdf:resource="urn:miriam:omim:606869"/>
                  <rdf:li rdf:resource="urn:miriam:omim:606873"/>
                </rdf:Bag>
              </bqbiol:hasProperty>
              <bqbiol:isEncodedBy>
                <rdf:Bag>
                  <rdf:li rdf:resource="urn:miriam:ensembl:ENSG00000169660"/>
                  <rdf:li rdf:resource="urn:miriam:ensembl:ENSG00000213614"/>
                  <rdf:li rdf:resource="urn:miriam:ensembl:ENSG00000049860"/>
                </rdf:Bag>
              </bqbiol:isEncodedBy>
              <bqbiol:hasVersion>
                <rdf:Bag>
                  <rdf:li rdf:resource="urn:miriam:uniprot:Q8WVB3"/>
                  <rdf:li rdf:resource="urn:miriam:uniprot:P06865"/>
                  <rdf:li rdf:resource="urn:miriam:uniprot:P07686"/>
                </rdf:Bag>
              </bqbiol:hasVersion>
              <bqbiol:isEncodedBy>
                <rdf:Bag>
                  <rdf:li rdf:resource="urn:miriam:hgnc:HGNC%3A26307"/>
                  <rdf:li rdf:resource="urn:miriam:hgnc:HGNC%3A4878"/>
                  <rdf:li rdf:resource="urn:miriam:hgnc:HGNC%3A4879"/>
                </rdf:Bag>
              </bqbiol:isEncodedBy>
              <bqbiol:hasProperty>
                <rdf:Bag>
                  <rdf:li rdf:resource="urn:miriam:ec-code:3.2.1.52"/>
                </rdf:Bag>
              </bqbiol:hasProperty>
              <bqbiol:unknownQualifier>
                <rdf:Bag>
                  <rdf:li rdf:resource="urn:miriam:obo.eco:ECO%3A0000313"/>
                </rdf:Bag>
              </bqbiol:unknownQualifier>
            </rdf:Description>
          </rdf:RDF>
        </annotation>
      </species>
      <species id="MANBA" initialAmount="1" name="MANBA" metaid="meta_MANBA" sboTerm="SBO:0000354" substanceUnits="substance" compartment="default">
<notes><body xmlns="http://www.w3.org/1999/xhtml"><a href="http://www.kegg.jp/dbget-bin/www_bget?hsa:4126">Original Kegg Entry</a><br/>
<p><b>Description for “MANBA, MANB1”:</b> mannosidase, beta A, lysosomal (EC:3.2.1.25)</p>
</body></notes>
        <annotation>
          <rdf:RDF xmlns:rdf="http://www.w3.org/1999/02/22-rdf-syntax-ns#" xmlns:bqbiol="http://biomodels.net/biology-qualifiers/">
            <rdf:Description rdf:about="#meta_MANBA">
              <bqbiol:is>
                <rdf:Bag>
                  <rdf:li rdf:resource="urn:miriam:kegg.genes:hsa%3A4126"/>
                </rdf:Bag>
              </bqbiol:is>
              <bqbiol:isEncodedBy>
                <rdf:Bag>
                  <rdf:li rdf:resource="urn:miriam:entrez.gene:4126"/>
                </rdf:Bag>
              </bqbiol:isEncodedBy>
              <bqbiol:hasProperty>
                <rdf:Bag>
                  <rdf:li rdf:resource="urn:miriam:omim:609489"/>
                </rdf:Bag>
              </bqbiol:hasProperty>
              <bqbiol:isEncodedBy>
                <rdf:Bag>
                  <rdf:li rdf:resource="urn:miriam:ensembl:ENSG00000109323"/>
                </rdf:Bag>
              </bqbiol:isEncodedBy>
              <bqbiol:is>
                <rdf:Bag>
                  <rdf:li rdf:resource="urn:miriam:uniprot:O00462"/>
                </rdf:Bag>
              </bqbiol:is>
              <bqbiol:isEncodedBy>
                <rdf:Bag>
                  <rdf:li rdf:resource="urn:miriam:hgnc:HGNC%3A6831"/>
                </rdf:Bag>
              </bqbiol:isEncodedBy>
              <bqbiol:hasProperty>
                <rdf:Bag>
                  <rdf:li rdf:resource="urn:miriam:ec-code:3.2.1.25"/>
                </rdf:Bag>
              </bqbiol:hasProperty>
              <bqbiol:unknownQualifier>
                <rdf:Bag>
                  <rdf:li rdf:resource="urn:miriam:obo.eco:ECO%3A0000313"/>
                </rdf:Bag>
              </bqbiol:unknownQualifier>
            </rdf:Description>
          </rdf:RDF>
        </annotation>
      </species>
      <species id="ENGASE" initialAmount="1" name="ENGASE" metaid="meta_ENGASE" sboTerm="SBO:0000354" substanceUnits="substance" compartment="default">
<notes><body xmlns="http://www.w3.org/1999/xhtml"><a href="http://www.kegg.jp/dbget-bin/www_bget?hsa:64772">Original Kegg Entry</a><br/>
<p><b>Description for “ENGASE, DKFZp434P174, FLJ21865”:</b> endo-beta-N-acetylglucosaminidase (EC:3.2.1.96)</p>
</body></notes>
        <annotation>
          <rdf:RDF xmlns:rdf="http://www.w3.org/1999/02/22-rdf-syntax-ns#" xmlns:bqbiol="http://biomodels.net/biology-qualifiers/">
            <rdf:Description rdf:about="#meta_ENGASE">
              <bqbiol:is>
                <rdf:Bag>
                  <rdf:li rdf:resource="urn:miriam:kegg.genes:hsa%3A64772"/>
                </rdf:Bag>
              </bqbiol:is>
              <bqbiol:isEncodedBy>
                <rdf:Bag>
                  <rdf:li rdf:resource="urn:miriam:entrez.gene:64772"/>
                </rdf:Bag>
              </bqbiol:isEncodedBy>
              <bqbiol:hasProperty>
                <rdf:Bag>
                  <rdf:li rdf:resource="urn:miriam:omim:611898"/>
                </rdf:Bag>
              </bqbiol:hasProperty>
              <bqbiol:isEncodedBy>
                <rdf:Bag>
                  <rdf:li rdf:resource="urn:miriam:ensembl:ENSG00000167280"/>
                </rdf:Bag>
              </bqbiol:isEncodedBy>
              <bqbiol:is>
                <rdf:Bag>
                  <rdf:li rdf:resource="urn:miriam:uniprot:Q8NFI3"/>
                </rdf:Bag>
              </bqbiol:is>
              <bqbiol:isEncodedBy>
                <rdf:Bag>
                  <rdf:li rdf:resource="urn:miriam:hgnc:HGNC%3A24622"/>
                </rdf:Bag>
              </bqbiol:isEncodedBy>
              <bqbiol:hasProperty>
                <rdf:Bag>
                  <rdf:li rdf:resource="urn:miriam:ec-code:3.2.1.96"/>
                </rdf:Bag>
              </bqbiol:hasProperty>
              <bqbiol:unknownQualifier>
                <rdf:Bag>
                  <rdf:li rdf:resource="urn:miriam:obo.eco:ECO%3A0000313"/>
                </rdf:Bag>
              </bqbiol:unknownQualifier>
            </rdf:Description>
          </rdf:RDF>
        </annotation>
      </species>
      <species id="GBA" initialAmount="1" name="GBA" metaid="meta_GBA" sboTerm="SBO:0000354" substanceUnits="substance" compartment="default">
<notes><body xmlns="http://www.w3.org/1999/xhtml"><a href="http://www.kegg.jp/dbget-bin/www_bget?hsa:2629">Original Kegg Entry</a><br/>
<p><b>Description for “GBA, GBA1, GCB, GLUC”:</b> glucosidase, beta, acid (EC:3.2.1.45)</p>
</body></notes>
        <annotation>
          <rdf:RDF xmlns:rdf="http://www.w3.org/1999/02/22-rdf-syntax-ns#" xmlns:bqbiol="http://biomodels.net/biology-qualifiers/">
            <rdf:Description rdf:about="#meta_GBA">
              <bqbiol:is>
                <rdf:Bag>
                  <rdf:li rdf:resource="urn:miriam:kegg.genes:hsa%3A2629"/>
                </rdf:Bag>
              </bqbiol:is>
              <bqbiol:isEncodedBy>
                <rdf:Bag>
                  <rdf:li rdf:resource="urn:miriam:entrez.gene:2629"/>
                </rdf:Bag>
              </bqbiol:isEncodedBy>
              <bqbiol:hasProperty>
                <rdf:Bag>
                  <rdf:li rdf:resource="urn:miriam:omim:606463"/>
                </rdf:Bag>
              </bqbiol:hasProperty>
              <bqbiol:isEncodedBy>
                <rdf:Bag>
                  <rdf:li rdf:resource="urn:miriam:ensembl:ENSG00000177628"/>
                </rdf:Bag>
              </bqbiol:isEncodedBy>
              <bqbiol:hasVersion>
                <rdf:Bag>
                  <rdf:li rdf:resource="urn:miriam:uniprot:P04062"/>
                  <rdf:li rdf:resource="urn:miriam:uniprot:B7Z6S9"/>
                  <rdf:li rdf:resource="urn:miriam:uniprot:B7Z6S1"/>
                  <rdf:li rdf:resource="urn:miriam:uniprot:B7Z5G2"/>
                </rdf:Bag>
              </bqbiol:hasVersion>
              <bqbiol:isEncodedBy>
                <rdf:Bag>
                  <rdf:li rdf:resource="urn:miriam:hgnc:HGNC%3A4177"/>
                </rdf:Bag>
              </bqbiol:isEncodedBy>
              <bqbiol:hasProperty>
                <rdf:Bag>
                  <rdf:li rdf:resource="urn:miriam:ec-code:3.2.1.45"/>
                </rdf:Bag>
              </bqbiol:hasProperty>
              <bqbiol:unknownQualifier>
                <rdf:Bag>
                  <rdf:li rdf:resource="urn:miriam:obo.eco:ECO%3A0000313"/>
                </rdf:Bag>
              </bqbiol:unknownQualifier>
            </rdf:Description>
          </rdf:RDF>
        </annotation>
      </species>
      <species id="NGlycan_biosynthesis" initialAmount="1" name="N-Glycan biosynthesis" metaid="meta_NGlycan_biosynthesis" sboTerm="SBO:0000552" substanceUnits="substance" compartment="default">
<notes><body xmlns="http://www.w3.org/1999/xhtml"><a href="http://www.kegg.jp/dbget-bin/www_bget?hsa00510">Original Kegg Entry</a><br/>
<p><b>N-Glycan biosynthesis - Homo sapiens (human)</b></p>
<img src="http://www.kegg.jp/kegg/misc/thumbnail/map00510.gif"/><br/>
</body></notes>
        <annotation>
          <rdf:RDF xmlns:rdf="http://www.w3.org/1999/02/22-rdf-syntax-ns#" xmlns:bqbiol="http://biomodels.net/biology-qualifiers/">
            <rdf:Description rdf:about="#meta_NGlycan_biosynthesis">
              <bqbiol:is>
                <rdf:Bag>
                  <rdf:li rdf:resource="urn:miriam:kegg.pathway:hsa00510"/>
                </rdf:Bag>
              </bqbiol:is>
              <bqbiol:isDescribedBy>
                <rdf:Bag>
                  <rdf:li rdf:resource="urn:miriam:obo.go:GO:0006487"/>
                </rdf:Bag>
              </bqbiol:isDescribedBy>
              <bqbiol:unknownQualifier>
                <rdf:Bag>
                  <rdf:li rdf:resource="urn:miriam:obo.eco:ECO%3A0000313"/>
                </rdf:Bag>
              </bqbiol:unknownQualifier>
            </rdf:Description>
          </rdf:RDF>
        </annotation>
      </species>
      <species id="Glycosphingolipid_biosynthesis__ganglio_series" initialAmount="1" name="Glycosphingolipid biosynthesis - ganglio series" metaid="meta_Glycosphingolipid_biosynthesis__ganglio_series" sboTerm="SBO:0000552" substanceUnits="substance" compartment="default">
<notes><body xmlns="http://www.w3.org/1999/xhtml"><a href="http://www.kegg.jp/dbget-bin/www_bget?hsa00604">Original Kegg Entry</a><br/>
<p><b>Glycosphingolipid biosynthesis - ganglio series - Homo sapiens (human)</b></p>
<img src="http://www.kegg.jp/kegg/misc/thumbnail/map00604.gif"/><br/>
</body></notes>
        <annotation>
          <rdf:RDF xmlns:rdf="http://www.w3.org/1999/02/22-rdf-syntax-ns#" xmlns:bqbiol="http://biomodels.net/biology-qualifiers/">
            <rdf:Description rdf:about="#meta_Glycosphingolipid_biosynthesis__ganglio_series">
              <bqbiol:is>
                <rdf:Bag>
                  <rdf:li rdf:resource="urn:miriam:kegg.pathway:hsa00604"/>
                </rdf:Bag>
              </bqbiol:is>
              <bqbiol:unknownQualifier>
                <rdf:Bag>
                  <rdf:li rdf:resource="urn:miriam:obo.eco:ECO%3A0000313"/>
                </rdf:Bag>
              </bqbiol:unknownQualifier>
            </rdf:Description>
          </rdf:RDF>
        </annotation>
      </species>
    </listOfSpecies>
  </model>
</sbml>