<?xml version='1.0' encoding='UTF-8' standalone='no'?>
<!-- Created by KEGGtranslator version 1.2.0 on 2011-11-09 19:32 with jsbml version 0.8-rc1. -->
<sbml xmlns="http://www.sbml.org/sbml/level2/version4" level="2" version="4">
  <model id="path_hsa00532" name="Glycosaminoglycan biosynthesis - chondroitin sulfate" metaid="meta_path_hsa00532">
<notes><body xmlns="http://www.w3.org/1999/xhtml"><h1>Model of “Glycosaminoglycan biosynthesis - chondroitin sulfate” in “Homo sapiens (human)”</h1>
Glycosaminoglycans (GAGs) are linear polysaccharide chains consisting of repeating disaccharide units and form proteglycans by covalently attaching to their core proteins. Chondroitin sulfate (CS) is a glycosaminoglycan with the disaccharide unit GalNAc(b1-4)GlcA(b1-3), modified with ester-linked sulfate at certain positions. Dermatan sulfate (DS) is a modified form of CS, in which a portion of D-glucuronate residues is epimerized to L-iduronates. CS and DS are linked to serine residues in core proteins via a linkage tetrasaccharide formed by the transfer of xylose and three more residues [MD:M00057]. The assembly process of CS is initiated by the transfer of N-acetylgalactosamine to the linkage tetrasaccharide. The polymerization step is catalyzed by bifunctional enzymes (chondroitin synthases) that have both b1-3 glucuronosyltransferase and b1-4 N-acetylgalactosaminyltransferase activities [MD:M00058]. Chondroitin polymerization also requires the action of the chondroitin polymerizing factor. Sulfation of chondroitin in vertebrates is a complex process, with multiple sulfotransferases involved in 4-O sulfation and 6-O sulfation of N-acetylgalactosamine residues. Additional enzymes exist for epimerization of glucuronic acid to iduronic acid in DS, sulfation at the C-2 position of the uronic acids, and other patterns of sulfation found in unusual species of chondroitin.<br/>
<a href="http://www.genome.jp/kegg/pathway/hsa/hsa00532.png"><img src="http://www.genome.jp/kegg/pathway/hsa/hsa00532.png" alt="http://www.genome.jp/kegg-bin/show_pathway?hsa00532"/></a><br/>
<a href="http://www.genome.jp/kegg-bin/show_pathway?hsa00532">Original Entry</a><br/>
<p>KGML comment: “Creation date: Mar 8, 2010 14:41:31 +0900 (GMT+09:00)”<br/>
KGML version was: 0.71<br/>
</p><div align="right"><i><small>This file has been generated by KEGGtranslator version 1.2.0</small></i></div><br/>
</body></notes>
    <annotation>
      <rdf:RDF xmlns:rdf="http://www.w3.org/1999/02/22-rdf-syntax-ns#" xmlns:bqmodel="http://biomodels.net/model-qualifiers/" xmlns:bqbiol="http://biomodels.net/biology-qualifiers/">
        <rdf:Description rdf:about="#meta_path_hsa00532">
          <creator>
            <rdf:Bag>
              <rdf:li rdf:parseType="Resource">                <ORG rdf:parseType="Resource">
                  <Orgname>ZBIT, University of Tübingen, WSI-CogSys</Orgname>
                </ORG>
              </rdf:li>
            </rdf:Bag>
          </creator>
          <created rdf:parseType="Resource">
            <W3CDTF>2011-11-09T18:32:18Z</W3CDTF>
          </created>
          <modified rdf:parseType="Resource">
            <W3CDTF>2011-11-09T18:32:18Z</W3CDTF>
          </modified>
          <modified rdf:parseType="Resource">
            <W3CDTF>2011-11-09T18:32:18Z</W3CDTF>
          </modified>
          <bqmodel:is>
            <rdf:Bag>
              <rdf:li rdf:resource="urn:miriam:kegg.pathway:hsa00532"/>
            </rdf:Bag>
          </bqmodel:is>
          <bqbiol:occursIn>
            <rdf:Bag>
              <rdf:li rdf:resource="urn:miriam:taxonomy:9606"/>
            </rdf:Bag>
          </bqbiol:occursIn>
        </rdf:Description>
      </rdf:RDF>
    </annotation>
      <listOfCompartments>
      <compartment id="default" name="Glycosaminoglycan biosynthesis - chondroitin sulfate" units="volume" size="1"/>
    </listOfCompartments>
    <listOfSpecies>
      <species id="Glycosaminoglycan_biosynthesis__heparan_sulfate" initialAmount="1" name="Glycosaminoglycan biosynthesis - heparan sulfate" metaid="meta_Glycosaminoglycan_biosynthesis__heparan_sulfate" sboTerm="SBO:0000552" substanceUnits="substance" compartment="default">
<notes><body xmlns="http://www.w3.org/1999/xhtml"><a href="http://www.kegg.jp/dbget-bin/www_bget?hsa00534">Original Kegg Entry</a><br/>
<p><b>Glycosaminoglycan biosynthesis - heparan sulfate - Homo sapiens (human)</b></p>
<img src="http://www.kegg.jp/kegg/misc/thumbnail/map00534.gif"/><br/>
</body></notes>
        <annotation>
          <rdf:RDF xmlns:rdf="http://www.w3.org/1999/02/22-rdf-syntax-ns#" xmlns:bqbiol="http://biomodels.net/biology-qualifiers/">
            <rdf:Description rdf:about="#meta_Glycosaminoglycan_biosynthesis__heparan_sulfate">
              <bqbiol:is>
                <rdf:Bag>
                  <rdf:li rdf:resource="urn:miriam:kegg.pathway:hsa00534"/>
                </rdf:Bag>
              </bqbiol:is>
              <bqbiol:unknownQualifier>
                <rdf:Bag>
                  <rdf:li rdf:resource="urn:miriam:obo.eco:ECO%3A0000313"/>
                </rdf:Bag>
              </bqbiol:unknownQualifier>
            </rdf:Description>
          </rdf:RDF>
        </annotation>
      </species>
      <species id="G00160" initialAmount="1" name="G00160" metaid="meta_G00160" sboTerm="SBO:0000247" substanceUnits="substance" compartment="default">
<notes><body xmlns="http://www.w3.org/1999/xhtml"><a href="http://www.kegg.jp/dbget-bin/www_bget?G00160">Original Kegg Entry</a><br/>
<p><b>Mass:</b> 1215 (Ser)</p>
</body></notes>
        <annotation>
          <rdf:RDF xmlns:rdf="http://www.w3.org/1999/02/22-rdf-syntax-ns#" xmlns:bqbiol="http://biomodels.net/biology-qualifiers/">
            <rdf:Description rdf:about="#meta_G00160">
              <bqbiol:is>
                <rdf:Bag>
                  <rdf:li rdf:resource="urn:miriam:kegg.glycan:G00160"/>
                </rdf:Bag>
              </bqbiol:is>
              <bqbiol:occursIn>
                <rdf:Bag>
                  <rdf:li rdf:resource="urn:miriam:kegg.reaction:R05932"/>
                </rdf:Bag>
              </bqbiol:occursIn>
              <bqbiol:unknownQualifier>
                <rdf:Bag>
                  <rdf:li rdf:resource="urn:miriam:obo.eco:ECO%3A0000313"/>
                </rdf:Bag>
              </bqbiol:unknownQualifier>
            </rdf:Description>
          </rdf:RDF>
        </annotation>
      </species>
      <species id="G00159" initialAmount="1" name="G00159" metaid="meta_G00159" sboTerm="SBO:0000247" substanceUnits="substance" compartment="default">
<notes><body xmlns="http://www.w3.org/1999/xhtml"><a href="http://www.kegg.jp/dbget-bin/www_bget?G00159">Original Kegg Entry</a><br/>
<p><b>Mass:</b> 1011.8 (Ser)</p>
</body></notes>
        <annotation>
          <rdf:RDF xmlns:rdf="http://www.w3.org/1999/02/22-rdf-syntax-ns#" xmlns:bqbiol="http://biomodels.net/biology-qualifiers/">
            <rdf:Description rdf:about="#meta_G00159">
              <bqbiol:is>
                <rdf:Bag>
                  <rdf:li rdf:resource="urn:miriam:kegg.glycan:G00159"/>
                </rdf:Bag>
              </bqbiol:is>
              <bqbiol:occursIn>
                <rdf:Bag>
                  <rdf:li rdf:resource="urn:miriam:kegg.reaction:R05932"/>
                  <rdf:li rdf:resource="urn:miriam:kegg.reaction:R05931"/>
                </rdf:Bag>
              </bqbiol:occursIn>
              <bqbiol:unknownQualifier>
                <rdf:Bag>
                  <rdf:li rdf:resource="urn:miriam:obo.eco:ECO%3A0000313"/>
                </rdf:Bag>
              </bqbiol:unknownQualifier>
            </rdf:Description>
          </rdf:RDF>
        </annotation>
      </species>
      <species id="G00158" initialAmount="1" name="G00158" metaid="meta_G00158" sboTerm="SBO:0000247" substanceUnits="substance" compartment="default">
<notes><body xmlns="http://www.w3.org/1999/xhtml"><a href="http://www.kegg.jp/dbget-bin/www_bget?G00158">Original Kegg Entry</a><br/>
<p><b>Mass:</b> 835.7 (Ser)</p>
</body></notes>
        <annotation>
          <rdf:RDF xmlns:rdf="http://www.w3.org/1999/02/22-rdf-syntax-ns#" xmlns:bqbiol="http://biomodels.net/biology-qualifiers/">
            <rdf:Description rdf:about="#meta_G00158">
              <bqbiol:is>
                <rdf:Bag>
                  <rdf:li rdf:resource="urn:miriam:kegg.glycan:G00158"/>
                </rdf:Bag>
              </bqbiol:is>
              <bqbiol:occursIn>
                <rdf:Bag>
                  <rdf:li rdf:resource="urn:miriam:kegg.reaction:R05929"/>
                  <rdf:li rdf:resource="urn:miriam:kegg.reaction:R05931"/>
                </rdf:Bag>
              </bqbiol:occursIn>
              <bqbiol:hasProperty>
                <rdf:Bag>
                  <rdf:li rdf:resource="urn:miriam:glycomedb:2650"/>
                </rdf:Bag>
              </bqbiol:hasProperty>
              <bqbiol:unknownQualifier>
                <rdf:Bag>
                  <rdf:li rdf:resource="urn:miriam:obo.eco:ECO%3A0000313"/>
                </rdf:Bag>
              </bqbiol:unknownQualifier>
            </rdf:Description>
          </rdf:RDF>
        </annotation>
      </species>
      <species id="G00157" initialAmount="1" name="G00157" metaid="meta_G00157" sboTerm="SBO:0000247" substanceUnits="substance" compartment="default">
<notes><body xmlns="http://www.w3.org/1999/xhtml"><a href="http://www.kegg.jp/dbget-bin/www_bget?G00157">Original Kegg Entry</a><br/>
<p><b>Mass:</b> 632.5 (Ser)</p>
</body></notes>
        <annotation>
          <rdf:RDF xmlns:rdf="http://www.w3.org/1999/02/22-rdf-syntax-ns#" xmlns:bqbiol="http://biomodels.net/biology-qualifiers/">
            <rdf:Description rdf:about="#meta_G00157">
              <bqbiol:is>
                <rdf:Bag>
                  <rdf:li rdf:resource="urn:miriam:kegg.glycan:G00157"/>
                </rdf:Bag>
              </bqbiol:is>
              <bqbiol:occursIn>
                <rdf:Bag>
                  <rdf:li rdf:resource="urn:miriam:kegg.reaction:R05929"/>
                  <rdf:li rdf:resource="urn:miriam:kegg.reaction:R05928"/>
                </rdf:Bag>
              </bqbiol:occursIn>
              <bqbiol:hasProperty>
                <rdf:Bag>
                  <rdf:li rdf:resource="urn:miriam:glycomedb:6420"/>
                </rdf:Bag>
              </bqbiol:hasProperty>
              <bqbiol:hasProperty>
                <rdf:Bag>
                  <rdf:li rdf:resource="urn:miriam:ec-code:2.4.1.135"/>
                  <rdf:li rdf:resource="urn:miriam:ec-code:2.4.1.223"/>
                  <rdf:li rdf:resource="urn:miriam:ec-code:2.4.1.224"/>
                </rdf:Bag>
              </bqbiol:hasProperty>
              <bqbiol:unknownQualifier>
                <rdf:Bag>
                  <rdf:li rdf:resource="urn:miriam:obo.eco:ECO%3A0000313"/>
                </rdf:Bag>
              </bqbiol:unknownQualifier>
            </rdf:Description>
          </rdf:RDF>
        </annotation>
      </species>
      <species id="G00156" initialAmount="1" name="G00156" metaid="meta_G00156" sboTerm="SBO:0000247" substanceUnits="substance" compartment="default">
<notes><body xmlns="http://www.w3.org/1999/xhtml"><a href="http://www.kegg.jp/dbget-bin/www_bget?G00156">Original Kegg Entry</a><br/>
<p><b>Mass:</b> 456.4 (Ser)</p>
</body></notes>
        <annotation>
          <rdf:RDF xmlns:rdf="http://www.w3.org/1999/02/22-rdf-syntax-ns#" xmlns:bqbiol="http://biomodels.net/biology-qualifiers/">
            <rdf:Description rdf:about="#meta_G00156">
              <bqbiol:is>
                <rdf:Bag>
                  <rdf:li rdf:resource="urn:miriam:kegg.glycan:G00156"/>
                </rdf:Bag>
              </bqbiol:is>
              <bqbiol:occursIn>
                <rdf:Bag>
                  <rdf:li rdf:resource="urn:miriam:kegg.reaction:R05928"/>
                  <rdf:li rdf:resource="urn:miriam:kegg.reaction:R05927"/>
                </rdf:Bag>
              </bqbiol:occursIn>
              <bqbiol:hasProperty>
                <rdf:Bag>
                  <rdf:li rdf:resource="urn:miriam:glycomedb:71"/>
                </rdf:Bag>
              </bqbiol:hasProperty>
              <bqbiol:hasProperty>
                <rdf:Bag>
                  <rdf:li rdf:resource="urn:miriam:ec-code:2.4.1.135"/>
                </rdf:Bag>
              </bqbiol:hasProperty>
              <bqbiol:unknownQualifier>
                <rdf:Bag>
                  <rdf:li rdf:resource="urn:miriam:obo.eco:ECO%3A0000313"/>
                </rdf:Bag>
              </bqbiol:unknownQualifier>
            </rdf:Description>
          </rdf:RDF>
        </annotation>
      </species>
      <species id="G00155" initialAmount="1" name="G00155" metaid="meta_G00155" sboTerm="SBO:0000247" substanceUnits="substance" compartment="default">
<notes><body xmlns="http://www.w3.org/1999/xhtml"><a href="http://www.kegg.jp/dbget-bin/www_bget?G00155">Original Kegg Entry</a><br/>
<p><b>Mass:</b> 294.3 (Ser)</p>
</body></notes>
        <annotation>
          <rdf:RDF xmlns:rdf="http://www.w3.org/1999/02/22-rdf-syntax-ns#" xmlns:bqbiol="http://biomodels.net/biology-qualifiers/">
            <rdf:Description rdf:about="#meta_G00155">
              <bqbiol:is>
                <rdf:Bag>
                  <rdf:li rdf:resource="urn:miriam:kegg.glycan:G00155"/>
                </rdf:Bag>
              </bqbiol:is>
              <bqbiol:occursIn>
                <rdf:Bag>
                  <rdf:li rdf:resource="urn:miriam:kegg.reaction:R05927"/>
                  <rdf:li rdf:resource="urn:miriam:kegg.reaction:R05926"/>
                </rdf:Bag>
              </bqbiol:occursIn>
              <bqbiol:hasProperty>
                <rdf:Bag>
                  <rdf:li rdf:resource="urn:miriam:glycomedb:2720"/>
                </rdf:Bag>
              </bqbiol:hasProperty>
              <bqbiol:hasProperty>
                <rdf:Bag>
                  <rdf:li rdf:resource="urn:miriam:ec-code:2.4.1.133"/>
                </rdf:Bag>
              </bqbiol:hasProperty>
              <bqbiol:unknownQualifier>
                <rdf:Bag>
                  <rdf:li rdf:resource="urn:miriam:obo.eco:ECO%3A0000313"/>
                </rdf:Bag>
              </bqbiol:unknownQualifier>
            </rdf:Description>
          </rdf:RDF>
        </annotation>
      </species>
      <species id="G00154" initialAmount="1" name="G00154" metaid="meta_G00154" sboTerm="SBO:0000247" substanceUnits="substance" compartment="default">
<notes><body xmlns="http://www.w3.org/1999/xhtml"><a href="http://www.kegg.jp/dbget-bin/www_bget?G00154">Original Kegg Entry</a><br/>
<p><b>Mass:</b> 132.1 (Ser)</p>
</body></notes>
        <annotation>
          <rdf:RDF xmlns:rdf="http://www.w3.org/1999/02/22-rdf-syntax-ns#" xmlns:bqbiol="http://biomodels.net/biology-qualifiers/">
            <rdf:Description rdf:about="#meta_G00154">
              <bqbiol:is>
                <rdf:Bag>
                  <rdf:li rdf:resource="urn:miriam:kegg.glycan:G00154"/>
                </rdf:Bag>
              </bqbiol:is>
              <bqbiol:occursIn>
                <rdf:Bag>
                  <rdf:li rdf:resource="urn:miriam:kegg.reaction:R05926"/>
                  <rdf:li rdf:resource="urn:miriam:kegg.reaction:R05925"/>
                </rdf:Bag>
              </bqbiol:occursIn>
              <bqbiol:hasProperty>
                <rdf:Bag>
                  <rdf:li rdf:resource="urn:miriam:glycomedb:472"/>
                </rdf:Bag>
              </bqbiol:hasProperty>
              <bqbiol:hasProperty>
                <rdf:Bag>
                  <rdf:li rdf:resource="urn:miriam:ec-code:2.4.1.133"/>
                  <rdf:li rdf:resource="urn:miriam:ec-code:2.4.2.26"/>
                </rdf:Bag>
              </bqbiol:hasProperty>
              <bqbiol:unknownQualifier>
                <rdf:Bag>
                  <rdf:li rdf:resource="urn:miriam:obo.eco:ECO%3A0000313"/>
                </rdf:Bag>
              </bqbiol:unknownQualifier>
            </rdf:Description>
          </rdf:RDF>
        </annotation>
      </species>
      <species id="CHSY3" initialAmount="1" name="CHSY3" metaid="meta_CHSY3" sboTerm="SBO:0000354" substanceUnits="substance" compartment="default">
<notes><body xmlns="http://www.w3.org/1999/xhtml"><a href="http://www.kegg.jp/dbget-bin/www_bget?hsa:22856+hsa:337876+hsa:79586">Original Kegg Entry</a><br/>
<p><b>Description for “CHSY1, CHSY, CSS1, ChSy-1, DKFZp434M032, FLJ58581, KIAA0990”:</b> chondroitin sulfate synthase 1 (EC:2.4.1.175 2.4.1.226)</p>
<p><b>Description for “CHSY3, CHSY2, CSS3”:</b> chondroitin sulfate synthase 3 (EC:2.4.1.175 2.4.1.226)</p>
<p><b>Description for “CHPF, CHSY2, CSS2, FLJ22678”:</b> chondroitin polymerizing factor (EC:2.4.1.175 2.4.1.226)</p>
</body></notes>
        <annotation>
          <rdf:RDF xmlns:rdf="http://www.w3.org/1999/02/22-rdf-syntax-ns#" xmlns:bqbiol="http://biomodels.net/biology-qualifiers/">
            <rdf:Description rdf:about="#meta_CHSY3">
              <bqbiol:hasVersion>
                <rdf:Bag>
                  <rdf:li rdf:resource="urn:miriam:kegg.genes:hsa%3A22856"/>
                  <rdf:li rdf:resource="urn:miriam:kegg.genes:hsa%3A337876"/>
                  <rdf:li rdf:resource="urn:miriam:kegg.genes:hsa%3A79586"/>
                </rdf:Bag>
              </bqbiol:hasVersion>
              <bqbiol:isEncodedBy>
                <rdf:Bag>
                  <rdf:li rdf:resource="urn:miriam:entrez.gene:22856"/>
                  <rdf:li rdf:resource="urn:miriam:entrez.gene:337876"/>
                  <rdf:li rdf:resource="urn:miriam:entrez.gene:79586"/>
                </rdf:Bag>
              </bqbiol:isEncodedBy>
              <bqbiol:hasProperty>
                <rdf:Bag>
                  <rdf:li rdf:resource="urn:miriam:omim:608183"/>
                  <rdf:li rdf:resource="urn:miriam:omim:609963"/>
                  <rdf:li rdf:resource="urn:miriam:omim:610405"/>
                </rdf:Bag>
              </bqbiol:hasProperty>
              <bqbiol:isEncodedBy>
                <rdf:Bag>
                  <rdf:li rdf:resource="urn:miriam:ensembl:ENSG00000131873"/>
                  <rdf:li rdf:resource="urn:miriam:ensembl:ENSG00000198108"/>
                  <rdf:li rdf:resource="urn:miriam:ensembl:ENSG00000123989"/>
                </rdf:Bag>
              </bqbiol:isEncodedBy>
              <bqbiol:hasVersion>
                <rdf:Bag>
                  <rdf:li rdf:resource="urn:miriam:uniprot:Q86X52"/>
                  <rdf:li rdf:resource="urn:miriam:uniprot:Q70JA7"/>
                  <rdf:li rdf:resource="urn:miriam:uniprot:Q8IZ52"/>
                  <rdf:li rdf:resource="urn:miriam:uniprot:B4DXU0"/>
                </rdf:Bag>
              </bqbiol:hasVersion>
              <bqbiol:isEncodedBy>
                <rdf:Bag>
                  <rdf:li rdf:resource="urn:miriam:hgnc:HGNC%3A17198"/>
                  <rdf:li rdf:resource="urn:miriam:hgnc:HGNC%3A24293"/>
                  <rdf:li rdf:resource="urn:miriam:hgnc:HGNC%3A24291"/>
                </rdf:Bag>
              </bqbiol:isEncodedBy>
              <bqbiol:occursIn>
                <rdf:Bag>
                  <rdf:li rdf:resource="urn:miriam:kegg.reaction:R05932"/>
                </rdf:Bag>
              </bqbiol:occursIn>
              <bqbiol:hasProperty>
                <rdf:Bag>
                  <rdf:li rdf:resource="urn:miriam:ec-code:2.4.1.175"/>
                  <rdf:li rdf:resource="urn:miriam:ec-code:2.4.1.226"/>
                </rdf:Bag>
              </bqbiol:hasProperty>
              <bqbiol:unknownQualifier>
                <rdf:Bag>
                  <rdf:li rdf:resource="urn:miriam:obo.eco:ECO%3A0000313"/>
                </rdf:Bag>
              </bqbiol:unknownQualifier>
            </rdf:Description>
          </rdf:RDF>
        </annotation>
      </species>
      <species id="CHSY3_1" initialAmount="1" name="CHSY3" metaid="meta_CHSY3_1" sboTerm="SBO:0000354" substanceUnits="substance" compartment="default">
<notes><body xmlns="http://www.w3.org/1999/xhtml"><a href="http://www.kegg.jp/dbget-bin/www_bget?hsa:22856+hsa:337876+hsa:54480+hsa:79586">Original Kegg Entry</a><br/>
<p><b>Description for “CHSY1, CHSY, CSS1, ChSy-1, DKFZp434M032, FLJ58581, KIAA0990”:</b> chondroitin sulfate synthase 1 (EC:2.4.1.175 2.4.1.226)</p>
<p><b>Description for “CHSY3, CHSY2, CSS3”:</b> chondroitin sulfate synthase 3 (EC:2.4.1.175 2.4.1.226)</p>
<p><b>Description for “CHPF2, CSGLCA-T, CSGlcAT, ChSy-3, KIAA1402”:</b> chondroitin polymerizing factor 2 (EC:2.4.1.226)</p>
<p><b>Description for “CHPF, CHSY2, CSS2, FLJ22678”:</b> chondroitin polymerizing factor (EC:2.4.1.175 2.4.1.226)</p>
</body></notes>
        <annotation>
          <rdf:RDF xmlns:rdf="http://www.w3.org/1999/02/22-rdf-syntax-ns#" xmlns:bqbiol="http://biomodels.net/biology-qualifiers/">
            <rdf:Description rdf:about="#meta_CHSY3_1">
              <bqbiol:hasVersion>
                <rdf:Bag>
                  <rdf:li rdf:resource="urn:miriam:kegg.genes:hsa%3A22856"/>
                  <rdf:li rdf:resource="urn:miriam:kegg.genes:hsa%3A337876"/>
                  <rdf:li rdf:resource="urn:miriam:kegg.genes:hsa%3A54480"/>
                  <rdf:li rdf:resource="urn:miriam:kegg.genes:hsa%3A79586"/>
                </rdf:Bag>
              </bqbiol:hasVersion>
              <bqbiol:isEncodedBy>
                <rdf:Bag>
                  <rdf:li rdf:resource="urn:miriam:entrez.gene:22856"/>
                  <rdf:li rdf:resource="urn:miriam:entrez.gene:337876"/>
                  <rdf:li rdf:resource="urn:miriam:entrez.gene:54480"/>
                  <rdf:li rdf:resource="urn:miriam:entrez.gene:79586"/>
                </rdf:Bag>
              </bqbiol:isEncodedBy>
              <bqbiol:hasProperty>
                <rdf:Bag>
                  <rdf:li rdf:resource="urn:miriam:omim:608183"/>
                  <rdf:li rdf:resource="urn:miriam:omim:609963"/>
                  <rdf:li rdf:resource="urn:miriam:omim:608037"/>
                  <rdf:li rdf:resource="urn:miriam:omim:610405"/>
                </rdf:Bag>
              </bqbiol:hasProperty>
              <bqbiol:isEncodedBy>
                <rdf:Bag>
                  <rdf:li rdf:resource="urn:miriam:ensembl:ENSG00000131873"/>
                  <rdf:li rdf:resource="urn:miriam:ensembl:ENSG00000198108"/>
                  <rdf:li rdf:resource="urn:miriam:ensembl:ENSG00000033100"/>
                  <rdf:li rdf:resource="urn:miriam:ensembl:ENSG00000123989"/>
                </rdf:Bag>
              </bqbiol:isEncodedBy>
              <bqbiol:hasVersion>
                <rdf:Bag>
                  <rdf:li rdf:resource="urn:miriam:uniprot:Q86X52"/>
                  <rdf:li rdf:resource="urn:miriam:uniprot:Q70JA7"/>
                  <rdf:li rdf:resource="urn:miriam:uniprot:Q9P2E5"/>
                  <rdf:li rdf:resource="urn:miriam:uniprot:Q8IZ52"/>
                  <rdf:li rdf:resource="urn:miriam:uniprot:B4DXU0"/>
                </rdf:Bag>
              </bqbiol:hasVersion>
              <bqbiol:isEncodedBy>
                <rdf:Bag>
                  <rdf:li rdf:resource="urn:miriam:hgnc:HGNC%3A17198"/>
                  <rdf:li rdf:resource="urn:miriam:hgnc:HGNC%3A24293"/>
                  <rdf:li rdf:resource="urn:miriam:hgnc:HGNC%3A29270"/>
                  <rdf:li rdf:resource="urn:miriam:hgnc:HGNC%3A24291"/>
                </rdf:Bag>
              </bqbiol:isEncodedBy>
              <bqbiol:occursIn>
                <rdf:Bag>
                  <rdf:li rdf:resource="urn:miriam:kegg.reaction:R05931"/>
                </rdf:Bag>
              </bqbiol:occursIn>
              <bqbiol:hasProperty>
                <rdf:Bag>
                  <rdf:li rdf:resource="urn:miriam:ec-code:2.4.1.175"/>
                  <rdf:li rdf:resource="urn:miriam:ec-code:2.4.1.226"/>
                </rdf:Bag>
              </bqbiol:hasProperty>
              <bqbiol:unknownQualifier>
                <rdf:Bag>
                  <rdf:li rdf:resource="urn:miriam:obo.eco:ECO%3A0000313"/>
                </rdf:Bag>
              </bqbiol:unknownQualifier>
            </rdf:Description>
          </rdf:RDF>
        </annotation>
      </species>
      <species id="CSGALNACT" initialAmount="1" name="CSGALNACT" metaid="meta_CSGALNACT" sboTerm="SBO:0000354" substanceUnits="substance" compartment="default">
<notes><body xmlns="http://www.w3.org/1999/xhtml"><a href="http://www.kegg.jp/dbget-bin/www_bget?hsa:55454+hsa:55790">Original Kegg Entry</a><br/>
<p><b>Description for “CSGALNACT2, CHGN2, DKFZp686H13226, FLJ43310, GALNACT-2, GALNACT2, MGC40204”:</b> chondroitin sulfate N-acetylgalactosaminyltransferase 2 (EC:2.4.1.174)</p>
<p><b>Description for “CSGALNACT1, CSGalNAcT-1, ChGn, FLJ11264, FLJ13760, beta4GalNAcT”:</b> chondroitin sulfate N-acetylgalactosaminyltransferase 1 (EC:2.4.1.174)</p>
</body></notes>
        <annotation>
          <rdf:RDF xmlns:rdf="http://www.w3.org/1999/02/22-rdf-syntax-ns#" xmlns:bqbiol="http://biomodels.net/biology-qualifiers/">
            <rdf:Description rdf:about="#meta_CSGALNACT">
              <bqbiol:hasVersion>
                <rdf:Bag>
                  <rdf:li rdf:resource="urn:miriam:kegg.genes:hsa%3A55454"/>
                  <rdf:li rdf:resource="urn:miriam:kegg.genes:hsa%3A55790"/>
                </rdf:Bag>
              </bqbiol:hasVersion>
              <bqbiol:isEncodedBy>
                <rdf:Bag>
                  <rdf:li rdf:resource="urn:miriam:entrez.gene:55454"/>
                  <rdf:li rdf:resource="urn:miriam:entrez.gene:55790"/>
                </rdf:Bag>
              </bqbiol:isEncodedBy>
              <bqbiol:isEncodedBy>
                <rdf:Bag>
                  <rdf:li rdf:resource="urn:miriam:ensembl:ENSG00000169826"/>
                  <rdf:li rdf:resource="urn:miriam:ensembl:ENSG00000147408"/>
                </rdf:Bag>
              </bqbiol:isEncodedBy>
              <bqbiol:hasVersion>
                <rdf:Bag>
                  <rdf:li rdf:resource="urn:miriam:uniprot:Q8N6G5"/>
                  <rdf:li rdf:resource="urn:miriam:uniprot:Q8TDX6"/>
                </rdf:Bag>
              </bqbiol:hasVersion>
              <bqbiol:isEncodedBy>
                <rdf:Bag>
                  <rdf:li rdf:resource="urn:miriam:hgnc:HGNC%3A24292"/>
                  <rdf:li rdf:resource="urn:miriam:hgnc:HGNC%3A24290"/>
                </rdf:Bag>
              </bqbiol:isEncodedBy>
              <bqbiol:occursIn>
                <rdf:Bag>
                  <rdf:li rdf:resource="urn:miriam:kegg.reaction:R05929"/>
                </rdf:Bag>
              </bqbiol:occursIn>
              <bqbiol:hasProperty>
                <rdf:Bag>
                  <rdf:li rdf:resource="urn:miriam:ec-code:2.4.1.174"/>
                </rdf:Bag>
              </bqbiol:hasProperty>
              <bqbiol:unknownQualifier>
                <rdf:Bag>
                  <rdf:li rdf:resource="urn:miriam:obo.eco:ECO%3A0000313"/>
                </rdf:Bag>
              </bqbiol:unknownQualifier>
            </rdf:Description>
          </rdf:RDF>
        </annotation>
      </species>
      <species id="B3GAT" initialAmount="1" name="B3GAT" metaid="meta_B3GAT" sboTerm="SBO:0000354" substanceUnits="substance" compartment="default">
<notes><body xmlns="http://www.w3.org/1999/xhtml"><a href="http://www.kegg.jp/dbget-bin/www_bget?hsa:135152+hsa:26229+hsa:27087">Original Kegg Entry</a><br/>
<p><b>Description for “B3GAT2, GLCATS, KIAA1963, MGC138535”:</b> beta-1,3-glucuronyltransferase 2 (glucuronosyltransferase S) (EC:2.4.1.135)</p>
<p><b>Description for “B3GAT3, GLCATI”:</b> beta-1,3-glucuronyltransferase 3 (glucuronosyltransferase I) (EC:2.4.1.135)</p>
<p><b>Description for “B3GAT1, CD57, GLCATP, GLCUATP, HNK1, LEU7, NK-1, NK1”:</b> beta-1,3-glucuronyltransferase 1 (glucuronosyltransferase P) (EC:2.4.1.135)</p>
</body></notes>
        <annotation>
          <rdf:RDF xmlns:rdf="http://www.w3.org/1999/02/22-rdf-syntax-ns#" xmlns:bqbiol="http://biomodels.net/biology-qualifiers/">
            <rdf:Description rdf:about="#meta_B3GAT">
              <bqbiol:hasVersion>
                <rdf:Bag>
                  <rdf:li rdf:resource="urn:miriam:kegg.genes:hsa%3A135152"/>
                  <rdf:li rdf:resource="urn:miriam:kegg.genes:hsa%3A26229"/>
                  <rdf:li rdf:resource="urn:miriam:kegg.genes:hsa%3A27087"/>
                </rdf:Bag>
              </bqbiol:hasVersion>
              <bqbiol:isEncodedBy>
                <rdf:Bag>
                  <rdf:li rdf:resource="urn:miriam:entrez.gene:135152"/>
                  <rdf:li rdf:resource="urn:miriam:entrez.gene:26229"/>
                  <rdf:li rdf:resource="urn:miriam:entrez.gene:27087"/>
                </rdf:Bag>
              </bqbiol:isEncodedBy>
              <bqbiol:hasProperty>
                <rdf:Bag>
                  <rdf:li rdf:resource="urn:miriam:omim:607497"/>
                  <rdf:li rdf:resource="urn:miriam:omim:606374"/>
                  <rdf:li rdf:resource="urn:miriam:omim:151290"/>
                </rdf:Bag>
              </bqbiol:hasProperty>
              <bqbiol:isEncodedBy>
                <rdf:Bag>
                  <rdf:li rdf:resource="urn:miriam:ensembl:ENSG00000112309"/>
                  <rdf:li rdf:resource="urn:miriam:ensembl:ENSG00000149541"/>
                  <rdf:li rdf:resource="urn:miriam:ensembl:ENSG00000109956"/>
                </rdf:Bag>
              </bqbiol:isEncodedBy>
              <bqbiol:hasVersion>
                <rdf:Bag>
                  <rdf:li rdf:resource="urn:miriam:uniprot:Q9NPZ5"/>
                  <rdf:li rdf:resource="urn:miriam:uniprot:O94766"/>
                  <rdf:li rdf:resource="urn:miriam:uniprot:Q9P2W7"/>
                </rdf:Bag>
              </bqbiol:hasVersion>
              <bqbiol:isEncodedBy>
                <rdf:Bag>
                  <rdf:li rdf:resource="urn:miriam:hgnc:HGNC%3A922"/>
                  <rdf:li rdf:resource="urn:miriam:hgnc:HGNC%3A923"/>
                  <rdf:li rdf:resource="urn:miriam:hgnc:HGNC%3A921"/>
                </rdf:Bag>
              </bqbiol:isEncodedBy>
              <bqbiol:occursIn>
                <rdf:Bag>
                  <rdf:li rdf:resource="urn:miriam:kegg.reaction:R05928"/>
                </rdf:Bag>
              </bqbiol:occursIn>
              <bqbiol:hasProperty>
                <rdf:Bag>
                  <rdf:li rdf:resource="urn:miriam:ec-code:2.4.1.135"/>
                </rdf:Bag>
              </bqbiol:hasProperty>
              <bqbiol:unknownQualifier>
                <rdf:Bag>
                  <rdf:li rdf:resource="urn:miriam:obo.eco:ECO%3A0000313"/>
                </rdf:Bag>
              </bqbiol:unknownQualifier>
            </rdf:Description>
          </rdf:RDF>
        </annotation>
      </species>
      <species id="XYLT" initialAmount="1" name="XYLT" metaid="meta_XYLT" sboTerm="SBO:0000354" substanceUnits="substance" compartment="default">
<notes><body xmlns="http://www.w3.org/1999/xhtml"><a href="http://www.kegg.jp/dbget-bin/www_bget?hsa:64131+hsa:64132">Original Kegg Entry</a><br/>
<p><b>Description for “XYLT1, PXYLT1, XT-I, XT1, XTI, XYLTI”:</b> xylosyltransferase I (EC:2.4.2.26)</p>
<p><b>Description for “XYLT2, PXYLT2, XT-II, XT2, xylT-II”:</b> xylosyltransferase II (EC:2.4.2.26)</p>
</body></notes>
        <annotation>
          <rdf:RDF xmlns:rdf="http://www.w3.org/1999/02/22-rdf-syntax-ns#" xmlns:bqbiol="http://biomodels.net/biology-qualifiers/">
            <rdf:Description rdf:about="#meta_XYLT">
              <bqbiol:hasVersion>
                <rdf:Bag>
                  <rdf:li rdf:resource="urn:miriam:kegg.genes:hsa%3A64131"/>
                  <rdf:li rdf:resource="urn:miriam:kegg.genes:hsa%3A64132"/>
                </rdf:Bag>
              </bqbiol:hasVersion>
              <bqbiol:isEncodedBy>
                <rdf:Bag>
                  <rdf:li rdf:resource="urn:miriam:entrez.gene:64131"/>
                  <rdf:li rdf:resource="urn:miriam:entrez.gene:64132"/>
                </rdf:Bag>
              </bqbiol:isEncodedBy>
              <bqbiol:hasProperty>
                <rdf:Bag>
                  <rdf:li rdf:resource="urn:miriam:omim:608124"/>
                  <rdf:li rdf:resource="urn:miriam:omim:608125"/>
                </rdf:Bag>
              </bqbiol:hasProperty>
              <bqbiol:isEncodedBy>
                <rdf:Bag>
                  <rdf:li rdf:resource="urn:miriam:ensembl:ENSG00000103489"/>
                  <rdf:li rdf:resource="urn:miriam:ensembl:ENSG00000015532"/>
                </rdf:Bag>
              </bqbiol:isEncodedBy>
              <bqbiol:hasVersion>
                <rdf:Bag>
                  <rdf:li rdf:resource="urn:miriam:uniprot:Q86Y38"/>
                  <rdf:li rdf:resource="urn:miriam:uniprot:Q9H1B5"/>
                </rdf:Bag>
              </bqbiol:hasVersion>
              <bqbiol:isEncodedBy>
                <rdf:Bag>
                  <rdf:li rdf:resource="urn:miriam:hgnc:HGNC%3A15516"/>
                  <rdf:li rdf:resource="urn:miriam:hgnc:HGNC%3A15517"/>
                </rdf:Bag>
              </bqbiol:isEncodedBy>
              <bqbiol:occursIn>
                <rdf:Bag>
                  <rdf:li rdf:resource="urn:miriam:kegg.reaction:R05925"/>
                </rdf:Bag>
              </bqbiol:occursIn>
              <bqbiol:hasProperty>
                <rdf:Bag>
                  <rdf:li rdf:resource="urn:miriam:ec-code:2.4.2.26"/>
                </rdf:Bag>
              </bqbiol:hasProperty>
              <bqbiol:unknownQualifier>
                <rdf:Bag>
                  <rdf:li rdf:resource="urn:miriam:obo.eco:ECO%3A0000313"/>
                </rdf:Bag>
              </bqbiol:unknownQualifier>
            </rdf:Description>
          </rdf:RDF>
        </annotation>
      </species>
      <species id="B4GALT7" initialAmount="1" name="B4GALT7" metaid="meta_B4GALT7" sboTerm="SBO:0000354" substanceUnits="substance" compartment="default">
<notes><body xmlns="http://www.w3.org/1999/xhtml"><a href="http://www.kegg.jp/dbget-bin/www_bget?hsa:11285">Original Kegg Entry</a><br/>
<p><b>Description for “B4GALT7, XGALT1, XGPT1”:</b> xylosylprotein beta 1,4-galactosyltransferase, polypeptide 7 (galactosyltransferase I) (EC:2.4.1.133)</p>
</body></notes>
        <annotation>
          <rdf:RDF xmlns:rdf="http://www.w3.org/1999/02/22-rdf-syntax-ns#" xmlns:bqbiol="http://biomodels.net/biology-qualifiers/">
            <rdf:Description rdf:about="#meta_B4GALT7">
              <bqbiol:is>
                <rdf:Bag>
                  <rdf:li rdf:resource="urn:miriam:kegg.genes:hsa%3A11285"/>
                </rdf:Bag>
              </bqbiol:is>
              <bqbiol:isEncodedBy>
                <rdf:Bag>
                  <rdf:li rdf:resource="urn:miriam:entrez.gene:11285"/>
                </rdf:Bag>
              </bqbiol:isEncodedBy>
              <bqbiol:hasProperty>
                <rdf:Bag>
                  <rdf:li rdf:resource="urn:miriam:omim:604327"/>
                </rdf:Bag>
              </bqbiol:hasProperty>
              <bqbiol:isEncodedBy>
                <rdf:Bag>
                  <rdf:li rdf:resource="urn:miriam:ensembl:ENSG00000027847"/>
                </rdf:Bag>
              </bqbiol:isEncodedBy>
              <bqbiol:is>
                <rdf:Bag>
                  <rdf:li rdf:resource="urn:miriam:uniprot:Q9UBV7"/>
                </rdf:Bag>
              </bqbiol:is>
              <bqbiol:isEncodedBy>
                <rdf:Bag>
                  <rdf:li rdf:resource="urn:miriam:hgnc:HGNC%3A930"/>
                </rdf:Bag>
              </bqbiol:isEncodedBy>
              <bqbiol:occursIn>
                <rdf:Bag>
                  <rdf:li rdf:resource="urn:miriam:kegg.reaction:R05926"/>
                </rdf:Bag>
              </bqbiol:occursIn>
              <bqbiol:hasProperty>
                <rdf:Bag>
                  <rdf:li rdf:resource="urn:miriam:ec-code:2.4.1.133"/>
                </rdf:Bag>
              </bqbiol:hasProperty>
              <bqbiol:unknownQualifier>
                <rdf:Bag>
                  <rdf:li rdf:resource="urn:miriam:obo.eco:ECO%3A0000313"/>
                </rdf:Bag>
              </bqbiol:unknownQualifier>
            </rdf:Description>
          </rdf:RDF>
        </annotation>
      </species>
      <species id="B3GALT6" initialAmount="1" name="B3GALT6" metaid="meta_B3GALT6" sboTerm="SBO:0000354" substanceUnits="substance" compartment="default">
<notes><body xmlns="http://www.w3.org/1999/xhtml"><a href="http://www.kegg.jp/dbget-bin/www_bget?hsa:126792">Original Kegg Entry</a><br/>
<p><b>Description for “B3GALT6, beta3GalT6”:</b> UDP-Gal:betaGal beta 1,3-galactosyltransferase polypeptide 6 (EC:2.4.1.134)</p>
</body></notes>
        <annotation>
          <rdf:RDF xmlns:rdf="http://www.w3.org/1999/02/22-rdf-syntax-ns#" xmlns:bqbiol="http://biomodels.net/biology-qualifiers/">
            <rdf:Description rdf:about="#meta_B3GALT6">
              <bqbiol:is>
                <rdf:Bag>
                  <rdf:li rdf:resource="urn:miriam:kegg.genes:hsa%3A126792"/>
                </rdf:Bag>
              </bqbiol:is>
              <bqbiol:isEncodedBy>
                <rdf:Bag>
                  <rdf:li rdf:resource="urn:miriam:entrez.gene:126792"/>
                </rdf:Bag>
              </bqbiol:isEncodedBy>
              <bqbiol:isEncodedBy>
                <rdf:Bag>
                  <rdf:li rdf:resource="urn:miriam:ensembl:ENSG00000176022"/>
                </rdf:Bag>
              </bqbiol:isEncodedBy>
              <bqbiol:is>
                <rdf:Bag>
                  <rdf:li rdf:resource="urn:miriam:uniprot:Q96L58"/>
                </rdf:Bag>
              </bqbiol:is>
              <bqbiol:isEncodedBy>
                <rdf:Bag>
                  <rdf:li rdf:resource="urn:miriam:hgnc:HGNC%3A17978"/>
                </rdf:Bag>
              </bqbiol:isEncodedBy>
              <bqbiol:occursIn>
                <rdf:Bag>
                  <rdf:li rdf:resource="urn:miriam:kegg.reaction:R05927"/>
                </rdf:Bag>
              </bqbiol:occursIn>
              <bqbiol:hasProperty>
                <rdf:Bag>
                  <rdf:li rdf:resource="urn:miriam:ec-code:2.4.1.134"/>
                </rdf:Bag>
              </bqbiol:hasProperty>
              <bqbiol:unknownQualifier>
                <rdf:Bag>
                  <rdf:li rdf:resource="urn:miriam:obo.eco:ECO%3A0000313"/>
                </rdf:Bag>
              </bqbiol:unknownQualifier>
            </rdf:Description>
          </rdf:RDF>
        </annotation>
      </species>
      <species id="Glycosaminoglycan_degradation" initialAmount="1" name="Glycosaminoglycan degradation" metaid="meta_Glycosaminoglycan_degradation" sboTerm="SBO:0000552" substanceUnits="substance" compartment="default">
<notes><body xmlns="http://www.w3.org/1999/xhtml"><a href="http://www.kegg.jp/dbget-bin/www_bget?hsa00531">Original Kegg Entry</a><br/>
<p><b>Glycosaminoglycan degradation - Homo sapiens (human)</b></p>
<img src="http://www.kegg.jp/kegg/misc/thumbnail/map00531.gif"/><br/>
</body></notes>
        <annotation>
          <rdf:RDF xmlns:rdf="http://www.w3.org/1999/02/22-rdf-syntax-ns#" xmlns:bqbiol="http://biomodels.net/biology-qualifiers/">
            <rdf:Description rdf:about="#meta_Glycosaminoglycan_degradation">
              <bqbiol:is>
                <rdf:Bag>
                  <rdf:li rdf:resource="urn:miriam:kegg.pathway:hsa00531"/>
                </rdf:Bag>
              </bqbiol:is>
              <bqbiol:unknownQualifier>
                <rdf:Bag>
                  <rdf:li rdf:resource="urn:miriam:obo.eco:ECO%3A0000313"/>
                </rdf:Bag>
              </bqbiol:unknownQualifier>
            </rdf:Description>
          </rdf:RDF>
        </annotation>
      </species>
      <species id="C4H6N2O3R2" initialAmount="1" name="C4H6N2O3R2" metaid="meta_C4H6N2O3R2" sboTerm="SBO:0000247" substanceUnits="substance" compartment="default">
<notes><body xmlns="http://www.w3.org/1999/xhtml"><a href="http://www.kegg.jp/dbget-bin/www_bget?C02189">Original Kegg Entry</a><br/>
<p><b>Protein L-serine</b></p>
<p><b>All given names:</b><br/>Protein serine<br/>Protein L-serine</p>
<p><b>Formula:</b> C4H6N2O3R2</p>
<img src="http://www.kegg.jp/Fig/compound/C02189.gif"/><br/>
</body></notes>
        <annotation>
          <rdf:RDF xmlns:rdf="http://www.w3.org/1999/02/22-rdf-syntax-ns#" xmlns:bqbiol="http://biomodels.net/biology-qualifiers/">
            <rdf:Description rdf:about="#meta_C4H6N2O3R2">
              <bqbiol:is>
                <rdf:Bag>
                  <rdf:li rdf:resource="urn:miriam:kegg.compound:C02189"/>
                </rdf:Bag>
              </bqbiol:is>
              <bqbiol:occursIn>
                <rdf:Bag>
                  <rdf:li rdf:resource="urn:miriam:kegg.reaction:R05925"/>
                </rdf:Bag>
              </bqbiol:occursIn>
              <bqbiol:unknownQualifier>
                <rdf:Bag>
                  <rdf:li rdf:resource="urn:miriam:obo.eco:ECO%3A0000313"/>
                </rdf:Bag>
              </bqbiol:unknownQualifier>
            </rdf:Description>
          </rdf:RDF>
        </annotation>
      </species>
      <species id="SId_C14H21NO11n" initialAmount="1" name="(C14H21NO11)n" metaid="meta_SId_C14H21NO11n" sboTerm="SBO:0000247" substanceUnits="substance" compartment="default">
<notes><body xmlns="http://www.w3.org/1999/xhtml"><a href="http://www.kegg.jp/dbget-bin/www_bget?C00401">Original Kegg Entry</a><br/>
<p><b>Chondroitin-D-glucuronate</b></p>
<p><b>All given names:</b><br/>Chondroitin<br/>Chondroitin-D-glucuronate</p>
<p><b>Formula:</b> (C14H21NO11)n</p>
<img src="http://www.kegg.jp/Fig/compound/C00401.gif"/><br/>
</body></notes>
        <annotation>
          <rdf:RDF xmlns:rdf="http://www.w3.org/1999/02/22-rdf-syntax-ns#" xmlns:bqbiol="http://biomodels.net/biology-qualifiers/">
            <rdf:Description rdf:about="#meta_SId_C14H21NO11n">
              <bqbiol:is>
                <rdf:Bag>
                  <rdf:li rdf:resource="urn:miriam:kegg.compound:C00401"/>
                </rdf:Bag>
              </bqbiol:is>
              <bqbiol:is>
                <rdf:Bag>
                  <rdf:li rdf:resource="urn:miriam:obo.chebi:CHEBI%3A16137"/>
                </rdf:Bag>
              </bqbiol:is>
              <bqbiol:unknownQualifier>
                <rdf:Bag>
                  <rdf:li rdf:resource="urn:miriam:obo.eco:ECO%3A0000313"/>
                </rdf:Bag>
              </bqbiol:unknownQualifier>
            </rdf:Description>
          </rdf:RDF>
        </annotation>
      </species>
      <species id="CSGALNACT1" initialAmount="1" name="CSGALNACT1" metaid="meta_CSGALNACT1" sboTerm="SBO:0000354" substanceUnits="substance" compartment="default">
<notes><body xmlns="http://www.w3.org/1999/xhtml"><a href="http://www.kegg.jp/dbget-bin/www_bget?hsa:22856+hsa:337876+hsa:54480+hsa:55454+hsa:55790+hsa:79586">Original Kegg Entry</a><br/>
<p><b>Description for “CHSY1, CHSY, CSS1, ChSy-1, DKFZp434M032, FLJ58581, KIAA0990”:</b> chondroitin sulfate synthase 1 (EC:2.4.1.175 2.4.1.226)</p>
<p><b>Description for “CHSY3, CHSY2, CSS3”:</b> chondroitin sulfate synthase 3 (EC:2.4.1.175 2.4.1.226)</p>
<p><b>Description for “CHPF2, CSGLCA-T, CSGlcAT, ChSy-3, KIAA1402”:</b> chondroitin polymerizing factor 2 (EC:2.4.1.226)</p>
<p><b>Description for “CSGALNACT2, CHGN2, DKFZp686H13226, FLJ43310, GALNACT-2, GALNACT2, MGC40204”:</b> chondroitin sulfate N-acetylgalactosaminyltransferase 2 (EC:2.4.1.174)</p>
<p><b>Description for “CSGALNACT1, CSGalNAcT-1, ChGn, FLJ11264, FLJ13760, beta4GalNAcT”:</b> chondroitin sulfate N-acetylgalactosaminyltransferase 1 (EC:2.4.1.174)</p>
<p><b>Description for “CHPF, CHSY2, CSS2, FLJ22678”:</b> chondroitin polymerizing factor (EC:2.4.1.175 2.4.1.226)</p>
</body></notes>
        <annotation>
          <rdf:RDF xmlns:rdf="http://www.w3.org/1999/02/22-rdf-syntax-ns#" xmlns:bqbiol="http://biomodels.net/biology-qualifiers/">
            <rdf:Description rdf:about="#meta_CSGALNACT1">
              <bqbiol:hasVersion>
                <rdf:Bag>
                  <rdf:li rdf:resource="urn:miriam:kegg.genes:hsa%3A22856"/>
                  <rdf:li rdf:resource="urn:miriam:kegg.genes:hsa%3A337876"/>
                  <rdf:li rdf:resource="urn:miriam:kegg.genes:hsa%3A54480"/>
                  <rdf:li rdf:resource="urn:miriam:kegg.genes:hsa%3A55454"/>
                  <rdf:li rdf:resource="urn:miriam:kegg.genes:hsa%3A55790"/>
                  <rdf:li rdf:resource="urn:miriam:kegg.genes:hsa%3A79586"/>
                </rdf:Bag>
              </bqbiol:hasVersion>
              <bqbiol:isEncodedBy>
                <rdf:Bag>
                  <rdf:li rdf:resource="urn:miriam:entrez.gene:22856"/>
                  <rdf:li rdf:resource="urn:miriam:entrez.gene:337876"/>
                  <rdf:li rdf:resource="urn:miriam:entrez.gene:54480"/>
                  <rdf:li rdf:resource="urn:miriam:entrez.gene:55454"/>
                  <rdf:li rdf:resource="urn:miriam:entrez.gene:55790"/>
                  <rdf:li rdf:resource="urn:miriam:entrez.gene:79586"/>
                </rdf:Bag>
              </bqbiol:isEncodedBy>
              <bqbiol:hasProperty>
                <rdf:Bag>
                  <rdf:li rdf:resource="urn:miriam:omim:608183"/>
                  <rdf:li rdf:resource="urn:miriam:omim:609963"/>
                  <rdf:li rdf:resource="urn:miriam:omim:608037"/>
                  <rdf:li rdf:resource="urn:miriam:omim:610405"/>
                </rdf:Bag>
              </bqbiol:hasProperty>
              <bqbiol:isEncodedBy>
                <rdf:Bag>
                  <rdf:li rdf:resource="urn:miriam:ensembl:ENSG00000131873"/>
                  <rdf:li rdf:resource="urn:miriam:ensembl:ENSG00000198108"/>
                  <rdf:li rdf:resource="urn:miriam:ensembl:ENSG00000033100"/>
                  <rdf:li rdf:resource="urn:miriam:ensembl:ENSG00000169826"/>
                  <rdf:li rdf:resource="urn:miriam:ensembl:ENSG00000147408"/>
                  <rdf:li rdf:resource="urn:miriam:ensembl:ENSG00000123989"/>
                </rdf:Bag>
              </bqbiol:isEncodedBy>
              <bqbiol:hasVersion>
                <rdf:Bag>
                  <rdf:li rdf:resource="urn:miriam:uniprot:Q86X52"/>
                  <rdf:li rdf:resource="urn:miriam:uniprot:Q70JA7"/>
                  <rdf:li rdf:resource="urn:miriam:uniprot:Q9P2E5"/>
                  <rdf:li rdf:resource="urn:miriam:uniprot:Q8N6G5"/>
                  <rdf:li rdf:resource="urn:miriam:uniprot:Q8TDX6"/>
                  <rdf:li rdf:resource="urn:miriam:uniprot:Q8IZ52"/>
                  <rdf:li rdf:resource="urn:miriam:uniprot:B4DXU0"/>
                </rdf:Bag>
              </bqbiol:hasVersion>
              <bqbiol:isEncodedBy>
                <rdf:Bag>
                  <rdf:li rdf:resource="urn:miriam:hgnc:HGNC%3A17198"/>
                  <rdf:li rdf:resource="urn:miriam:hgnc:HGNC%3A24293"/>
                  <rdf:li rdf:resource="urn:miriam:hgnc:HGNC%3A29270"/>
                  <rdf:li rdf:resource="urn:miriam:hgnc:HGNC%3A24292"/>
                  <rdf:li rdf:resource="urn:miriam:hgnc:HGNC%3A24290"/>
                  <rdf:li rdf:resource="urn:miriam:hgnc:HGNC%3A24291"/>
                </rdf:Bag>
              </bqbiol:isEncodedBy>
              <bqbiol:hasProperty>
                <rdf:Bag>
                  <rdf:li rdf:resource="urn:miriam:ec-code:2.4.1.175"/>
                  <rdf:li rdf:resource="urn:miriam:ec-code:2.4.1.226"/>
                  <rdf:li rdf:resource="urn:miriam:ec-code:2.4.1.174"/>
                </rdf:Bag>
              </bqbiol:hasProperty>
              <bqbiol:unknownQualifier>
                <rdf:Bag>
                  <rdf:li rdf:resource="urn:miriam:obo.eco:ECO%3A0000313"/>
                </rdf:Bag>
              </bqbiol:unknownQualifier>
            </rdf:Description>
          </rdf:RDF>
        </annotation>
      </species>
      <species id="CSGALNACT1_1" initialAmount="1" name="CSGALNACT1" metaid="meta_CSGALNACT1_1" sboTerm="SBO:0000354" substanceUnits="substance" compartment="default">
<notes><body xmlns="http://www.w3.org/1999/xhtml"><a href="http://www.kegg.jp/dbget-bin/www_bget?hsa:22856+hsa:337876+hsa:55454+hsa:55790+hsa:79586">Original Kegg Entry</a><br/>
<p><b>Description for “CHSY1, CHSY, CSS1, ChSy-1, DKFZp434M032, FLJ58581, KIAA0990”:</b> chondroitin sulfate synthase 1 (EC:2.4.1.175 2.4.1.226)</p>
<p><b>Description for “CHSY3, CHSY2, CSS3”:</b> chondroitin sulfate synthase 3 (EC:2.4.1.175 2.4.1.226)</p>
<p><b>Description for “CSGALNACT2, CHGN2, DKFZp686H13226, FLJ43310, GALNACT-2, GALNACT2, MGC40204”:</b> chondroitin sulfate N-acetylgalactosaminyltransferase 2 (EC:2.4.1.174)</p>
<p><b>Description for “CSGALNACT1, CSGalNAcT-1, ChGn, FLJ11264, FLJ13760, beta4GalNAcT”:</b> chondroitin sulfate N-acetylgalactosaminyltransferase 1 (EC:2.4.1.174)</p>
<p><b>Description for “CHPF, CHSY2, CSS2, FLJ22678”:</b> chondroitin polymerizing factor (EC:2.4.1.175 2.4.1.226)</p>
</body></notes>
        <annotation>
          <rdf:RDF xmlns:rdf="http://www.w3.org/1999/02/22-rdf-syntax-ns#" xmlns:bqbiol="http://biomodels.net/biology-qualifiers/">
            <rdf:Description rdf:about="#meta_CSGALNACT1_1">
              <bqbiol:hasVersion>
                <rdf:Bag>
                  <rdf:li rdf:resource="urn:miriam:kegg.genes:hsa%3A22856"/>
                  <rdf:li rdf:resource="urn:miriam:kegg.genes:hsa%3A337876"/>
                  <rdf:li rdf:resource="urn:miriam:kegg.genes:hsa%3A55454"/>
                  <rdf:li rdf:resource="urn:miriam:kegg.genes:hsa%3A55790"/>
                  <rdf:li rdf:resource="urn:miriam:kegg.genes:hsa%3A79586"/>
                </rdf:Bag>
              </bqbiol:hasVersion>
              <bqbiol:isEncodedBy>
                <rdf:Bag>
                  <rdf:li rdf:resource="urn:miriam:entrez.gene:22856"/>
                  <rdf:li rdf:resource="urn:miriam:entrez.gene:337876"/>
                  <rdf:li rdf:resource="urn:miriam:entrez.gene:55454"/>
                  <rdf:li rdf:resource="urn:miriam:entrez.gene:55790"/>
                  <rdf:li rdf:resource="urn:miriam:entrez.gene:79586"/>
                </rdf:Bag>
              </bqbiol:isEncodedBy>
              <bqbiol:hasProperty>
                <rdf:Bag>
                  <rdf:li rdf:resource="urn:miriam:omim:608183"/>
                  <rdf:li rdf:resource="urn:miriam:omim:609963"/>
                  <rdf:li rdf:resource="urn:miriam:omim:610405"/>
                </rdf:Bag>
              </bqbiol:hasProperty>
              <bqbiol:isEncodedBy>
                <rdf:Bag>
                  <rdf:li rdf:resource="urn:miriam:ensembl:ENSG00000131873"/>
                  <rdf:li rdf:resource="urn:miriam:ensembl:ENSG00000198108"/>
                  <rdf:li rdf:resource="urn:miriam:ensembl:ENSG00000169826"/>
                  <rdf:li rdf:resource="urn:miriam:ensembl:ENSG00000147408"/>
                  <rdf:li rdf:resource="urn:miriam:ensembl:ENSG00000123989"/>
                </rdf:Bag>
              </bqbiol:isEncodedBy>
              <bqbiol:hasVersion>
                <rdf:Bag>
                  <rdf:li rdf:resource="urn:miriam:uniprot:Q86X52"/>
                  <rdf:li rdf:resource="urn:miriam:uniprot:Q70JA7"/>
                  <rdf:li rdf:resource="urn:miriam:uniprot:Q8N6G5"/>
                  <rdf:li rdf:resource="urn:miriam:uniprot:Q8TDX6"/>
                  <rdf:li rdf:resource="urn:miriam:uniprot:Q8IZ52"/>
                  <rdf:li rdf:resource="urn:miriam:uniprot:B4DXU0"/>
                </rdf:Bag>
              </bqbiol:hasVersion>
              <bqbiol:isEncodedBy>
                <rdf:Bag>
                  <rdf:li rdf:resource="urn:miriam:hgnc:HGNC%3A17198"/>
                  <rdf:li rdf:resource="urn:miriam:hgnc:HGNC%3A24293"/>
                  <rdf:li rdf:resource="urn:miriam:hgnc:HGNC%3A24292"/>
                  <rdf:li rdf:resource="urn:miriam:hgnc:HGNC%3A24290"/>
                  <rdf:li rdf:resource="urn:miriam:hgnc:HGNC%3A24291"/>
                </rdf:Bag>
              </bqbiol:isEncodedBy>
              <bqbiol:hasProperty>
                <rdf:Bag>
                  <rdf:li rdf:resource="urn:miriam:ec-code:2.4.1.175"/>
                  <rdf:li rdf:resource="urn:miriam:ec-code:2.4.1.226"/>
                  <rdf:li rdf:resource="urn:miriam:ec-code:2.4.1.174"/>
                </rdf:Bag>
              </bqbiol:hasProperty>
              <bqbiol:unknownQualifier>
                <rdf:Bag>
                  <rdf:li rdf:resource="urn:miriam:obo.eco:ECO%3A0000313"/>
                </rdf:Bag>
              </bqbiol:unknownQualifier>
            </rdf:Description>
          </rdf:RDF>
        </annotation>
      </species>
      <species id="CHST1" initialAmount="1" name="CHST1" metaid="meta_CHST1" sboTerm="SBO:0000354" substanceUnits="substance" compartment="default">
<notes><body xmlns="http://www.w3.org/1999/xhtml"><a href="http://www.kegg.jp/dbget-bin/www_bget?hsa:166012+hsa:50515+hsa:55501">Original Kegg Entry</a><br/>
<p><b>Description for “CHST13, C4ST3, MGC119278, MGC119279, MGC119281”:</b> carbohydrate (chondroitin 4) sulfotransferase 13 (EC:2.8.2.5)</p>
<p><b>Description for “CHST11, C4ST, C4ST-1, C4ST1, DKFZp667A035, FLJ41682, HSA269537”:</b> carbohydrate (chondroitin 4) sulfotransferase 11 (EC:2.8.2.5)</p>
<p><b>Description for “CHST12, C4S-2, C4ST-2, C4ST2”:</b> carbohydrate (chondroitin 4) sulfotransferase 12 (EC:2.8.2.5)</p>
</body></notes>
        <annotation>
          <rdf:RDF xmlns:rdf="http://www.w3.org/1999/02/22-rdf-syntax-ns#" xmlns:bqbiol="http://biomodels.net/biology-qualifiers/">
            <rdf:Description rdf:about="#meta_CHST1">
              <bqbiol:hasVersion>
                <rdf:Bag>
                  <rdf:li rdf:resource="urn:miriam:kegg.genes:hsa%3A166012"/>
                  <rdf:li rdf:resource="urn:miriam:kegg.genes:hsa%3A50515"/>
                  <rdf:li rdf:resource="urn:miriam:kegg.genes:hsa%3A55501"/>
                </rdf:Bag>
              </bqbiol:hasVersion>
              <bqbiol:isEncodedBy>
                <rdf:Bag>
                  <rdf:li rdf:resource="urn:miriam:entrez.gene:166012"/>
                  <rdf:li rdf:resource="urn:miriam:entrez.gene:50515"/>
                  <rdf:li rdf:resource="urn:miriam:entrez.gene:55501"/>
                </rdf:Bag>
              </bqbiol:isEncodedBy>
              <bqbiol:hasProperty>
                <rdf:Bag>
                  <rdf:li rdf:resource="urn:miriam:omim:610124"/>
                  <rdf:li rdf:resource="urn:miriam:omim:610128"/>
                  <rdf:li rdf:resource="urn:miriam:omim:610129"/>
                </rdf:Bag>
              </bqbiol:hasProperty>
              <bqbiol:isEncodedBy>
                <rdf:Bag>
                  <rdf:li rdf:resource="urn:miriam:ensembl:ENSG00000180767"/>
                  <rdf:li rdf:resource="urn:miriam:ensembl:ENSG00000171310"/>
                  <rdf:li rdf:resource="urn:miriam:ensembl:ENSG00000136213"/>
                </rdf:Bag>
              </bqbiol:isEncodedBy>
              <bqbiol:hasVersion>
                <rdf:Bag>
                  <rdf:li rdf:resource="urn:miriam:uniprot:Q8NET6"/>
                  <rdf:li rdf:resource="urn:miriam:uniprot:Q9NPF2"/>
                  <rdf:li rdf:resource="urn:miriam:uniprot:Q9NRB3"/>
                </rdf:Bag>
              </bqbiol:hasVersion>
              <bqbiol:isEncodedBy>
                <rdf:Bag>
                  <rdf:li rdf:resource="urn:miriam:hgnc:HGNC%3A21755"/>
                  <rdf:li rdf:resource="urn:miriam:hgnc:HGNC%3A17422"/>
                  <rdf:li rdf:resource="urn:miriam:hgnc:HGNC%3A17423"/>
                </rdf:Bag>
              </bqbiol:isEncodedBy>
              <bqbiol:hasProperty>
                <rdf:Bag>
                  <rdf:li rdf:resource="urn:miriam:ec-code:2.8.2.5"/>
                </rdf:Bag>
              </bqbiol:hasProperty>
              <bqbiol:unknownQualifier>
                <rdf:Bag>
                  <rdf:li rdf:resource="urn:miriam:obo.eco:ECO%3A0000313"/>
                </rdf:Bag>
              </bqbiol:unknownQualifier>
            </rdf:Description>
          </rdf:RDF>
        </annotation>
      </species>
      <species id="CHST" initialAmount="1" name="CHST" metaid="meta_CHST" sboTerm="SBO:0000354" substanceUnits="substance" compartment="default">
<notes><body xmlns="http://www.w3.org/1999/xhtml"><a href="http://www.kegg.jp/dbget-bin/www_bget?hsa:56548+hsa:9469">Original Kegg Entry</a><br/>
<p><b>Description for “CHST7, C6ST-2”:</b> carbohydrate (N-acetylglucosamine 6-O) sulfotransferase 7 (EC:2.8.2.17)</p>
<p><b>Description for “CHST3, C6ST, C6ST1, HSD”:</b> carbohydrate (chondroitin 6) sulfotransferase 3 (EC:2.8.2.17)</p>
</body></notes>
        <annotation>
          <rdf:RDF xmlns:rdf="http://www.w3.org/1999/02/22-rdf-syntax-ns#" xmlns:bqbiol="http://biomodels.net/biology-qualifiers/">
            <rdf:Description rdf:about="#meta_CHST">
              <bqbiol:hasVersion>
                <rdf:Bag>
                  <rdf:li rdf:resource="urn:miriam:kegg.genes:hsa%3A56548"/>
                  <rdf:li rdf:resource="urn:miriam:kegg.genes:hsa%3A9469"/>
                </rdf:Bag>
              </bqbiol:hasVersion>
              <bqbiol:isEncodedBy>
                <rdf:Bag>
                  <rdf:li rdf:resource="urn:miriam:entrez.gene:56548"/>
                  <rdf:li rdf:resource="urn:miriam:entrez.gene:9469"/>
                </rdf:Bag>
              </bqbiol:isEncodedBy>
              <bqbiol:hasProperty>
                <rdf:Bag>
                  <rdf:li rdf:resource="urn:miriam:omim:300375"/>
                  <rdf:li rdf:resource="urn:miriam:omim:603799"/>
                </rdf:Bag>
              </bqbiol:hasProperty>
              <bqbiol:isEncodedBy>
                <rdf:Bag>
                  <rdf:li rdf:resource="urn:miriam:ensembl:ENSG00000147119"/>
                  <rdf:li rdf:resource="urn:miriam:ensembl:ENSG00000122863"/>
                </rdf:Bag>
              </bqbiol:isEncodedBy>
              <bqbiol:hasVersion>
                <rdf:Bag>
                  <rdf:li rdf:resource="urn:miriam:uniprot:Q9NS84"/>
                  <rdf:li rdf:resource="urn:miriam:uniprot:Q7LGC8"/>
                </rdf:Bag>
              </bqbiol:hasVersion>
              <bqbiol:isEncodedBy>
                <rdf:Bag>
                  <rdf:li rdf:resource="urn:miriam:hgnc:HGNC%3A13817"/>
                  <rdf:li rdf:resource="urn:miriam:hgnc:HGNC%3A1971"/>
                </rdf:Bag>
              </bqbiol:isEncodedBy>
              <bqbiol:hasProperty>
                <rdf:Bag>
                  <rdf:li rdf:resource="urn:miriam:ec-code:2.8.2.17"/>
                </rdf:Bag>
              </bqbiol:hasProperty>
              <bqbiol:unknownQualifier>
                <rdf:Bag>
                  <rdf:li rdf:resource="urn:miriam:obo.eco:ECO%3A0000313"/>
                </rdf:Bag>
              </bqbiol:unknownQualifier>
            </rdf:Description>
          </rdf:RDF>
        </annotation>
      </species>
      <species id="UST" initialAmount="1" name="UST" metaid="meta_UST" sboTerm="SBO:0000354" substanceUnits="substance" compartment="default">
<notes><body xmlns="http://www.w3.org/1999/xhtml"><a href="http://www.kegg.jp/dbget-bin/www_bget?hsa:10090">Original Kegg Entry</a><br/>
<p><b>Description for “UST, 2OST”:</b> uronyl-2-sulfotransferase</p>
</body></notes>
        <annotation>
          <rdf:RDF xmlns:rdf="http://www.w3.org/1999/02/22-rdf-syntax-ns#" xmlns:bqbiol="http://biomodels.net/biology-qualifiers/">
            <rdf:Description rdf:about="#meta_UST">
              <bqbiol:is>
                <rdf:Bag>
                  <rdf:li rdf:resource="urn:miriam:kegg.genes:hsa%3A10090"/>
                </rdf:Bag>
              </bqbiol:is>
              <bqbiol:isEncodedBy>
                <rdf:Bag>
                  <rdf:li rdf:resource="urn:miriam:entrez.gene:10090"/>
                </rdf:Bag>
              </bqbiol:isEncodedBy>
              <bqbiol:hasProperty>
                <rdf:Bag>
                  <rdf:li rdf:resource="urn:miriam:omim:610752"/>
                </rdf:Bag>
              </bqbiol:hasProperty>
              <bqbiol:isEncodedBy>
                <rdf:Bag>
                  <rdf:li rdf:resource="urn:miriam:ensembl:ENSG00000111962"/>
                </rdf:Bag>
              </bqbiol:isEncodedBy>
              <bqbiol:is>
                <rdf:Bag>
                  <rdf:li rdf:resource="urn:miriam:uniprot:Q9Y2C2"/>
                </rdf:Bag>
              </bqbiol:is>
              <bqbiol:isEncodedBy>
                <rdf:Bag>
                  <rdf:li rdf:resource="urn:miriam:hgnc:HGNC%3A17223"/>
                </rdf:Bag>
              </bqbiol:isEncodedBy>
              <bqbiol:hasProperty>
                <rdf:Bag>
                  <rdf:li rdf:resource="urn:miriam:ec-code:2.8.2.-"/>
                </rdf:Bag>
              </bqbiol:hasProperty>
              <bqbiol:unknownQualifier>
                <rdf:Bag>
                  <rdf:li rdf:resource="urn:miriam:obo.eco:ECO%3A0000313"/>
                </rdf:Bag>
              </bqbiol:unknownQualifier>
            </rdf:Description>
          </rdf:RDF>
        </annotation>
      </species>
      <species id="CHST15" initialAmount="1" name="CHST15" metaid="meta_CHST15" sboTerm="SBO:0000354" substanceUnits="substance" compartment="default">
<notes><body xmlns="http://www.w3.org/1999/xhtml"><a href="http://www.kegg.jp/dbget-bin/www_bget?hsa:51363">Original Kegg Entry</a><br/>
<p><b>Description for “CHST15, BRAG, DKFZp781H1369, GALNAC4S-6ST, KIAA0598, MGC34346, RP11-47G11.1”:</b> carbohydrate (N-acetylgalactosamine 4-sulfate 6-O) sulfotransferase 15 (EC:2.8.2.33)</p>
</body></notes>
        <annotation>
          <rdf:RDF xmlns:rdf="http://www.w3.org/1999/02/22-rdf-syntax-ns#" xmlns:bqbiol="http://biomodels.net/biology-qualifiers/">
            <rdf:Description rdf:about="#meta_CHST15">
              <bqbiol:is>
                <rdf:Bag>
                  <rdf:li rdf:resource="urn:miriam:kegg.genes:hsa%3A51363"/>
                </rdf:Bag>
              </bqbiol:is>
              <bqbiol:isEncodedBy>
                <rdf:Bag>
                  <rdf:li rdf:resource="urn:miriam:entrez.gene:51363"/>
                </rdf:Bag>
              </bqbiol:isEncodedBy>
              <bqbiol:hasProperty>
                <rdf:Bag>
                  <rdf:li rdf:resource="urn:miriam:omim:608277"/>
                </rdf:Bag>
              </bqbiol:hasProperty>
              <bqbiol:isEncodedBy>
                <rdf:Bag>
                  <rdf:li rdf:resource="urn:miriam:ensembl:ENSG00000182022"/>
                </rdf:Bag>
              </bqbiol:isEncodedBy>
              <bqbiol:hasVersion>
                <rdf:Bag>
                  <rdf:li rdf:resource="urn:miriam:uniprot:Q7LFX5"/>
                  <rdf:li rdf:resource="urn:miriam:uniprot:B4DH74"/>
                </rdf:Bag>
              </bqbiol:hasVersion>
              <bqbiol:isEncodedBy>
                <rdf:Bag>
                  <rdf:li rdf:resource="urn:miriam:hgnc:HGNC%3A18137"/>
                </rdf:Bag>
              </bqbiol:isEncodedBy>
              <bqbiol:hasProperty>
                <rdf:Bag>
                  <rdf:li rdf:resource="urn:miriam:ec-code:2.8.2.33"/>
                </rdf:Bag>
              </bqbiol:hasProperty>
              <bqbiol:unknownQualifier>
                <rdf:Bag>
                  <rdf:li rdf:resource="urn:miriam:obo.eco:ECO%3A0000313"/>
                </rdf:Bag>
              </bqbiol:unknownQualifier>
            </rdf:Description>
          </rdf:RDF>
        </annotation>
      </species>
      <species id="CHST1_1" initialAmount="1" name="CHST1" metaid="meta_CHST1_1" sboTerm="SBO:0000354" substanceUnits="substance" compartment="default">
<notes><body xmlns="http://www.w3.org/1999/xhtml"><a href="http://www.kegg.jp/dbget-bin/www_bget?hsa:113189+hsa:50515+hsa:55501">Original Kegg Entry</a><br/>
<p><b>Description for “CHST14, ATCS, D4ST1, HNK1ST”:</b> carbohydrate (N-acetylgalactosamine 4-0) sulfotransferase 14 (EC:2.8.2.-)</p>
<p><b>Description for “CHST11, C4ST, C4ST-1, C4ST1, DKFZp667A035, FLJ41682, HSA269537”:</b> carbohydrate (chondroitin 4) sulfotransferase 11 (EC:2.8.2.5)</p>
<p><b>Description for “CHST12, C4S-2, C4ST-2, C4ST2”:</b> carbohydrate (chondroitin 4) sulfotransferase 12 (EC:2.8.2.5)</p>
</body></notes>
        <annotation>
          <rdf:RDF xmlns:rdf="http://www.w3.org/1999/02/22-rdf-syntax-ns#" xmlns:bqbiol="http://biomodels.net/biology-qualifiers/">
            <rdf:Description rdf:about="#meta_CHST1_1">
              <bqbiol:hasVersion>
                <rdf:Bag>
                  <rdf:li rdf:resource="urn:miriam:kegg.genes:hsa%3A113189"/>
                  <rdf:li rdf:resource="urn:miriam:kegg.genes:hsa%3A50515"/>
                  <rdf:li rdf:resource="urn:miriam:kegg.genes:hsa%3A55501"/>
                </rdf:Bag>
              </bqbiol:hasVersion>
              <bqbiol:isEncodedBy>
                <rdf:Bag>
                  <rdf:li rdf:resource="urn:miriam:entrez.gene:113189"/>
                  <rdf:li rdf:resource="urn:miriam:entrez.gene:50515"/>
                  <rdf:li rdf:resource="urn:miriam:entrez.gene:55501"/>
                </rdf:Bag>
              </bqbiol:isEncodedBy>
              <bqbiol:hasProperty>
                <rdf:Bag>
                  <rdf:li rdf:resource="urn:miriam:omim:608429"/>
                  <rdf:li rdf:resource="urn:miriam:omim:610128"/>
                  <rdf:li rdf:resource="urn:miriam:omim:610129"/>
                </rdf:Bag>
              </bqbiol:hasProperty>
              <bqbiol:isEncodedBy>
                <rdf:Bag>
                  <rdf:li rdf:resource="urn:miriam:ensembl:ENSG00000169105"/>
                  <rdf:li rdf:resource="urn:miriam:ensembl:ENSG00000171310"/>
                  <rdf:li rdf:resource="urn:miriam:ensembl:ENSG00000136213"/>
                </rdf:Bag>
              </bqbiol:isEncodedBy>
              <bqbiol:hasVersion>
                <rdf:Bag>
                  <rdf:li rdf:resource="urn:miriam:uniprot:Q8NCH0"/>
                  <rdf:li rdf:resource="urn:miriam:uniprot:Q9NPF2"/>
                  <rdf:li rdf:resource="urn:miriam:uniprot:Q9NRB3"/>
                </rdf:Bag>
              </bqbiol:hasVersion>
              <bqbiol:isEncodedBy>
                <rdf:Bag>
                  <rdf:li rdf:resource="urn:miriam:hgnc:HGNC%3A24464"/>
                  <rdf:li rdf:resource="urn:miriam:hgnc:HGNC%3A17422"/>
                  <rdf:li rdf:resource="urn:miriam:hgnc:HGNC%3A17423"/>
                </rdf:Bag>
              </bqbiol:isEncodedBy>
              <bqbiol:hasProperty>
                <rdf:Bag>
                  <rdf:li rdf:resource="urn:miriam:ec-code:2.8.2.-"/>
                  <rdf:li rdf:resource="urn:miriam:ec-code:2.8.2.35"/>
                  <rdf:li rdf:resource="urn:miriam:ec-code:2.8.2.5"/>
                </rdf:Bag>
              </bqbiol:hasProperty>
              <bqbiol:unknownQualifier>
                <rdf:Bag>
                  <rdf:li rdf:resource="urn:miriam:obo.eco:ECO%3A0000313"/>
                </rdf:Bag>
              </bqbiol:unknownQualifier>
            </rdf:Description>
          </rdf:RDF>
        </annotation>
      </species>
      <species id="DSE" initialAmount="1" name="DSE" metaid="meta_DSE" sboTerm="SBO:0000354" substanceUnits="substance" compartment="default">
<notes><body xmlns="http://www.w3.org/1999/xhtml"><a href="http://www.kegg.jp/dbget-bin/www_bget?hsa:29940">Original Kegg Entry</a><br/>
<p><b>Description for “DSE, DSEP, DSEPI, SART-2, SART2”:</b> dermatan sulfate epimerase (EC:5.1.3.19)</p>
</body></notes>
        <annotation>
          <rdf:RDF xmlns:rdf="http://www.w3.org/1999/02/22-rdf-syntax-ns#" xmlns:bqbiol="http://biomodels.net/biology-qualifiers/">
            <rdf:Description rdf:about="#meta_DSE">
              <bqbiol:is>
                <rdf:Bag>
                  <rdf:li rdf:resource="urn:miriam:kegg.genes:hsa%3A29940"/>
                </rdf:Bag>
              </bqbiol:is>
              <bqbiol:isEncodedBy>
                <rdf:Bag>
                  <rdf:li rdf:resource="urn:miriam:entrez.gene:29940"/>
                </rdf:Bag>
              </bqbiol:isEncodedBy>
              <bqbiol:hasProperty>
                <rdf:Bag>
                  <rdf:li rdf:resource="urn:miriam:omim:605942"/>
                </rdf:Bag>
              </bqbiol:hasProperty>
              <bqbiol:isEncodedBy>
                <rdf:Bag>
                  <rdf:li rdf:resource="urn:miriam:ensembl:ENSG00000111817"/>
                </rdf:Bag>
              </bqbiol:isEncodedBy>
              <bqbiol:is>
                <rdf:Bag>
                  <rdf:li rdf:resource="urn:miriam:uniprot:Q9UL01"/>
                </rdf:Bag>
              </bqbiol:is>
              <bqbiol:isEncodedBy>
                <rdf:Bag>
                  <rdf:li rdf:resource="urn:miriam:hgnc:HGNC%3A21144"/>
                </rdf:Bag>
              </bqbiol:isEncodedBy>
              <bqbiol:hasProperty>
                <rdf:Bag>
                  <rdf:li rdf:resource="urn:miriam:ec-code:5.1.3.19"/>
                </rdf:Bag>
              </bqbiol:hasProperty>
              <bqbiol:unknownQualifier>
                <rdf:Bag>
                  <rdf:li rdf:resource="urn:miriam:obo.eco:ECO%3A0000313"/>
                </rdf:Bag>
              </bqbiol:unknownQualifier>
            </rdf:Description>
          </rdf:RDF>
        </annotation>
      </species>
      <species id="UDPNacetylgalactosamine" initialAmount="1" name="UDP-N-acetylgalactosamine" metaid="meta_UDPNacetylgalactosamine" sboTerm="SBO:0000247" substanceUnits="substance" compartment="default">
<notes><body xmlns="http://www.w3.org/1999/xhtml"><a href="http://www.kegg.jp/dbget-bin/www_bget?gl:G10611">Original Kegg Entry</a><br/>
<p><b>UDP-N-acetylgalactosamine</b></p>
<p><b>All given names:</b><br/>UDP-N-acetyl-D-galactosamine<br/>UDP-N-acetylgalactosamine</p>
</body></notes>
        <annotation>
          <rdf:RDF xmlns:rdf="http://www.w3.org/1999/02/22-rdf-syntax-ns#" xmlns:bqbiol="http://biomodels.net/biology-qualifiers/">
            <rdf:Description rdf:about="#meta_UDPNacetylgalactosamine">
              <bqbiol:is>
                <rdf:Bag>
                  <rdf:li rdf:resource="urn:miriam:kegg.glycan:G10611"/>
                </rdf:Bag>
              </bqbiol:is>
              <bqbiol:occursIn>
                <rdf:Bag>
                  <rdf:li rdf:resource="urn:miriam:kegg.reaction:R05929"/>
                  <rdf:li rdf:resource="urn:miriam:kegg.reaction:R05932"/>
                </rdf:Bag>
              </bqbiol:occursIn>
              <bqbiol:unknownQualifier>
                <rdf:Bag>
                  <rdf:li rdf:resource="urn:miriam:obo.eco:ECO%3A0000313"/>
                </rdf:Bag>
              </bqbiol:unknownQualifier>
            </rdf:Description>
          </rdf:RDF>
        </annotation>
      </species>
      <species id="UDP" initialAmount="1" name="UDP" metaid="meta_UDP" sboTerm="SBO:0000247" substanceUnits="substance" compartment="default">
<notes><body xmlns="http://www.w3.org/1999/xhtml"><a href="http://www.kegg.jp/dbget-bin/www_bget?gl:G10619">Original Kegg Entry</a><br/>
<p><b>Uridine 5'-diphosphate</b></p>
<p><b>All given names:</b><br/>UDP<br/>Uridine 5'-diphosphate</p>
</body></notes>
        <annotation>
          <rdf:RDF xmlns:rdf="http://www.w3.org/1999/02/22-rdf-syntax-ns#" xmlns:bqbiol="http://biomodels.net/biology-qualifiers/">
            <rdf:Description rdf:about="#meta_UDP">
              <bqbiol:is>
                <rdf:Bag>
                  <rdf:li rdf:resource="urn:miriam:kegg.glycan:G10619"/>
                </rdf:Bag>
              </bqbiol:is>
              <bqbiol:occursIn>
                <rdf:Bag>
                  <rdf:li rdf:resource="urn:miriam:kegg.reaction:R05929"/>
                  <rdf:li rdf:resource="urn:miriam:kegg.reaction:R05928"/>
                  <rdf:li rdf:resource="urn:miriam:kegg.reaction:R05927"/>
                  <rdf:li rdf:resource="urn:miriam:kegg.reaction:R05926"/>
                  <rdf:li rdf:resource="urn:miriam:kegg.reaction:R05925"/>
                  <rdf:li rdf:resource="urn:miriam:kegg.reaction:R05932"/>
                  <rdf:li rdf:resource="urn:miriam:kegg.reaction:R05931"/>
                </rdf:Bag>
              </bqbiol:occursIn>
              <bqbiol:unknownQualifier>
                <rdf:Bag>
                  <rdf:li rdf:resource="urn:miriam:obo.eco:ECO%3A0000313"/>
                </rdf:Bag>
              </bqbiol:unknownQualifier>
            </rdf:Description>
          </rdf:RDF>
        </annotation>
      </species>
      <species id="UDPglucuronate" initialAmount="1" name="UDP-glucuronate" metaid="meta_UDPglucuronate" sboTerm="SBO:0000247" substanceUnits="substance" compartment="default">
<notes><body xmlns="http://www.w3.org/1999/xhtml"><a href="http://www.kegg.jp/dbget-bin/www_bget?gl:G10612">Original Kegg Entry</a><br/>
<p><b>UDP-glucuronic acid</b></p>
<p><b>All given names:</b><br/>UDP-D-glucuronate<br/>UDP-D-glucuronic acid<br/>UDP-glucuronate<br/>UDP-glucuronic acid</p>
</body></notes>
        <annotation>
          <rdf:RDF xmlns:rdf="http://www.w3.org/1999/02/22-rdf-syntax-ns#" xmlns:bqbiol="http://biomodels.net/biology-qualifiers/">
            <rdf:Description rdf:about="#meta_UDPglucuronate">
              <bqbiol:is>
                <rdf:Bag>
                  <rdf:li rdf:resource="urn:miriam:kegg.glycan:G10612"/>
                </rdf:Bag>
              </bqbiol:is>
              <bqbiol:occursIn>
                <rdf:Bag>
                  <rdf:li rdf:resource="urn:miriam:kegg.reaction:R05928"/>
                  <rdf:li rdf:resource="urn:miriam:kegg.reaction:R05931"/>
                </rdf:Bag>
              </bqbiol:occursIn>
              <bqbiol:unknownQualifier>
                <rdf:Bag>
                  <rdf:li rdf:resource="urn:miriam:obo.eco:ECO%3A0000313"/>
                </rdf:Bag>
              </bqbiol:unknownQualifier>
            </rdf:Description>
          </rdf:RDF>
        </annotation>
      </species>
      <species id="glG10613" initialAmount="1" name="gl:G10613" metaid="meta_glG10613" sboTerm="SBO:0000247" substanceUnits="substance" compartment="default">
<notes><body xmlns="http://www.w3.org/1999/xhtml"><a href="http://www.kegg.jp/dbget-bin/www_bget?gl:G10613">Original Kegg Entry</a><br/>
</body></notes>
        <annotation>
          <rdf:RDF xmlns:rdf="http://www.w3.org/1999/02/22-rdf-syntax-ns#" xmlns:bqbiol="http://biomodels.net/biology-qualifiers/">
            <rdf:Description rdf:about="#meta_glG10613">
              <bqbiol:is>
                <rdf:Bag>
                  <rdf:li rdf:resource="urn:miriam:kegg.glycan:G10613"/>
                </rdf:Bag>
              </bqbiol:is>
              <bqbiol:unknownQualifier>
                <rdf:Bag>
                  <rdf:li rdf:resource="urn:miriam:obo.eco:ECO%3A0000313"/>
                </rdf:Bag>
              </bqbiol:unknownQualifier>
            </rdf:Description>
          </rdf:RDF>
        </annotation>
      </species>
      <species id="UDPgalactose" initialAmount="1" name="UDP-galactose" metaid="meta_UDPgalactose" sboTerm="SBO:0000247" substanceUnits="substance" compartment="default">
<notes><body xmlns="http://www.w3.org/1999/xhtml"><a href="http://www.kegg.jp/dbget-bin/www_bget?gl:G10609">Original Kegg Entry</a><br/>
<p><b>Uridene diphosphate galactose</b></p>
<p><b>All given names:</b><br/>UDP-D-galactose<br/>UDP-galactose<br/>Uridene diphosphate galactose</p>
</body></notes>
        <annotation>
          <rdf:RDF xmlns:rdf="http://www.w3.org/1999/02/22-rdf-syntax-ns#" xmlns:bqbiol="http://biomodels.net/biology-qualifiers/">
            <rdf:Description rdf:about="#meta_UDPgalactose">
              <bqbiol:is>
                <rdf:Bag>
                  <rdf:li rdf:resource="urn:miriam:kegg.glycan:G10609"/>
                </rdf:Bag>
              </bqbiol:is>
              <bqbiol:occursIn>
                <rdf:Bag>
                  <rdf:li rdf:resource="urn:miriam:kegg.reaction:R05927"/>
                  <rdf:li rdf:resource="urn:miriam:kegg.reaction:R05926"/>
                </rdf:Bag>
              </bqbiol:occursIn>
              <bqbiol:unknownQualifier>
                <rdf:Bag>
                  <rdf:li rdf:resource="urn:miriam:obo.eco:ECO%3A0000313"/>
                </rdf:Bag>
              </bqbiol:unknownQualifier>
            </rdf:Description>
          </rdf:RDF>
        </annotation>
      </species>
    </listOfSpecies>
    <listOfReactions>
      <reaction id="rnR05932" name="rn:R05932" metaid="meta_rnR05932" reversible="true" sboTerm="SBO:0000176">
<notes><body xmlns="http://www.w3.org/1999/xhtml"><p><b>Definition of “RN:R05932”:</b> UDP-N-acetyl-D-galactosamine + G00159 &lt;=> UDP + G00160<br/>
<b>Equation for “RN:R05932”:</b> G10611 + G00159 &lt;=> G10619 + G00160<br/>
<a href="http://www.genome.jp/Fig/reaction/R05932.gif"><img src="http://www.genome.jp/Fig/reaction/R05932.gif"/></a>
<br/>
<b>Occurs in:</b><br/>
<ul>
<li>Glycosaminoglycan biosynthesis - chondroitin sulfate</li>
<li>Metabolic pathways</li>
</ul><br/>
</p></body></notes>
        <annotation>
          <rdf:RDF xmlns:rdf="http://www.w3.org/1999/02/22-rdf-syntax-ns#" xmlns:bqbiol="http://biomodels.net/biology-qualifiers/">
            <rdf:Description rdf:about="#meta_rnR05932">
              <bqbiol:is>
                <rdf:Bag>
                  <rdf:li rdf:resource="urn:miriam:kegg.reaction:R05932"/>
                </rdf:Bag>
              </bqbiol:is>
              <bqbiol:occursIn>
                <rdf:Bag>
                  <rdf:li rdf:resource="urn:miriam:kegg.pathway:rn00532"/>
                  <rdf:li rdf:resource="urn:miriam:kegg.pathway:rn01100"/>
                </rdf:Bag>
              </bqbiol:occursIn>
            </rdf:Description>
          </rdf:RDF>
        </annotation>
              <listOfReactants>
          <speciesReference id="glG00159" species="G00159" name="gl:G00159" metaid="meta_glG00159" sboTerm="SBO:0000015"/>
          <speciesReference id="glG10611" species="UDPNacetylgalactosamine" name="gl:G10611" metaid="meta_glG10611" sboTerm="SBO:0000015"/>
        </listOfReactants>
        <listOfProducts>
          <speciesReference id="glG00160" species="G00160" name="gl:G00160" metaid="meta_glG00160" sboTerm="SBO:0000011"/>
          <speciesReference id="glG10619" species="UDP" name="gl:G10619" metaid="meta_glG10619" sboTerm="SBO:0000011"/>
        </listOfProducts>
        <listOfModifiers>
          <modifierSpeciesReference id="mod_rnR05932" species="CHSY3" name="mod_rnR05932" metaid="meta_mod_rnR05932" sboTerm="SBO:0000460"/>
        </listOfModifiers>
      </reaction>
      <reaction id="rnR05931" name="rn:R05931" metaid="meta_rnR05931" reversible="true" sboTerm="SBO:0000176">
<notes><body xmlns="http://www.w3.org/1999/xhtml"><p><b>Definition of “RN:R05931”:</b> UDP-D-glucuronate + G00158 &lt;=> UDP + G00159<br/>
<b>Equation for “RN:R05931”:</b> G10612 + G00158 &lt;=> G10619 + G00159<br/>
<a href="http://www.genome.jp/Fig/reaction/R05931.gif"><img src="http://www.genome.jp/Fig/reaction/R05931.gif"/></a>
<br/>
<b>Occurs in:</b><br/>
<ul>
<li>Glycosaminoglycan biosynthesis - chondroitin sulfate</li>
<li>Metabolic pathways</li>
</ul><br/>
</p></body></notes>
        <annotation>
          <rdf:RDF xmlns:rdf="http://www.w3.org/1999/02/22-rdf-syntax-ns#" xmlns:bqbiol="http://biomodels.net/biology-qualifiers/">
            <rdf:Description rdf:about="#meta_rnR05931">
              <bqbiol:is>
                <rdf:Bag>
                  <rdf:li rdf:resource="urn:miriam:kegg.reaction:R05931"/>
                </rdf:Bag>
              </bqbiol:is>
              <bqbiol:occursIn>
                <rdf:Bag>
                  <rdf:li rdf:resource="urn:miriam:kegg.pathway:rn00532"/>
                  <rdf:li rdf:resource="urn:miriam:kegg.pathway:rn01100"/>
                </rdf:Bag>
              </bqbiol:occursIn>
            </rdf:Description>
          </rdf:RDF>
        </annotation>
              <listOfReactants>
          <speciesReference id="glG00158" species="G00158" name="gl:G00158" metaid="meta_glG00158" sboTerm="SBO:0000015"/>
          <speciesReference id="glG10612" species="UDPglucuronate" name="gl:G10612" metaid="meta_glG10612" sboTerm="SBO:0000015"/>
        </listOfReactants>
        <listOfProducts>
          <speciesReference id="glG00159_1" species="G00159" name="gl:G00159" metaid="meta_glG00159_1" sboTerm="SBO:0000011"/>
          <speciesReference id="glG10619_1" species="UDP" name="gl:G10619" metaid="meta_glG10619_1" sboTerm="SBO:0000011"/>
        </listOfProducts>
        <listOfModifiers>
          <modifierSpeciesReference id="mod_rnR05931" species="CHSY3_1" name="mod_rnR05931" metaid="meta_mod_rnR05931" sboTerm="SBO:0000460"/>
        </listOfModifiers>
      </reaction>
      <reaction id="rnR05929" name="rn:R05929" metaid="meta_rnR05929" reversible="true" sboTerm="SBO:0000176">
<notes><body xmlns="http://www.w3.org/1999/xhtml"><p><b>Definition of “RN:R05929”:</b> UDP-N-acetyl-D-galactosamine + G00157 &lt;=> UDP + G00158<br/>
<b>Equation for “RN:R05929”:</b> G10611 + G00157 &lt;=> G10619 + G00158<br/>
<a href="http://www.genome.jp/Fig/reaction/R05929.gif"><img src="http://www.genome.jp/Fig/reaction/R05929.gif"/></a>
<br/>
<b>Occurs in:</b><br/>
<ul>
<li>Glycosaminoglycan biosynthesis - chondroitin sulfate</li>
<li>Metabolic pathways</li>
</ul><br/>
</p></body></notes>
        <annotation>
          <rdf:RDF xmlns:rdf="http://www.w3.org/1999/02/22-rdf-syntax-ns#" xmlns:bqbiol="http://biomodels.net/biology-qualifiers/">
            <rdf:Description rdf:about="#meta_rnR05929">
              <bqbiol:is>
                <rdf:Bag>
                  <rdf:li rdf:resource="urn:miriam:kegg.reaction:R05929"/>
                </rdf:Bag>
              </bqbiol:is>
              <bqbiol:occursIn>
                <rdf:Bag>
                  <rdf:li rdf:resource="urn:miriam:kegg.pathway:rn00532"/>
                  <rdf:li rdf:resource="urn:miriam:kegg.pathway:rn01100"/>
                </rdf:Bag>
              </bqbiol:occursIn>
            </rdf:Description>
          </rdf:RDF>
        </annotation>
              <listOfReactants>
          <speciesReference id="glG00157" species="G00157" name="gl:G00157" metaid="meta_glG00157" sboTerm="SBO:0000015"/>
          <speciesReference id="glG10611_1" species="UDPNacetylgalactosamine" name="gl:G10611" metaid="meta_glG10611_1" sboTerm="SBO:0000015"/>
        </listOfReactants>
        <listOfProducts>
          <speciesReference id="glG00158_1" species="G00158" name="gl:G00158" metaid="meta_glG00158_1" sboTerm="SBO:0000011"/>
          <speciesReference id="glG10619_2" species="UDP" name="gl:G10619" metaid="meta_glG10619_2" sboTerm="SBO:0000011"/>
        </listOfProducts>
        <listOfModifiers>
          <modifierSpeciesReference id="mod_rnR05929" species="CSGALNACT" name="mod_rnR05929" metaid="meta_mod_rnR05929" sboTerm="SBO:0000460"/>
        </listOfModifiers>
      </reaction>
      <reaction id="rnR05928" name="rn:R05928" metaid="meta_rnR05928" reversible="false" sboTerm="SBO:0000176">
<notes><body xmlns="http://www.w3.org/1999/xhtml"><p><b>Definition of “RN:R05928”:</b> UDP-D-glucuronate + G00156 &lt;=> UDP + G00157<br/>
<b>Equation for “RN:R05928”:</b> G10612 + G00156 &lt;=> G10619 + G00157<br/>
<a href="http://www.genome.jp/Fig/reaction/R05928.gif"><img src="http://www.genome.jp/Fig/reaction/R05928.gif"/></a>
<br/>
<b>Occurs in:</b><br/>
<ul>
<li>Glycosaminoglycan biosynthesis - chondroitin sulfate</li>
<li>Glycosaminoglycan biosynthesis - heparan sulfate</li>
<li>Metabolic pathways</li>
</ul><br/>
</p></body></notes>
        <annotation>
          <rdf:RDF xmlns:rdf="http://www.w3.org/1999/02/22-rdf-syntax-ns#" xmlns:bqbiol="http://biomodels.net/biology-qualifiers/">
            <rdf:Description rdf:about="#meta_rnR05928">
              <bqbiol:is>
                <rdf:Bag>
                  <rdf:li rdf:resource="urn:miriam:kegg.reaction:R05928"/>
                </rdf:Bag>
              </bqbiol:is>
              <bqbiol:occursIn>
                <rdf:Bag>
                  <rdf:li rdf:resource="urn:miriam:kegg.pathway:rn00532"/>
                  <rdf:li rdf:resource="urn:miriam:kegg.pathway:rn00534"/>
                  <rdf:li rdf:resource="urn:miriam:kegg.pathway:rn01100"/>
                </rdf:Bag>
              </bqbiol:occursIn>
            </rdf:Description>
          </rdf:RDF>
        </annotation>
              <listOfReactants>
          <speciesReference id="glG00156" species="G00156" name="gl:G00156" metaid="meta_glG00156" sboTerm="SBO:0000015"/>
          <speciesReference id="glG10612_1" species="UDPglucuronate" name="gl:G10612" metaid="meta_glG10612_1" sboTerm="SBO:0000015"/>
        </listOfReactants>
        <listOfProducts>
          <speciesReference id="glG00157_1" species="G00157" name="gl:G00157" metaid="meta_glG00157_1" sboTerm="SBO:0000011"/>
          <speciesReference id="glG10619_3" species="UDP" name="gl:G10619" metaid="meta_glG10619_3" sboTerm="SBO:0000011"/>
        </listOfProducts>
        <listOfModifiers>
          <modifierSpeciesReference id="mod_rnR05928" species="B3GAT" name="mod_rnR05928" metaid="meta_mod_rnR05928" sboTerm="SBO:0000460"/>
        </listOfModifiers>
      </reaction>
      <reaction id="rnR05925" name="rn:R05925" metaid="meta_rnR05925" reversible="false" sboTerm="SBO:0000176">
<notes><body xmlns="http://www.w3.org/1999/xhtml"><p><b>Definition of “RN:R05925”:</b> UDP-D-xylose + Protein serine &lt;=> UDP + G00154<br/>
<b>Equation for “RN:R05925”:</b> G10613 + C02189 &lt;=> G10619 + G00154<br/>
<a href="http://www.genome.jp/Fig/reaction/R05925.gif"><img src="http://www.genome.jp/Fig/reaction/R05925.gif"/></a>
<br/>
<b>Occurs in:</b><br/>
<ul>
<li>Glycosaminoglycan biosynthesis - chondroitin sulfate</li>
<li>Glycosaminoglycan biosynthesis - heparan sulfate</li>
<li>Metabolic pathways</li>
</ul><br/>
</p></body></notes>
        <annotation>
          <rdf:RDF xmlns:rdf="http://www.w3.org/1999/02/22-rdf-syntax-ns#" xmlns:bqbiol="http://biomodels.net/biology-qualifiers/">
            <rdf:Description rdf:about="#meta_rnR05925">
              <bqbiol:is>
                <rdf:Bag>
                  <rdf:li rdf:resource="urn:miriam:kegg.reaction:R05925"/>
                </rdf:Bag>
              </bqbiol:is>
              <bqbiol:occursIn>
                <rdf:Bag>
                  <rdf:li rdf:resource="urn:miriam:kegg.pathway:rn00532"/>
                  <rdf:li rdf:resource="urn:miriam:kegg.pathway:rn00534"/>
                  <rdf:li rdf:resource="urn:miriam:kegg.pathway:rn01100"/>
                </rdf:Bag>
              </bqbiol:occursIn>
            </rdf:Description>
          </rdf:RDF>
        </annotation>
              <listOfReactants>
          <speciesReference id="cpdC02189" species="C4H6N2O3R2" name="cpd:C02189" metaid="meta_cpdC02189" sboTerm="SBO:0000015"/>
          <speciesReference id="glG10613_1" species="glG10613" name="gl:G10613" metaid="meta_glG10613_1" sboTerm="SBO:0000015"/>
        </listOfReactants>
        <listOfProducts>
          <speciesReference id="glG00154" species="G00154" name="gl:G00154" metaid="meta_glG00154" sboTerm="SBO:0000011"/>
          <speciesReference id="glG10619_4" species="UDP" name="gl:G10619" metaid="meta_glG10619_4" sboTerm="SBO:0000011"/>
        </listOfProducts>
        <listOfModifiers>
          <modifierSpeciesReference id="mod_rnR05925" species="XYLT" name="mod_rnR05925" metaid="meta_mod_rnR05925" sboTerm="SBO:0000460"/>
        </listOfModifiers>
      </reaction>
      <reaction id="rnR05926" name="rn:R05926" metaid="meta_rnR05926" reversible="false" sboTerm="SBO:0000176">
<notes><body xmlns="http://www.w3.org/1999/xhtml"><p><b>Definition of “RN:R05926”:</b> UDP-D-galactose + G00154 &lt;=> UDP + G00155<br/>
<b>Equation for “RN:R05926”:</b> G10609 + G00154 &lt;=> G10619 + G00155<br/>
<a href="http://www.genome.jp/Fig/reaction/R05926.gif"><img src="http://www.genome.jp/Fig/reaction/R05926.gif"/></a>
<br/>
<b>Occurs in:</b><br/>
<ul>
<li>Glycosaminoglycan biosynthesis - chondroitin sulfate</li>
<li>Glycosaminoglycan biosynthesis - heparan sulfate</li>
<li>Metabolic pathways</li>
</ul><br/>
</p></body></notes>
        <annotation>
          <rdf:RDF xmlns:rdf="http://www.w3.org/1999/02/22-rdf-syntax-ns#" xmlns:bqbiol="http://biomodels.net/biology-qualifiers/">
            <rdf:Description rdf:about="#meta_rnR05926">
              <bqbiol:is>
                <rdf:Bag>
                  <rdf:li rdf:resource="urn:miriam:kegg.reaction:R05926"/>
                </rdf:Bag>
              </bqbiol:is>
              <bqbiol:occursIn>
                <rdf:Bag>
                  <rdf:li rdf:resource="urn:miriam:kegg.pathway:rn00532"/>
                  <rdf:li rdf:resource="urn:miriam:kegg.pathway:rn00534"/>
                  <rdf:li rdf:resource="urn:miriam:kegg.pathway:rn01100"/>
                </rdf:Bag>
              </bqbiol:occursIn>
            </rdf:Description>
          </rdf:RDF>
        </annotation>
              <listOfReactants>
          <speciesReference id="glG00154_1" species="G00154" name="gl:G00154" metaid="meta_glG00154_1" sboTerm="SBO:0000015"/>
          <speciesReference id="glG10609" species="UDPgalactose" name="gl:G10609" metaid="meta_glG10609" sboTerm="SBO:0000015"/>
        </listOfReactants>
        <listOfProducts>
          <speciesReference id="glG00155" species="G00155" name="gl:G00155" metaid="meta_glG00155" sboTerm="SBO:0000011"/>
          <speciesReference id="glG10619_5" species="UDP" name="gl:G10619" metaid="meta_glG10619_5" sboTerm="SBO:0000011"/>
        </listOfProducts>
        <listOfModifiers>
          <modifierSpeciesReference id="mod_rnR05926" species="B4GALT7" name="mod_rnR05926" metaid="meta_mod_rnR05926" sboTerm="SBO:0000460"/>
        </listOfModifiers>
      </reaction>
      <reaction id="rnR05927" name="rn:R05927" metaid="meta_rnR05927" reversible="false" sboTerm="SBO:0000176">
<notes><body xmlns="http://www.w3.org/1999/xhtml"><p><b>Definition of “RN:R05927”:</b> UDP-D-galactose + G00155 &lt;=> UDP + G00156<br/>
<b>Equation for “RN:R05927”:</b> G10609 + G00155 &lt;=> G10619 + G00156<br/>
<a href="http://www.genome.jp/Fig/reaction/R05927.gif"><img src="http://www.genome.jp/Fig/reaction/R05927.gif"/></a>
<br/>
<b>Occurs in:</b><br/>
<ul>
<li>Glycosaminoglycan biosynthesis - chondroitin sulfate</li>
<li>Glycosaminoglycan biosynthesis - heparan sulfate</li>
<li>Metabolic pathways</li>
</ul><br/>
</p></body></notes>
        <annotation>
          <rdf:RDF xmlns:rdf="http://www.w3.org/1999/02/22-rdf-syntax-ns#" xmlns:bqbiol="http://biomodels.net/biology-qualifiers/">
            <rdf:Description rdf:about="#meta_rnR05927">
              <bqbiol:is>
                <rdf:Bag>
                  <rdf:li rdf:resource="urn:miriam:kegg.reaction:R05927"/>
                </rdf:Bag>
              </bqbiol:is>
              <bqbiol:occursIn>
                <rdf:Bag>
                  <rdf:li rdf:resource="urn:miriam:kegg.pathway:rn00532"/>
                  <rdf:li rdf:resource="urn:miriam:kegg.pathway:rn00534"/>
                  <rdf:li rdf:resource="urn:miriam:kegg.pathway:rn01100"/>
                </rdf:Bag>
              </bqbiol:occursIn>
            </rdf:Description>
          </rdf:RDF>
        </annotation>
              <listOfReactants>
          <speciesReference id="glG00155_1" species="G00155" name="gl:G00155" metaid="meta_glG00155_1" sboTerm="SBO:0000015"/>
          <speciesReference id="glG10609_1" species="UDPgalactose" name="gl:G10609" metaid="meta_glG10609_1" sboTerm="SBO:0000015"/>
        </listOfReactants>
        <listOfProducts>
          <speciesReference id="glG00156_1" species="G00156" name="gl:G00156" metaid="meta_glG00156_1" sboTerm="SBO:0000011"/>
          <speciesReference id="glG10619_6" species="UDP" name="gl:G10619" metaid="meta_glG10619_6" sboTerm="SBO:0000011"/>
        </listOfProducts>
        <listOfModifiers>
          <modifierSpeciesReference id="mod_rnR05927" species="B3GALT6" name="mod_rnR05927" metaid="meta_mod_rnR05927" sboTerm="SBO:0000460"/>
        </listOfModifiers>
      </reaction>
    </listOfReactions>
  </model>
</sbml>