<?xml version='1.0' encoding='UTF-8' standalone='no'?>
<!-- Created by KEGGtranslator version 1.2.0 on 2011-11-09 19:31 with jsbml version 0.8-rc1. -->
<sbml xmlns="http://www.sbml.org/sbml/level2/version4" level="2" version="4">
  <model id="path_hsa00512" name="Mucin type O-Glycan biosynthesis" metaid="meta_path_hsa00512">
<notes><body xmlns="http://www.w3.org/1999/xhtml"><h1>Model of “Mucin type O-Glycan biosynthesis” in “Homo sapiens (human)”</h1>
O-glycans are a class of glycans that modify serine or threonine residues of proteins. Biosynthesis of O-glycans starts from the transfer of N-acetylgalactosamine (GalNAc) to serine or threonine. The first GalNAc may be extended with sugars including galactose, N-acetylglucosamine, fucose, or sialic acid, but not mannose, glucose, or xylose. Depending on the sugars added, there are four common O-glycan core structures, cores 1 through 4, and an additional four, cores 5 though 8. Mucins are highly O-glycosylated glycoproteins ubiquitous in mucous secretions on cell surfaces and in body fluids. Mucin O-glycans can be branched, and many sugars or groups of sugars are antigenic. Important modifications of mucin O-glycans include O-acetylation of sialic acid and O-sulfation of galactose and N-acetylglucosamine.<br/>
<a href="http://www.genome.jp/kegg/pathway/hsa/hsa00512.png"><img src="http://www.genome.jp/kegg/pathway/hsa/hsa00512.png" alt="http://www.genome.jp/kegg-bin/show_pathway?hsa00512"/></a><br/>
<a href="http://www.genome.jp/kegg-bin/show_pathway?hsa00512">Original Entry</a><br/>
<p>KGML comment: “Creation date: Feb 8, 2011 13:52:38 +0900 (GMT+09:00)”<br/>
KGML version was: 0.71<br/>
</p><div align="right"><i><small>This file has been generated by KEGGtranslator version 1.2.0</small></i></div><br/>
</body></notes>
    <annotation>
      <rdf:RDF xmlns:rdf="http://www.w3.org/1999/02/22-rdf-syntax-ns#" xmlns:bqmodel="http://biomodels.net/model-qualifiers/" xmlns:bqbiol="http://biomodels.net/biology-qualifiers/">
        <rdf:Description rdf:about="#meta_path_hsa00512">
          <creator>
            <rdf:Bag>
              <rdf:li rdf:parseType="Resource">                <ORG rdf:parseType="Resource">
                  <Orgname>ZBIT, University of Tübingen, WSI-CogSys</Orgname>
                </ORG>
              </rdf:li>
            </rdf:Bag>
          </creator>
          <created rdf:parseType="Resource">
            <W3CDTF>2011-11-09T18:31:50Z</W3CDTF>
          </created>
          <modified rdf:parseType="Resource">
            <W3CDTF>2011-11-09T18:31:50Z</W3CDTF>
          </modified>
          <modified rdf:parseType="Resource">
            <W3CDTF>2011-11-09T18:31:50Z</W3CDTF>
          </modified>
          <bqmodel:is>
            <rdf:Bag>
              <rdf:li rdf:resource="urn:miriam:kegg.pathway:hsa00512"/>
            </rdf:Bag>
          </bqmodel:is>
          <bqbiol:occursIn>
            <rdf:Bag>
              <rdf:li rdf:resource="urn:miriam:taxonomy:9606"/>
            </rdf:Bag>
          </bqbiol:occursIn>
          <bqbiol:isDescribedBy>
            <rdf:Bag>
              <rdf:li rdf:resource="urn:miriam:obo.go:GO:0006493"/>
            </rdf:Bag>
          </bqbiol:isDescribedBy>
        </rdf:Description>
      </rdf:RDF>
    </annotation>
      <listOfCompartments>
      <compartment id="default" name="Mucin type O-Glycan biosynthesis" units="volume" size="1"/>
    </listOfCompartments>
    <listOfSpecies>
      <species id="Glycosaminoglycan_biosynthesis__keratan_sulfate" initialAmount="1" name="Glycosaminoglycan biosynthesis - keratan sulfate" metaid="meta_Glycosaminoglycan_biosynthesis__keratan_sulfate" sboTerm="SBO:0000552" substanceUnits="substance" compartment="default">
<notes><body xmlns="http://www.w3.org/1999/xhtml"><a href="http://www.kegg.jp/dbget-bin/www_bget?hsa00533">Original Kegg Entry</a><br/>
<p><b>Glycosaminoglycan biosynthesis - keratan sulfate - Homo sapiens (human)</b></p>
<img src="http://www.kegg.jp/kegg/misc/thumbnail/map00533.gif"/><br/>
</body></notes>
        <annotation>
          <rdf:RDF xmlns:rdf="http://www.w3.org/1999/02/22-rdf-syntax-ns#" xmlns:bqbiol="http://biomodels.net/biology-qualifiers/">
            <rdf:Description rdf:about="#meta_Glycosaminoglycan_biosynthesis__keratan_sulfate">
              <bqbiol:is>
                <rdf:Bag>
                  <rdf:li rdf:resource="urn:miriam:kegg.pathway:hsa00533"/>
                </rdf:Bag>
              </bqbiol:is>
              <bqbiol:unknownQualifier>
                <rdf:Bag>
                  <rdf:li rdf:resource="urn:miriam:obo.eco:ECO%3A0000313"/>
                </rdf:Bag>
              </bqbiol:unknownQualifier>
            </rdf:Description>
          </rdf:RDF>
        </annotation>
      </species>
      <species id="G00034" initialAmount="1" name="G00034" metaid="meta_G00034" sboTerm="SBO:0000247" substanceUnits="substance" compartment="default">
<notes><body xmlns="http://www.w3.org/1999/xhtml"><a href="http://www.kegg.jp/dbget-bin/www_bget?G00034">Original Kegg Entry</a><br/>
<p><b>Mass:</b> 365.3 (Ser/Thr)</p>
</body></notes>
        <annotation>
          <rdf:RDF xmlns:rdf="http://www.w3.org/1999/02/22-rdf-syntax-ns#" xmlns:bqbiol="http://biomodels.net/biology-qualifiers/">
            <rdf:Description rdf:about="#meta_G00034">
              <bqbiol:is>
                <rdf:Bag>
                  <rdf:li rdf:resource="urn:miriam:kegg.glycan:G00034"/>
                </rdf:Bag>
              </bqbiol:is>
              <bqbiol:unknownQualifier>
                <rdf:Bag>
                  <rdf:li rdf:resource="urn:miriam:obo.eco:ECO%3A0000313"/>
                </rdf:Bag>
              </bqbiol:unknownQualifier>
            </rdf:Description>
          </rdf:RDF>
        </annotation>
      </species>
      <species id="G00033" initialAmount="1" name="G00033" metaid="meta_G00033" sboTerm="SBO:0000247" substanceUnits="substance" compartment="default">
<notes><body xmlns="http://www.w3.org/1999/xhtml"><a href="http://www.kegg.jp/dbget-bin/www_bget?G00033">Original Kegg Entry</a><br/>
<p><b>Mass:</b> 406.4 (Ser/Thr)</p>
</body></notes>
        <annotation>
          <rdf:RDF xmlns:rdf="http://www.w3.org/1999/02/22-rdf-syntax-ns#" xmlns:bqbiol="http://biomodels.net/biology-qualifiers/">
            <rdf:Description rdf:about="#meta_G00033">
              <bqbiol:is>
                <rdf:Bag>
                  <rdf:li rdf:resource="urn:miriam:kegg.glycan:G00033"/>
                </rdf:Bag>
              </bqbiol:is>
              <bqbiol:unknownQualifier>
                <rdf:Bag>
                  <rdf:li rdf:resource="urn:miriam:obo.eco:ECO%3A0000313"/>
                </rdf:Bag>
              </bqbiol:unknownQualifier>
            </rdf:Description>
          </rdf:RDF>
        </annotation>
      </species>
      <species id="G00032" initialAmount="1" name="G00032" metaid="meta_G00032" sboTerm="SBO:0000247" substanceUnits="substance" compartment="default">
<notes><body xmlns="http://www.w3.org/1999/xhtml"><a href="http://www.kegg.jp/dbget-bin/www_bget?G00032">Original Kegg Entry</a><br/>
<p><b>Mass:</b> 568.5 (Ser/Thr)</p>
</body></notes>
        <annotation>
          <rdf:RDF xmlns:rdf="http://www.w3.org/1999/02/22-rdf-syntax-ns#" xmlns:bqbiol="http://biomodels.net/biology-qualifiers/">
            <rdf:Description rdf:about="#meta_G00032">
              <bqbiol:is>
                <rdf:Bag>
                  <rdf:li rdf:resource="urn:miriam:kegg.glycan:G00032"/>
                </rdf:Bag>
              </bqbiol:is>
              <bqbiol:occursIn>
                <rdf:Bag>
                  <rdf:li rdf:resource="urn:miriam:kegg.reaction:R07628"/>
                </rdf:Bag>
              </bqbiol:occursIn>
              <bqbiol:hasProperty>
                <rdf:Bag>
                  <rdf:li rdf:resource="urn:miriam:glycomedb:5696"/>
                </rdf:Bag>
              </bqbiol:hasProperty>
              <bqbiol:unknownQualifier>
                <rdf:Bag>
                  <rdf:li rdf:resource="urn:miriam:obo.eco:ECO%3A0000313"/>
                </rdf:Bag>
              </bqbiol:unknownQualifier>
            </rdf:Description>
          </rdf:RDF>
        </annotation>
      </species>
      <species id="G00031" initialAmount="1" name="G00031" metaid="meta_G00031" sboTerm="SBO:0000247" substanceUnits="substance" compartment="default">
<notes><body xmlns="http://www.w3.org/1999/xhtml"><a href="http://www.kegg.jp/dbget-bin/www_bget?G00031">Original Kegg Entry</a><br/>
<p><b>Mass:</b> 406.4 (Ser/Thr)</p>
</body></notes>
        <annotation>
          <rdf:RDF xmlns:rdf="http://www.w3.org/1999/02/22-rdf-syntax-ns#" xmlns:bqbiol="http://biomodels.net/biology-qualifiers/">
            <rdf:Description rdf:about="#meta_G00031">
              <bqbiol:is>
                <rdf:Bag>
                  <rdf:li rdf:resource="urn:miriam:kegg.glycan:G00031"/>
                </rdf:Bag>
              </bqbiol:is>
              <bqbiol:occursIn>
                <rdf:Bag>
                  <rdf:li rdf:resource="urn:miriam:kegg.reaction:R07628"/>
                  <rdf:li rdf:resource="urn:miriam:kegg.reaction:R05910"/>
                </rdf:Bag>
              </bqbiol:occursIn>
              <bqbiol:hasProperty>
                <rdf:Bag>
                  <rdf:li rdf:resource="urn:miriam:ec-code:2.4.1.102"/>
                </rdf:Bag>
              </bqbiol:hasProperty>
              <bqbiol:unknownQualifier>
                <rdf:Bag>
                  <rdf:li rdf:resource="urn:miriam:obo.eco:ECO%3A0000313"/>
                </rdf:Bag>
              </bqbiol:unknownQualifier>
            </rdf:Description>
          </rdf:RDF>
        </annotation>
      </species>
      <species id="G00030" initialAmount="1" name="G00030" metaid="meta_G00030" sboTerm="SBO:0000247" substanceUnits="substance" compartment="default">
<notes><body xmlns="http://www.w3.org/1999/xhtml"><a href="http://www.kegg.jp/dbget-bin/www_bget?G00030">Original Kegg Entry</a><br/>
<p><b>Mass:</b> 406.4 (Ser/Thr)</p>
</body></notes>
        <annotation>
          <rdf:RDF xmlns:rdf="http://www.w3.org/1999/02/22-rdf-syntax-ns#" xmlns:bqbiol="http://biomodels.net/biology-qualifiers/">
            <rdf:Description rdf:about="#meta_G00030">
              <bqbiol:is>
                <rdf:Bag>
                  <rdf:li rdf:resource="urn:miriam:kegg.glycan:G00030"/>
                </rdf:Bag>
              </bqbiol:is>
              <bqbiol:unknownQualifier>
                <rdf:Bag>
                  <rdf:li rdf:resource="urn:miriam:obo.eco:ECO%3A0000313"/>
                </rdf:Bag>
              </bqbiol:unknownQualifier>
            </rdf:Description>
          </rdf:RDF>
        </annotation>
      </species>
      <species id="G00029" initialAmount="1" name="G00029" metaid="meta_G00029" sboTerm="SBO:0000247" substanceUnits="substance" compartment="default">
<notes><body xmlns="http://www.w3.org/1999/xhtml"><a href="http://www.kegg.jp/dbget-bin/www_bget?G00029">Original Kegg Entry</a><br/>
<p><b>Mass:</b> 609.6 (Ser/Thr)</p>
</body></notes>
        <annotation>
          <rdf:RDF xmlns:rdf="http://www.w3.org/1999/02/22-rdf-syntax-ns#" xmlns:bqbiol="http://biomodels.net/biology-qualifiers/">
            <rdf:Description rdf:about="#meta_G00029">
              <bqbiol:is>
                <rdf:Bag>
                  <rdf:li rdf:resource="urn:miriam:kegg.glycan:G00029"/>
                </rdf:Bag>
              </bqbiol:is>
              <bqbiol:occursIn>
                <rdf:Bag>
                  <rdf:li rdf:resource="urn:miriam:kegg.reaction:R05915"/>
                </rdf:Bag>
              </bqbiol:occursIn>
              <bqbiol:hasProperty>
                <rdf:Bag>
                  <rdf:li rdf:resource="urn:miriam:glycomedb:3125"/>
                </rdf:Bag>
              </bqbiol:hasProperty>
              <bqbiol:unknownQualifier>
                <rdf:Bag>
                  <rdf:li rdf:resource="urn:miriam:obo.eco:ECO%3A0000313"/>
                </rdf:Bag>
              </bqbiol:unknownQualifier>
            </rdf:Description>
          </rdf:RDF>
        </annotation>
      </species>
      <species id="G00028" initialAmount="1" name="G00028" metaid="meta_G00028" sboTerm="SBO:0000247" substanceUnits="substance" compartment="default">
<notes><body xmlns="http://www.w3.org/1999/xhtml"><a href="http://www.kegg.jp/dbget-bin/www_bget?G00028">Original Kegg Entry</a><br/>
<p><b>Mass:</b> 406.4 (Ser/Thr)</p>
</body></notes>
        <annotation>
          <rdf:RDF xmlns:rdf="http://www.w3.org/1999/02/22-rdf-syntax-ns#" xmlns:bqbiol="http://biomodels.net/biology-qualifiers/">
            <rdf:Description rdf:about="#meta_G00028">
              <bqbiol:is>
                <rdf:Bag>
                  <rdf:li rdf:resource="urn:miriam:kegg.glycan:G00028"/>
                </rdf:Bag>
              </bqbiol:is>
              <bqbiol:occursIn>
                <rdf:Bag>
                  <rdf:li rdf:resource="urn:miriam:kegg.reaction:R05915"/>
                  <rdf:li rdf:resource="urn:miriam:kegg.reaction:R05909"/>
                </rdf:Bag>
              </bqbiol:occursIn>
              <bqbiol:unknownQualifier>
                <rdf:Bag>
                  <rdf:li rdf:resource="urn:miriam:obo.eco:ECO%3A0000313"/>
                </rdf:Bag>
              </bqbiol:unknownQualifier>
            </rdf:Description>
          </rdf:RDF>
        </annotation>
      </species>
      <species id="G00027" initialAmount="1" name="G00027" metaid="meta_G00027" sboTerm="SBO:0000247" substanceUnits="substance" compartment="default">
<notes><body xmlns="http://www.w3.org/1999/xhtml"><a href="http://www.kegg.jp/dbget-bin/www_bget?G00027">Original Kegg Entry</a><br/>
<p><b>Mass:</b> 947.9 (Ser/Thr)</p>
</body></notes>
        <annotation>
          <rdf:RDF xmlns:rdf="http://www.w3.org/1999/02/22-rdf-syntax-ns#" xmlns:bqbiol="http://biomodels.net/biology-qualifiers/">
            <rdf:Description rdf:about="#meta_G00027">
              <bqbiol:is>
                <rdf:Bag>
                  <rdf:li rdf:resource="urn:miriam:kegg.glycan:G00027"/>
                </rdf:Bag>
              </bqbiol:is>
              <bqbiol:occursIn>
                <rdf:Bag>
                  <rdf:li rdf:resource="urn:miriam:kegg.reaction:R05914"/>
                </rdf:Bag>
              </bqbiol:occursIn>
              <bqbiol:hasProperty>
                <rdf:Bag>
                  <rdf:li rdf:resource="urn:miriam:glycomedb:534"/>
                </rdf:Bag>
              </bqbiol:hasProperty>
              <bqbiol:hasProperty>
                <rdf:Bag>
                  <rdf:li rdf:resource="urn:miriam:ec-code:2.4.99.3"/>
                </rdf:Bag>
              </bqbiol:hasProperty>
              <bqbiol:unknownQualifier>
                <rdf:Bag>
                  <rdf:li rdf:resource="urn:miriam:obo.eco:ECO%3A0000313"/>
                </rdf:Bag>
              </bqbiol:unknownQualifier>
            </rdf:Description>
          </rdf:RDF>
        </annotation>
      </species>
      <species id="G00026" initialAmount="1" name="G00026" metaid="meta_G00026" sboTerm="SBO:0000247" substanceUnits="substance" compartment="default">
<notes><body xmlns="http://www.w3.org/1999/xhtml"><a href="http://www.kegg.jp/dbget-bin/www_bget?G00026">Original Kegg Entry</a><br/>
<p><b>Mass:</b> 656.6 (Ser/Thr)</p>
</body></notes>
        <annotation>
          <rdf:RDF xmlns:rdf="http://www.w3.org/1999/02/22-rdf-syntax-ns#" xmlns:bqbiol="http://biomodels.net/biology-qualifiers/">
            <rdf:Description rdf:about="#meta_G00026">
              <bqbiol:is>
                <rdf:Bag>
                  <rdf:li rdf:resource="urn:miriam:kegg.glycan:G00026"/>
                </rdf:Bag>
              </bqbiol:is>
              <bqbiol:occursIn>
                <rdf:Bag>
                  <rdf:li rdf:resource="urn:miriam:kegg.reaction:R05913"/>
                  <rdf:li rdf:resource="urn:miriam:kegg.reaction:R05914"/>
                </rdf:Bag>
              </bqbiol:occursIn>
              <bqbiol:hasProperty>
                <rdf:Bag>
                  <rdf:li rdf:resource="urn:miriam:glycomedb:458"/>
                </rdf:Bag>
              </bqbiol:hasProperty>
              <bqbiol:hasProperty>
                <rdf:Bag>
                  <rdf:li rdf:resource="urn:miriam:ec-code:2.4.99.4"/>
                  <rdf:li rdf:resource="urn:miriam:ec-code:2.4.99.3"/>
                </rdf:Bag>
              </bqbiol:hasProperty>
              <bqbiol:unknownQualifier>
                <rdf:Bag>
                  <rdf:li rdf:resource="urn:miriam:obo.eco:ECO%3A0000313"/>
                </rdf:Bag>
              </bqbiol:unknownQualifier>
            </rdf:Description>
          </rdf:RDF>
        </annotation>
      </species>
      <species id="G00025" initialAmount="1" name="G00025" metaid="meta_G00025" sboTerm="SBO:0000247" substanceUnits="substance" compartment="default">
<notes><body xmlns="http://www.w3.org/1999/xhtml"><a href="http://www.kegg.jp/dbget-bin/www_bget?G00025">Original Kegg Entry</a><br/>
<p><b>Mass:</b> 568.5 (Ser/Thr)</p>
</body></notes>
        <annotation>
          <rdf:RDF xmlns:rdf="http://www.w3.org/1999/02/22-rdf-syntax-ns#" xmlns:bqbiol="http://biomodels.net/biology-qualifiers/">
            <rdf:Description rdf:about="#meta_G00025">
              <bqbiol:is>
                <rdf:Bag>
                  <rdf:li rdf:resource="urn:miriam:kegg.glycan:G00025"/>
                </rdf:Bag>
              </bqbiol:is>
              <bqbiol:occursIn>
                <rdf:Bag>
                  <rdf:li rdf:resource="urn:miriam:kegg.reaction:R05912"/>
                </rdf:Bag>
              </bqbiol:occursIn>
              <bqbiol:hasProperty>
                <rdf:Bag>
                  <rdf:li rdf:resource="urn:miriam:glycomedb:802"/>
                </rdf:Bag>
              </bqbiol:hasProperty>
              <bqbiol:hasProperty>
                <rdf:Bag>
                  <rdf:li rdf:resource="urn:miriam:ec-code:2.4.1.102"/>
                </rdf:Bag>
              </bqbiol:hasProperty>
              <bqbiol:unknownQualifier>
                <rdf:Bag>
                  <rdf:li rdf:resource="urn:miriam:obo.eco:ECO%3A0000313"/>
                </rdf:Bag>
              </bqbiol:unknownQualifier>
            </rdf:Description>
          </rdf:RDF>
        </annotation>
      </species>
      <species id="Tn_antigen" initialAmount="1" name="Tn antigen" metaid="meta_Tn_antigen" sboTerm="SBO:0000247" substanceUnits="substance" compartment="default">
<notes><body xmlns="http://www.w3.org/1999/xhtml"><a href="http://www.kegg.jp/dbget-bin/www_bget?G00023">Original Kegg Entry</a><br/>
<p><b>Tn antigen</b></p>
<p><b>Mass:</b> 203.2 (Ser/Thr)</p>
</body></notes>
        <annotation>
          <rdf:RDF xmlns:rdf="http://www.w3.org/1999/02/22-rdf-syntax-ns#" xmlns:bqbiol="http://biomodels.net/biology-qualifiers/">
            <rdf:Description rdf:about="#meta_Tn_antigen">
              <bqbiol:is>
                <rdf:Bag>
                  <rdf:li rdf:resource="urn:miriam:kegg.glycan:G00023"/>
                </rdf:Bag>
              </bqbiol:is>
              <bqbiol:occursIn>
                <rdf:Bag>
                  <rdf:li rdf:resource="urn:miriam:kegg.reaction:R05911"/>
                  <rdf:li rdf:resource="urn:miriam:kegg.reaction:R05910"/>
                  <rdf:li rdf:resource="urn:miriam:kegg.reaction:R05907"/>
                  <rdf:li rdf:resource="urn:miriam:kegg.reaction:R05908"/>
                  <rdf:li rdf:resource="urn:miriam:kegg.reaction:R05909"/>
                </rdf:Bag>
              </bqbiol:occursIn>
              <bqbiol:hasProperty>
                <rdf:Bag>
                  <rdf:li rdf:resource="urn:miriam:glycomedb:476"/>
                </rdf:Bag>
              </bqbiol:hasProperty>
              <bqbiol:hasProperty>
                <rdf:Bag>
                  <rdf:li rdf:resource="urn:miriam:ec-code:2.4.1.102"/>
                  <rdf:li rdf:resource="urn:miriam:ec-code:2.4.1.41"/>
                  <rdf:li rdf:resource="urn:miriam:ec-code:2.4.1.122"/>
                  <rdf:li rdf:resource="urn:miriam:ec-code:2.4.99.3"/>
                </rdf:Bag>
              </bqbiol:hasProperty>
              <bqbiol:unknownQualifier>
                <rdf:Bag>
                  <rdf:li rdf:resource="urn:miriam:obo.eco:ECO%3A0000313"/>
                </rdf:Bag>
              </bqbiol:unknownQualifier>
            </rdf:Description>
          </rdf:RDF>
        </annotation>
      </species>
      <species id="SialylTn_antigen" initialAmount="1" name="Sialyl-Tn antigen" metaid="meta_SialylTn_antigen" sboTerm="SBO:0000247" substanceUnits="substance" compartment="default">
<notes><body xmlns="http://www.w3.org/1999/xhtml"><a href="http://www.kegg.jp/dbget-bin/www_bget?G00035">Original Kegg Entry</a><br/>
<p><b>Sialyl-Tn antigen</b></p>
<p><b>Mass:</b> 494.5 (Ser/Thr)</p>
</body></notes>
        <annotation>
          <rdf:RDF xmlns:rdf="http://www.w3.org/1999/02/22-rdf-syntax-ns#" xmlns:bqbiol="http://biomodels.net/biology-qualifiers/">
            <rdf:Description rdf:about="#meta_SialylTn_antigen">
              <bqbiol:is>
                <rdf:Bag>
                  <rdf:li rdf:resource="urn:miriam:kegg.glycan:G00035"/>
                </rdf:Bag>
              </bqbiol:is>
              <bqbiol:occursIn>
                <rdf:Bag>
                  <rdf:li rdf:resource="urn:miriam:kegg.reaction:R05911"/>
                </rdf:Bag>
              </bqbiol:occursIn>
              <bqbiol:hasProperty>
                <rdf:Bag>
                  <rdf:li rdf:resource="urn:miriam:glycomedb:148"/>
                </rdf:Bag>
              </bqbiol:hasProperty>
              <bqbiol:hasProperty>
                <rdf:Bag>
                  <rdf:li rdf:resource="urn:miriam:ec-code:2.4.99.3"/>
                </rdf:Bag>
              </bqbiol:hasProperty>
              <bqbiol:unknownQualifier>
                <rdf:Bag>
                  <rdf:li rdf:resource="urn:miriam:obo.eco:ECO%3A0000313"/>
                </rdf:Bag>
              </bqbiol:unknownQualifier>
            </rdf:Description>
          </rdf:RDF>
        </annotation>
      </species>
      <species id="K00740" initialAmount="1" name="K00740" metaid="meta_K00740" sboTerm="SBO:0000354" substanceUnits="substance" compartment="default">
<notes><body xmlns="http://www.w3.org/1999/xhtml"><a href="http://www.kegg.jp/dbget-bin/www_bget?K00740">Original Kegg Entry</a><br/>
</body></notes>
        <annotation>
          <rdf:RDF xmlns:rdf="http://www.w3.org/1999/02/22-rdf-syntax-ns#" xmlns:bqbiol="http://biomodels.net/biology-qualifiers/">
            <rdf:Description rdf:about="#meta_K00740">
              <bqbiol:is>
                <rdf:Bag>
                  <rdf:li rdf:resource="urn:miriam:kegg.orthology:K00740"/>
                </rdf:Bag>
              </bqbiol:is>
              <bqbiol:unknownQualifier>
                <rdf:Bag>
                  <rdf:li rdf:resource="urn:miriam:obo.eco:ECO%3A0000313"/>
                </rdf:Bag>
              </bqbiol:unknownQualifier>
            </rdf:Description>
          </rdf:RDF>
        </annotation>
      </species>
      <species id="GCNT3" initialAmount="1" name="GCNT3" metaid="meta_GCNT3" sboTerm="SBO:0000354" substanceUnits="substance" compartment="default">
<notes><body xmlns="http://www.w3.org/1999/xhtml"><a href="http://www.kegg.jp/dbget-bin/www_bget?hsa:9245">Original Kegg Entry</a><br/>
<p><b>Description for “GCNT3, C2/4GnT, C24GNT, C2GNT2, C2GNTM, GNTM”:</b> glucosaminyl (N-acetyl) transferase 3, mucin type (EC:2.4.1.102 2.4.1.150)</p>
</body></notes>
        <annotation>
          <rdf:RDF xmlns:rdf="http://www.w3.org/1999/02/22-rdf-syntax-ns#" xmlns:bqbiol="http://biomodels.net/biology-qualifiers/">
            <rdf:Description rdf:about="#meta_GCNT3">
              <bqbiol:is>
                <rdf:Bag>
                  <rdf:li rdf:resource="urn:miriam:kegg.genes:hsa%3A9245"/>
                </rdf:Bag>
              </bqbiol:is>
              <bqbiol:isEncodedBy>
                <rdf:Bag>
                  <rdf:li rdf:resource="urn:miriam:entrez.gene:9245"/>
                </rdf:Bag>
              </bqbiol:isEncodedBy>
              <bqbiol:hasProperty>
                <rdf:Bag>
                  <rdf:li rdf:resource="urn:miriam:omim:606836"/>
                </rdf:Bag>
              </bqbiol:hasProperty>
              <bqbiol:isEncodedBy>
                <rdf:Bag>
                  <rdf:li rdf:resource="urn:miriam:ensembl:ENSG00000140297"/>
                </rdf:Bag>
              </bqbiol:isEncodedBy>
              <bqbiol:is>
                <rdf:Bag>
                  <rdf:li rdf:resource="urn:miriam:uniprot:O95395"/>
                </rdf:Bag>
              </bqbiol:is>
              <bqbiol:isEncodedBy>
                <rdf:Bag>
                  <rdf:li rdf:resource="urn:miriam:hgnc:HGNC%3A4205"/>
                </rdf:Bag>
              </bqbiol:isEncodedBy>
              <bqbiol:occursIn>
                <rdf:Bag>
                  <rdf:li rdf:resource="urn:miriam:kegg.reaction:R05915"/>
                </rdf:Bag>
              </bqbiol:occursIn>
              <bqbiol:hasProperty>
                <rdf:Bag>
                  <rdf:li rdf:resource="urn:miriam:ec-code:2.4.1.150"/>
                  <rdf:li rdf:resource="urn:miriam:ec-code:2.4.1.102"/>
                  <rdf:li rdf:resource="urn:miriam:ec-code:2.4.1.-"/>
                </rdf:Bag>
              </bqbiol:hasProperty>
              <bqbiol:unknownQualifier>
                <rdf:Bag>
                  <rdf:li rdf:resource="urn:miriam:obo.eco:ECO%3A0000313"/>
                </rdf:Bag>
              </bqbiol:unknownQualifier>
            </rdf:Description>
          </rdf:RDF>
        </annotation>
      </species>
      <species id="GCNT1" initialAmount="1" name="GCNT1" metaid="meta_GCNT1" sboTerm="SBO:0000354" substanceUnits="substance" compartment="default">
<notes><body xmlns="http://www.w3.org/1999/xhtml"><a href="http://www.kegg.jp/dbget-bin/www_bget?hsa:2650">Original Kegg Entry</a><br/>
<p><b>Description for “GCNT1, C2GNT, C2GNT-L, C2GNT1, G6NT, MGC126335, MGC126336, NACGT2, NAGCT2”:</b> glucosaminyl (N-acetyl) transferase 1, core 2 (EC:2.4.1.102)</p>
</body></notes>
        <annotation>
          <rdf:RDF xmlns:rdf="http://www.w3.org/1999/02/22-rdf-syntax-ns#" xmlns:bqbiol="http://biomodels.net/biology-qualifiers/">
            <rdf:Description rdf:about="#meta_GCNT1">
              <bqbiol:is>
                <rdf:Bag>
                  <rdf:li rdf:resource="urn:miriam:kegg.genes:hsa%3A2650"/>
                </rdf:Bag>
              </bqbiol:is>
              <bqbiol:isEncodedBy>
                <rdf:Bag>
                  <rdf:li rdf:resource="urn:miriam:entrez.gene:2650"/>
                </rdf:Bag>
              </bqbiol:isEncodedBy>
              <bqbiol:hasProperty>
                <rdf:Bag>
                  <rdf:li rdf:resource="urn:miriam:omim:600391"/>
                </rdf:Bag>
              </bqbiol:hasProperty>
              <bqbiol:isEncodedBy>
                <rdf:Bag>
                  <rdf:li rdf:resource="urn:miriam:ensembl:ENSG00000187210"/>
                </rdf:Bag>
              </bqbiol:isEncodedBy>
              <bqbiol:hasVersion>
                <rdf:Bag>
                  <rdf:li rdf:resource="urn:miriam:uniprot:Q02742"/>
                  <rdf:li rdf:resource="urn:miriam:uniprot:Q86T81"/>
                </rdf:Bag>
              </bqbiol:hasVersion>
              <bqbiol:isEncodedBy>
                <rdf:Bag>
                  <rdf:li rdf:resource="urn:miriam:hgnc:HGNC%3A4203"/>
                </rdf:Bag>
              </bqbiol:isEncodedBy>
              <bqbiol:occursIn>
                <rdf:Bag>
                  <rdf:li rdf:resource="urn:miriam:kegg.reaction:R05910"/>
                </rdf:Bag>
              </bqbiol:occursIn>
              <bqbiol:hasProperty>
                <rdf:Bag>
                  <rdf:li rdf:resource="urn:miriam:ec-code:2.4.1.102"/>
                </rdf:Bag>
              </bqbiol:hasProperty>
              <bqbiol:unknownQualifier>
                <rdf:Bag>
                  <rdf:li rdf:resource="urn:miriam:obo.eco:ECO%3A0000313"/>
                </rdf:Bag>
              </bqbiol:unknownQualifier>
            </rdf:Description>
          </rdf:RDF>
        </annotation>
      </species>
      <species id="B4GALT5" initialAmount="1" name="B4GALT5" metaid="meta_B4GALT5" sboTerm="SBO:0000354" substanceUnits="substance" compartment="default">
<notes><body xmlns="http://www.w3.org/1999/xhtml"><a href="http://www.kegg.jp/dbget-bin/www_bget?hsa:9334">Original Kegg Entry</a><br/>
<p><b>Description for “B4GALT5, B4Gal-T5, BETA4-GALT-IV, MGC138470, beta4Gal-T5, beta4GalT-V, gt-V”:</b> UDP-Gal:betaGlcNAc beta 1,4- galactosyltransferase, polypeptide 5 (EC:2.4.1.38)</p>
</body></notes>
        <annotation>
          <rdf:RDF xmlns:rdf="http://www.w3.org/1999/02/22-rdf-syntax-ns#" xmlns:bqbiol="http://biomodels.net/biology-qualifiers/">
            <rdf:Description rdf:about="#meta_B4GALT5">
              <bqbiol:is>
                <rdf:Bag>
                  <rdf:li rdf:resource="urn:miriam:kegg.genes:hsa%3A9334"/>
                </rdf:Bag>
              </bqbiol:is>
              <bqbiol:isEncodedBy>
                <rdf:Bag>
                  <rdf:li rdf:resource="urn:miriam:entrez.gene:9334"/>
                </rdf:Bag>
              </bqbiol:isEncodedBy>
              <bqbiol:hasProperty>
                <rdf:Bag>
                  <rdf:li rdf:resource="urn:miriam:omim:604016"/>
                </rdf:Bag>
              </bqbiol:hasProperty>
              <bqbiol:isEncodedBy>
                <rdf:Bag>
                  <rdf:li rdf:resource="urn:miriam:ensembl:ENSG00000158470"/>
                </rdf:Bag>
              </bqbiol:isEncodedBy>
              <bqbiol:is>
                <rdf:Bag>
                  <rdf:li rdf:resource="urn:miriam:uniprot:O43286"/>
                </rdf:Bag>
              </bqbiol:is>
              <bqbiol:isEncodedBy>
                <rdf:Bag>
                  <rdf:li rdf:resource="urn:miriam:hgnc:HGNC%3A928"/>
                </rdf:Bag>
              </bqbiol:isEncodedBy>
              <bqbiol:occursIn>
                <rdf:Bag>
                  <rdf:li rdf:resource="urn:miriam:kegg.reaction:R07628"/>
                </rdf:Bag>
              </bqbiol:occursIn>
              <bqbiol:hasProperty>
                <rdf:Bag>
                  <rdf:li rdf:resource="urn:miriam:ec-code:2.4.1.38"/>
                  <rdf:li rdf:resource="urn:miriam:ec-code:2.4.1.-"/>
                </rdf:Bag>
              </bqbiol:hasProperty>
              <bqbiol:unknownQualifier>
                <rdf:Bag>
                  <rdf:li rdf:resource="urn:miriam:obo.eco:ECO%3A0000313"/>
                </rdf:Bag>
              </bqbiol:unknownQualifier>
            </rdf:Description>
          </rdf:RDF>
        </annotation>
      </species>
      <species id="ST6GALNAC1" initialAmount="1" name="ST6GALNAC1" metaid="meta_ST6GALNAC1" sboTerm="SBO:0000354" substanceUnits="substance" compartment="default">
<notes><body xmlns="http://www.w3.org/1999/xhtml"><a href="http://www.kegg.jp/dbget-bin/www_bget?hsa:55808">Original Kegg Entry</a><br/>
<p><b>Description for “ST6GALNAC1, HSY11339, SIAT7A, ST6GalNAcI, STYI”:</b> ST6 (alpha-N-acetyl-neuraminyl-2,3-beta-galactosyl-1,3)-N-acetylgalactosaminide alpha-2,6-sialyltransferase 1 (EC:2.4.99.3)</p>
</body></notes>
        <annotation>
          <rdf:RDF xmlns:rdf="http://www.w3.org/1999/02/22-rdf-syntax-ns#" xmlns:bqbiol="http://biomodels.net/biology-qualifiers/">
            <rdf:Description rdf:about="#meta_ST6GALNAC1">
              <bqbiol:is>
                <rdf:Bag>
                  <rdf:li rdf:resource="urn:miriam:kegg.genes:hsa%3A55808"/>
                </rdf:Bag>
              </bqbiol:is>
              <bqbiol:isEncodedBy>
                <rdf:Bag>
                  <rdf:li rdf:resource="urn:miriam:entrez.gene:55808"/>
                </rdf:Bag>
              </bqbiol:isEncodedBy>
              <bqbiol:hasProperty>
                <rdf:Bag>
                  <rdf:li rdf:resource="urn:miriam:omim:610138"/>
                </rdf:Bag>
              </bqbiol:hasProperty>
              <bqbiol:isEncodedBy>
                <rdf:Bag>
                  <rdf:li rdf:resource="urn:miriam:ensembl:ENSG00000070526"/>
                </rdf:Bag>
              </bqbiol:isEncodedBy>
              <bqbiol:hasVersion>
                <rdf:Bag>
                  <rdf:li rdf:resource="urn:miriam:uniprot:Q9NSC7"/>
                  <rdf:li rdf:resource="urn:miriam:uniprot:Q9NXQ7"/>
                </rdf:Bag>
              </bqbiol:hasVersion>
              <bqbiol:isEncodedBy>
                <rdf:Bag>
                  <rdf:li rdf:resource="urn:miriam:hgnc:HGNC%3A23614"/>
                </rdf:Bag>
              </bqbiol:isEncodedBy>
              <bqbiol:occursIn>
                <rdf:Bag>
                  <rdf:li rdf:resource="urn:miriam:kegg.reaction:R05914"/>
                </rdf:Bag>
              </bqbiol:occursIn>
              <bqbiol:hasProperty>
                <rdf:Bag>
                  <rdf:li rdf:resource="urn:miriam:ec-code:2.4.99.3"/>
                </rdf:Bag>
              </bqbiol:hasProperty>
              <bqbiol:unknownQualifier>
                <rdf:Bag>
                  <rdf:li rdf:resource="urn:miriam:obo.eco:ECO%3A0000313"/>
                </rdf:Bag>
              </bqbiol:unknownQualifier>
            </rdf:Description>
          </rdf:RDF>
        </annotation>
      </species>
      <species id="ST3GAL" initialAmount="1" name="ST3GAL" metaid="meta_ST3GAL" sboTerm="SBO:0000354" substanceUnits="substance" compartment="default">
<notes><body xmlns="http://www.w3.org/1999/xhtml"><a href="http://www.kegg.jp/dbget-bin/www_bget?hsa:6482+hsa:6483">Original Kegg Entry</a><br/>
<p><b>Description for “ST3GAL1, DKFZp666E036, DKFZp779K2051, FLJ36548, Gal-NAc6S, MGC9183, SIAT4A, SIATFL, ST3GalA, ST3GalA.1, ST3GalIA, ST3GalIA,1, ST3O”:</b> ST3 beta-galactoside alpha-2,3-sialyltransferase 1 (EC:2.4.99.4)</p>
<p><b>Description for “ST3GAL2, Gal-NAc6S, SIAT4B, ST3GALII, ST3GalA.2”:</b> ST3 beta-galactoside alpha-2,3-sialyltransferase 2 (EC:2.4.99.4)</p>
</body></notes>
        <annotation>
          <rdf:RDF xmlns:rdf="http://www.w3.org/1999/02/22-rdf-syntax-ns#" xmlns:bqbiol="http://biomodels.net/biology-qualifiers/">
            <rdf:Description rdf:about="#meta_ST3GAL">
              <bqbiol:hasVersion>
                <rdf:Bag>
                  <rdf:li rdf:resource="urn:miriam:kegg.genes:hsa%3A6482"/>
                  <rdf:li rdf:resource="urn:miriam:kegg.genes:hsa%3A6483"/>
                </rdf:Bag>
              </bqbiol:hasVersion>
              <bqbiol:isEncodedBy>
                <rdf:Bag>
                  <rdf:li rdf:resource="urn:miriam:entrez.gene:6482"/>
                  <rdf:li rdf:resource="urn:miriam:entrez.gene:6483"/>
                </rdf:Bag>
              </bqbiol:isEncodedBy>
              <bqbiol:hasProperty>
                <rdf:Bag>
                  <rdf:li rdf:resource="urn:miriam:omim:607187"/>
                  <rdf:li rdf:resource="urn:miriam:omim:607188"/>
                </rdf:Bag>
              </bqbiol:hasProperty>
              <bqbiol:isEncodedBy>
                <rdf:Bag>
                  <rdf:li rdf:resource="urn:miriam:ensembl:ENSG00000008513"/>
                  <rdf:li rdf:resource="urn:miriam:ensembl:ENSG00000157350"/>
                </rdf:Bag>
              </bqbiol:isEncodedBy>
              <bqbiol:hasVersion>
                <rdf:Bag>
                  <rdf:li rdf:resource="urn:miriam:uniprot:Q11201"/>
                  <rdf:li rdf:resource="urn:miriam:uniprot:Q16842"/>
                  <rdf:li rdf:resource="urn:miriam:uniprot:B3KXG9"/>
                </rdf:Bag>
              </bqbiol:hasVersion>
              <bqbiol:isEncodedBy>
                <rdf:Bag>
                  <rdf:li rdf:resource="urn:miriam:hgnc:HGNC%3A10862"/>
                  <rdf:li rdf:resource="urn:miriam:hgnc:HGNC%3A10863"/>
                </rdf:Bag>
              </bqbiol:isEncodedBy>
              <bqbiol:occursIn>
                <rdf:Bag>
                  <rdf:li rdf:resource="urn:miriam:kegg.reaction:R05913"/>
                </rdf:Bag>
              </bqbiol:occursIn>
              <bqbiol:hasProperty>
                <rdf:Bag>
                  <rdf:li rdf:resource="urn:miriam:ec-code:2.4.99.4"/>
                </rdf:Bag>
              </bqbiol:hasProperty>
              <bqbiol:unknownQualifier>
                <rdf:Bag>
                  <rdf:li rdf:resource="urn:miriam:obo.eco:ECO%3A0000313"/>
                </rdf:Bag>
              </bqbiol:unknownQualifier>
            </rdf:Description>
          </rdf:RDF>
        </annotation>
      </species>
      <species id="B3GNT6" initialAmount="1" name="B3GNT6" metaid="meta_B3GNT6" sboTerm="SBO:0000354" substanceUnits="substance" compartment="default">
<notes><body xmlns="http://www.w3.org/1999/xhtml"><a href="http://www.kegg.jp/dbget-bin/www_bget?hsa:192134">Original Kegg Entry</a><br/>
<p><b>Description for “B3GNT6, B3Gn-T6, IMAGE:4907098, MGC119334, MGC119336, MGC119337”:</b> UDP-GlcNAc:betaGal beta-1,3-N-acetylglucosaminyltransferase 6 (core 3 synthase)</p>
</body></notes>
        <annotation>
          <rdf:RDF xmlns:rdf="http://www.w3.org/1999/02/22-rdf-syntax-ns#" xmlns:bqbiol="http://biomodels.net/biology-qualifiers/">
            <rdf:Description rdf:about="#meta_B3GNT6">
              <bqbiol:is>
                <rdf:Bag>
                  <rdf:li rdf:resource="urn:miriam:kegg.genes:hsa%3A192134"/>
                </rdf:Bag>
              </bqbiol:is>
              <bqbiol:isEncodedBy>
                <rdf:Bag>
                  <rdf:li rdf:resource="urn:miriam:entrez.gene:192134"/>
                </rdf:Bag>
              </bqbiol:isEncodedBy>
              <bqbiol:isEncodedBy>
                <rdf:Bag>
                  <rdf:li rdf:resource="urn:miriam:ensembl:ENSG00000198488"/>
                </rdf:Bag>
              </bqbiol:isEncodedBy>
              <bqbiol:hasVersion>
                <rdf:Bag>
                  <rdf:li rdf:resource="urn:miriam:uniprot:Q6ZMB0"/>
                  <rdf:li rdf:resource="urn:miriam:uniprot:A8K9Q8"/>
                </rdf:Bag>
              </bqbiol:hasVersion>
              <bqbiol:isEncodedBy>
                <rdf:Bag>
                  <rdf:li rdf:resource="urn:miriam:hgnc:HGNC%3A24141"/>
                </rdf:Bag>
              </bqbiol:isEncodedBy>
              <bqbiol:occursIn>
                <rdf:Bag>
                  <rdf:li rdf:resource="urn:miriam:kegg.reaction:R05909"/>
                </rdf:Bag>
              </bqbiol:occursIn>
              <bqbiol:hasProperty>
                <rdf:Bag>
                  <rdf:li rdf:resource="urn:miriam:ec-code:2.4.1.147"/>
                </rdf:Bag>
              </bqbiol:hasProperty>
              <bqbiol:unknownQualifier>
                <rdf:Bag>
                  <rdf:li rdf:resource="urn:miriam:obo.eco:ECO%3A0000313"/>
                </rdf:Bag>
              </bqbiol:unknownQualifier>
            </rdf:Description>
          </rdf:RDF>
        </annotation>
      </species>
      <species id="GALNT3" initialAmount="1" name="GALNT3" metaid="meta_GALNT3" sboTerm="SBO:0000354" substanceUnits="substance" compartment="default">
<notes><body xmlns="http://www.w3.org/1999/xhtml"><a href="http://www.kegg.jp/dbget-bin/www_bget?hsa:11226+hsa:11227+hsa:114805+hsa:117248+hsa:168391+hsa:2589+hsa:2590+hsa:2591+hsa:26290+hsa:374378+hsa:442117+hsa:50614+hsa:51809+hsa:55568+hsa:57452+hsa:63917+hsa:64409+hsa:79623+hsa:79695+hsa:8693">Original Kegg Entry</a><br/>
<p><b>Description for “GALNT6, GALNAC-T6, GalNAcT6”:</b> UDP-N-acetyl-alpha-D-galactosamine:polypeptide N-acetylgalactosaminyltransferase 6 (GalNAc-T6) (EC:2.4.1.41)</p>
<p><b>Description for “GALNT5, GALNAC-T5, MGC165041”:</b> UDP-N-acetyl-alpha-D-galactosamine:polypeptide N-acetylgalactosaminyltransferase 5 (GalNAc-T5) (EC:2.4.1.41)</p>
<p><b>Description for “GALNT13, FLJ16031, FLJ41157, GalNAc-T13, H_NH0187G20.1, KIAA1918, MGC119459, MGC119461, WUGSC:H_NH0187G20.1”:</b> UDP-N-acetyl-alpha-D-galactosamine:polypeptide N-acetylgalactosaminyltransferase 13 (GalNAc-T13) (EC:2.4.1.41)</p>
<p><b>Description for “GALNTL2, DKFZp686H1113, GALNT13, GALNT15, GALNT7, PIH5”:</b> UDP-N-acetyl-alpha-D-galactosamine:polypeptide N-acetylgalactosaminyltransferase-like 2 (EC:2.4.1.41)</p>
<p><b>Description for “GALNTL5, GALNT15”:</b> UDP-N-acetyl-alpha-D-galactosamine:polypeptide N-acetylgalactosaminyltransferase-like 5</p>
<p><b>Description for “GALNT1, GALNAC-T1”:</b> UDP-N-acetyl-alpha-D-galactosamine:polypeptide N-acetylgalactosaminyltransferase 1 (GalNAc-T1) (EC:2.4.1.41)</p>
<p><b>Description for “GALNT2, GalNAc-T2”:</b> UDP-N-acetyl-alpha-D-galactosamine:polypeptide N-acetylgalactosaminyltransferase 2 (GalNAc-T2) (EC:2.4.1.41)</p>
<p><b>Description for “GALNT3, DKFZp686C10199, GalNAc-T3, HFTC, HHS, MGC61909”:</b> UDP-N-acetyl-alpha-D-galactosamine:polypeptide N-acetylgalactosaminyltransferase 3 (GalNAc-T3) (EC:2.4.1.41)</p>
<p><b>Description for “GALNT8, FLJ17364, GALNAC-T8”:</b> UDP-N-acetyl-alpha-D-galactosamine:polypeptide N-acetylgalactosaminyltransferase 8 (GalNAc-T8) (EC:2.4.1.41)</p>
<p><b>Description for “GALNTL4, GALNT15, GALNT18, GalNAc-T15, MGC71806”:</b> UDP-N-acetyl-alpha-D-galactosamine:polypeptide N-acetylgalactosaminyltransferase-like 4 (EC:2.4.1.41)</p>
<p><b>Description for “GALNTL6, GALNT17, MGC44629”:</b> UDP-N-acetyl-alpha-D-galactosamine:polypeptide N-acetylgalactosaminyltransferase-like 6 (EC:2.4.1.41)</p>
<p><b>Description for “GALNT9, GALNAC-T9”:</b> UDP-N-acetyl-alpha-D-galactosamine:polypeptide N-acetylgalactosaminyltransferase 9 (GalNAc-T9) (EC:2.4.1.41)</p>
<p><b>Description for “GALNT7, GALNAC-T7, GalNAcT7”:</b> UDP-N-acetyl-alpha-D-galactosamine:polypeptide N-acetylgalactosaminyltransferase 7 (GalNAc-T7) (EC:2.4.1.41)</p>
<p><b>Description for “GALNT10, DKFZp586H0623, FLJ00205, FLJ11715, GALNACT10, PPGALNACT10, PPGANTASE10”:</b> UDP-N-acetyl-alpha-D-galactosamine:polypeptide N-acetylgalactosaminyltransferase 10 (GalNAc-T10) (EC:2.4.1.41)</p>
<p><b>Description for “GALNTL1, GALNACT16, GALNT16, KIAA1130, MGC141855”:</b> UDP-N-acetyl-alpha-D-galactosamine:polypeptide N-acetylgalactosaminyltransferase-like 1 (EC:2.4.1.41)</p>
<p><b>Description for “GALNT11, FLJ21634, MGC71630”:</b> UDP-N-acetyl-alpha-D-galactosamine:polypeptide N-acetylgalactosaminyltransferase 11 (GalNAc-T11) (EC:2.4.1.41)</p>
<p><b>Description for “WBSCR17, DKFZp434I2216, DKFZp761D2324, GALNT16, GALNT20, GALNTL3”:</b> Williams-Beuren syndrome chromosome region 17 (EC:2.4.1.41)</p>
<p><b>Description for “GALNT14, FLJ12691, FLJ13977, GALNT15, GalNac-T10, GalNac-T14”:</b> UDP-N-acetyl-alpha-D-galactosamine:polypeptide N-acetylgalactosaminyltransferase 14 (GalNAc-T14) (EC:2.4.1.41)</p>
<p><b>Description for “GALNT12, CRCS1, FLJ21212, GalNAc-T12”:</b> UDP-N-acetyl-alpha-D-galactosamine:polypeptide N-acetylgalactosaminyltransferase 12 (GalNAc-T12) (EC:2.4.1.41)</p>
<p><b>Description for “GALNT4, FLJ93314, GALNAC-T4, GALNACT4”:</b> UDP-N-acetyl-alpha-D-galactosamine:polypeptide N-acetylgalactosaminyltransferase 4 (GalNAc-T4) (EC:2.4.1.41)</p>
</body></notes>
        <annotation>
          <rdf:RDF xmlns:rdf="http://www.w3.org/1999/02/22-rdf-syntax-ns#" xmlns:bqbiol="http://biomodels.net/biology-qualifiers/">
            <rdf:Description rdf:about="#meta_GALNT3">
              <bqbiol:hasVersion>
                <rdf:Bag>
                  <rdf:li rdf:resource="urn:miriam:kegg.genes:hsa%3A11226"/>
                  <rdf:li rdf:resource="urn:miriam:kegg.genes:hsa%3A11227"/>
                  <rdf:li rdf:resource="urn:miriam:kegg.genes:hsa%3A114805"/>
                  <rdf:li rdf:resource="urn:miriam:kegg.genes:hsa%3A117248"/>
                  <rdf:li rdf:resource="urn:miriam:kegg.genes:hsa%3A168391"/>
                  <rdf:li rdf:resource="urn:miriam:kegg.genes:hsa%3A2589"/>
                  <rdf:li rdf:resource="urn:miriam:kegg.genes:hsa%3A2590"/>
                  <rdf:li rdf:resource="urn:miriam:kegg.genes:hsa%3A2591"/>
                  <rdf:li rdf:resource="urn:miriam:kegg.genes:hsa%3A26290"/>
                  <rdf:li rdf:resource="urn:miriam:kegg.genes:hsa%3A374378"/>
                  <rdf:li rdf:resource="urn:miriam:kegg.genes:hsa%3A442117"/>
                  <rdf:li rdf:resource="urn:miriam:kegg.genes:hsa%3A50614"/>
                  <rdf:li rdf:resource="urn:miriam:kegg.genes:hsa%3A51809"/>
                  <rdf:li rdf:resource="urn:miriam:kegg.genes:hsa%3A55568"/>
                  <rdf:li rdf:resource="urn:miriam:kegg.genes:hsa%3A57452"/>
                  <rdf:li rdf:resource="urn:miriam:kegg.genes:hsa%3A63917"/>
                  <rdf:li rdf:resource="urn:miriam:kegg.genes:hsa%3A64409"/>
                  <rdf:li rdf:resource="urn:miriam:kegg.genes:hsa%3A79623"/>
                  <rdf:li rdf:resource="urn:miriam:kegg.genes:hsa%3A79695"/>
                  <rdf:li rdf:resource="urn:miriam:kegg.genes:hsa%3A8693"/>
                </rdf:Bag>
              </bqbiol:hasVersion>
              <bqbiol:isEncodedBy>
                <rdf:Bag>
                  <rdf:li rdf:resource="urn:miriam:entrez.gene:11226"/>
                  <rdf:li rdf:resource="urn:miriam:entrez.gene:11227"/>
                  <rdf:li rdf:resource="urn:miriam:entrez.gene:114805"/>
                  <rdf:li rdf:resource="urn:miriam:entrez.gene:117248"/>
                  <rdf:li rdf:resource="urn:miriam:entrez.gene:168391"/>
                  <rdf:li rdf:resource="urn:miriam:entrez.gene:2589"/>
                  <rdf:li rdf:resource="urn:miriam:entrez.gene:2590"/>
                  <rdf:li rdf:resource="urn:miriam:entrez.gene:2591"/>
                  <rdf:li rdf:resource="urn:miriam:entrez.gene:26290"/>
                  <rdf:li rdf:resource="urn:miriam:entrez.gene:374378"/>
                  <rdf:li rdf:resource="urn:miriam:entrez.gene:442117"/>
                  <rdf:li rdf:resource="urn:miriam:entrez.gene:50614"/>
                  <rdf:li rdf:resource="urn:miriam:entrez.gene:51809"/>
                  <rdf:li rdf:resource="urn:miriam:entrez.gene:55568"/>
                  <rdf:li rdf:resource="urn:miriam:entrez.gene:57452"/>
                  <rdf:li rdf:resource="urn:miriam:entrez.gene:63917"/>
                  <rdf:li rdf:resource="urn:miriam:entrez.gene:64409"/>
                  <rdf:li rdf:resource="urn:miriam:entrez.gene:79623"/>
                  <rdf:li rdf:resource="urn:miriam:entrez.gene:79695"/>
                  <rdf:li rdf:resource="urn:miriam:entrez.gene:8693"/>
                </rdf:Bag>
              </bqbiol:isEncodedBy>
              <bqbiol:hasProperty>
                <rdf:Bag>
                  <rdf:li rdf:resource="urn:miriam:omim:605148"/>
                  <rdf:li rdf:resource="urn:miriam:omim:608369"/>
                  <rdf:li rdf:resource="urn:miriam:omim:602273"/>
                  <rdf:li rdf:resource="urn:miriam:omim:602274"/>
                  <rdf:li rdf:resource="urn:miriam:omim:601756"/>
                  <rdf:li rdf:resource="urn:miriam:omim:606250"/>
                  <rdf:li rdf:resource="urn:miriam:omim:606251"/>
                  <rdf:li rdf:resource="urn:miriam:omim:605005"/>
                  <rdf:li rdf:resource="urn:miriam:omim:608043"/>
                  <rdf:li rdf:resource="urn:miriam:omim:608225"/>
                  <rdf:li rdf:resource="urn:miriam:omim:610290"/>
                  <rdf:li rdf:resource="urn:miriam:omim:603565"/>
                </rdf:Bag>
              </bqbiol:hasProperty>
              <bqbiol:isEncodedBy>
                <rdf:Bag>
                  <rdf:li rdf:resource="urn:miriam:ensembl:ENSG00000139629"/>
                  <rdf:li rdf:resource="urn:miriam:ensembl:ENSG00000136542"/>
                  <rdf:li rdf:resource="urn:miriam:ensembl:ENSG00000144278"/>
                  <rdf:li rdf:resource="urn:miriam:ensembl:ENSG00000131386"/>
                  <rdf:li rdf:resource="urn:miriam:ensembl:ENSG00000106648"/>
                  <rdf:li rdf:resource="urn:miriam:ensembl:ENSG00000141429"/>
                  <rdf:li rdf:resource="urn:miriam:ensembl:ENSG00000143641"/>
                  <rdf:li rdf:resource="urn:miriam:ensembl:ENSG00000115339"/>
                  <rdf:li rdf:resource="urn:miriam:ensembl:ENSG00000130035"/>
                  <rdf:li rdf:resource="urn:miriam:ensembl:ENSG00000110328"/>
                  <rdf:li rdf:resource="urn:miriam:ensembl:ENSG00000174473"/>
                  <rdf:li rdf:resource="urn:miriam:ensembl:ENSG00000182870"/>
                  <rdf:li rdf:resource="urn:miriam:ensembl:ENSG00000109586"/>
                  <rdf:li rdf:resource="urn:miriam:ensembl:ENSG00000164574"/>
                  <rdf:li rdf:resource="urn:miriam:ensembl:ENSG00000100626"/>
                  <rdf:li rdf:resource="urn:miriam:ensembl:ENSG00000178234"/>
                  <rdf:li rdf:resource="urn:miriam:ensembl:ENSG00000185274"/>
                  <rdf:li rdf:resource="urn:miriam:ensembl:ENSG00000158089"/>
                  <rdf:li rdf:resource="urn:miriam:ensembl:ENSG00000119514"/>
                  <rdf:li rdf:resource="urn:miriam:ensembl:ENSG00000257594"/>
                </rdf:Bag>
              </bqbiol:isEncodedBy>
              <bqbiol:hasVersion>
                <rdf:Bag>
                  <rdf:li rdf:resource="urn:miriam:uniprot:Q8NCL4"/>
                  <rdf:li rdf:resource="urn:miriam:uniprot:Q7Z7M9"/>
                  <rdf:li rdf:resource="urn:miriam:uniprot:A5PKZ1"/>
                  <rdf:li rdf:resource="urn:miriam:uniprot:Q8IUC8"/>
                  <rdf:li rdf:resource="urn:miriam:uniprot:Q68VI8"/>
                  <rdf:li rdf:resource="urn:miriam:uniprot:Q8N3T1"/>
                  <rdf:li rdf:resource="urn:miriam:uniprot:F1LIP6"/>
                  <rdf:li rdf:resource="urn:miriam:uniprot:Q7Z4T8"/>
                  <rdf:li rdf:resource="urn:miriam:uniprot:Q10472"/>
                  <rdf:li rdf:resource="urn:miriam:uniprot:Q05BM8"/>
                  <rdf:li rdf:resource="urn:miriam:uniprot:Q10471"/>
                  <rdf:li rdf:resource="urn:miriam:uniprot:Q14435"/>
                  <rdf:li rdf:resource="urn:miriam:uniprot:Q9NY28"/>
                  <rdf:li rdf:resource="urn:miriam:uniprot:Q6P9A2"/>
                  <rdf:li rdf:resource="urn:miriam:uniprot:Q58A54"/>
                  <rdf:li rdf:resource="urn:miriam:uniprot:Q49A17"/>
                  <rdf:li rdf:resource="urn:miriam:uniprot:E5D8G0"/>
                  <rdf:li rdf:resource="urn:miriam:uniprot:Q9HCQ5"/>
                  <rdf:li rdf:resource="urn:miriam:uniprot:Q86SF2"/>
                  <rdf:li rdf:resource="urn:miriam:uniprot:Q86SR1"/>
                  <rdf:li rdf:resource="urn:miriam:uniprot:Q8N428"/>
                  <rdf:li rdf:resource="urn:miriam:uniprot:Q68VJ8"/>
                  <rdf:li rdf:resource="urn:miriam:uniprot:Q8NCW6"/>
                  <rdf:li rdf:resource="urn:miriam:uniprot:B3KWF4"/>
                  <rdf:li rdf:resource="urn:miriam:uniprot:Q6IS24"/>
                  <rdf:li rdf:resource="urn:miriam:uniprot:Q2L4S5"/>
                  <rdf:li rdf:resource="urn:miriam:uniprot:Q96FL9"/>
                  <rdf:li rdf:resource="urn:miriam:uniprot:Q8IXK2"/>
                  <rdf:li rdf:resource="urn:miriam:uniprot:Q8N4A0"/>
                </rdf:Bag>
              </bqbiol:hasVersion>
              <bqbiol:isEncodedBy>
                <rdf:Bag>
                  <rdf:li rdf:resource="urn:miriam:hgnc:HGNC%3A4128"/>
                  <rdf:li rdf:resource="urn:miriam:hgnc:HGNC%3A4127"/>
                  <rdf:li rdf:resource="urn:miriam:hgnc:HGNC%3A23242"/>
                  <rdf:li rdf:resource="urn:miriam:hgnc:HGNC%3A21531"/>
                  <rdf:li rdf:resource="urn:miriam:hgnc:HGNC%3A21725"/>
                  <rdf:li rdf:resource="urn:miriam:hgnc:HGNC%3A4123"/>
                  <rdf:li rdf:resource="urn:miriam:hgnc:HGNC%3A4124"/>
                  <rdf:li rdf:resource="urn:miriam:hgnc:HGNC%3A4125"/>
                  <rdf:li rdf:resource="urn:miriam:hgnc:HGNC%3A4130"/>
                  <rdf:li rdf:resource="urn:miriam:hgnc:HGNC%3A30488"/>
                  <rdf:li rdf:resource="urn:miriam:hgnc:HGNC%3A33844"/>
                  <rdf:li rdf:resource="urn:miriam:hgnc:HGNC%3A4131"/>
                  <rdf:li rdf:resource="urn:miriam:hgnc:HGNC%3A4129"/>
                  <rdf:li rdf:resource="urn:miriam:hgnc:HGNC%3A19873"/>
                  <rdf:li rdf:resource="urn:miriam:hgnc:HGNC%3A23233"/>
                  <rdf:li rdf:resource="urn:miriam:hgnc:HGNC%3A19875"/>
                  <rdf:li rdf:resource="urn:miriam:hgnc:HGNC%3A16347"/>
                  <rdf:li rdf:resource="urn:miriam:hgnc:HGNC%3A22946"/>
                  <rdf:li rdf:resource="urn:miriam:hgnc:HGNC%3A19877"/>
                  <rdf:li rdf:resource="urn:miriam:hgnc:HGNC%3A4126"/>
                </rdf:Bag>
              </bqbiol:isEncodedBy>
              <bqbiol:occursIn>
                <rdf:Bag>
                  <rdf:li rdf:resource="urn:miriam:kegg.reaction:R05907"/>
                </rdf:Bag>
              </bqbiol:occursIn>
              <bqbiol:hasProperty>
                <rdf:Bag>
                  <rdf:li rdf:resource="urn:miriam:ec-code:2.4.1.41"/>
                </rdf:Bag>
              </bqbiol:hasProperty>
              <bqbiol:unknownQualifier>
                <rdf:Bag>
                  <rdf:li rdf:resource="urn:miriam:obo.eco:ECO%3A0000313"/>
                </rdf:Bag>
              </bqbiol:unknownQualifier>
            </rdf:Description>
          </rdf:RDF>
        </annotation>
      </species>
      <species id="C1GALT1" initialAmount="1" name="C1GALT1" metaid="meta_C1GALT1" sboTerm="SBO:0000354" substanceUnits="substance" compartment="default">
<notes><body xmlns="http://www.w3.org/1999/xhtml"><a href="http://www.kegg.jp/dbget-bin/www_bget?hsa:29071+hsa:56913">Original Kegg Entry</a><br/>
<p><b>Description for “C1GALT1C1, C1GALT2, C38H2-L1, COSMC, MGC19947, MST143”:</b> C1GALT1-specific chaperone 1</p>
<p><b>Description for “C1GALT1, C1GALT, T-synthase”:</b> core 1 synthase, glycoprotein-N-acetylgalactosamine 3-beta-galactosyltransferase, 1 (EC:2.4.1.122)</p>
</body></notes>
        <annotation>
          <rdf:RDF xmlns:rdf="http://www.w3.org/1999/02/22-rdf-syntax-ns#" xmlns:bqbiol="http://biomodels.net/biology-qualifiers/">
            <rdf:Description rdf:about="#meta_C1GALT1">
              <bqbiol:hasVersion>
                <rdf:Bag>
                  <rdf:li rdf:resource="urn:miriam:kegg.genes:hsa%3A29071"/>
                  <rdf:li rdf:resource="urn:miriam:kegg.genes:hsa%3A56913"/>
                </rdf:Bag>
              </bqbiol:hasVersion>
              <bqbiol:isEncodedBy>
                <rdf:Bag>
                  <rdf:li rdf:resource="urn:miriam:entrez.gene:29071"/>
                  <rdf:li rdf:resource="urn:miriam:entrez.gene:56913"/>
                </rdf:Bag>
              </bqbiol:isEncodedBy>
              <bqbiol:hasProperty>
                <rdf:Bag>
                  <rdf:li rdf:resource="urn:miriam:omim:300611"/>
                  <rdf:li rdf:resource="urn:miriam:omim:610555"/>
                </rdf:Bag>
              </bqbiol:hasProperty>
              <bqbiol:isEncodedBy>
                <rdf:Bag>
                  <rdf:li rdf:resource="urn:miriam:ensembl:ENSG00000171155"/>
                  <rdf:li rdf:resource="urn:miriam:ensembl:ENSG00000106392"/>
                </rdf:Bag>
              </bqbiol:isEncodedBy>
              <bqbiol:hasVersion>
                <rdf:Bag>
                  <rdf:li rdf:resource="urn:miriam:uniprot:Q96EU7"/>
                  <rdf:li rdf:resource="urn:miriam:uniprot:Q9NS00"/>
                </rdf:Bag>
              </bqbiol:hasVersion>
              <bqbiol:isEncodedBy>
                <rdf:Bag>
                  <rdf:li rdf:resource="urn:miriam:hgnc:HGNC%3A24338"/>
                  <rdf:li rdf:resource="urn:miriam:hgnc:HGNC%3A24337"/>
                </rdf:Bag>
              </bqbiol:isEncodedBy>
              <bqbiol:occursIn>
                <rdf:Bag>
                  <rdf:li rdf:resource="urn:miriam:kegg.reaction:R05908"/>
                </rdf:Bag>
              </bqbiol:occursIn>
              <bqbiol:hasProperty>
                <rdf:Bag>
                  <rdf:li rdf:resource="urn:miriam:ec-code:2.4.1.-"/>
                  <rdf:li rdf:resource="urn:miriam:ec-code:2.4.1.122"/>
                </rdf:Bag>
              </bqbiol:hasProperty>
              <bqbiol:unknownQualifier>
                <rdf:Bag>
                  <rdf:li rdf:resource="urn:miriam:obo.eco:ECO%3A0000313"/>
                </rdf:Bag>
              </bqbiol:unknownQualifier>
            </rdf:Description>
          </rdf:RDF>
        </annotation>
      </species>
      <species id="GCNT" initialAmount="1" name="GCNT" metaid="meta_GCNT" sboTerm="SBO:0000354" substanceUnits="substance" compartment="default">
<notes><body xmlns="http://www.w3.org/1999/xhtml"><a href="http://www.kegg.jp/dbget-bin/www_bget?hsa:2650+hsa:51301+hsa:9245">Original Kegg Entry</a><br/>
<p><b>Description for “GCNT1, C2GNT, C2GNT-L, C2GNT1, G6NT, MGC126335, MGC126336, NACGT2, NAGCT2”:</b> glucosaminyl (N-acetyl) transferase 1, core 2 (EC:2.4.1.102)</p>
<p><b>Description for “GCNT4, C2GNT3”:</b> glucosaminyl (N-acetyl) transferase 4, core 2 (EC:2.4.1.102)</p>
<p><b>Description for “GCNT3, C2/4GnT, C24GNT, C2GNT2, C2GNTM, GNTM”:</b> glucosaminyl (N-acetyl) transferase 3, mucin type (EC:2.4.1.102 2.4.1.150)</p>
</body></notes>
        <annotation>
          <rdf:RDF xmlns:rdf="http://www.w3.org/1999/02/22-rdf-syntax-ns#" xmlns:bqbiol="http://biomodels.net/biology-qualifiers/">
            <rdf:Description rdf:about="#meta_GCNT">
              <bqbiol:hasVersion>
                <rdf:Bag>
                  <rdf:li rdf:resource="urn:miriam:kegg.genes:hsa%3A2650"/>
                  <rdf:li rdf:resource="urn:miriam:kegg.genes:hsa%3A51301"/>
                  <rdf:li rdf:resource="urn:miriam:kegg.genes:hsa%3A9245"/>
                </rdf:Bag>
              </bqbiol:hasVersion>
              <bqbiol:isEncodedBy>
                <rdf:Bag>
                  <rdf:li rdf:resource="urn:miriam:entrez.gene:2650"/>
                  <rdf:li rdf:resource="urn:miriam:entrez.gene:51301"/>
                  <rdf:li rdf:resource="urn:miriam:entrez.gene:9245"/>
                </rdf:Bag>
              </bqbiol:isEncodedBy>
              <bqbiol:hasProperty>
                <rdf:Bag>
                  <rdf:li rdf:resource="urn:miriam:omim:600391"/>
                  <rdf:li rdf:resource="urn:miriam:omim:606836"/>
                </rdf:Bag>
              </bqbiol:hasProperty>
              <bqbiol:isEncodedBy>
                <rdf:Bag>
                  <rdf:li rdf:resource="urn:miriam:ensembl:ENSG00000187210"/>
                  <rdf:li rdf:resource="urn:miriam:ensembl:ENSG00000176928"/>
                  <rdf:li rdf:resource="urn:miriam:ensembl:ENSG00000140297"/>
                </rdf:Bag>
              </bqbiol:isEncodedBy>
              <bqbiol:hasVersion>
                <rdf:Bag>
                  <rdf:li rdf:resource="urn:miriam:uniprot:Q02742"/>
                  <rdf:li rdf:resource="urn:miriam:uniprot:Q86T81"/>
                  <rdf:li rdf:resource="urn:miriam:uniprot:Q9P109"/>
                  <rdf:li rdf:resource="urn:miriam:uniprot:O95395"/>
                </rdf:Bag>
              </bqbiol:hasVersion>
              <bqbiol:isEncodedBy>
                <rdf:Bag>
                  <rdf:li rdf:resource="urn:miriam:hgnc:HGNC%3A4203"/>
                  <rdf:li rdf:resource="urn:miriam:hgnc:HGNC%3A17973"/>
                  <rdf:li rdf:resource="urn:miriam:hgnc:HGNC%3A4205"/>
                </rdf:Bag>
              </bqbiol:isEncodedBy>
              <bqbiol:occursIn>
                <rdf:Bag>
                  <rdf:li rdf:resource="urn:miriam:kegg.reaction:R05912"/>
                </rdf:Bag>
              </bqbiol:occursIn>
              <bqbiol:hasProperty>
                <rdf:Bag>
                  <rdf:li rdf:resource="urn:miriam:ec-code:2.4.1.102"/>
                  <rdf:li rdf:resource="urn:miriam:ec-code:2.4.1.-"/>
                  <rdf:li rdf:resource="urn:miriam:ec-code:2.4.1.150"/>
                </rdf:Bag>
              </bqbiol:hasProperty>
              <bqbiol:unknownQualifier>
                <rdf:Bag>
                  <rdf:li rdf:resource="urn:miriam:obo.eco:ECO%3A0000313"/>
                </rdf:Bag>
              </bqbiol:unknownQualifier>
            </rdf:Description>
          </rdf:RDF>
        </annotation>
      </species>
      <species id="C4H6N2O3R2" initialAmount="1" name="C4H6N2O3R2" metaid="meta_C4H6N2O3R2" sboTerm="SBO:0000247" substanceUnits="substance" compartment="default">
<notes><body xmlns="http://www.w3.org/1999/xhtml"><a href="http://www.kegg.jp/dbget-bin/www_bget?C02189">Original Kegg Entry</a><br/>
<p><b>Protein L-serine</b></p>
<p><b>All given names:</b><br/>Protein serine<br/>Protein L-serine</p>
<p><b>Formula:</b> C4H6N2O3R2</p>
<img src="http://www.kegg.jp/Fig/compound/C02189.gif"/><br/>
</body></notes>
        <annotation>
          <rdf:RDF xmlns:rdf="http://www.w3.org/1999/02/22-rdf-syntax-ns#" xmlns:bqbiol="http://biomodels.net/biology-qualifiers/">
            <rdf:Description rdf:about="#meta_C4H6N2O3R2">
              <bqbiol:is>
                <rdf:Bag>
                  <rdf:li rdf:resource="urn:miriam:kegg.compound:C02189"/>
                </rdf:Bag>
              </bqbiol:is>
              <bqbiol:occursIn>
                <rdf:Bag>
                  <rdf:li rdf:resource="urn:miriam:kegg.reaction:R05907"/>
                </rdf:Bag>
              </bqbiol:occursIn>
              <bqbiol:unknownQualifier>
                <rdf:Bag>
                  <rdf:li rdf:resource="urn:miriam:obo.eco:ECO%3A0000313"/>
                </rdf:Bag>
              </bqbiol:unknownQualifier>
            </rdf:Description>
          </rdf:RDF>
        </annotation>
      </species>
      <species id="UDPNacetylgalactosamine" initialAmount="1" name="UDP-N-acetylgalactosamine" metaid="meta_UDPNacetylgalactosamine" sboTerm="SBO:0000247" substanceUnits="substance" compartment="default">
<notes><body xmlns="http://www.w3.org/1999/xhtml"><a href="http://www.kegg.jp/dbget-bin/www_bget?G10611">Original Kegg Entry</a><br/>
<p><b>UDP-N-acetylgalactosamine</b></p>
<p><b>All given names:</b><br/>UDP-N-acetyl-D-galactosamine<br/>UDP-N-acetylgalactosamine</p>
</body></notes>
        <annotation>
          <rdf:RDF xmlns:rdf="http://www.w3.org/1999/02/22-rdf-syntax-ns#" xmlns:bqbiol="http://biomodels.net/biology-qualifiers/">
            <rdf:Description rdf:about="#meta_UDPNacetylgalactosamine">
              <bqbiol:is>
                <rdf:Bag>
                  <rdf:li rdf:resource="urn:miriam:kegg.glycan:G10611"/>
                </rdf:Bag>
              </bqbiol:is>
              <bqbiol:occursIn>
                <rdf:Bag>
                  <rdf:li rdf:resource="urn:miriam:kegg.reaction:R05907"/>
                </rdf:Bag>
              </bqbiol:occursIn>
              <bqbiol:unknownQualifier>
                <rdf:Bag>
                  <rdf:li rdf:resource="urn:miriam:obo.eco:ECO%3A0000313"/>
                </rdf:Bag>
              </bqbiol:unknownQualifier>
            </rdf:Description>
          </rdf:RDF>
        </annotation>
      </species>
      <species id="T_antigen" initialAmount="1" name="T antigen" metaid="meta_T_antigen" sboTerm="SBO:0000247" substanceUnits="substance" compartment="default">
<notes><body xmlns="http://www.w3.org/1999/xhtml"><a href="http://www.kegg.jp/dbget-bin/www_bget?G00024">Original Kegg Entry</a><br/>
<p><b>T antigen</b></p>
<p><b>Mass:</b> 365.3 (Ser/Thr)</p>
</body></notes>
        <annotation>
          <rdf:RDF xmlns:rdf="http://www.w3.org/1999/02/22-rdf-syntax-ns#" xmlns:bqbiol="http://biomodels.net/biology-qualifiers/">
            <rdf:Description rdf:about="#meta_T_antigen">
              <bqbiol:is>
                <rdf:Bag>
                  <rdf:li rdf:resource="urn:miriam:kegg.glycan:G00024"/>
                </rdf:Bag>
              </bqbiol:is>
              <bqbiol:occursIn>
                <rdf:Bag>
                  <rdf:li rdf:resource="urn:miriam:kegg.reaction:R05912"/>
                  <rdf:li rdf:resource="urn:miriam:kegg.reaction:R05913"/>
                  <rdf:li rdf:resource="urn:miriam:kegg.reaction:R05908"/>
                </rdf:Bag>
              </bqbiol:occursIn>
              <bqbiol:hasProperty>
                <rdf:Bag>
                  <rdf:li rdf:resource="urn:miriam:glycomedb:475"/>
                </rdf:Bag>
              </bqbiol:hasProperty>
              <bqbiol:hasProperty>
                <rdf:Bag>
                  <rdf:li rdf:resource="urn:miriam:ec-code:2.4.1.102"/>
                  <rdf:li rdf:resource="urn:miriam:ec-code:2.4.99.4"/>
                  <rdf:li rdf:resource="urn:miriam:ec-code:2.4.1.122"/>
                </rdf:Bag>
              </bqbiol:hasProperty>
              <bqbiol:unknownQualifier>
                <rdf:Bag>
                  <rdf:li rdf:resource="urn:miriam:obo.eco:ECO%3A0000313"/>
                </rdf:Bag>
              </bqbiol:unknownQualifier>
            </rdf:Description>
          </rdf:RDF>
        </annotation>
      </species>
      <species id="glG10610" initialAmount="1" name="gl:G10610" metaid="meta_glG10610" sboTerm="SBO:0000247" substanceUnits="substance" compartment="default">
<notes><body xmlns="http://www.w3.org/1999/xhtml"><a href="http://www.kegg.jp/dbget-bin/www_bget?gl:G10610">Original Kegg Entry</a><br/>
</body></notes>
        <annotation>
          <rdf:RDF xmlns:rdf="http://www.w3.org/1999/02/22-rdf-syntax-ns#" xmlns:bqbiol="http://biomodels.net/biology-qualifiers/">
            <rdf:Description rdf:about="#meta_glG10610">
              <bqbiol:is>
                <rdf:Bag>
                  <rdf:li rdf:resource="urn:miriam:kegg.glycan:G10610"/>
                </rdf:Bag>
              </bqbiol:is>
              <bqbiol:unknownQualifier>
                <rdf:Bag>
                  <rdf:li rdf:resource="urn:miriam:obo.eco:ECO%3A0000313"/>
                </rdf:Bag>
              </bqbiol:unknownQualifier>
            </rdf:Description>
          </rdf:RDF>
        </annotation>
      </species>
      <species id="UDP" initialAmount="1" name="UDP" metaid="meta_UDP" sboTerm="SBO:0000247" substanceUnits="substance" compartment="default">
<notes><body xmlns="http://www.w3.org/1999/xhtml"><a href="http://www.kegg.jp/dbget-bin/www_bget?gl:G10619">Original Kegg Entry</a><br/>
<p><b>Uridine 5'-diphosphate</b></p>
<p><b>All given names:</b><br/>UDP<br/>Uridine 5'-diphosphate</p>
</body></notes>
        <annotation>
          <rdf:RDF xmlns:rdf="http://www.w3.org/1999/02/22-rdf-syntax-ns#" xmlns:bqbiol="http://biomodels.net/biology-qualifiers/">
            <rdf:Description rdf:about="#meta_UDP">
              <bqbiol:is>
                <rdf:Bag>
                  <rdf:li rdf:resource="urn:miriam:kegg.glycan:G10619"/>
                </rdf:Bag>
              </bqbiol:is>
              <bqbiol:occursIn>
                <rdf:Bag>
                  <rdf:li rdf:resource="urn:miriam:kegg.reaction:R07628"/>
                  <rdf:li rdf:resource="urn:miriam:kegg.reaction:R05912"/>
                  <rdf:li rdf:resource="urn:miriam:kegg.reaction:R05910"/>
                  <rdf:li rdf:resource="urn:miriam:kegg.reaction:R05915"/>
                  <rdf:li rdf:resource="urn:miriam:kegg.reaction:R05907"/>
                  <rdf:li rdf:resource="urn:miriam:kegg.reaction:R05908"/>
                  <rdf:li rdf:resource="urn:miriam:kegg.reaction:R05909"/>
                </rdf:Bag>
              </bqbiol:occursIn>
              <bqbiol:unknownQualifier>
                <rdf:Bag>
                  <rdf:li rdf:resource="urn:miriam:obo.eco:ECO%3A0000313"/>
                </rdf:Bag>
              </bqbiol:unknownQualifier>
            </rdf:Description>
          </rdf:RDF>
        </annotation>
      </species>
      <species id="acetylgalactosaminylOglycosylglycoprotein_beta16Nacetylglucosaminyltransferase" initialAmount="1" name="acetylgalactosaminyl-O-glycosyl-glycoprotein beta-1,6-N-acetylglucosaminyltransferase" metaid="meta_acetylgalactosaminylOglycosylglycoprotein_beta16Nacetylglucosaminyltransferase" sboTerm="SBO:0000245" substanceUnits="substance" compartment="default">
<notes><body xmlns="http://www.w3.org/1999/xhtml"><a href="http://www.kegg.jp/dbget-bin/www_bget?EC:2.4.1.148">Original Kegg Entry</a><br/>
<p><b>UDP-N-acetyl-D-glucosamine:O-oligosaccharide-glycoprotein (N-acetyl-D-glucosamine to N-acetyl-D-galactosamine of N-acetyl-beta-D-glucosaminyl-1,3-N-acetyl-D-galactosaminyl-R) beta-1,6-N-acetyl-D-glucosaminyltransferase</b></p>
<p><b>All given names:</b><br/>acetylgalactosaminyl-O-glycosyl-glycoprotein beta-1,6-N-acetylglucosaminyltransferase<br/>O-glycosyl-oligosaccharide-glycoprotein N-acetylglucosaminyltransferase IV<br/>uridine diphosphoacetylglucosamine-mucin beta(1->6)-acetylglucosaminyltransferase B<br/>core 4 beta6-GalNAc-transferase<br/>core 6beta-GalNAc-transferase B<br/>UDP-N-acetyl-D-glucosamine:O-oligosaccharide-glycoprotein (N-acetyl-D-glucosamine to N-acetyl-D-galactosamine of N-acetyl-beta-D-glucosaminyl-1,3-N-acetyl-D-galactosaminyl-R) beta-1,6-N-acetyl-D-glucosaminyltransferase</p>
<p><b>CAS number:</b> 95978-15-7</p>
</body></notes>
        <annotation>
          <rdf:RDF xmlns:rdf="http://www.w3.org/1999/02/22-rdf-syntax-ns#" xmlns:bqbiol="http://biomodels.net/biology-qualifiers/">
            <rdf:Description rdf:about="#meta_acetylgalactosaminylOglycosylglycoprotein_beta16Nacetylglucosaminyltransferase">
              <bqbiol:is>
                <rdf:Bag>
                  <rdf:li rdf:resource="urn:miriam:ec-code:2.4.1.148"/>
                </rdf:Bag>
              </bqbiol:is>
              <bqbiol:occursIn>
                <rdf:Bag>
                  <rdf:li rdf:resource="urn:miriam:kegg.reaction:R05915"/>
                </rdf:Bag>
              </bqbiol:occursIn>
              <bqbiol:hasProperty>
                <rdf:Bag>
                  <rdf:li rdf:resource="urn:miriam:ec-code:2.4.1.148"/>
                </rdf:Bag>
              </bqbiol:hasProperty>
              <bqbiol:unknownQualifier>
                <rdf:Bag>
                  <rdf:li rdf:resource="urn:miriam:obo.eco:ECO%3A0000313"/>
                </rdf:Bag>
              </bqbiol:unknownQualifier>
            </rdf:Description>
          </rdf:RDF>
        </annotation>
      </species>
      <species id="UDPgalactose" initialAmount="1" name="UDP-galactose" metaid="meta_UDPgalactose" sboTerm="SBO:0000247" substanceUnits="substance" compartment="default">
<notes><body xmlns="http://www.w3.org/1999/xhtml"><a href="http://www.kegg.jp/dbget-bin/www_bget?gl:G10609">Original Kegg Entry</a><br/>
<p><b>Uridene diphosphate galactose</b></p>
<p><b>All given names:</b><br/>UDP-D-galactose<br/>UDP-galactose<br/>Uridene diphosphate galactose</p>
</body></notes>
        <annotation>
          <rdf:RDF xmlns:rdf="http://www.w3.org/1999/02/22-rdf-syntax-ns#" xmlns:bqbiol="http://biomodels.net/biology-qualifiers/">
            <rdf:Description rdf:about="#meta_UDPgalactose">
              <bqbiol:is>
                <rdf:Bag>
                  <rdf:li rdf:resource="urn:miriam:kegg.glycan:G10609"/>
                </rdf:Bag>
              </bqbiol:is>
              <bqbiol:occursIn>
                <rdf:Bag>
                  <rdf:li rdf:resource="urn:miriam:kegg.reaction:R07628"/>
                  <rdf:li rdf:resource="urn:miriam:kegg.reaction:R05908"/>
                </rdf:Bag>
              </bqbiol:occursIn>
              <bqbiol:unknownQualifier>
                <rdf:Bag>
                  <rdf:li rdf:resource="urn:miriam:obo.eco:ECO%3A0000313"/>
                </rdf:Bag>
              </bqbiol:unknownQualifier>
            </rdf:Description>
          </rdf:RDF>
        </annotation>
      </species>
      <species id="CMPNacetylneuraminate" initialAmount="1" name="CMP-N-acetylneuraminate" metaid="meta_CMPNacetylneuraminate" sboTerm="SBO:0000247" substanceUnits="substance" compartment="default">
<notes><body xmlns="http://www.w3.org/1999/xhtml"><a href="http://www.kegg.jp/dbget-bin/www_bget?gl:G10616">Original Kegg Entry</a><br/>
<p><b>CMP-N-acetylneuraminic acid</b></p>
<p><b>All given names:</b><br/>CMP-N-acetylneuraminate<br/>CMP-N-acetylneuraminic acid</p>
</body></notes>
        <annotation>
          <rdf:RDF xmlns:rdf="http://www.w3.org/1999/02/22-rdf-syntax-ns#" xmlns:bqbiol="http://biomodels.net/biology-qualifiers/">
            <rdf:Description rdf:about="#meta_CMPNacetylneuraminate">
              <bqbiol:is>
                <rdf:Bag>
                  <rdf:li rdf:resource="urn:miriam:kegg.glycan:G10616"/>
                </rdf:Bag>
              </bqbiol:is>
              <bqbiol:occursIn>
                <rdf:Bag>
                  <rdf:li rdf:resource="urn:miriam:kegg.reaction:R05911"/>
                  <rdf:li rdf:resource="urn:miriam:kegg.reaction:R05913"/>
                  <rdf:li rdf:resource="urn:miriam:kegg.reaction:R05914"/>
                </rdf:Bag>
              </bqbiol:occursIn>
              <bqbiol:unknownQualifier>
                <rdf:Bag>
                  <rdf:li rdf:resource="urn:miriam:obo.eco:ECO%3A0000313"/>
                </rdf:Bag>
              </bqbiol:unknownQualifier>
            </rdf:Description>
          </rdf:RDF>
        </annotation>
      </species>
      <species id="CMP" initialAmount="1" name="CMP" metaid="meta_CMP" sboTerm="SBO:0000247" substanceUnits="substance" compartment="default">
<notes><body xmlns="http://www.w3.org/1999/xhtml"><a href="http://www.kegg.jp/dbget-bin/www_bget?gl:G10621">Original Kegg Entry</a><br/>
<p><b>Cytidylic acid</b></p>
<p><b>All given names:</b><br/>CMP<br/>Cytidine 5'-monophosphate<br/>Cytidylic acid</p>
</body></notes>
        <annotation>
          <rdf:RDF xmlns:rdf="http://www.w3.org/1999/02/22-rdf-syntax-ns#" xmlns:bqbiol="http://biomodels.net/biology-qualifiers/">
            <rdf:Description rdf:about="#meta_CMP">
              <bqbiol:is>
                <rdf:Bag>
                  <rdf:li rdf:resource="urn:miriam:kegg.glycan:G10621"/>
                </rdf:Bag>
              </bqbiol:is>
              <bqbiol:occursIn>
                <rdf:Bag>
                  <rdf:li rdf:resource="urn:miriam:kegg.reaction:R05911"/>
                  <rdf:li rdf:resource="urn:miriam:kegg.reaction:R05913"/>
                  <rdf:li rdf:resource="urn:miriam:kegg.reaction:R05914"/>
                </rdf:Bag>
              </bqbiol:occursIn>
              <bqbiol:unknownQualifier>
                <rdf:Bag>
                  <rdf:li rdf:resource="urn:miriam:obo.eco:ECO%3A0000313"/>
                </rdf:Bag>
              </bqbiol:unknownQualifier>
            </rdf:Description>
          </rdf:RDF>
        </annotation>
      </species>
    </listOfSpecies>
    <listOfReactions>
      <reaction id="rnR05915" name="rn:R05915" metaid="meta_rnR05915" reversible="false" sboTerm="SBO:0000176">
<notes><body xmlns="http://www.w3.org/1999/xhtml"><p><b>Definition of “RN:R05915”:</b> UDP-N-acetyl-D-glucosamine + G00028 &lt;=> UDP + G00029<br/>
<b>Equation for “RN:R05915”:</b> G10610 + G00028 &lt;=> G10619 + G00029<br/>
<a href="http://www.genome.jp/Fig/reaction/R05915.gif"><img src="http://www.genome.jp/Fig/reaction/R05915.gif"/></a>
<br/>
<b>Occurs in:</b><br/>
<ul>
<li>Mucin type O-Glycan biosynthesis</li>
<li>Metabolic pathways</li>
</ul><br/>
</p></body></notes>
        <annotation>
          <rdf:RDF xmlns:rdf="http://www.w3.org/1999/02/22-rdf-syntax-ns#" xmlns:bqbiol="http://biomodels.net/biology-qualifiers/">
            <rdf:Description rdf:about="#meta_rnR05915">
              <bqbiol:is>
                <rdf:Bag>
                  <rdf:li rdf:resource="urn:miriam:kegg.reaction:R05915"/>
                </rdf:Bag>
              </bqbiol:is>
              <bqbiol:occursIn>
                <rdf:Bag>
                  <rdf:li rdf:resource="urn:miriam:kegg.pathway:rn00512"/>
                  <rdf:li rdf:resource="urn:miriam:kegg.pathway:rn01100"/>
                </rdf:Bag>
              </bqbiol:occursIn>
            </rdf:Description>
          </rdf:RDF>
        </annotation>
              <listOfReactants>
          <speciesReference id="glG00028" species="G00028" name="gl:G00028" metaid="meta_glG00028" sboTerm="SBO:0000015"/>
          <speciesReference id="glG10610_1" species="glG10610" name="gl:G10610" metaid="meta_glG10610_1" sboTerm="SBO:0000015"/>
        </listOfReactants>
        <listOfProducts>
          <speciesReference id="glG00029" species="G00029" name="gl:G00029" metaid="meta_glG00029" sboTerm="SBO:0000011"/>
          <speciesReference id="glG10619" species="UDP" name="gl:G10619" metaid="meta_glG10619" sboTerm="SBO:0000011"/>
        </listOfProducts>
        <listOfModifiers>
          <modifierSpeciesReference id="mod_rnR05915_1" species="acetylgalactosaminylOglycosylglycoprotein_beta16Nacetylglucosaminyltransferase" name="mod_rnR05915_1" metaid="meta_mod_rnR05915_1" sboTerm="SBO:0000460"/>
          <modifierSpeciesReference id="mod_rnR05915" species="GCNT3" name="mod_rnR05915" metaid="meta_mod_rnR05915" sboTerm="SBO:0000460"/>
        </listOfModifiers>
      </reaction>
      <reaction id="rnR05910" name="rn:R05910" metaid="meta_rnR05910" reversible="false" sboTerm="SBO:0000176">
<notes><body xmlns="http://www.w3.org/1999/xhtml"><p><b>Definition of “RN:R05910”:</b> UDP-N-acetyl-D-glucosamine + Tn antigen &lt;=> UDP + G00031<br/>
<b>Equation for “RN:R05910”:</b> G10610 + G00023 &lt;=> G10619 + G00031<br/>
<a href="http://www.genome.jp/Fig/reaction/R05910.gif"><img src="http://www.genome.jp/Fig/reaction/R05910.gif"/></a>
<br/>
<b>Occurs in:</b><br/>
<ul>
<li>Mucin type O-Glycan biosynthesis</li>
<li>Metabolic pathways</li>
</ul><br/>
</p></body></notes>
        <annotation>
          <rdf:RDF xmlns:rdf="http://www.w3.org/1999/02/22-rdf-syntax-ns#" xmlns:bqbiol="http://biomodels.net/biology-qualifiers/">
            <rdf:Description rdf:about="#meta_rnR05910">
              <bqbiol:is>
                <rdf:Bag>
                  <rdf:li rdf:resource="urn:miriam:kegg.reaction:R05910"/>
                </rdf:Bag>
              </bqbiol:is>
              <bqbiol:occursIn>
                <rdf:Bag>
                  <rdf:li rdf:resource="urn:miriam:kegg.pathway:rn00512"/>
                  <rdf:li rdf:resource="urn:miriam:kegg.pathway:rn01100"/>
                </rdf:Bag>
              </bqbiol:occursIn>
            </rdf:Description>
          </rdf:RDF>
        </annotation>
              <listOfReactants>
          <speciesReference id="glG00023" species="Tn_antigen" name="gl:G00023" metaid="meta_glG00023" sboTerm="SBO:0000015"/>
          <speciesReference id="glG10610_2" species="glG10610" name="gl:G10610" metaid="meta_glG10610_2" sboTerm="SBO:0000015"/>
        </listOfReactants>
        <listOfProducts>
          <speciesReference id="glG00031" species="G00031" name="gl:G00031" metaid="meta_glG00031" sboTerm="SBO:0000011"/>
          <speciesReference id="glG10619_1" species="UDP" name="gl:G10619" metaid="meta_glG10619_1" sboTerm="SBO:0000011"/>
        </listOfProducts>
        <listOfModifiers>
          <modifierSpeciesReference id="mod_rnR05910_1" species="GCNT1" name="mod_rnR05910_1" metaid="meta_mod_rnR05910_1" sboTerm="SBO:0000460"/>
          <modifierSpeciesReference id="mod_rnR05910" species="K00740" name="mod_rnR05910" metaid="meta_mod_rnR05910" sboTerm="SBO:0000460"/>
        </listOfModifiers>
      </reaction>
      <reaction id="rnR07628" name="rn:R07628" metaid="meta_rnR07628" reversible="false" sboTerm="SBO:0000176">
<notes><body xmlns="http://www.w3.org/1999/xhtml"><p><b>Definition of “RN:R07628”:</b> UDP-D-galactose + G00031 &lt;=> UDP + G00032<br/>
<b>Equation for “RN:R07628”:</b> G10609 + G00031 &lt;=> G10619 + G00032<br/>
<a href="http://www.genome.jp/Fig/reaction/R07628.gif"><img src="http://www.genome.jp/Fig/reaction/R07628.gif"/></a>
<br/>
<b>Occurs in:</b><br/>
<ul>
<li>Mucin type O-Glycan biosynthesis</li>
</ul><br/>
</p></body></notes>
        <annotation>
          <rdf:RDF xmlns:rdf="http://www.w3.org/1999/02/22-rdf-syntax-ns#" xmlns:bqbiol="http://biomodels.net/biology-qualifiers/">
            <rdf:Description rdf:about="#meta_rnR07628">
              <bqbiol:is>
                <rdf:Bag>
                  <rdf:li rdf:resource="urn:miriam:kegg.reaction:R07628"/>
                </rdf:Bag>
              </bqbiol:is>
              <bqbiol:occursIn>
                <rdf:Bag>
                  <rdf:li rdf:resource="urn:miriam:kegg.pathway:rn00512"/>
                </rdf:Bag>
              </bqbiol:occursIn>
            </rdf:Description>
          </rdf:RDF>
        </annotation>
              <listOfReactants>
          <speciesReference id="glG00031_1" species="G00031" name="gl:G00031" metaid="meta_glG00031_1" sboTerm="SBO:0000015"/>
          <speciesReference id="glG10609" species="UDPgalactose" name="gl:G10609" metaid="meta_glG10609" sboTerm="SBO:0000015"/>
        </listOfReactants>
        <listOfProducts>
          <speciesReference id="glG00032" species="G00032" name="gl:G00032" metaid="meta_glG00032" sboTerm="SBO:0000011"/>
          <speciesReference id="glG10619_2" species="UDP" name="gl:G10619" metaid="meta_glG10619_2" sboTerm="SBO:0000011"/>
        </listOfProducts>
        <listOfModifiers>
          <modifierSpeciesReference id="mod_rnR07628" species="B4GALT5" name="mod_rnR07628" metaid="meta_mod_rnR07628" sboTerm="SBO:0000460"/>
        </listOfModifiers>
      </reaction>
      <reaction id="rnR05914" name="rn:R05914" metaid="meta_rnR05914" reversible="false" sboTerm="SBO:0000176">
<notes><body xmlns="http://www.w3.org/1999/xhtml"><p><b>Definition of “RN:R05914”:</b> CMP-N-acetylneuraminate + G00026 &lt;=> CMP + G00027<br/>
<b>Equation for “RN:R05914”:</b> G10616 + G00026 &lt;=> G10621 + G00027<br/>
<a href="http://www.genome.jp/Fig/reaction/R05914.gif"><img src="http://www.genome.jp/Fig/reaction/R05914.gif"/></a>
<br/>
<b>Occurs in:</b><br/>
<ul>
<li>Mucin type O-Glycan biosynthesis</li>
<li>Metabolic pathways</li>
</ul><br/>
</p></body></notes>
        <annotation>
          <rdf:RDF xmlns:rdf="http://www.w3.org/1999/02/22-rdf-syntax-ns#" xmlns:bqbiol="http://biomodels.net/biology-qualifiers/">
            <rdf:Description rdf:about="#meta_rnR05914">
              <bqbiol:is>
                <rdf:Bag>
                  <rdf:li rdf:resource="urn:miriam:kegg.reaction:R05914"/>
                </rdf:Bag>
              </bqbiol:is>
              <bqbiol:occursIn>
                <rdf:Bag>
                  <rdf:li rdf:resource="urn:miriam:kegg.pathway:rn00512"/>
                  <rdf:li rdf:resource="urn:miriam:kegg.pathway:rn01100"/>
                </rdf:Bag>
              </bqbiol:occursIn>
            </rdf:Description>
          </rdf:RDF>
        </annotation>
              <listOfReactants>
          <speciesReference id="glG00026" species="G00026" name="gl:G00026" metaid="meta_glG00026" sboTerm="SBO:0000015"/>
          <speciesReference id="glG10616" species="CMPNacetylneuraminate" name="gl:G10616" metaid="meta_glG10616" sboTerm="SBO:0000015"/>
        </listOfReactants>
        <listOfProducts>
          <speciesReference id="glG00027" species="G00027" name="gl:G00027" metaid="meta_glG00027" sboTerm="SBO:0000011"/>
          <speciesReference id="glG10621" species="CMP" name="gl:G10621" metaid="meta_glG10621" sboTerm="SBO:0000011"/>
        </listOfProducts>
        <listOfModifiers>
          <modifierSpeciesReference id="mod_rnR05914" species="ST6GALNAC1" name="mod_rnR05914" metaid="meta_mod_rnR05914" sboTerm="SBO:0000460"/>
        </listOfModifiers>
      </reaction>
      <reaction id="rnR05911" name="rn:R05911" metaid="meta_rnR05911" reversible="false" sboTerm="SBO:0000176">
<notes><body xmlns="http://www.w3.org/1999/xhtml"><p><b>Definition of “RN:R05911”:</b> CMP-N-acetylneuraminate + Tn antigen &lt;=> CMP + Sialyl-Tn antigen<br/>
<b>Equation for “RN:R05911”:</b> G10616 + G00023 &lt;=> G10621 + G00035<br/>
<a href="http://www.genome.jp/Fig/reaction/R05911.gif"><img src="http://www.genome.jp/Fig/reaction/R05911.gif"/></a>
<br/>
<b>Occurs in:</b><br/>
<ul>
<li>Mucin type O-Glycan biosynthesis</li>
<li>Metabolic pathways</li>
</ul><br/>
</p></body></notes>
        <annotation>
          <rdf:RDF xmlns:rdf="http://www.w3.org/1999/02/22-rdf-syntax-ns#" xmlns:bqbiol="http://biomodels.net/biology-qualifiers/">
            <rdf:Description rdf:about="#meta_rnR05911">
              <bqbiol:is>
                <rdf:Bag>
                  <rdf:li rdf:resource="urn:miriam:kegg.reaction:R05911"/>
                </rdf:Bag>
              </bqbiol:is>
              <bqbiol:occursIn>
                <rdf:Bag>
                  <rdf:li rdf:resource="urn:miriam:kegg.pathway:rn00512"/>
                  <rdf:li rdf:resource="urn:miriam:kegg.pathway:rn01100"/>
                </rdf:Bag>
              </bqbiol:occursIn>
            </rdf:Description>
          </rdf:RDF>
        </annotation>
              <listOfReactants>
          <speciesReference id="glG00023_1" species="Tn_antigen" name="gl:G00023" metaid="meta_glG00023_1" sboTerm="SBO:0000015"/>
          <speciesReference id="glG10616_1" species="CMPNacetylneuraminate" name="gl:G10616" metaid="meta_glG10616_1" sboTerm="SBO:0000015"/>
        </listOfReactants>
        <listOfProducts>
          <speciesReference id="glG00035" species="SialylTn_antigen" name="gl:G00035" metaid="meta_glG00035" sboTerm="SBO:0000011"/>
          <speciesReference id="glG10621_1" species="CMP" name="gl:G10621" metaid="meta_glG10621_1" sboTerm="SBO:0000011"/>
        </listOfProducts>
      </reaction>
      <reaction id="rnR05913" name="rn:R05913" metaid="meta_rnR05913" reversible="false" sboTerm="SBO:0000176">
<notes><body xmlns="http://www.w3.org/1999/xhtml"><p><b>Definition of “RN:R05913”:</b> CMP-N-acetylneuraminate + T antigen &lt;=> CMP + G00026<br/>
<b>Equation for “RN:R05913”:</b> G10616 + G00024 &lt;=> G10621 + G00026<br/>
<a href="http://www.genome.jp/Fig/reaction/R05913.gif"><img src="http://www.genome.jp/Fig/reaction/R05913.gif"/></a>
<br/>
<b>Occurs in:</b><br/>
<ul>
<li>Mucin type O-Glycan biosynthesis</li>
<li>Metabolic pathways</li>
</ul><br/>
</p></body></notes>
        <annotation>
          <rdf:RDF xmlns:rdf="http://www.w3.org/1999/02/22-rdf-syntax-ns#" xmlns:bqbiol="http://biomodels.net/biology-qualifiers/">
            <rdf:Description rdf:about="#meta_rnR05913">
              <bqbiol:is>
                <rdf:Bag>
                  <rdf:li rdf:resource="urn:miriam:kegg.reaction:R05913"/>
                </rdf:Bag>
              </bqbiol:is>
              <bqbiol:occursIn>
                <rdf:Bag>
                  <rdf:li rdf:resource="urn:miriam:kegg.pathway:rn00512"/>
                  <rdf:li rdf:resource="urn:miriam:kegg.pathway:rn01100"/>
                </rdf:Bag>
              </bqbiol:occursIn>
            </rdf:Description>
          </rdf:RDF>
        </annotation>
              <listOfReactants>
          <speciesReference id="glG10616_2" species="CMPNacetylneuraminate" name="gl:G10616" metaid="meta_glG10616_2" sboTerm="SBO:0000015"/>
          <speciesReference id="glG00024" species="T_antigen" name="gl:G00024" metaid="meta_glG00024" sboTerm="SBO:0000015"/>
        </listOfReactants>
        <listOfProducts>
          <speciesReference id="glG00026_1" species="G00026" name="gl:G00026" metaid="meta_glG00026_1" sboTerm="SBO:0000011"/>
          <speciesReference id="glG10621_2" species="CMP" name="gl:G10621" metaid="meta_glG10621_2" sboTerm="SBO:0000011"/>
        </listOfProducts>
        <listOfModifiers>
          <modifierSpeciesReference id="mod_rnR05913" species="ST3GAL" name="mod_rnR05913" metaid="meta_mod_rnR05913" sboTerm="SBO:0000460"/>
        </listOfModifiers>
      </reaction>
      <reaction id="rnR05909" name="rn:R05909" metaid="meta_rnR05909" reversible="false" sboTerm="SBO:0000176">
<notes><body xmlns="http://www.w3.org/1999/xhtml"><p><b>Definition of “RN:R05909”:</b> UDP-N-acetyl-D-glucosamine + Tn antigen &lt;=> UDP + G00028<br/>
<b>Equation for “RN:R05909”:</b> G10610 + G00023 &lt;=> G10619 + G00028<br/>
<a href="http://www.genome.jp/Fig/reaction/R05909.gif"><img src="http://www.genome.jp/Fig/reaction/R05909.gif"/></a>
<br/>
<b>Occurs in:</b><br/>
<ul>
<li>Mucin type O-Glycan biosynthesis</li>
<li>Metabolic pathways</li>
</ul><br/>
</p></body></notes>
        <annotation>
          <rdf:RDF xmlns:rdf="http://www.w3.org/1999/02/22-rdf-syntax-ns#" xmlns:bqbiol="http://biomodels.net/biology-qualifiers/">
            <rdf:Description rdf:about="#meta_rnR05909">
              <bqbiol:is>
                <rdf:Bag>
                  <rdf:li rdf:resource="urn:miriam:kegg.reaction:R05909"/>
                </rdf:Bag>
              </bqbiol:is>
              <bqbiol:occursIn>
                <rdf:Bag>
                  <rdf:li rdf:resource="urn:miriam:kegg.pathway:rn00512"/>
                  <rdf:li rdf:resource="urn:miriam:kegg.pathway:rn01100"/>
                </rdf:Bag>
              </bqbiol:occursIn>
            </rdf:Description>
          </rdf:RDF>
        </annotation>
              <listOfReactants>
          <speciesReference id="glG00023_2" species="Tn_antigen" name="gl:G00023" metaid="meta_glG00023_2" sboTerm="SBO:0000015"/>
          <speciesReference id="glG10610_3" species="glG10610" name="gl:G10610" metaid="meta_glG10610_3" sboTerm="SBO:0000015"/>
        </listOfReactants>
        <listOfProducts>
          <speciesReference id="glG00028_1" species="G00028" name="gl:G00028" metaid="meta_glG00028_1" sboTerm="SBO:0000011"/>
          <speciesReference id="glG10619_3" species="UDP" name="gl:G10619" metaid="meta_glG10619_3" sboTerm="SBO:0000011"/>
        </listOfProducts>
        <listOfModifiers>
          <modifierSpeciesReference id="mod_rnR05909" species="B3GNT6" name="mod_rnR05909" metaid="meta_mod_rnR05909" sboTerm="SBO:0000460"/>
        </listOfModifiers>
      </reaction>
      <reaction id="rnR05907" name="rn:R05907" metaid="meta_rnR05907" reversible="false" sboTerm="SBO:0000176">
<notes><body xmlns="http://www.w3.org/1999/xhtml"><p><b>Definition of “RN:R05907”:</b> UDP-N-acetyl-D-galactosamine + Protein serine &lt;=> UDP + Tn antigen<br/>
<b>Equation for “RN:R05907”:</b> G10611 + C02189 &lt;=> G10619 + G00023<br/>
<a href="http://www.genome.jp/Fig/reaction/R05907.gif"><img src="http://www.genome.jp/Fig/reaction/R05907.gif"/></a>
<br/>
<b>Occurs in:</b><br/>
<ul>
<li>Mucin type O-Glycan biosynthesis</li>
<li>Metabolic pathways</li>
</ul><br/>
</p></body></notes>
        <annotation>
          <rdf:RDF xmlns:rdf="http://www.w3.org/1999/02/22-rdf-syntax-ns#" xmlns:bqbiol="http://biomodels.net/biology-qualifiers/">
            <rdf:Description rdf:about="#meta_rnR05907">
              <bqbiol:is>
                <rdf:Bag>
                  <rdf:li rdf:resource="urn:miriam:kegg.reaction:R05907"/>
                </rdf:Bag>
              </bqbiol:is>
              <bqbiol:occursIn>
                <rdf:Bag>
                  <rdf:li rdf:resource="urn:miriam:kegg.pathway:rn00512"/>
                  <rdf:li rdf:resource="urn:miriam:kegg.pathway:rn01100"/>
                </rdf:Bag>
              </bqbiol:occursIn>
            </rdf:Description>
          </rdf:RDF>
        </annotation>
              <listOfReactants>
          <speciesReference id="glG10611" species="UDPNacetylgalactosamine" name="gl:G10611" metaid="meta_glG10611" sboTerm="SBO:0000015"/>
          <speciesReference id="cpdC02189" species="C4H6N2O3R2" name="cpd:C02189" metaid="meta_cpdC02189" sboTerm="SBO:0000015"/>
        </listOfReactants>
        <listOfProducts>
          <speciesReference id="glG00023_3" species="Tn_antigen" name="gl:G00023" metaid="meta_glG00023_3" sboTerm="SBO:0000011"/>
          <speciesReference id="glG10619_4" species="UDP" name="gl:G10619" metaid="meta_glG10619_4" sboTerm="SBO:0000011"/>
        </listOfProducts>
        <listOfModifiers>
          <modifierSpeciesReference id="mod_rnR05907" species="GALNT3" name="mod_rnR05907" metaid="meta_mod_rnR05907" sboTerm="SBO:0000460"/>
        </listOfModifiers>
      </reaction>
      <reaction id="rnR05908" name="rn:R05908" metaid="meta_rnR05908" reversible="false" sboTerm="SBO:0000176">
<notes><body xmlns="http://www.w3.org/1999/xhtml"><p><b>Definition of “RN:R05908”:</b> UDP-D-galactose + Tn antigen &lt;=> UDP + T antigen<br/>
<b>Equation for “RN:R05908”:</b> G10609 + G00023 &lt;=> G10619 + G00024<br/>
<a href="http://www.genome.jp/Fig/reaction/R05908.gif"><img src="http://www.genome.jp/Fig/reaction/R05908.gif"/></a>
<br/>
<b>Occurs in:</b><br/>
<ul>
<li>Mucin type O-Glycan biosynthesis</li>
<li>Metabolic pathways</li>
</ul><br/>
</p></body></notes>
        <annotation>
          <rdf:RDF xmlns:rdf="http://www.w3.org/1999/02/22-rdf-syntax-ns#" xmlns:bqbiol="http://biomodels.net/biology-qualifiers/">
            <rdf:Description rdf:about="#meta_rnR05908">
              <bqbiol:is>
                <rdf:Bag>
                  <rdf:li rdf:resource="urn:miriam:kegg.reaction:R05908"/>
                </rdf:Bag>
              </bqbiol:is>
              <bqbiol:occursIn>
                <rdf:Bag>
                  <rdf:li rdf:resource="urn:miriam:kegg.pathway:rn00512"/>
                  <rdf:li rdf:resource="urn:miriam:kegg.pathway:rn01100"/>
                </rdf:Bag>
              </bqbiol:occursIn>
            </rdf:Description>
          </rdf:RDF>
        </annotation>
              <listOfReactants>
          <speciesReference id="glG00023_4" species="Tn_antigen" name="gl:G00023" metaid="meta_glG00023_4" sboTerm="SBO:0000015"/>
          <speciesReference id="glG10609_1" species="UDPgalactose" name="gl:G10609" metaid="meta_glG10609_1" sboTerm="SBO:0000015"/>
        </listOfReactants>
        <listOfProducts>
          <speciesReference id="glG10619_5" species="UDP" name="gl:G10619" metaid="meta_glG10619_5" sboTerm="SBO:0000011"/>
          <speciesReference id="glG00024_1" species="T_antigen" name="gl:G00024" metaid="meta_glG00024_1" sboTerm="SBO:0000011"/>
        </listOfProducts>
        <listOfModifiers>
          <modifierSpeciesReference id="mod_rnR05908" species="C1GALT1" name="mod_rnR05908" metaid="meta_mod_rnR05908" sboTerm="SBO:0000460"/>
        </listOfModifiers>
      </reaction>
      <reaction id="rnR05912" name="rn:R05912" metaid="meta_rnR05912" reversible="false" sboTerm="SBO:0000176">
<notes><body xmlns="http://www.w3.org/1999/xhtml"><p><b>Definition of “RN:R05912”:</b> UDP-N-acetyl-D-glucosamine + T antigen &lt;=> UDP + G00025<br/>
<b>Equation for “RN:R05912”:</b> G10610 + G00024 &lt;=> G10619 + G00025<br/>
<a href="http://www.genome.jp/Fig/reaction/R05912.gif"><img src="http://www.genome.jp/Fig/reaction/R05912.gif"/></a>
<br/>
<b>Occurs in:</b><br/>
<ul>
<li>Mucin type O-Glycan biosynthesis</li>
<li>Metabolic pathways</li>
</ul><br/>
</p></body></notes>
        <annotation>
          <rdf:RDF xmlns:rdf="http://www.w3.org/1999/02/22-rdf-syntax-ns#" xmlns:bqbiol="http://biomodels.net/biology-qualifiers/">
            <rdf:Description rdf:about="#meta_rnR05912">
              <bqbiol:is>
                <rdf:Bag>
                  <rdf:li rdf:resource="urn:miriam:kegg.reaction:R05912"/>
                </rdf:Bag>
              </bqbiol:is>
              <bqbiol:occursIn>
                <rdf:Bag>
                  <rdf:li rdf:resource="urn:miriam:kegg.pathway:rn00512"/>
                  <rdf:li rdf:resource="urn:miriam:kegg.pathway:rn01100"/>
                </rdf:Bag>
              </bqbiol:occursIn>
            </rdf:Description>
          </rdf:RDF>
        </annotation>
              <listOfReactants>
          <speciesReference id="glG10610_4" species="glG10610" name="gl:G10610" metaid="meta_glG10610_4" sboTerm="SBO:0000015"/>
          <speciesReference id="glG00024_2" species="T_antigen" name="gl:G00024" metaid="meta_glG00024_2" sboTerm="SBO:0000015"/>
        </listOfReactants>
        <listOfProducts>
          <speciesReference id="glG00025" species="G00025" name="gl:G00025" metaid="meta_glG00025" sboTerm="SBO:0000011"/>
          <speciesReference id="glG10619_6" species="UDP" name="gl:G10619" metaid="meta_glG10619_6" sboTerm="SBO:0000011"/>
        </listOfProducts>
        <listOfModifiers>
          <modifierSpeciesReference id="mod_rnR05912" species="GCNT" name="mod_rnR05912" metaid="meta_mod_rnR05912" sboTerm="SBO:0000460"/>
        </listOfModifiers>
      </reaction>
    </listOfReactions>
  </model>
</sbml>