<?xml version='1.0' encoding='UTF-8' standalone='no'?>
<!-- Created by KEGGtranslator version 1.2.0 on 2011-11-09 19:30 with jsbml version 0.8-rc1. -->
<sbml xmlns="http://www.sbml.org/sbml/level2/version4" level="2" version="4">
  <model id="path_hsa00430" name="Taurine and hypotaurine metabolism" metaid="meta_path_hsa00430">
<notes><body xmlns="http://www.w3.org/1999/xhtml"><h1>Model of “Taurine and hypotaurine metabolism” in “Homo sapiens (human)”</h1>
<a href="http://www.genome.jp/kegg/pathway/hsa/hsa00430.png"><img src="http://www.genome.jp/kegg/pathway/hsa/hsa00430.png" alt="http://www.genome.jp/kegg-bin/show_pathway?hsa00430"/></a><br/>
<a href="http://www.genome.jp/kegg-bin/show_pathway?hsa00430">Original Entry</a><br/>
<p>KGML comment: “Creation date: May 27, 2011 17:48:06 +0900 (GMT+09:00)”<br/>
KGML version was: 0.71<br/>
</p><div align="right"><i><small>This file has been generated by KEGGtranslator version 1.2.0</small></i></div><br/>
</body></notes>
    <annotation>
      <rdf:RDF xmlns:rdf="http://www.w3.org/1999/02/22-rdf-syntax-ns#" xmlns:bqmodel="http://biomodels.net/model-qualifiers/" xmlns:bqbiol="http://biomodels.net/biology-qualifiers/">
        <rdf:Description rdf:about="#meta_path_hsa00430">
          <creator>
            <rdf:Bag>
              <rdf:li rdf:parseType="Resource">                <ORG rdf:parseType="Resource">
                  <Orgname>ZBIT, University of Tübingen, WSI-CogSys</Orgname>
                </ORG>
              </rdf:li>
            </rdf:Bag>
          </creator>
          <created rdf:parseType="Resource">
            <W3CDTF>2011-11-09T18:30:54Z</W3CDTF>
          </created>
          <modified rdf:parseType="Resource">
            <W3CDTF>2011-11-09T18:30:53Z</W3CDTF>
          </modified>
          <modified rdf:parseType="Resource">
            <W3CDTF>2011-11-09T18:30:54Z</W3CDTF>
          </modified>
          <bqmodel:is>
            <rdf:Bag>
              <rdf:li rdf:resource="urn:miriam:kegg.pathway:hsa00430"/>
            </rdf:Bag>
          </bqmodel:is>
          <bqbiol:occursIn>
            <rdf:Bag>
              <rdf:li rdf:resource="urn:miriam:taxonomy:9606"/>
            </rdf:Bag>
          </bqbiol:occursIn>
          <bqbiol:isDescribedBy>
            <rdf:Bag>
              <rdf:li rdf:resource="urn:miriam:obo.go:GO:0019530"/>
            </rdf:Bag>
          </bqbiol:isDescribedBy>
        </rdf:Description>
      </rdf:RDF>
    </annotation>
      <listOfCompartments>
      <compartment id="default" name="Taurine and hypotaurine metabolism" units="volume" size="1"/>
    </listOfCompartments>
    <listOfSpecies>
      <species id="tauD" initialAmount="1" name="tauD" metaid="meta_tauD" sboTerm="SBO:0000354" substanceUnits="substance" compartment="default">
<notes><body xmlns="http://www.w3.org/1999/xhtml"><a href="http://www.kegg.jp/dbget-bin/www_bget?K03119">Original Kegg Entry</a><br/>
<p><b>Description for “tauD”:</b> taurine dioxygenase [EC:1.14.11.17]</p>
</body></notes>
        <annotation>
          <rdf:RDF xmlns:rdf="http://www.w3.org/1999/02/22-rdf-syntax-ns#" xmlns:bqbiol="http://biomodels.net/biology-qualifiers/">
            <rdf:Description rdf:about="#meta_tauD">
              <bqbiol:is>
                <rdf:Bag>
                  <rdf:li rdf:resource="urn:miriam:kegg.orthology:K03119"/>
                </rdf:Bag>
              </bqbiol:is>
              <bqbiol:isEncodedBy>
                <rdf:Bag>
                  <rdf:li rdf:resource="urn:miriam:entrez.gene:100209105"/>
                </rdf:Bag>
              </bqbiol:isEncodedBy>
              <bqbiol:isDescribedBy>
                <rdf:Bag>
                  <rdf:li rdf:resource="urn:miriam:obo.go:GO:0000908"/>
                </rdf:Bag>
              </bqbiol:isDescribedBy>
              <bqbiol:occursIn>
                <rdf:Bag>
                  <rdf:li rdf:resource="urn:miriam:kegg.reaction:R05320"/>
                </rdf:Bag>
              </bqbiol:occursIn>
              <bqbiol:hasProperty>
                <rdf:Bag>
                  <rdf:li rdf:resource="urn:miriam:ec-code:1.14.11.17"/>
                </rdf:Bag>
              </bqbiol:hasProperty>
              <bqbiol:unknownQualifier>
                <rdf:Bag>
                  <rdf:li rdf:resource="urn:miriam:obo.eco:ECO%3A0000313"/>
                </rdf:Bag>
              </bqbiol:unknownQualifier>
            </rdf:Description>
          </rdf:RDF>
        </annotation>
      </species>
      <species id="Sulfur_metabolism" initialAmount="1" name="Sulfur metabolism" metaid="meta_Sulfur_metabolism" sboTerm="SBO:0000552" substanceUnits="substance" compartment="default">
<notes><body xmlns="http://www.w3.org/1999/xhtml"><a href="http://www.kegg.jp/dbget-bin/www_bget?hsa00920">Original Kegg Entry</a><br/>
<p><b>Sulfur metabolism - Homo sapiens (human)</b></p>
<img src="http://www.kegg.jp/kegg/misc/thumbnail/map00920.gif"/><br/>
</body></notes>
        <annotation>
          <rdf:RDF xmlns:rdf="http://www.w3.org/1999/02/22-rdf-syntax-ns#" xmlns:bqbiol="http://biomodels.net/biology-qualifiers/">
            <rdf:Description rdf:about="#meta_Sulfur_metabolism">
              <bqbiol:is>
                <rdf:Bag>
                  <rdf:li rdf:resource="urn:miriam:kegg.pathway:hsa00920"/>
                </rdf:Bag>
              </bqbiol:is>
              <bqbiol:unknownQualifier>
                <rdf:Bag>
                  <rdf:li rdf:resource="urn:miriam:obo.eco:ECO%3A0000313"/>
                </rdf:Bag>
              </bqbiol:unknownQualifier>
            </rdf:Description>
          </rdf:RDF>
        </annotation>
      </species>
      <species id="E112" initialAmount="1" name="E1.1.2.-" metaid="meta_E112" sboTerm="SBO:0000354" substanceUnits="substance" compartment="default">
<notes><body xmlns="http://www.w3.org/1999/xhtml"><a href="http://www.kegg.jp/dbget-bin/www_bget?K05888">Original Kegg Entry</a><br/>
<p><b>E1.1.2.-</b></p>
</body></notes>
        <annotation>
          <rdf:RDF xmlns:rdf="http://www.w3.org/1999/02/22-rdf-syntax-ns#" xmlns:bqbiol="http://biomodels.net/biology-qualifiers/">
            <rdf:Description rdf:about="#meta_E112">
              <bqbiol:is>
                <rdf:Bag>
                  <rdf:li rdf:resource="urn:miriam:kegg.orthology:K05888"/>
                </rdf:Bag>
              </bqbiol:is>
              <bqbiol:occursIn>
                <rdf:Bag>
                  <rdf:li rdf:resource="urn:miriam:kegg.reaction:R06981"/>
                </rdf:Bag>
              </bqbiol:occursIn>
              <bqbiol:unknownQualifier>
                <rdf:Bag>
                  <rdf:li rdf:resource="urn:miriam:obo.eco:ECO%3A0000313"/>
                </rdf:Bag>
              </bqbiol:unknownQualifier>
            </rdf:Description>
          </rdf:RDF>
        </annotation>
      </species>
      <species id="ald" initialAmount="1" name="ald" metaid="meta_ald" sboTerm="SBO:0000354" substanceUnits="substance" compartment="default">
<notes><body xmlns="http://www.w3.org/1999/xhtml"><a href="http://www.kegg.jp/dbget-bin/www_bget?K00259">Original Kegg Entry</a><br/>
<p><b>Description for “ald”:</b> alanine dehydrogenase [EC:1.4.1.1]</p>
</body></notes>
        <annotation>
          <rdf:RDF xmlns:rdf="http://www.w3.org/1999/02/22-rdf-syntax-ns#" xmlns:bqbiol="http://biomodels.net/biology-qualifiers/">
            <rdf:Description rdf:about="#meta_ald">
              <bqbiol:is>
                <rdf:Bag>
                  <rdf:li rdf:resource="urn:miriam:kegg.orthology:K00259"/>
                </rdf:Bag>
              </bqbiol:is>
              <bqbiol:isDescribedBy>
                <rdf:Bag>
                  <rdf:li rdf:resource="urn:miriam:obo.go:GO:0000286"/>
                </rdf:Bag>
              </bqbiol:isDescribedBy>
              <bqbiol:occursIn>
                <rdf:Bag>
                  <rdf:li rdf:resource="urn:miriam:kegg.reaction:R00396"/>
                </rdf:Bag>
              </bqbiol:occursIn>
              <bqbiol:hasProperty>
                <rdf:Bag>
                  <rdf:li rdf:resource="urn:miriam:ec-code:1.4.1.1"/>
                </rdf:Bag>
              </bqbiol:hasProperty>
              <bqbiol:unknownQualifier>
                <rdf:Bag>
                  <rdf:li rdf:resource="urn:miriam:obo.eco:ECO%3A0000313"/>
                </rdf:Bag>
              </bqbiol:unknownQualifier>
            </rdf:Description>
          </rdf:RDF>
        </annotation>
      </species>
      <species id="H2SO3" initialAmount="1" name="H2SO3" metaid="meta_H2SO3" sboTerm="SBO:0000247" substanceUnits="substance" compartment="default">
<notes><body xmlns="http://www.w3.org/1999/xhtml"><a href="http://www.kegg.jp/dbget-bin/www_bget?C00094">Original Kegg Entry</a><br/>
<p><b>Sulfurous acid</b></p>
<p><b>All given names:</b><br/>Sulfite<br/>Sulfurous acid</p>
<p><b>Formula:</b> H2SO3</p>
<img src="http://www.kegg.jp/Fig/compound/C00094.gif"/><br/>
</body></notes>
        <annotation>
          <rdf:RDF xmlns:rdf="http://www.w3.org/1999/02/22-rdf-syntax-ns#" xmlns:bqbiol="http://biomodels.net/biology-qualifiers/">
            <rdf:Description rdf:about="#meta_H2SO3">
              <bqbiol:is>
                <rdf:Bag>
                  <rdf:li rdf:resource="urn:miriam:kegg.compound:C00094"/>
                </rdf:Bag>
              </bqbiol:is>
              <bqbiol:is>
                <rdf:Bag>
                  <rdf:li rdf:resource="urn:miriam:obo.chebi:CHEBI%3A48854"/>
                </rdf:Bag>
              </bqbiol:is>
              <bqbiol:hasProperty>
                <rdf:Bag>
                  <rdf:li rdf:resource="urn:miriam:3dmet:B00024"/>
                </rdf:Bag>
              </bqbiol:hasProperty>
              <bqbiol:unknownQualifier>
                <rdf:Bag>
                  <rdf:li rdf:resource="urn:miriam:obo.eco:ECO%3A0000313"/>
                </rdf:Bag>
              </bqbiol:unknownQualifier>
            </rdf:Description>
          </rdf:RDF>
        </annotation>
      </species>
      <species id="C2H5NO" initialAmount="1" name="C2H5NO" metaid="meta_C2H5NO" sboTerm="SBO:0000247" substanceUnits="substance" compartment="default">
<notes><body xmlns="http://www.w3.org/1999/xhtml"><a href="http://www.kegg.jp/dbget-bin/www_bget?C06735">Original Kegg Entry</a><br/>
<p><b>2-Aminoacetaldehyde</b></p>
<p><b>All given names:</b><br/>Aminoacetaldehyde<br/>2-Aminoacetaldehyde</p>
<p><b>Formula:</b> C2H5NO</p>
<img src="http://www.kegg.jp/Fig/compound/C06735.gif"/><br/>
</body></notes>
        <annotation>
          <rdf:RDF xmlns:rdf="http://www.w3.org/1999/02/22-rdf-syntax-ns#" xmlns:bqbiol="http://biomodels.net/biology-qualifiers/">
            <rdf:Description rdf:about="#meta_C2H5NO">
              <bqbiol:is>
                <rdf:Bag>
                  <rdf:li rdf:resource="urn:miriam:kegg.compound:C06735"/>
                </rdf:Bag>
              </bqbiol:is>
              <bqbiol:is>
                <rdf:Bag>
                  <rdf:li rdf:resource="urn:miriam:obo.chebi:CHEBI%3A17628"/>
                </rdf:Bag>
              </bqbiol:is>
              <bqbiol:hasProperty>
                <rdf:Bag>
                  <rdf:li rdf:resource="urn:miriam:pubchem.substance:8957"/>
                </rdf:Bag>
              </bqbiol:hasProperty>
              <bqbiol:hasProperty>
                <rdf:Bag>
                  <rdf:li rdf:resource="urn:miriam:3dmet:B01038"/>
                </rdf:Bag>
              </bqbiol:hasProperty>
              <bqbiol:unknownQualifier>
                <rdf:Bag>
                  <rdf:li rdf:resource="urn:miriam:obo.eco:ECO%3A0000313"/>
                </rdf:Bag>
              </bqbiol:unknownQualifier>
            </rdf:Description>
          </rdf:RDF>
        </annotation>
      </species>
      <species id="C3H7NO2" initialAmount="1" name="C3H7NO2" metaid="meta_C3H7NO2" sboTerm="SBO:0000247" substanceUnits="substance" compartment="default">
<notes><body xmlns="http://www.w3.org/1999/xhtml"><a href="http://www.kegg.jp/dbget-bin/www_bget?C00041">Original Kegg Entry</a><br/>
<p><b>L-alpha-Alanine</b></p>
<p><b>All given names:</b><br/>L-Alanine<br/>L-2-Aminopropionic acid<br/>L-alpha-Alanine</p>
<p><b>Formula:</b> C3H7NO2</p>
<img src="http://www.kegg.jp/Fig/compound/C00041.gif"/><br/>
</body></notes>
        <annotation>
          <rdf:RDF xmlns:rdf="http://www.w3.org/1999/02/22-rdf-syntax-ns#" xmlns:bqbiol="http://biomodels.net/biology-qualifiers/">
            <rdf:Description rdf:about="#meta_C3H7NO2">
              <bqbiol:is>
                <rdf:Bag>
                  <rdf:li rdf:resource="urn:miriam:kegg.compound:C00041"/>
                </rdf:Bag>
              </bqbiol:is>
              <bqbiol:is>
                <rdf:Bag>
                  <rdf:li rdf:resource="urn:miriam:obo.chebi:CHEBI%3A16977"/>
                </rdf:Bag>
              </bqbiol:is>
              <bqbiol:hasProperty>
                <rdf:Bag>
                  <rdf:li rdf:resource="urn:miriam:pubchem.substance:3343"/>
                </rdf:Bag>
              </bqbiol:hasProperty>
              <bqbiol:hasProperty>
                <rdf:Bag>
                  <rdf:li rdf:resource="urn:miriam:3dmet:B00011"/>
                </rdf:Bag>
              </bqbiol:hasProperty>
              <bqbiol:unknownQualifier>
                <rdf:Bag>
                  <rdf:li rdf:resource="urn:miriam:obo.eco:ECO%3A0000313"/>
                </rdf:Bag>
              </bqbiol:unknownQualifier>
            </rdf:Description>
          </rdf:RDF>
        </annotation>
      </species>
      <species id="C3H4O3" initialAmount="1" name="C3H4O3" metaid="meta_C3H4O3" sboTerm="SBO:0000247" substanceUnits="substance" compartment="default">
<notes><body xmlns="http://www.w3.org/1999/xhtml"><a href="http://www.kegg.jp/dbget-bin/www_bget?C00022">Original Kegg Entry</a><br/>
<p><b>Pyroracemic acid</b></p>
<p><b>All given names:</b><br/>Pyruvate<br/>Pyruvic acid<br/>2-Oxopropanoate<br/>2-Oxopropanoic acid<br/>Pyroracemic acid</p>
<p><b>Formula:</b> C3H4O3</p>
<img src="http://www.kegg.jp/Fig/compound/C00022.gif"/><br/>
</body></notes>
        <annotation>
          <rdf:RDF xmlns:rdf="http://www.w3.org/1999/02/22-rdf-syntax-ns#" xmlns:bqbiol="http://biomodels.net/biology-qualifiers/">
            <rdf:Description rdf:about="#meta_C3H4O3">
              <bqbiol:is>
                <rdf:Bag>
                  <rdf:li rdf:resource="urn:miriam:kegg.compound:C00022"/>
                </rdf:Bag>
              </bqbiol:is>
              <bqbiol:is>
                <rdf:Bag>
                  <rdf:li rdf:resource="urn:miriam:obo.chebi:CHEBI%3A32816"/>
                </rdf:Bag>
              </bqbiol:is>
              <bqbiol:hasProperty>
                <rdf:Bag>
                  <rdf:li rdf:resource="urn:miriam:pubchem.substance:3324"/>
                </rdf:Bag>
              </bqbiol:hasProperty>
              <bqbiol:hasProperty>
                <rdf:Bag>
                  <rdf:li rdf:resource="urn:miriam:3dmet:B00006"/>
                </rdf:Bag>
              </bqbiol:hasProperty>
              <bqbiol:hasProperty>
                <rdf:Bag>
                  <rdf:li rdf:resource="urn:miriam:lipidbank:DFA0385"/>
                </rdf:Bag>
              </bqbiol:hasProperty>
              <bqbiol:unknownQualifier>
                <rdf:Bag>
                  <rdf:li rdf:resource="urn:miriam:obo.eco:ECO%3A0000313"/>
                </rdf:Bag>
              </bqbiol:unknownQualifier>
            </rdf:Description>
          </rdf:RDF>
        </annotation>
      </species>
      <species id="C2H4O5S" initialAmount="1" name="C2H4O5S" metaid="meta_C2H4O5S" sboTerm="SBO:0000247" substanceUnits="substance" compartment="default">
<notes><body xmlns="http://www.w3.org/1999/xhtml"><a href="http://www.kegg.jp/dbget-bin/www_bget?C14179">Original Kegg Entry</a><br/>
<p><b>Sulfoacetic acid</b></p>
<p><b>All given names:</b><br/>Sulfoacetate<br/>Sulfoacetic acid</p>
<p><b>Formula:</b> C2H4O5S</p>
<img src="http://www.kegg.jp/Fig/compound/C14179.gif"/><br/>
</body></notes>
        <annotation>
          <rdf:RDF xmlns:rdf="http://www.w3.org/1999/02/22-rdf-syntax-ns#" xmlns:bqbiol="http://biomodels.net/biology-qualifiers/">
            <rdf:Description rdf:about="#meta_C2H4O5S">
              <bqbiol:is>
                <rdf:Bag>
                  <rdf:li rdf:resource="urn:miriam:kegg.compound:C14179"/>
                </rdf:Bag>
              </bqbiol:is>
              <bqbiol:is>
                <rdf:Bag>
                  <rdf:li rdf:resource="urn:miriam:obo.chebi:CHEBI%3A50519"/>
                </rdf:Bag>
              </bqbiol:is>
              <bqbiol:hasProperty>
                <rdf:Bag>
                  <rdf:li rdf:resource="urn:miriam:pubchem.substance:7846991"/>
                </rdf:Bag>
              </bqbiol:hasProperty>
              <bqbiol:unknownQualifier>
                <rdf:Bag>
                  <rdf:li rdf:resource="urn:miriam:obo.eco:ECO%3A0000313"/>
                </rdf:Bag>
              </bqbiol:unknownQualifier>
            </rdf:Description>
          </rdf:RDF>
        </annotation>
      </species>
      <species id="K15024" initialAmount="1" name="K15024" metaid="meta_K15024" sboTerm="SBO:0000354" substanceUnits="substance" compartment="default">
<notes><body xmlns="http://www.w3.org/1999/xhtml"><a href="http://www.kegg.jp/dbget-bin/www_bget?K13788+K00625+K15024">Original Kegg Entry</a><br/>
<p><b>Description for “pta”:</b> phosphate acetyltransferase [EC:2.3.1.8]</p>
<p><b>Description for “E2.3.1.8, pta”:</b> phosphate acetyltransferase [EC:2.3.1.8]</p>
<p><b>Description for “K15024”:</b> propanediol utilization protein</p>
</body></notes>
        <annotation>
          <rdf:RDF xmlns:rdf="http://www.w3.org/1999/02/22-rdf-syntax-ns#" xmlns:bqbiol="http://biomodels.net/biology-qualifiers/">
            <rdf:Description rdf:about="#meta_K15024">
              <bqbiol:hasVersion>
                <rdf:Bag>
                  <rdf:li rdf:resource="urn:miriam:kegg.orthology:K13788"/>
                  <rdf:li rdf:resource="urn:miriam:kegg.orthology:K00625"/>
                  <rdf:li rdf:resource="urn:miriam:kegg.orthology:K15024"/>
                </rdf:Bag>
              </bqbiol:hasVersion>
              <bqbiol:isDescribedBy>
                <rdf:Bag>
                  <rdf:li rdf:resource="urn:miriam:obo.go:GO:0008959"/>
                </rdf:Bag>
              </bqbiol:isDescribedBy>
              <bqbiol:occursIn>
                <rdf:Bag>
                  <rdf:li rdf:resource="urn:miriam:kegg.reaction:R00230"/>
                </rdf:Bag>
              </bqbiol:occursIn>
              <bqbiol:hasProperty>
                <rdf:Bag>
                  <rdf:li rdf:resource="urn:miriam:ec-code:2.3.1.8"/>
                </rdf:Bag>
              </bqbiol:hasProperty>
              <bqbiol:unknownQualifier>
                <rdf:Bag>
                  <rdf:li rdf:resource="urn:miriam:obo.eco:ECO%3A0000313"/>
                </rdf:Bag>
              </bqbiol:unknownQualifier>
            </rdf:Description>
          </rdf:RDF>
        </annotation>
      </species>
      <species id="C00227" initialAmount="1" name="C00227" metaid="meta_C00227" sboTerm="SBO:0000247" substanceUnits="substance" compartment="default">
<notes><body xmlns="http://www.w3.org/1999/xhtml"><a href="http://www.kegg.jp/dbget-bin/www_bget?C00227">Original Kegg Entry</a><br/>
</body></notes>
        <annotation>
          <rdf:RDF xmlns:rdf="http://www.w3.org/1999/02/22-rdf-syntax-ns#" xmlns:bqbiol="http://biomodels.net/biology-qualifiers/">
            <rdf:Description rdf:about="#meta_C00227">
              <bqbiol:is>
                <rdf:Bag>
                  <rdf:li rdf:resource="urn:miriam:kegg.compound:C00227"/>
                </rdf:Bag>
              </bqbiol:is>
              <bqbiol:unknownQualifier>
                <rdf:Bag>
                  <rdf:li rdf:resource="urn:miriam:obo.eco:ECO%3A0000313"/>
                </rdf:Bag>
              </bqbiol:unknownQualifier>
            </rdf:Description>
          </rdf:RDF>
        </annotation>
      </species>
      <species id="xsc" initialAmount="1" name="xsc" metaid="meta_xsc" sboTerm="SBO:0000354" substanceUnits="substance" compartment="default">
<notes><body xmlns="http://www.w3.org/1999/xhtml"><a href="http://www.kegg.jp/dbget-bin/www_bget?K03852">Original Kegg Entry</a><br/>
<p><b>Description for “xsc”:</b> sulfoacetaldehyde acetyltransferase [EC:2.3.3.15]</p>
</body></notes>
        <annotation>
          <rdf:RDF xmlns:rdf="http://www.w3.org/1999/02/22-rdf-syntax-ns#" xmlns:bqbiol="http://biomodels.net/biology-qualifiers/">
            <rdf:Description rdf:about="#meta_xsc">
              <bqbiol:is>
                <rdf:Bag>
                  <rdf:li rdf:resource="urn:miriam:kegg.orthology:K03852"/>
                </rdf:Bag>
              </bqbiol:is>
              <bqbiol:isDescribedBy>
                <rdf:Bag>
                  <rdf:li rdf:resource="urn:miriam:obo.go:GO:0050487"/>
                </rdf:Bag>
              </bqbiol:isDescribedBy>
              <bqbiol:occursIn>
                <rdf:Bag>
                  <rdf:li rdf:resource="urn:miriam:kegg.reaction:R05651"/>
                </rdf:Bag>
              </bqbiol:occursIn>
              <bqbiol:hasProperty>
                <rdf:Bag>
                  <rdf:li rdf:resource="urn:miriam:ec-code:2.3.3.15"/>
                </rdf:Bag>
              </bqbiol:hasProperty>
              <bqbiol:unknownQualifier>
                <rdf:Bag>
                  <rdf:li rdf:resource="urn:miriam:obo.eco:ECO%3A0000313"/>
                </rdf:Bag>
              </bqbiol:unknownQualifier>
            </rdf:Description>
          </rdf:RDF>
        </annotation>
      </species>
      <species id="Pyruvate_metabolism" initialAmount="1" name="Pyruvate metabolism" metaid="meta_Pyruvate_metabolism" sboTerm="SBO:0000552" substanceUnits="substance" compartment="default">
<notes><body xmlns="http://www.w3.org/1999/xhtml"><a href="http://www.kegg.jp/dbget-bin/www_bget?hsa00620">Original Kegg Entry</a><br/>
<p><b>Pyruvate metabolism - Homo sapiens (human)</b></p>
<img src="http://www.kegg.jp/kegg/misc/thumbnail/map00620.gif"/><br/>
</body></notes>
        <annotation>
          <rdf:RDF xmlns:rdf="http://www.w3.org/1999/02/22-rdf-syntax-ns#" xmlns:bqbiol="http://biomodels.net/biology-qualifiers/">
            <rdf:Description rdf:about="#meta_Pyruvate_metabolism">
              <bqbiol:is>
                <rdf:Bag>
                  <rdf:li rdf:resource="urn:miriam:kegg.pathway:hsa00620"/>
                </rdf:Bag>
              </bqbiol:is>
              <bqbiol:isDescribedBy>
                <rdf:Bag>
                  <rdf:li rdf:resource="urn:miriam:obo.go:GO:0006090"/>
                </rdf:Bag>
              </bqbiol:isDescribedBy>
              <bqbiol:unknownQualifier>
                <rdf:Bag>
                  <rdf:li rdf:resource="urn:miriam:obo.eco:ECO%3A0000313"/>
                </rdf:Bag>
              </bqbiol:unknownQualifier>
            </rdf:Description>
          </rdf:RDF>
        </annotation>
      </species>
      <species id="C23H38N7O17P3S" initialAmount="1" name="C23H38N7O17P3S" metaid="meta_C23H38N7O17P3S" sboTerm="SBO:0000247" substanceUnits="substance" compartment="default">
<notes><body xmlns="http://www.w3.org/1999/xhtml"><a href="http://www.kegg.jp/dbget-bin/www_bget?C00024">Original Kegg Entry</a><br/>
<p><b>Acetyl coenzyme A</b></p>
<p><b>All given names:</b><br/>Acetyl-CoA<br/>Acetyl coenzyme A</p>
<p><b>Formula:</b> C23H38N7O17P3S</p>
<img src="http://www.kegg.jp/Fig/compound/C00024.gif"/><br/>
</body></notes>
        <annotation>
          <rdf:RDF xmlns:rdf="http://www.w3.org/1999/02/22-rdf-syntax-ns#" xmlns:bqbiol="http://biomodels.net/biology-qualifiers/">
            <rdf:Description rdf:about="#meta_C23H38N7O17P3S">
              <bqbiol:is>
                <rdf:Bag>
                  <rdf:li rdf:resource="urn:miriam:kegg.compound:C00024"/>
                </rdf:Bag>
              </bqbiol:is>
              <bqbiol:is>
                <rdf:Bag>
                  <rdf:li rdf:resource="urn:miriam:obo.chebi:CHEBI%3A15351"/>
                </rdf:Bag>
              </bqbiol:is>
              <bqbiol:hasProperty>
                <rdf:Bag>
                  <rdf:li rdf:resource="urn:miriam:pubchem.substance:3326"/>
                </rdf:Bag>
              </bqbiol:hasProperty>
              <bqbiol:hasProperty>
                <rdf:Bag>
                  <rdf:li rdf:resource="urn:miriam:3dmet:B04621"/>
                </rdf:Bag>
              </bqbiol:hasProperty>
              <bqbiol:unknownQualifier>
                <rdf:Bag>
                  <rdf:li rdf:resource="urn:miriam:obo.eco:ECO%3A0000313"/>
                </rdf:Bag>
              </bqbiol:unknownQualifier>
            </rdf:Description>
          </rdf:RDF>
        </annotation>
      </species>
      <species id="tpa" initialAmount="1" name="tpa" metaid="meta_tpa" sboTerm="SBO:0000354" substanceUnits="substance" compartment="default">
<notes><body xmlns="http://www.w3.org/1999/xhtml"><a href="http://www.kegg.jp/dbget-bin/www_bget?K03851">Original Kegg Entry</a><br/>
<p><b>Description for “tpa”:</b> taurine-pyruvate aminotransferase [EC:2.6.1.77]</p>
</body></notes>
        <annotation>
          <rdf:RDF xmlns:rdf="http://www.w3.org/1999/02/22-rdf-syntax-ns#" xmlns:bqbiol="http://biomodels.net/biology-qualifiers/">
            <rdf:Description rdf:about="#meta_tpa">
              <bqbiol:is>
                <rdf:Bag>
                  <rdf:li rdf:resource="urn:miriam:kegg.orthology:K03851"/>
                </rdf:Bag>
              </bqbiol:is>
              <bqbiol:isDescribedBy>
                <rdf:Bag>
                  <rdf:li rdf:resource="urn:miriam:obo.go:GO:0031299"/>
                </rdf:Bag>
              </bqbiol:isDescribedBy>
              <bqbiol:occursIn>
                <rdf:Bag>
                  <rdf:li rdf:resource="urn:miriam:kegg.reaction:R05652"/>
                </rdf:Bag>
              </bqbiol:occursIn>
              <bqbiol:hasProperty>
                <rdf:Bag>
                  <rdf:li rdf:resource="urn:miriam:ec-code:2.6.1.77"/>
                </rdf:Bag>
              </bqbiol:hasProperty>
              <bqbiol:unknownQualifier>
                <rdf:Bag>
                  <rdf:li rdf:resource="urn:miriam:obo.eco:ECO%3A0000313"/>
                </rdf:Bag>
              </bqbiol:unknownQualifier>
            </rdf:Description>
          </rdf:RDF>
        </annotation>
      </species>
      <species id="Glutathione_metabolism" initialAmount="1" name="Glutathione metabolism" metaid="meta_Glutathione_metabolism" sboTerm="SBO:0000552" substanceUnits="substance" compartment="default">
<notes><body xmlns="http://www.w3.org/1999/xhtml"><a href="http://www.kegg.jp/dbget-bin/www_bget?hsa00480">Original Kegg Entry</a><br/>
<p><b>Glutathione metabolism - Homo sapiens (human)</b></p>
<img src="http://www.kegg.jp/kegg/misc/thumbnail/map00480.gif"/><br/>
</body></notes>
        <annotation>
          <rdf:RDF xmlns:rdf="http://www.w3.org/1999/02/22-rdf-syntax-ns#" xmlns:bqbiol="http://biomodels.net/biology-qualifiers/">
            <rdf:Description rdf:about="#meta_Glutathione_metabolism">
              <bqbiol:is>
                <rdf:Bag>
                  <rdf:li rdf:resource="urn:miriam:kegg.pathway:hsa00480"/>
                </rdf:Bag>
              </bqbiol:is>
              <bqbiol:isDescribedBy>
                <rdf:Bag>
                  <rdf:li rdf:resource="urn:miriam:obo.go:GO:0006749"/>
                </rdf:Bag>
              </bqbiol:isDescribedBy>
              <bqbiol:unknownQualifier>
                <rdf:Bag>
                  <rdf:li rdf:resource="urn:miriam:obo.eco:ECO%3A0000313"/>
                </rdf:Bag>
              </bqbiol:unknownQualifier>
            </rdf:Description>
          </rdf:RDF>
        </annotation>
      </species>
      <species id="Cyanoamino_acid_metabolism" initialAmount="1" name="Cyanoamino acid metabolism" metaid="meta_Cyanoamino_acid_metabolism" sboTerm="SBO:0000552" substanceUnits="substance" compartment="default">
<notes><body xmlns="http://www.w3.org/1999/xhtml"><a href="http://www.kegg.jp/dbget-bin/www_bget?hsa00460">Original Kegg Entry</a><br/>
<p><b>Cyanoamino acid metabolism - Homo sapiens (human)</b></p>
<img src="http://www.kegg.jp/kegg/misc/thumbnail/map00460.gif"/><br/>
</body></notes>
        <annotation>
          <rdf:RDF xmlns:rdf="http://www.w3.org/1999/02/22-rdf-syntax-ns#" xmlns:bqbiol="http://biomodels.net/biology-qualifiers/">
            <rdf:Description rdf:about="#meta_Cyanoamino_acid_metabolism">
              <bqbiol:is>
                <rdf:Bag>
                  <rdf:li rdf:resource="urn:miriam:kegg.pathway:hsa00460"/>
                </rdf:Bag>
              </bqbiol:is>
              <bqbiol:isDescribedBy>
                <rdf:Bag>
                  <rdf:li rdf:resource="urn:miriam:obo.go:GO:0033052"/>
                  <rdf:li rdf:resource="urn:miriam:obo.go:GO:0019756"/>
                </rdf:Bag>
              </bqbiol:isDescribedBy>
              <bqbiol:unknownQualifier>
                <rdf:Bag>
                  <rdf:li rdf:resource="urn:miriam:obo.eco:ECO%3A0000313"/>
                </rdf:Bag>
              </bqbiol:unknownQualifier>
            </rdf:Description>
          </rdf:RDF>
        </annotation>
      </species>
      <species id="Cysteine_and_methionine_metabolism" initialAmount="1" name="Cysteine and methionine metabolism" metaid="meta_Cysteine_and_methionine_metabolism" sboTerm="SBO:0000552" substanceUnits="substance" compartment="default">
<notes><body xmlns="http://www.w3.org/1999/xhtml"><a href="http://www.kegg.jp/dbget-bin/www_bget?hsa00270">Original Kegg Entry</a><br/>
<p><b>Cysteine and methionine metabolism - Homo sapiens (human)</b></p>
<img src="http://www.kegg.jp/kegg/misc/thumbnail/map00270.gif"/><br/>
</body></notes>
        <annotation>
          <rdf:RDF xmlns:rdf="http://www.w3.org/1999/02/22-rdf-syntax-ns#" xmlns:bqbiol="http://biomodels.net/biology-qualifiers/">
            <rdf:Description rdf:about="#meta_Cysteine_and_methionine_metabolism">
              <bqbiol:is>
                <rdf:Bag>
                  <rdf:li rdf:resource="urn:miriam:kegg.pathway:hsa00270"/>
                </rdf:Bag>
              </bqbiol:is>
              <bqbiol:isDescribedBy>
                <rdf:Bag>
                  <rdf:li rdf:resource="urn:miriam:obo.go:GO:0006534"/>
                  <rdf:li rdf:resource="urn:miriam:obo.go:GO:0006555"/>
                </rdf:Bag>
              </bqbiol:isDescribedBy>
              <bqbiol:unknownQualifier>
                <rdf:Bag>
                  <rdf:li rdf:resource="urn:miriam:obo.eco:ECO%3A0000313"/>
                </rdf:Bag>
              </bqbiol:unknownQualifier>
            </rdf:Description>
          </rdf:RDF>
        </annotation>
      </species>
      <species id="tau" initialAmount="1" name="tau" metaid="meta_tau" sboTerm="SBO:0000354" substanceUnits="substance" compartment="default">
<notes><body xmlns="http://www.w3.org/1999/xhtml"><a href="http://www.kegg.jp/dbget-bin/www_bget?K07255+K07256">Original Kegg Entry</a><br/>
<p><b>Description for “tauX”:</b> taurine dehydrogenase small subunit [EC:1.4.2.-]</p>
<p><b>Description for “tauY”:</b> taurine dehydrogenase large subunit [EC:1.4.2.-]</p>
</body></notes>
        <annotation>
          <rdf:RDF xmlns:rdf="http://www.w3.org/1999/02/22-rdf-syntax-ns#" xmlns:bqbiol="http://biomodels.net/biology-qualifiers/">
            <rdf:Description rdf:about="#meta_tau">
              <bqbiol:hasVersion>
                <rdf:Bag>
                  <rdf:li rdf:resource="urn:miriam:kegg.orthology:K07255"/>
                  <rdf:li rdf:resource="urn:miriam:kegg.orthology:K07256"/>
                </rdf:Bag>
              </bqbiol:hasVersion>
              <bqbiol:occursIn>
                <rdf:Bag>
                  <rdf:li rdf:resource="urn:miriam:kegg.reaction:R01685"/>
                </rdf:Bag>
              </bqbiol:occursIn>
              <bqbiol:hasProperty>
                <rdf:Bag>
                  <rdf:li rdf:resource="urn:miriam:ec-code:1.4.2.-"/>
                </rdf:Bag>
              </bqbiol:hasProperty>
              <bqbiol:unknownQualifier>
                <rdf:Bag>
                  <rdf:li rdf:resource="urn:miriam:obo.eco:ECO%3A0000313"/>
                </rdf:Bag>
              </bqbiol:unknownQualifier>
            </rdf:Description>
          </rdf:RDF>
        </annotation>
      </species>
      <species id="CSAD" initialAmount="1" name="CSAD" metaid="meta_CSAD" sboTerm="SBO:0000354" substanceUnits="substance" compartment="default">
<notes><body xmlns="http://www.w3.org/1999/xhtml"><a href="http://www.kegg.jp/dbget-bin/www_bget?hsa:51380">Original Kegg Entry</a><br/>
<p><b>Description for “CSAD, CSD, FLJ44987, FLJ45500, MGC119354, MGC119355, MGC119357, PCAP”:</b> cysteine sulfinic acid decarboxylase (EC:4.1.1.29)</p>
</body></notes>
        <annotation>
          <rdf:RDF xmlns:rdf="http://www.w3.org/1999/02/22-rdf-syntax-ns#" xmlns:bqbiol="http://biomodels.net/biology-qualifiers/">
            <rdf:Description rdf:about="#meta_CSAD">
              <bqbiol:is>
                <rdf:Bag>
                  <rdf:li rdf:resource="urn:miriam:kegg.genes:hsa%3A51380"/>
                </rdf:Bag>
              </bqbiol:is>
              <bqbiol:isEncodedBy>
                <rdf:Bag>
                  <rdf:li rdf:resource="urn:miriam:entrez.gene:51380"/>
                </rdf:Bag>
              </bqbiol:isEncodedBy>
              <bqbiol:isEncodedBy>
                <rdf:Bag>
                  <rdf:li rdf:resource="urn:miriam:ensembl:ENSG00000139631"/>
                </rdf:Bag>
              </bqbiol:isEncodedBy>
              <bqbiol:is>
                <rdf:Bag>
                  <rdf:li rdf:resource="urn:miriam:uniprot:Q9Y600"/>
                </rdf:Bag>
              </bqbiol:is>
              <bqbiol:isEncodedBy>
                <rdf:Bag>
                  <rdf:li rdf:resource="urn:miriam:hgnc:HGNC%3A18966"/>
                </rdf:Bag>
              </bqbiol:isEncodedBy>
              <bqbiol:occursIn>
                <rdf:Bag>
                  <rdf:li rdf:resource="urn:miriam:kegg.reaction:R01682"/>
                </rdf:Bag>
              </bqbiol:occursIn>
              <bqbiol:hasProperty>
                <rdf:Bag>
                  <rdf:li rdf:resource="urn:miriam:ec-code:4.1.1.29"/>
                </rdf:Bag>
              </bqbiol:hasProperty>
              <bqbiol:unknownQualifier>
                <rdf:Bag>
                  <rdf:li rdf:resource="urn:miriam:obo.eco:ECO%3A0000313"/>
                </rdf:Bag>
              </bqbiol:unknownQualifier>
            </rdf:Description>
          </rdf:RDF>
        </annotation>
      </species>
      <species id="GAD" initialAmount="1" name="GAD" metaid="meta_GAD" sboTerm="SBO:0000354" substanceUnits="substance" compartment="default">
<notes><body xmlns="http://www.w3.org/1999/xhtml"><a href="http://www.kegg.jp/dbget-bin/www_bget?hsa:2571+hsa:2572">Original Kegg Entry</a><br/>
<p><b>Description for “GAD1, FLJ45882, GAD, SCP”:</b> glutamate decarboxylase 1 (brain, 67kDa) (EC:4.1.1.15)</p>
<p><b>Description for “GAD2, GAD65, MGC161605, MGC161607”:</b> glutamate decarboxylase 2 (pancreatic islets and brain, 65kDa) (EC:4.1.1.15)</p>
</body></notes>
        <annotation>
          <rdf:RDF xmlns:rdf="http://www.w3.org/1999/02/22-rdf-syntax-ns#" xmlns:bqbiol="http://biomodels.net/biology-qualifiers/">
            <rdf:Description rdf:about="#meta_GAD">
              <bqbiol:hasVersion>
                <rdf:Bag>
                  <rdf:li rdf:resource="urn:miriam:kegg.genes:hsa%3A2571"/>
                  <rdf:li rdf:resource="urn:miriam:kegg.genes:hsa%3A2572"/>
                </rdf:Bag>
              </bqbiol:hasVersion>
              <bqbiol:isEncodedBy>
                <rdf:Bag>
                  <rdf:li rdf:resource="urn:miriam:entrez.gene:2571"/>
                  <rdf:li rdf:resource="urn:miriam:entrez.gene:2572"/>
                </rdf:Bag>
              </bqbiol:isEncodedBy>
              <bqbiol:hasProperty>
                <rdf:Bag>
                  <rdf:li rdf:resource="urn:miriam:omim:605363"/>
                  <rdf:li rdf:resource="urn:miriam:omim:138275"/>
                </rdf:Bag>
              </bqbiol:hasProperty>
              <bqbiol:isEncodedBy>
                <rdf:Bag>
                  <rdf:li rdf:resource="urn:miriam:ensembl:ENSG00000128683"/>
                  <rdf:li rdf:resource="urn:miriam:ensembl:ENSG00000136750"/>
                </rdf:Bag>
              </bqbiol:isEncodedBy>
              <bqbiol:hasVersion>
                <rdf:Bag>
                  <rdf:li rdf:resource="urn:miriam:uniprot:Q99259"/>
                  <rdf:li rdf:resource="urn:miriam:uniprot:Q8IVA8"/>
                  <rdf:li rdf:resource="urn:miriam:uniprot:Q05329"/>
                  <rdf:li rdf:resource="urn:miriam:uniprot:Q5VZ30"/>
                </rdf:Bag>
              </bqbiol:hasVersion>
              <bqbiol:isEncodedBy>
                <rdf:Bag>
                  <rdf:li rdf:resource="urn:miriam:hgnc:HGNC%3A4092"/>
                  <rdf:li rdf:resource="urn:miriam:hgnc:HGNC%3A4093"/>
                </rdf:Bag>
              </bqbiol:isEncodedBy>
              <bqbiol:occursIn>
                <rdf:Bag>
                  <rdf:li rdf:resource="urn:miriam:kegg.reaction:R01682"/>
                </rdf:Bag>
              </bqbiol:occursIn>
              <bqbiol:hasProperty>
                <rdf:Bag>
                  <rdf:li rdf:resource="urn:miriam:ec-code:4.1.1.15"/>
                </rdf:Bag>
              </bqbiol:hasProperty>
              <bqbiol:unknownQualifier>
                <rdf:Bag>
                  <rdf:li rdf:resource="urn:miriam:obo.eco:ECO%3A0000313"/>
                </rdf:Bag>
              </bqbiol:unknownQualifier>
            </rdf:Description>
          </rdf:RDF>
        </annotation>
      </species>
      <species id="CDO1" initialAmount="1" name="CDO1" metaid="meta_CDO1" sboTerm="SBO:0000354" substanceUnits="substance" compartment="default">
<notes><body xmlns="http://www.w3.org/1999/xhtml"><a href="http://www.kegg.jp/dbget-bin/www_bget?hsa:1036">Original Kegg Entry</a><br/>
<p><b>Description for “CDO1”:</b> cysteine dioxygenase, type I (EC:1.13.11.20)</p>
</body></notes>
        <annotation>
          <rdf:RDF xmlns:rdf="http://www.w3.org/1999/02/22-rdf-syntax-ns#" xmlns:bqbiol="http://biomodels.net/biology-qualifiers/">
            <rdf:Description rdf:about="#meta_CDO1">
              <bqbiol:is>
                <rdf:Bag>
                  <rdf:li rdf:resource="urn:miriam:kegg.genes:hsa%3A1036"/>
                </rdf:Bag>
              </bqbiol:is>
              <bqbiol:isEncodedBy>
                <rdf:Bag>
                  <rdf:li rdf:resource="urn:miriam:entrez.gene:1036"/>
                </rdf:Bag>
              </bqbiol:isEncodedBy>
              <bqbiol:hasProperty>
                <rdf:Bag>
                  <rdf:li rdf:resource="urn:miriam:omim:603943"/>
                </rdf:Bag>
              </bqbiol:hasProperty>
              <bqbiol:isEncodedBy>
                <rdf:Bag>
                  <rdf:li rdf:resource="urn:miriam:ensembl:ENSG00000129596"/>
                </rdf:Bag>
              </bqbiol:isEncodedBy>
              <bqbiol:is>
                <rdf:Bag>
                  <rdf:li rdf:resource="urn:miriam:uniprot:Q16878"/>
                </rdf:Bag>
              </bqbiol:is>
              <bqbiol:isEncodedBy>
                <rdf:Bag>
                  <rdf:li rdf:resource="urn:miriam:hgnc:HGNC%3A1795"/>
                </rdf:Bag>
              </bqbiol:isEncodedBy>
              <bqbiol:occursIn>
                <rdf:Bag>
                  <rdf:li rdf:resource="urn:miriam:kegg.reaction:R00893"/>
                </rdf:Bag>
              </bqbiol:occursIn>
              <bqbiol:hasProperty>
                <rdf:Bag>
                  <rdf:li rdf:resource="urn:miriam:ec-code:1.13.11.20"/>
                </rdf:Bag>
              </bqbiol:hasProperty>
              <bqbiol:unknownQualifier>
                <rdf:Bag>
                  <rdf:li rdf:resource="urn:miriam:obo.eco:ECO%3A0000313"/>
                </rdf:Bag>
              </bqbiol:unknownQualifier>
            </rdf:Description>
          </rdf:RDF>
        </annotation>
      </species>
      <species id="ADO" initialAmount="1" name="ADO" metaid="meta_ADO" sboTerm="SBO:0000354" substanceUnits="substance" compartment="default">
<notes><body xmlns="http://www.w3.org/1999/xhtml"><a href="http://www.kegg.jp/dbget-bin/www_bget?hsa:84890">Original Kegg Entry</a><br/>
<p><b>Description for “ADO, C10orf22, DKFZp564C046, FLJ14547”:</b> 2-aminoethanethiol (cysteamine) dioxygenase (EC:1.13.11.19)</p>
</body></notes>
        <annotation>
          <rdf:RDF xmlns:rdf="http://www.w3.org/1999/02/22-rdf-syntax-ns#" xmlns:bqbiol="http://biomodels.net/biology-qualifiers/">
            <rdf:Description rdf:about="#meta_ADO">
              <bqbiol:is>
                <rdf:Bag>
                  <rdf:li rdf:resource="urn:miriam:kegg.genes:hsa%3A84890"/>
                </rdf:Bag>
              </bqbiol:is>
              <bqbiol:isEncodedBy>
                <rdf:Bag>
                  <rdf:li rdf:resource="urn:miriam:entrez.gene:84890"/>
                </rdf:Bag>
              </bqbiol:isEncodedBy>
              <bqbiol:hasProperty>
                <rdf:Bag>
                  <rdf:li rdf:resource="urn:miriam:omim:611392"/>
                </rdf:Bag>
              </bqbiol:hasProperty>
              <bqbiol:isEncodedBy>
                <rdf:Bag>
                  <rdf:li rdf:resource="urn:miriam:ensembl:ENSG00000181915"/>
                </rdf:Bag>
              </bqbiol:isEncodedBy>
              <bqbiol:hasVersion>
                <rdf:Bag>
                  <rdf:li rdf:resource="urn:miriam:uniprot:Q96SZ5"/>
                  <rdf:li rdf:resource="urn:miriam:uniprot:B3KXN9"/>
                </rdf:Bag>
              </bqbiol:hasVersion>
              <bqbiol:isEncodedBy>
                <rdf:Bag>
                  <rdf:li rdf:resource="urn:miriam:hgnc:HGNC%3A23506"/>
                </rdf:Bag>
              </bqbiol:isEncodedBy>
              <bqbiol:occursIn>
                <rdf:Bag>
                  <rdf:li rdf:resource="urn:miriam:kegg.reaction:R02467"/>
                </rdf:Bag>
              </bqbiol:occursIn>
              <bqbiol:hasProperty>
                <rdf:Bag>
                  <rdf:li rdf:resource="urn:miriam:ec-code:1.13.11.19"/>
                </rdf:Bag>
              </bqbiol:hasProperty>
              <bqbiol:unknownQualifier>
                <rdf:Bag>
                  <rdf:li rdf:resource="urn:miriam:obo.eco:ECO%3A0000313"/>
                </rdf:Bag>
              </bqbiol:unknownQualifier>
            </rdf:Description>
          </rdf:RDF>
        </annotation>
      </species>
      <species id="GGT" initialAmount="1" name="GGT" metaid="meta_GGT" sboTerm="SBO:0000354" substanceUnits="substance" compartment="default">
<notes><body xmlns="http://www.w3.org/1999/xhtml"><a href="http://www.kegg.jp/dbget-bin/www_bget?hsa:124975+hsa:2678+hsa:2686+hsa:2687">Original Kegg Entry</a><br/>
<p><b>Description for “GGT6, FLJ25990, FLJ90165”:</b> gamma-glutamyltransferase 6 (EC:2.3.2.2)</p>
<p><b>Description for “GGT1, CD224, D22S672, D22S732, GGT, GGT_1, GTG, MGC96892, MGC96904, MGC96963”:</b> gamma-glutamyltransferase 1 (EC:2.3.2.2)</p>
<p><b>Description for “GGT7, D20S101, GGT4, GGTL3, GGTL5, dJ18C9.2”:</b> gamma-glutamyltransferase 7 (EC:2.3.2.2)</p>
<p><b>Description for “GGT5, DKFZp566O011, FLJ92733, GGT-REL, GGTLA1”:</b> gamma-glutamyltransferase 5 (EC:2.3.2.2)</p>
</body></notes>
        <annotation>
          <rdf:RDF xmlns:rdf="http://www.w3.org/1999/02/22-rdf-syntax-ns#" xmlns:bqbiol="http://biomodels.net/biology-qualifiers/">
            <rdf:Description rdf:about="#meta_GGT">
              <bqbiol:hasVersion>
                <rdf:Bag>
                  <rdf:li rdf:resource="urn:miriam:kegg.genes:hsa%3A124975"/>
                  <rdf:li rdf:resource="urn:miriam:kegg.genes:hsa%3A2678"/>
                  <rdf:li rdf:resource="urn:miriam:kegg.genes:hsa%3A2686"/>
                  <rdf:li rdf:resource="urn:miriam:kegg.genes:hsa%3A2687"/>
                </rdf:Bag>
              </bqbiol:hasVersion>
              <bqbiol:isEncodedBy>
                <rdf:Bag>
                  <rdf:li rdf:resource="urn:miriam:entrez.gene:124975"/>
                  <rdf:li rdf:resource="urn:miriam:entrez.gene:2678"/>
                  <rdf:li rdf:resource="urn:miriam:entrez.gene:2686"/>
                  <rdf:li rdf:resource="urn:miriam:entrez.gene:2687"/>
                </rdf:Bag>
              </bqbiol:isEncodedBy>
              <bqbiol:hasProperty>
                <rdf:Bag>
                  <rdf:li rdf:resource="urn:miriam:omim:612341"/>
                  <rdf:li rdf:resource="urn:miriam:omim:612346"/>
                  <rdf:li rdf:resource="urn:miriam:omim:612342"/>
                  <rdf:li rdf:resource="urn:miriam:omim:137168"/>
                </rdf:Bag>
              </bqbiol:hasProperty>
              <bqbiol:isEncodedBy>
                <rdf:Bag>
                  <rdf:li rdf:resource="urn:miriam:ensembl:ENSG00000167741"/>
                  <rdf:li rdf:resource="urn:miriam:ensembl:ENSG00000100031"/>
                  <rdf:li rdf:resource="urn:miriam:ensembl:ENSG00000131067"/>
                  <rdf:li rdf:resource="urn:miriam:ensembl:ENSG00000099998"/>
                </rdf:Bag>
              </bqbiol:isEncodedBy>
              <bqbiol:hasVersion>
                <rdf:Bag>
                  <rdf:li rdf:resource="urn:miriam:uniprot:Q6P531"/>
                  <rdf:li rdf:resource="urn:miriam:uniprot:Q6ZPD7"/>
                  <rdf:li rdf:resource="urn:miriam:uniprot:P19440"/>
                  <rdf:li rdf:resource="urn:miriam:uniprot:Q9UJ14"/>
                  <rdf:li rdf:resource="urn:miriam:uniprot:A0PJJ9"/>
                  <rdf:li rdf:resource="urn:miriam:uniprot:P36269"/>
                  <rdf:li rdf:resource="urn:miriam:uniprot:Q6GMP0"/>
                  <rdf:li rdf:resource="urn:miriam:uniprot:Q53XM9"/>
                </rdf:Bag>
              </bqbiol:hasVersion>
              <bqbiol:isEncodedBy>
                <rdf:Bag>
                  <rdf:li rdf:resource="urn:miriam:hgnc:HGNC%3A26891"/>
                  <rdf:li rdf:resource="urn:miriam:hgnc:HGNC%3A4250"/>
                  <rdf:li rdf:resource="urn:miriam:hgnc:HGNC%3A4259"/>
                  <rdf:li rdf:resource="urn:miriam:hgnc:HGNC%3A4260"/>
                </rdf:Bag>
              </bqbiol:isEncodedBy>
              <bqbiol:occursIn>
                <rdf:Bag>
                  <rdf:li rdf:resource="urn:miriam:kegg.reaction:R01687"/>
                </rdf:Bag>
              </bqbiol:occursIn>
              <bqbiol:hasProperty>
                <rdf:Bag>
                  <rdf:li rdf:resource="urn:miriam:ec-code:2.3.2.2"/>
                </rdf:Bag>
              </bqbiol:hasProperty>
              <bqbiol:unknownQualifier>
                <rdf:Bag>
                  <rdf:li rdf:resource="urn:miriam:obo.eco:ECO%3A0000313"/>
                </rdf:Bag>
              </bqbiol:unknownQualifier>
            </rdf:Description>
          </rdf:RDF>
        </annotation>
      </species>
      <species id="BAAT" initialAmount="1" name="BAAT" metaid="meta_BAAT" sboTerm="SBO:0000354" substanceUnits="substance" compartment="default">
<notes><body xmlns="http://www.w3.org/1999/xhtml"><a href="http://www.kegg.jp/dbget-bin/www_bget?hsa:570">Original Kegg Entry</a><br/>
<p><b>Description for “BAAT, BACAT, BAT, FLJ20300, MGC104432”:</b> bile acid CoA: amino acid N-acyltransferase (glycine N-choloyltransferase) (EC:2.3.1.65 3.1.2.2)</p>
</body></notes>
        <annotation>
          <rdf:RDF xmlns:rdf="http://www.w3.org/1999/02/22-rdf-syntax-ns#" xmlns:bqbiol="http://biomodels.net/biology-qualifiers/">
            <rdf:Description rdf:about="#meta_BAAT">
              <bqbiol:is>
                <rdf:Bag>
                  <rdf:li rdf:resource="urn:miriam:kegg.genes:hsa%3A570"/>
                </rdf:Bag>
              </bqbiol:is>
              <bqbiol:isEncodedBy>
                <rdf:Bag>
                  <rdf:li rdf:resource="urn:miriam:entrez.gene:570"/>
                </rdf:Bag>
              </bqbiol:isEncodedBy>
              <bqbiol:hasProperty>
                <rdf:Bag>
                  <rdf:li rdf:resource="urn:miriam:omim:602938"/>
                </rdf:Bag>
              </bqbiol:hasProperty>
              <bqbiol:isEncodedBy>
                <rdf:Bag>
                  <rdf:li rdf:resource="urn:miriam:ensembl:ENSG00000136881"/>
                </rdf:Bag>
              </bqbiol:isEncodedBy>
              <bqbiol:is>
                <rdf:Bag>
                  <rdf:li rdf:resource="urn:miriam:uniprot:Q14032"/>
                </rdf:Bag>
              </bqbiol:is>
              <bqbiol:isEncodedBy>
                <rdf:Bag>
                  <rdf:li rdf:resource="urn:miriam:hgnc:HGNC%3A932"/>
                </rdf:Bag>
              </bqbiol:isEncodedBy>
              <bqbiol:occursIn>
                <rdf:Bag>
                  <rdf:li rdf:resource="urn:miriam:kegg.reaction:R03720"/>
                </rdf:Bag>
              </bqbiol:occursIn>
              <bqbiol:hasProperty>
                <rdf:Bag>
                  <rdf:li rdf:resource="urn:miriam:ec-code:3.1.2.2"/>
                  <rdf:li rdf:resource="urn:miriam:ec-code:2.3.1.65"/>
                </rdf:Bag>
              </bqbiol:hasProperty>
              <bqbiol:unknownQualifier>
                <rdf:Bag>
                  <rdf:li rdf:resource="urn:miriam:obo.eco:ECO%3A0000313"/>
                </rdf:Bag>
              </bqbiol:unknownQualifier>
            </rdf:Description>
          </rdf:RDF>
        </annotation>
      </species>
      <species id="ackA" initialAmount="1" name="ackA" metaid="meta_ackA" sboTerm="SBO:0000354" substanceUnits="substance" compartment="default">
<notes><body xmlns="http://www.w3.org/1999/xhtml"><a href="http://www.kegg.jp/dbget-bin/www_bget?K00925">Original Kegg Entry</a><br/>
<p><b>Description for “ackA”:</b> acetate kinase [EC:2.7.2.1]</p>
</body></notes>
        <annotation>
          <rdf:RDF xmlns:rdf="http://www.w3.org/1999/02/22-rdf-syntax-ns#" xmlns:bqbiol="http://biomodels.net/biology-qualifiers/">
            <rdf:Description rdf:about="#meta_ackA">
              <bqbiol:is>
                <rdf:Bag>
                  <rdf:li rdf:resource="urn:miriam:kegg.orthology:K00925"/>
                </rdf:Bag>
              </bqbiol:is>
              <bqbiol:isDescribedBy>
                <rdf:Bag>
                  <rdf:li rdf:resource="urn:miriam:obo.go:GO:0008776"/>
                </rdf:Bag>
              </bqbiol:isDescribedBy>
              <bqbiol:occursIn>
                <rdf:Bag>
                  <rdf:li rdf:resource="urn:miriam:kegg.reaction:R00315"/>
                </rdf:Bag>
              </bqbiol:occursIn>
              <bqbiol:hasProperty>
                <rdf:Bag>
                  <rdf:li rdf:resource="urn:miriam:ec-code:2.7.2.1"/>
                </rdf:Bag>
              </bqbiol:hasProperty>
              <bqbiol:unknownQualifier>
                <rdf:Bag>
                  <rdf:li rdf:resource="urn:miriam:obo.eco:ECO%3A0000313"/>
                </rdf:Bag>
              </bqbiol:unknownQualifier>
            </rdf:Description>
          </rdf:RDF>
        </annotation>
      </species>
      <species id="C3H7NO4S" initialAmount="1" name="C3H7NO4S" metaid="meta_C3H7NO4S" sboTerm="SBO:0000247" substanceUnits="substance" compartment="default">
<notes><body xmlns="http://www.w3.org/1999/xhtml"><a href="http://www.kegg.jp/dbget-bin/www_bget?C00606">Original Kegg Entry</a><br/>
<p><b>3-Sulfinoalanine</b></p>
<p><b>All given names:</b><br/>3-Sulfino-L-alanine<br/>L-Cysteinesulfinic acid<br/>3-Sulphino-L-alanine<br/>3-Sulfinoalanine</p>
<p><b>Formula:</b> C3H7NO4S</p>
<img src="http://www.kegg.jp/Fig/compound/C00606.gif"/><br/>
</body></notes>
        <annotation>
          <rdf:RDF xmlns:rdf="http://www.w3.org/1999/02/22-rdf-syntax-ns#" xmlns:bqbiol="http://biomodels.net/biology-qualifiers/">
            <rdf:Description rdf:about="#meta_C3H7NO4S">
              <bqbiol:is>
                <rdf:Bag>
                  <rdf:li rdf:resource="urn:miriam:kegg.compound:C00606"/>
                </rdf:Bag>
              </bqbiol:is>
              <bqbiol:is>
                <rdf:Bag>
                  <rdf:li rdf:resource="urn:miriam:obo.chebi:CHEBI%3A16345"/>
                </rdf:Bag>
              </bqbiol:is>
              <bqbiol:hasProperty>
                <rdf:Bag>
                  <rdf:li rdf:resource="urn:miriam:pubchem.substance:3881"/>
                </rdf:Bag>
              </bqbiol:hasProperty>
              <bqbiol:hasProperty>
                <rdf:Bag>
                  <rdf:li rdf:resource="urn:miriam:3dmet:B01293"/>
                </rdf:Bag>
              </bqbiol:hasProperty>
              <bqbiol:occursIn>
                <rdf:Bag>
                  <rdf:li rdf:resource="urn:miriam:kegg.reaction:R00893"/>
                  <rdf:li rdf:resource="urn:miriam:kegg.reaction:R02466"/>
                </rdf:Bag>
              </bqbiol:occursIn>
              <bqbiol:unknownQualifier>
                <rdf:Bag>
                  <rdf:li rdf:resource="urn:miriam:obo.eco:ECO%3A0000313"/>
                </rdf:Bag>
              </bqbiol:unknownQualifier>
            </rdf:Description>
          </rdf:RDF>
        </annotation>
      </species>
      <species id="C2H7NO2S" initialAmount="1" name="C2H7NO2S" metaid="meta_C2H7NO2S" sboTerm="SBO:0000247" substanceUnits="substance" compartment="default">
<notes><body xmlns="http://www.w3.org/1999/xhtml"><a href="http://www.kegg.jp/dbget-bin/www_bget?C00519">Original Kegg Entry</a><br/>
<p><b>2-Aminoethanesulfinic acid</b></p>
<p><b>All given names:</b><br/>Hypotaurine<br/>2-Aminoethanesulfinic acid</p>
<p><b>Formula:</b> C2H7NO2S</p>
<img src="http://www.kegg.jp/Fig/compound/C00519.gif"/><br/>
</body></notes>
        <annotation>
          <rdf:RDF xmlns:rdf="http://www.w3.org/1999/02/22-rdf-syntax-ns#" xmlns:bqbiol="http://biomodels.net/biology-qualifiers/">
            <rdf:Description rdf:about="#meta_C2H7NO2S">
              <bqbiol:is>
                <rdf:Bag>
                  <rdf:li rdf:resource="urn:miriam:kegg.compound:C00519"/>
                </rdf:Bag>
              </bqbiol:is>
              <bqbiol:is>
                <rdf:Bag>
                  <rdf:li rdf:resource="urn:miriam:obo.chebi:CHEBI%3A16668"/>
                </rdf:Bag>
              </bqbiol:is>
              <bqbiol:hasProperty>
                <rdf:Bag>
                  <rdf:li rdf:resource="urn:miriam:pubchem.substance:3802"/>
                </rdf:Bag>
              </bqbiol:hasProperty>
              <bqbiol:hasProperty>
                <rdf:Bag>
                  <rdf:li rdf:resource="urn:miriam:3dmet:B01277"/>
                </rdf:Bag>
              </bqbiol:hasProperty>
              <bqbiol:occursIn>
                <rdf:Bag>
                  <rdf:li rdf:resource="urn:miriam:kegg.reaction:R02466"/>
                  <rdf:li rdf:resource="urn:miriam:kegg.reaction:R02467"/>
                </rdf:Bag>
              </bqbiol:occursIn>
              <bqbiol:unknownQualifier>
                <rdf:Bag>
                  <rdf:li rdf:resource="urn:miriam:obo.eco:ECO%3A0000313"/>
                </rdf:Bag>
              </bqbiol:unknownQualifier>
            </rdf:Description>
          </rdf:RDF>
        </annotation>
      </species>
      <species id="C2H7NS" initialAmount="1" name="C2H7NS" metaid="meta_C2H7NS" sboTerm="SBO:0000247" substanceUnits="substance" compartment="default">
<notes><body xmlns="http://www.w3.org/1999/xhtml"><a href="http://www.kegg.jp/dbget-bin/www_bget?C01678">Original Kegg Entry</a><br/>
<p><b>Thioethanolamine</b></p>
<p><b>All given names:</b><br/>Cysteamine<br/>2-Aminoethanethiol<br/>beta-Aminoethanethiol<br/>beta-Mercaptoethylamine<br/>Mercaptamine<br/>Thioethanolamine</p>
<p><b>Formula:</b> C2H7NS</p>
<img src="http://www.kegg.jp/Fig/compound/C01678.gif"/><br/>
</body></notes>
        <annotation>
          <rdf:RDF xmlns:rdf="http://www.w3.org/1999/02/22-rdf-syntax-ns#" xmlns:bqbiol="http://biomodels.net/biology-qualifiers/">
            <rdf:Description rdf:about="#meta_C2H7NS">
              <bqbiol:is>
                <rdf:Bag>
                  <rdf:li rdf:resource="urn:miriam:kegg.compound:C01678"/>
                </rdf:Bag>
              </bqbiol:is>
              <bqbiol:is>
                <rdf:Bag>
                  <rdf:li rdf:resource="urn:miriam:obo.chebi:CHEBI%3A17141"/>
                </rdf:Bag>
              </bqbiol:is>
              <bqbiol:hasProperty>
                <rdf:Bag>
                  <rdf:li rdf:resource="urn:miriam:pubchem.substance:4821"/>
                </rdf:Bag>
              </bqbiol:hasProperty>
              <bqbiol:hasProperty>
                <rdf:Bag>
                  <rdf:li rdf:resource="urn:miriam:3dmet:B00335"/>
                </rdf:Bag>
              </bqbiol:hasProperty>
              <bqbiol:occursIn>
                <rdf:Bag>
                  <rdf:li rdf:resource="urn:miriam:kegg.reaction:R02467"/>
                </rdf:Bag>
              </bqbiol:occursIn>
              <bqbiol:unknownQualifier>
                <rdf:Bag>
                  <rdf:li rdf:resource="urn:miriam:obo.eco:ECO%3A0000313"/>
                </rdf:Bag>
              </bqbiol:unknownQualifier>
            </rdf:Description>
          </rdf:RDF>
        </annotation>
      </species>
      <species id="C3H7NO2S" initialAmount="1" name="C3H7NO2S" metaid="meta_C3H7NO2S" sboTerm="SBO:0000247" substanceUnits="substance" compartment="default">
<notes><body xmlns="http://www.w3.org/1999/xhtml"><a href="http://www.kegg.jp/dbget-bin/www_bget?C00097">Original Kegg Entry</a><br/>
<p><b>L-2-Amino-3-mercaptopropionic acid</b></p>
<p><b>All given names:</b><br/>L-Cysteine<br/>L-2-Amino-3-mercaptopropionic acid</p>
<p><b>Formula:</b> C3H7NO2S</p>
<img src="http://www.kegg.jp/Fig/compound/C00097.gif"/><br/>
</body></notes>
        <annotation>
          <rdf:RDF xmlns:rdf="http://www.w3.org/1999/02/22-rdf-syntax-ns#" xmlns:bqbiol="http://biomodels.net/biology-qualifiers/">
            <rdf:Description rdf:about="#meta_C3H7NO2S">
              <bqbiol:is>
                <rdf:Bag>
                  <rdf:li rdf:resource="urn:miriam:kegg.compound:C00097"/>
                </rdf:Bag>
              </bqbiol:is>
              <bqbiol:is>
                <rdf:Bag>
                  <rdf:li rdf:resource="urn:miriam:obo.chebi:CHEBI%3A17561"/>
                </rdf:Bag>
              </bqbiol:is>
              <bqbiol:hasProperty>
                <rdf:Bag>
                  <rdf:li rdf:resource="urn:miriam:pubchem.substance:3397"/>
                </rdf:Bag>
              </bqbiol:hasProperty>
              <bqbiol:hasProperty>
                <rdf:Bag>
                  <rdf:li rdf:resource="urn:miriam:3dmet:B01159"/>
                </rdf:Bag>
              </bqbiol:hasProperty>
              <bqbiol:occursIn>
                <rdf:Bag>
                  <rdf:li rdf:resource="urn:miriam:kegg.reaction:R00893"/>
                </rdf:Bag>
              </bqbiol:occursIn>
              <bqbiol:unknownQualifier>
                <rdf:Bag>
                  <rdf:li rdf:resource="urn:miriam:obo.eco:ECO%3A0000313"/>
                </rdf:Bag>
              </bqbiol:unknownQualifier>
            </rdf:Description>
          </rdf:RDF>
        </annotation>
      </species>
      <species id="C3H7NO5S" initialAmount="1" name="C3H7NO5S" metaid="meta_C3H7NO5S" sboTerm="SBO:0000247" substanceUnits="substance" compartment="default">
<notes><body xmlns="http://www.w3.org/1999/xhtml"><a href="http://www.kegg.jp/dbget-bin/www_bget?C00506">Original Kegg Entry</a><br/>
<p><b>2-Amino-3-sulfopropionic acid</b></p>
<p><b>All given names:</b><br/>L-Cysteate<br/>L-Cysteic acid<br/>3-Sulfoalanine<br/>2-Amino-3-sulfopropionic acid</p>
<p><b>Formula:</b> C3H7NO5S</p>
<img src="http://www.kegg.jp/Fig/compound/C00506.gif"/><br/>
</body></notes>
        <annotation>
          <rdf:RDF xmlns:rdf="http://www.w3.org/1999/02/22-rdf-syntax-ns#" xmlns:bqbiol="http://biomodels.net/biology-qualifiers/">
            <rdf:Description rdf:about="#meta_C3H7NO5S">
              <bqbiol:is>
                <rdf:Bag>
                  <rdf:li rdf:resource="urn:miriam:kegg.compound:C00506"/>
                </rdf:Bag>
              </bqbiol:is>
              <bqbiol:is>
                <rdf:Bag>
                  <rdf:li rdf:resource="urn:miriam:obo.chebi:CHEBI%3A17285"/>
                </rdf:Bag>
              </bqbiol:is>
              <bqbiol:hasProperty>
                <rdf:Bag>
                  <rdf:li rdf:resource="urn:miriam:pubchem.substance:3789"/>
                </rdf:Bag>
              </bqbiol:hasProperty>
              <bqbiol:hasProperty>
                <rdf:Bag>
                  <rdf:li rdf:resource="urn:miriam:3dmet:B01274"/>
                </rdf:Bag>
              </bqbiol:hasProperty>
              <bqbiol:occursIn>
                <rdf:Bag>
                  <rdf:li rdf:resource="urn:miriam:kegg.reaction:R01682"/>
                </rdf:Bag>
              </bqbiol:occursIn>
              <bqbiol:unknownQualifier>
                <rdf:Bag>
                  <rdf:li rdf:resource="urn:miriam:obo.eco:ECO%3A0000313"/>
                </rdf:Bag>
              </bqbiol:unknownQualifier>
            </rdf:Description>
          </rdf:RDF>
        </annotation>
      </species>
      <species id="C2H7NO3S" initialAmount="1" name="C2H7NO3S" metaid="meta_C2H7NO3S" sboTerm="SBO:0000247" substanceUnits="substance" compartment="default">
<notes><body xmlns="http://www.w3.org/1999/xhtml"><a href="http://www.kegg.jp/dbget-bin/www_bget?C00245">Original Kegg Entry</a><br/>
<p><b>Aminoethylsulfonic acid</b></p>
<p><b>All given names:</b><br/>Taurine<br/>2-Aminoethanesulfonic acid<br/>Aminoethylsulfonic acid</p>
<p><b>Formula:</b> C2H7NO3S</p>
<img src="http://www.kegg.jp/Fig/compound/C00245.gif"/><br/>
</body></notes>
        <annotation>
          <rdf:RDF xmlns:rdf="http://www.w3.org/1999/02/22-rdf-syntax-ns#" xmlns:bqbiol="http://biomodels.net/biology-qualifiers/">
            <rdf:Description rdf:about="#meta_C2H7NO3S">
              <bqbiol:is>
                <rdf:Bag>
                  <rdf:li rdf:resource="urn:miriam:kegg.compound:C00245"/>
                </rdf:Bag>
              </bqbiol:is>
              <bqbiol:is>
                <rdf:Bag>
                  <rdf:li rdf:resource="urn:miriam:obo.chebi:CHEBI%3A15891"/>
                </rdf:Bag>
              </bqbiol:is>
              <bqbiol:hasProperty>
                <rdf:Bag>
                  <rdf:li rdf:resource="urn:miriam:pubchem.substance:3544"/>
                </rdf:Bag>
              </bqbiol:hasProperty>
              <bqbiol:hasProperty>
                <rdf:Bag>
                  <rdf:li rdf:resource="urn:miriam:3dmet:B00069"/>
                </rdf:Bag>
              </bqbiol:hasProperty>
              <bqbiol:occursIn>
                <rdf:Bag>
                  <rdf:li rdf:resource="urn:miriam:kegg.reaction:R01682"/>
                  <rdf:li rdf:resource="urn:miriam:kegg.reaction:R01687"/>
                  <rdf:li rdf:resource="urn:miriam:kegg.reaction:R03720"/>
                </rdf:Bag>
              </bqbiol:occursIn>
              <bqbiol:unknownQualifier>
                <rdf:Bag>
                  <rdf:li rdf:resource="urn:miriam:obo.eco:ECO%3A0000313"/>
                </rdf:Bag>
              </bqbiol:unknownQualifier>
            </rdf:Description>
          </rdf:RDF>
        </annotation>
      </species>
      <species id="C00593" initialAmount="1" name="C00593" metaid="meta_C00593" sboTerm="SBO:0000247" substanceUnits="substance" compartment="default">
<notes><body xmlns="http://www.w3.org/1999/xhtml"><a href="http://www.kegg.jp/dbget-bin/www_bget?C00593">Original Kegg Entry</a><br/>
</body></notes>
        <annotation>
          <rdf:RDF xmlns:rdf="http://www.w3.org/1999/02/22-rdf-syntax-ns#" xmlns:bqbiol="http://biomodels.net/biology-qualifiers/">
            <rdf:Description rdf:about="#meta_C00593">
              <bqbiol:is>
                <rdf:Bag>
                  <rdf:li rdf:resource="urn:miriam:kegg.compound:C00593"/>
                </rdf:Bag>
              </bqbiol:is>
              <bqbiol:unknownQualifier>
                <rdf:Bag>
                  <rdf:li rdf:resource="urn:miriam:obo.eco:ECO%3A0000313"/>
                </rdf:Bag>
              </bqbiol:unknownQualifier>
            </rdf:Description>
          </rdf:RDF>
        </annotation>
      </species>
      <species id="C2H6O4S" initialAmount="1" name="C2H6O4S" metaid="meta_C2H6O4S" sboTerm="SBO:0000247" substanceUnits="substance" compartment="default">
<notes><body xmlns="http://www.w3.org/1999/xhtml"><a href="http://www.kegg.jp/dbget-bin/www_bget?C05123">Original Kegg Entry</a><br/>
<p><b>Isethionate</b></p>
<p><b>All given names:</b><br/>2-Hydroxyethanesulfonate<br/>2-Hydroxyethanesulfonic acid<br/>2-Hydroxyethane-1-sulfonic acid<br/>Isethionic acid<br/>Isethionate</p>
<p><b>Formula:</b> C2H6O4S</p>
<img src="http://www.kegg.jp/Fig/compound/C05123.gif"/><br/>
</body></notes>
        <annotation>
          <rdf:RDF xmlns:rdf="http://www.w3.org/1999/02/22-rdf-syntax-ns#" xmlns:bqbiol="http://biomodels.net/biology-qualifiers/">
            <rdf:Description rdf:about="#meta_C2H6O4S">
              <bqbiol:is>
                <rdf:Bag>
                  <rdf:li rdf:resource="urn:miriam:kegg.compound:C05123"/>
                </rdf:Bag>
              </bqbiol:is>
              <bqbiol:is>
                <rdf:Bag>
                  <rdf:li rdf:resource="urn:miriam:obo.chebi:CHEBI%3A1157"/>
                </rdf:Bag>
              </bqbiol:is>
              <bqbiol:hasProperty>
                <rdf:Bag>
                  <rdf:li rdf:resource="urn:miriam:pubchem.substance:7545"/>
                </rdf:Bag>
              </bqbiol:hasProperty>
              <bqbiol:hasProperty>
                <rdf:Bag>
                  <rdf:li rdf:resource="urn:miriam:3dmet:B00752"/>
                </rdf:Bag>
              </bqbiol:hasProperty>
              <bqbiol:unknownQualifier>
                <rdf:Bag>
                  <rdf:li rdf:resource="urn:miriam:obo.eco:ECO%3A0000313"/>
                </rdf:Bag>
              </bqbiol:unknownQualifier>
            </rdf:Description>
          </rdf:RDF>
        </annotation>
      </species>
      <species id="C3H9N3O3S" initialAmount="1" name="C3H9N3O3S" metaid="meta_C3H9N3O3S" sboTerm="SBO:0000247" substanceUnits="substance" compartment="default">
<notes><body xmlns="http://www.w3.org/1999/xhtml"><a href="http://www.kegg.jp/dbget-bin/www_bget?C01959">Original Kegg Entry</a><br/>
<p><b>Taurocyamine</b></p>
<p><b>Formula:</b> C3H9N3O3S</p>
<img src="http://www.kegg.jp/Fig/compound/C01959.gif"/><br/>
</body></notes>
        <annotation>
          <rdf:RDF xmlns:rdf="http://www.w3.org/1999/02/22-rdf-syntax-ns#" xmlns:bqbiol="http://biomodels.net/biology-qualifiers/">
            <rdf:Description rdf:about="#meta_C3H9N3O3S">
              <bqbiol:is>
                <rdf:Bag>
                  <rdf:li rdf:resource="urn:miriam:kegg.compound:C01959"/>
                </rdf:Bag>
              </bqbiol:is>
              <bqbiol:is>
                <rdf:Bag>
                  <rdf:li rdf:resource="urn:miriam:obo.chebi:CHEBI%3A17228"/>
                </rdf:Bag>
              </bqbiol:is>
              <bqbiol:hasProperty>
                <rdf:Bag>
                  <rdf:li rdf:resource="urn:miriam:pubchem.substance:5060"/>
                </rdf:Bag>
              </bqbiol:hasProperty>
              <bqbiol:hasProperty>
                <rdf:Bag>
                  <rdf:li rdf:resource="urn:miriam:3dmet:B00373"/>
                </rdf:Bag>
              </bqbiol:hasProperty>
              <bqbiol:unknownQualifier>
                <rdf:Bag>
                  <rdf:li rdf:resource="urn:miriam:obo.eco:ECO%3A0000313"/>
                </rdf:Bag>
              </bqbiol:unknownQualifier>
            </rdf:Description>
          </rdf:RDF>
        </annotation>
      </species>
      <species id="C3H10N3O6PS" initialAmount="1" name="C3H10N3O6PS" metaid="meta_C3H10N3O6PS" sboTerm="SBO:0000247" substanceUnits="substance" compartment="default">
<notes><body xmlns="http://www.w3.org/1999/xhtml"><a href="http://www.kegg.jp/dbget-bin/www_bget?C03149">Original Kegg Entry</a><br/>
<p><b>N(omega)-Phosphotaurocyamine</b></p>
<p><b>All given names:</b><br/>N-Phosphotaurocyamine<br/>Taurocyamine phosphate<br/>N(omega)-Phosphotaurocyamine</p>
<p><b>Formula:</b> C3H10N3O6PS</p>
<img src="http://www.kegg.jp/Fig/compound/C03149.gif"/><br/>
</body></notes>
        <annotation>
          <rdf:RDF xmlns:rdf="http://www.w3.org/1999/02/22-rdf-syntax-ns#" xmlns:bqbiol="http://biomodels.net/biology-qualifiers/">
            <rdf:Description rdf:about="#meta_C3H10N3O6PS">
              <bqbiol:is>
                <rdf:Bag>
                  <rdf:li rdf:resource="urn:miriam:kegg.compound:C03149"/>
                </rdf:Bag>
              </bqbiol:is>
              <bqbiol:is>
                <rdf:Bag>
                  <rdf:li rdf:resource="urn:miriam:obo.chebi:CHEBI%3A16621"/>
                </rdf:Bag>
              </bqbiol:is>
              <bqbiol:hasProperty>
                <rdf:Bag>
                  <rdf:li rdf:resource="urn:miriam:3dmet:B00549"/>
                </rdf:Bag>
              </bqbiol:hasProperty>
              <bqbiol:unknownQualifier>
                <rdf:Bag>
                  <rdf:li rdf:resource="urn:miriam:obo.eco:ECO%3A0000313"/>
                </rdf:Bag>
              </bqbiol:unknownQualifier>
            </rdf:Description>
          </rdf:RDF>
        </annotation>
      </species>
      <species id="C7H14N2O6S" initialAmount="1" name="C7H14N2O6S" metaid="meta_C7H14N2O6S" sboTerm="SBO:0000247" substanceUnits="substance" compartment="default">
<notes><body xmlns="http://www.w3.org/1999/xhtml"><a href="http://www.kegg.jp/dbget-bin/www_bget?C05844">Original Kegg Entry</a><br/>
<p><b>Glutaurine</b></p>
<p><b>All given names:</b><br/>5-L-Glutamyl-taurine<br/>5-Glutamyl-taurine<br/>Glutaurine</p>
<p><b>Formula:</b> C7H14N2O6S</p>
<img src="http://www.kegg.jp/Fig/compound/C05844.gif"/><br/>
</body></notes>
        <annotation>
          <rdf:RDF xmlns:rdf="http://www.w3.org/1999/02/22-rdf-syntax-ns#" xmlns:bqbiol="http://biomodels.net/biology-qualifiers/">
            <rdf:Description rdf:about="#meta_C7H14N2O6S">
              <bqbiol:is>
                <rdf:Bag>
                  <rdf:li rdf:resource="urn:miriam:kegg.compound:C05844"/>
                </rdf:Bag>
              </bqbiol:is>
              <bqbiol:hasProperty>
                <rdf:Bag>
                  <rdf:li rdf:resource="urn:miriam:pubchem.substance:8137"/>
                </rdf:Bag>
              </bqbiol:hasProperty>
              <bqbiol:hasProperty>
                <rdf:Bag>
                  <rdf:li rdf:resource="urn:miriam:3dmet:B01903"/>
                </rdf:Bag>
              </bqbiol:hasProperty>
              <bqbiol:occursIn>
                <rdf:Bag>
                  <rdf:li rdf:resource="urn:miriam:kegg.reaction:R01687"/>
                </rdf:Bag>
              </bqbiol:occursIn>
              <bqbiol:unknownQualifier>
                <rdf:Bag>
                  <rdf:li rdf:resource="urn:miriam:obo.eco:ECO%3A0000313"/>
                </rdf:Bag>
              </bqbiol:unknownQualifier>
            </rdf:Description>
          </rdf:RDF>
        </annotation>
      </species>
      <species id="C26H45NO8S" initialAmount="1" name="C26H45NO8S" metaid="meta_C26H45NO8S" sboTerm="SBO:0000247" substanceUnits="substance" compartment="default">
<notes><body xmlns="http://www.w3.org/1999/xhtml"><a href="http://www.kegg.jp/dbget-bin/www_bget?C05122">Original Kegg Entry</a><br/>
<p><b>Cholyltaurine</b></p>
<p><b>All given names:</b><br/>Taurocholate<br/>Taurocholic acid<br/>Cholyltaurine</p>
<p><b>Formula:</b> C26H45NO8S</p>
<img src="http://www.kegg.jp/Fig/compound/C05122.gif"/><br/>
</body></notes>
        <annotation>
          <rdf:RDF xmlns:rdf="http://www.w3.org/1999/02/22-rdf-syntax-ns#" xmlns:bqbiol="http://biomodels.net/biology-qualifiers/">
            <rdf:Description rdf:about="#meta_C26H45NO8S">
              <bqbiol:is>
                <rdf:Bag>
                  <rdf:li rdf:resource="urn:miriam:kegg.compound:C05122"/>
                </rdf:Bag>
              </bqbiol:is>
              <bqbiol:is>
                <rdf:Bag>
                  <rdf:li rdf:resource="urn:miriam:obo.chebi:CHEBI%3A28865"/>
                </rdf:Bag>
              </bqbiol:is>
              <bqbiol:hasProperty>
                <rdf:Bag>
                  <rdf:li rdf:resource="urn:miriam:pubchem.substance:7544"/>
                </rdf:Bag>
              </bqbiol:hasProperty>
              <bqbiol:hasProperty>
                <rdf:Bag>
                  <rdf:li rdf:resource="urn:miriam:3dmet:B04981"/>
                </rdf:Bag>
              </bqbiol:hasProperty>
              <bqbiol:occursIn>
                <rdf:Bag>
                  <rdf:li rdf:resource="urn:miriam:kegg.reaction:R03720"/>
                </rdf:Bag>
              </bqbiol:occursIn>
              <bqbiol:unknownQualifier>
                <rdf:Bag>
                  <rdf:li rdf:resource="urn:miriam:obo.eco:ECO%3A0000313"/>
                </rdf:Bag>
              </bqbiol:unknownQualifier>
            </rdf:Description>
          </rdf:RDF>
        </annotation>
      </species>
      <species id="C2H4O2" initialAmount="1" name="C2H4O2" metaid="meta_C2H4O2" sboTerm="SBO:0000247" substanceUnits="substance" compartment="default">
<notes><body xmlns="http://www.w3.org/1999/xhtml"><a href="http://www.kegg.jp/dbget-bin/www_bget?C00033">Original Kegg Entry</a><br/>
<p><b>Ethanoic acid</b></p>
<p><b>All given names:</b><br/>Acetate<br/>Acetic acid<br/>Ethanoic acid</p>
<p><b>Formula:</b> C2H4O2</p>
<img src="http://www.kegg.jp/Fig/compound/C00033.gif"/><br/>
</body></notes>
        <annotation>
          <rdf:RDF xmlns:rdf="http://www.w3.org/1999/02/22-rdf-syntax-ns#" xmlns:bqbiol="http://biomodels.net/biology-qualifiers/">
            <rdf:Description rdf:about="#meta_C2H4O2">
              <bqbiol:is>
                <rdf:Bag>
                  <rdf:li rdf:resource="urn:miriam:kegg.compound:C00033"/>
                </rdf:Bag>
              </bqbiol:is>
              <bqbiol:is>
                <rdf:Bag>
                  <rdf:li rdf:resource="urn:miriam:obo.chebi:CHEBI%3A15366"/>
                </rdf:Bag>
              </bqbiol:is>
              <bqbiol:hasProperty>
                <rdf:Bag>
                  <rdf:li rdf:resource="urn:miriam:pubchem.substance:3335"/>
                </rdf:Bag>
              </bqbiol:hasProperty>
              <bqbiol:hasProperty>
                <rdf:Bag>
                  <rdf:li rdf:resource="urn:miriam:3dmet:B00009"/>
                </rdf:Bag>
              </bqbiol:hasProperty>
              <bqbiol:hasProperty>
                <rdf:Bag>
                  <rdf:li rdf:resource="urn:miriam:lipidbank:DFA0002"/>
                </rdf:Bag>
              </bqbiol:hasProperty>
              <bqbiol:unknownQualifier>
                <rdf:Bag>
                  <rdf:li rdf:resource="urn:miriam:obo.eco:ECO%3A0000313"/>
                </rdf:Bag>
              </bqbiol:unknownQualifier>
            </rdf:Description>
          </rdf:RDF>
        </annotation>
      </species>
      <species id="CO2" initialAmount="1" name="CO2" metaid="meta_CO2" sboTerm="SBO:0000247" substanceUnits="substance" compartment="default">
<notes><body xmlns="http://www.w3.org/1999/xhtml"><a href="http://www.kegg.jp/dbget-bin/www_bget?cpd:C00011">Original Kegg Entry</a><br/>
<p><b>Carbon dioxide</b></p>
<p><b>All given names:</b><br/>CO2<br/>Carbon dioxide</p>
<p><b>Formula:</b> CO2</p>
<img src="http://www.kegg.jp/Fig/compound/C00011.gif"/><br/>
</body></notes>
        <annotation>
          <rdf:RDF xmlns:rdf="http://www.w3.org/1999/02/22-rdf-syntax-ns#" xmlns:bqbiol="http://biomodels.net/biology-qualifiers/">
            <rdf:Description rdf:about="#meta_CO2">
              <bqbiol:is>
                <rdf:Bag>
                  <rdf:li rdf:resource="urn:miriam:kegg.compound:C00011"/>
                </rdf:Bag>
              </bqbiol:is>
              <bqbiol:is>
                <rdf:Bag>
                  <rdf:li rdf:resource="urn:miriam:obo.chebi:CHEBI%3A16526"/>
                </rdf:Bag>
              </bqbiol:is>
              <bqbiol:hasProperty>
                <rdf:Bag>
                  <rdf:li rdf:resource="urn:miriam:pubchem.substance:3313"/>
                </rdf:Bag>
              </bqbiol:hasProperty>
              <bqbiol:hasProperty>
                <rdf:Bag>
                  <rdf:li rdf:resource="urn:miriam:3dmet:B01131"/>
                </rdf:Bag>
              </bqbiol:hasProperty>
              <bqbiol:occursIn>
                <rdf:Bag>
                  <rdf:li rdf:resource="urn:miriam:kegg.reaction:R01682"/>
                  <rdf:li rdf:resource="urn:miriam:kegg.reaction:R02466"/>
                </rdf:Bag>
              </bqbiol:occursIn>
              <bqbiol:unknownQualifier>
                <rdf:Bag>
                  <rdf:li rdf:resource="urn:miriam:obo.eco:ECO%3A0000313"/>
                </rdf:Bag>
              </bqbiol:unknownQualifier>
            </rdf:Description>
          </rdf:RDF>
        </annotation>
      </species>
      <species id="O2" initialAmount="1" name="O2" metaid="meta_O2" sboTerm="SBO:0000247" substanceUnits="substance" compartment="default">
<notes><body xmlns="http://www.w3.org/1999/xhtml"><a href="http://www.kegg.jp/dbget-bin/www_bget?cpd:C00007">Original Kegg Entry</a><br/>
<p><b>O2</b></p>
<p><b>All given names:</b><br/>Oxygen<br/>O2</p>
<p><b>Formula:</b> O2</p>
<img src="http://www.kegg.jp/Fig/compound/C00007.gif"/><br/>
</body></notes>
        <annotation>
          <rdf:RDF xmlns:rdf="http://www.w3.org/1999/02/22-rdf-syntax-ns#" xmlns:bqbiol="http://biomodels.net/biology-qualifiers/">
            <rdf:Description rdf:about="#meta_O2">
              <bqbiol:is>
                <rdf:Bag>
                  <rdf:li rdf:resource="urn:miriam:kegg.compound:C00007"/>
                </rdf:Bag>
              </bqbiol:is>
              <bqbiol:is>
                <rdf:Bag>
                  <rdf:li rdf:resource="urn:miriam:obo.chebi:CHEBI%3A15379"/>
                </rdf:Bag>
              </bqbiol:is>
              <bqbiol:hasProperty>
                <rdf:Bag>
                  <rdf:li rdf:resource="urn:miriam:pubchem.substance:3309"/>
                </rdf:Bag>
              </bqbiol:hasProperty>
              <bqbiol:hasProperty>
                <rdf:Bag>
                  <rdf:li rdf:resource="urn:miriam:3dmet:B00001"/>
                </rdf:Bag>
              </bqbiol:hasProperty>
              <bqbiol:occursIn>
                <rdf:Bag>
                  <rdf:li rdf:resource="urn:miriam:kegg.reaction:R00893"/>
                  <rdf:li rdf:resource="urn:miriam:kegg.reaction:R02467"/>
                </rdf:Bag>
              </bqbiol:occursIn>
              <bqbiol:unknownQualifier>
                <rdf:Bag>
                  <rdf:li rdf:resource="urn:miriam:obo.eco:ECO%3A0000313"/>
                </rdf:Bag>
              </bqbiol:unknownQualifier>
            </rdf:Description>
          </rdf:RDF>
        </annotation>
      </species>
      <species id="C7H11N2O5RC2H2NORn" initialAmount="1" name="C7H11N2O5R(C2H2NOR)n" metaid="meta_C7H11N2O5RC2H2NORn" sboTerm="SBO:0000247" substanceUnits="substance" compartment="default">
<notes><body xmlns="http://www.w3.org/1999/xhtml"><a href="http://www.kegg.jp/dbget-bin/www_bget?cpd:C03193">Original Kegg Entry</a><br/>
<p><b>(5-L-Glutamyl)-peptide</b></p>
<p><b>Formula:</b> C7H11N2O5R(C2H2NOR)n</p>
<img src="http://www.kegg.jp/Fig/compound/C03193.gif"/><br/>
</body></notes>
        <annotation>
          <rdf:RDF xmlns:rdf="http://www.w3.org/1999/02/22-rdf-syntax-ns#" xmlns:bqbiol="http://biomodels.net/biology-qualifiers/">
            <rdf:Description rdf:about="#meta_C7H11N2O5RC2H2NORn">
              <bqbiol:is>
                <rdf:Bag>
                  <rdf:li rdf:resource="urn:miriam:kegg.compound:C03193"/>
                </rdf:Bag>
              </bqbiol:is>
              <bqbiol:occursIn>
                <rdf:Bag>
                  <rdf:li rdf:resource="urn:miriam:kegg.reaction:R01687"/>
                </rdf:Bag>
              </bqbiol:occursIn>
              <bqbiol:unknownQualifier>
                <rdf:Bag>
                  <rdf:li rdf:resource="urn:miriam:obo.eco:ECO%3A0000313"/>
                </rdf:Bag>
              </bqbiol:unknownQualifier>
            </rdf:Description>
          </rdf:RDF>
        </annotation>
      </species>
      <species id="C2H4NO2RC2H2NORn" initialAmount="1" name="C2H4NO2R(C2H2NOR)n" metaid="meta_C2H4NO2RC2H2NORn" sboTerm="SBO:0000247" substanceUnits="substance" compartment="default">
<notes><body xmlns="http://www.w3.org/1999/xhtml"><a href="http://www.kegg.jp/dbget-bin/www_bget?cpd:C00012">Original Kegg Entry</a><br/>
<p><b>Peptide</b></p>
<p><b>Formula:</b> C2H4NO2R(C2H2NOR)n</p>
<img src="http://www.kegg.jp/Fig/compound/C00012.gif"/><br/>
</body></notes>
        <annotation>
          <rdf:RDF xmlns:rdf="http://www.w3.org/1999/02/22-rdf-syntax-ns#" xmlns:bqbiol="http://biomodels.net/biology-qualifiers/">
            <rdf:Description rdf:about="#meta_C2H4NO2RC2H2NORn">
              <bqbiol:is>
                <rdf:Bag>
                  <rdf:li rdf:resource="urn:miriam:kegg.compound:C00012"/>
                </rdf:Bag>
              </bqbiol:is>
              <bqbiol:is>
                <rdf:Bag>
                  <rdf:li rdf:resource="urn:miriam:obo.chebi:CHEBI%3A16670"/>
                </rdf:Bag>
              </bqbiol:is>
              <bqbiol:occursIn>
                <rdf:Bag>
                  <rdf:li rdf:resource="urn:miriam:kegg.reaction:R01687"/>
                </rdf:Bag>
              </bqbiol:occursIn>
              <bqbiol:unknownQualifier>
                <rdf:Bag>
                  <rdf:li rdf:resource="urn:miriam:obo.eco:ECO%3A0000313"/>
                </rdf:Bag>
              </bqbiol:unknownQualifier>
            </rdf:Description>
          </rdf:RDF>
        </annotation>
      </species>
      <species id="cpdC01794" initialAmount="1" name="cpd:C01794" metaid="meta_cpdC01794" sboTerm="SBO:0000247" substanceUnits="substance" compartment="default">
<notes><body xmlns="http://www.w3.org/1999/xhtml"><a href="http://www.kegg.jp/dbget-bin/www_bget?cpd:C01794">Original Kegg Entry</a><br/>
</body></notes>
        <annotation>
          <rdf:RDF xmlns:rdf="http://www.w3.org/1999/02/22-rdf-syntax-ns#" xmlns:bqbiol="http://biomodels.net/biology-qualifiers/">
            <rdf:Description rdf:about="#meta_cpdC01794">
              <bqbiol:is>
                <rdf:Bag>
                  <rdf:li rdf:resource="urn:miriam:kegg.compound:C01794"/>
                </rdf:Bag>
              </bqbiol:is>
              <bqbiol:unknownQualifier>
                <rdf:Bag>
                  <rdf:li rdf:resource="urn:miriam:obo.eco:ECO%3A0000313"/>
                </rdf:Bag>
              </bqbiol:unknownQualifier>
            </rdf:Description>
          </rdf:RDF>
        </annotation>
      </species>
      <species id="C21H36N7O16P3S" initialAmount="1" name="C21H36N7O16P3S" metaid="meta_C21H36N7O16P3S" sboTerm="SBO:0000247" substanceUnits="substance" compartment="default">
<notes><body xmlns="http://www.w3.org/1999/xhtml"><a href="http://www.kegg.jp/dbget-bin/www_bget?cpd:C00010">Original Kegg Entry</a><br/>
<p><b>CoA-SH</b></p>
<p><b>All given names:</b><br/>CoA<br/>Coenzyme A<br/>CoA-SH</p>
<p><b>Formula:</b> C21H36N7O16P3S</p>
<img src="http://www.kegg.jp/Fig/compound/C00010.gif"/><br/>
</body></notes>
        <annotation>
          <rdf:RDF xmlns:rdf="http://www.w3.org/1999/02/22-rdf-syntax-ns#" xmlns:bqbiol="http://biomodels.net/biology-qualifiers/">
            <rdf:Description rdf:about="#meta_C21H36N7O16P3S">
              <bqbiol:is>
                <rdf:Bag>
                  <rdf:li rdf:resource="urn:miriam:kegg.compound:C00010"/>
                </rdf:Bag>
              </bqbiol:is>
              <bqbiol:is>
                <rdf:Bag>
                  <rdf:li rdf:resource="urn:miriam:obo.chebi:CHEBI%3A15346"/>
                </rdf:Bag>
              </bqbiol:is>
              <bqbiol:hasProperty>
                <rdf:Bag>
                  <rdf:li rdf:resource="urn:miriam:pubchem.substance:3312"/>
                </rdf:Bag>
              </bqbiol:hasProperty>
              <bqbiol:hasProperty>
                <rdf:Bag>
                  <rdf:li rdf:resource="urn:miriam:3dmet:B04618"/>
                </rdf:Bag>
              </bqbiol:hasProperty>
              <bqbiol:occursIn>
                <rdf:Bag>
                  <rdf:li rdf:resource="urn:miriam:kegg.reaction:R03720"/>
                </rdf:Bag>
              </bqbiol:occursIn>
              <bqbiol:unknownQualifier>
                <rdf:Bag>
                  <rdf:li rdf:resource="urn:miriam:obo.eco:ECO%3A0000313"/>
                </rdf:Bag>
              </bqbiol:unknownQualifier>
            </rdf:Description>
          </rdf:RDF>
        </annotation>
      </species>
    </listOfSpecies>
    <listOfReactions>
      <reaction id="rnR01682" name="rn:R01682" metaid="meta_rnR01682" reversible="false" sboTerm="SBO:0000176">
<notes><body xmlns="http://www.w3.org/1999/xhtml"><p><b>Definition of “RN:R01682”:</b> L-Cysteate &lt;=> Taurine + CO2<br/>
<b>Equation for “RN:R01682”:</b> C00506 &lt;=> C00245 + C00011<br/>
<a href="http://www.genome.jp/Fig/reaction/R01682.gif"><img src="http://www.genome.jp/Fig/reaction/R01682.gif"/></a>
<br/>
<b>Occurs in:</b><br/>
<ul>
<li>Taurine and hypotaurine metabolism</li>
<li>Metabolic pathways</li>
</ul><br/>
</p></body></notes>
        <annotation>
          <rdf:RDF xmlns:rdf="http://www.w3.org/1999/02/22-rdf-syntax-ns#" xmlns:bqbiol="http://biomodels.net/biology-qualifiers/">
            <rdf:Description rdf:about="#meta_rnR01682">
              <bqbiol:is>
                <rdf:Bag>
                  <rdf:li rdf:resource="urn:miriam:kegg.reaction:R01682"/>
                </rdf:Bag>
              </bqbiol:is>
              <bqbiol:occursIn>
                <rdf:Bag>
                  <rdf:li rdf:resource="urn:miriam:kegg.pathway:rn00430"/>
                  <rdf:li rdf:resource="urn:miriam:kegg.pathway:rn01100"/>
                </rdf:Bag>
              </bqbiol:occursIn>
            </rdf:Description>
          </rdf:RDF>
        </annotation>
              <listOfReactants>
          <speciesReference id="cpdC00506" species="C3H7NO5S" name="cpd:C00506" metaid="meta_cpdC00506" sboTerm="SBO:0000015"/>
        </listOfReactants>
        <listOfProducts>
          <speciesReference id="cpdC00245" species="C2H7NO3S" name="cpd:C00245" metaid="meta_cpdC00245" sboTerm="SBO:0000011"/>
          <speciesReference id="cpdC00011" species="CO2" name="cpd:C00011" metaid="meta_cpdC00011" sboTerm="SBO:0000011"/>
        </listOfProducts>
        <listOfModifiers>
          <modifierSpeciesReference id="mod_rnR01682_1" species="GAD" name="mod_rnR01682_1" metaid="meta_mod_rnR01682_1" sboTerm="SBO:0000460"/>
          <modifierSpeciesReference id="mod_rnR01682" species="CSAD" name="mod_rnR01682" metaid="meta_mod_rnR01682" sboTerm="SBO:0000460"/>
        </listOfModifiers>
      </reaction>
      <reaction id="rnR00893" name="rn:R00893" metaid="meta_rnR00893" reversible="false" sboTerm="SBO:0000176">
<notes><body xmlns="http://www.w3.org/1999/xhtml"><p><b>Definition of “RN:R00893”:</b> L-Cysteine + Oxygen &lt;=> 3-Sulfino-L-alanine<br/>
<b>Equation for “RN:R00893”:</b> C00097 + C00007 &lt;=> C00606<br/>
<a href="http://www.genome.jp/Fig/reaction/R00893.gif"><img src="http://www.genome.jp/Fig/reaction/R00893.gif"/></a>
<br/>
<b>Occurs in:</b><br/>
<ul>
<li>Cysteine and methionine metabolism</li>
<li>Taurine and hypotaurine metabolism</li>
<li>Metabolic pathways</li>
</ul><br/>
</p></body></notes>
        <annotation>
          <rdf:RDF xmlns:rdf="http://www.w3.org/1999/02/22-rdf-syntax-ns#" xmlns:bqbiol="http://biomodels.net/biology-qualifiers/">
            <rdf:Description rdf:about="#meta_rnR00893">
              <bqbiol:is>
                <rdf:Bag>
                  <rdf:li rdf:resource="urn:miriam:kegg.reaction:R00893"/>
                </rdf:Bag>
              </bqbiol:is>
              <bqbiol:occursIn>
                <rdf:Bag>
                  <rdf:li rdf:resource="urn:miriam:kegg.pathway:rn00270"/>
                  <rdf:li rdf:resource="urn:miriam:kegg.pathway:rn00430"/>
                  <rdf:li rdf:resource="urn:miriam:kegg.pathway:rn01100"/>
                </rdf:Bag>
              </bqbiol:occursIn>
            </rdf:Description>
          </rdf:RDF>
        </annotation>
              <listOfReactants>
          <speciesReference id="cpdC00097" species="C3H7NO2S" name="cpd:C00097" metaid="meta_cpdC00097" sboTerm="SBO:0000015"/>
          <speciesReference id="cpdC00007" species="O2" name="cpd:C00007" metaid="meta_cpdC00007" sboTerm="SBO:0000015"/>
        </listOfReactants>
        <listOfProducts>
          <speciesReference id="cpdC00606" species="C3H7NO4S" name="cpd:C00606" metaid="meta_cpdC00606" sboTerm="SBO:0000011"/>
        </listOfProducts>
        <listOfModifiers>
          <modifierSpeciesReference id="mod_rnR00893" species="CDO1" name="mod_rnR00893" metaid="meta_mod_rnR00893" sboTerm="SBO:0000460"/>
        </listOfModifiers>
      </reaction>
      <reaction id="rnR02467" name="rn:R02467" metaid="meta_rnR02467" reversible="false" sboTerm="SBO:0000176">
<notes><body xmlns="http://www.w3.org/1999/xhtml"><p><b>Definition of “RN:R02467”:</b> Cysteamine + Oxygen &lt;=> Hypotaurine<br/>
<b>Equation for “RN:R02467”:</b> C01678 + C00007 &lt;=> C00519<br/>
<a href="http://www.genome.jp/Fig/reaction/R02467.gif"><img src="http://www.genome.jp/Fig/reaction/R02467.gif"/></a>
<br/>
<b>Occurs in:</b><br/>
<ul>
<li>Taurine and hypotaurine metabolism</li>
<li>Metabolic pathways</li>
</ul><br/>
</p></body></notes>
        <annotation>
          <rdf:RDF xmlns:rdf="http://www.w3.org/1999/02/22-rdf-syntax-ns#" xmlns:bqbiol="http://biomodels.net/biology-qualifiers/">
            <rdf:Description rdf:about="#meta_rnR02467">
              <bqbiol:is>
                <rdf:Bag>
                  <rdf:li rdf:resource="urn:miriam:kegg.reaction:R02467"/>
                </rdf:Bag>
              </bqbiol:is>
              <bqbiol:occursIn>
                <rdf:Bag>
                  <rdf:li rdf:resource="urn:miriam:kegg.pathway:rn00430"/>
                  <rdf:li rdf:resource="urn:miriam:kegg.pathway:rn01100"/>
                </rdf:Bag>
              </bqbiol:occursIn>
            </rdf:Description>
          </rdf:RDF>
        </annotation>
              <listOfReactants>
          <speciesReference id="cpdC01678" species="C2H7NS" name="cpd:C01678" metaid="meta_cpdC01678" sboTerm="SBO:0000015"/>
          <speciesReference id="cpdC00007_1" species="O2" name="cpd:C00007" metaid="meta_cpdC00007_1" sboTerm="SBO:0000015"/>
        </listOfReactants>
        <listOfProducts>
          <speciesReference id="cpdC00519" species="C2H7NO2S" name="cpd:C00519" metaid="meta_cpdC00519" sboTerm="SBO:0000011"/>
        </listOfProducts>
        <listOfModifiers>
          <modifierSpeciesReference id="mod_rnR02467" species="ADO" name="mod_rnR02467" metaid="meta_mod_rnR02467" sboTerm="SBO:0000460"/>
        </listOfModifiers>
      </reaction>
      <reaction id="rnR02466" name="rn:R02466" metaid="meta_rnR02466" reversible="false" sboTerm="SBO:0000176">
<notes><body xmlns="http://www.w3.org/1999/xhtml"><p><b>Definition of “RN:R02466”:</b> 3-Sulfino-L-alanine &lt;=> Hypotaurine + CO2<br/>
<b>Equation for “RN:R02466”:</b> C00606 &lt;=> C00519 + C00011<br/>
<a href="http://www.genome.jp/Fig/reaction/R02466.gif"><img src="http://www.genome.jp/Fig/reaction/R02466.gif"/></a>
<br/>
<b>Occurs in:</b><br/>
<ul>
<li>Taurine and hypotaurine metabolism</li>
<li>Metabolic pathways</li>
</ul><br/>
</p></body></notes>
        <annotation>
          <rdf:RDF xmlns:rdf="http://www.w3.org/1999/02/22-rdf-syntax-ns#" xmlns:bqbiol="http://biomodels.net/biology-qualifiers/">
            <rdf:Description rdf:about="#meta_rnR02466">
              <bqbiol:is>
                <rdf:Bag>
                  <rdf:li rdf:resource="urn:miriam:kegg.reaction:R02466"/>
                </rdf:Bag>
              </bqbiol:is>
              <bqbiol:occursIn>
                <rdf:Bag>
                  <rdf:li rdf:resource="urn:miriam:kegg.pathway:rn00430"/>
                  <rdf:li rdf:resource="urn:miriam:kegg.pathway:rn01100"/>
                </rdf:Bag>
              </bqbiol:occursIn>
            </rdf:Description>
          </rdf:RDF>
        </annotation>
              <listOfReactants>
          <speciesReference id="cpdC00606_1" species="C3H7NO4S" name="cpd:C00606" metaid="meta_cpdC00606_1" sboTerm="SBO:0000015"/>
        </listOfReactants>
        <listOfProducts>
          <speciesReference id="cpdC00519_1" species="C2H7NO2S" name="cpd:C00519" metaid="meta_cpdC00519_1" sboTerm="SBO:0000011"/>
          <speciesReference id="cpdC00011_1" species="CO2" name="cpd:C00011" metaid="meta_cpdC00011_1" sboTerm="SBO:0000011"/>
        </listOfProducts>
      </reaction>
      <reaction id="rnR01687" name="rn:R01687" metaid="meta_rnR01687" reversible="false" sboTerm="SBO:0000176">
<notes><body xmlns="http://www.w3.org/1999/xhtml"><p><b>Definition of “RN:R01687”:</b> (5-L-Glutamyl)-peptide + Taurine &lt;=> Peptide + 5-L-Glutamyl-taurine<br/>
<b>Equation for “RN:R01687”:</b> C03193 + C00245 &lt;=> C00012 + C05844<br/>
<a href="http://www.genome.jp/Fig/reaction/R01687.gif"><img src="http://www.genome.jp/Fig/reaction/R01687.gif"/></a>
<br/>
<b>Occurs in:</b><br/>
<ul>
<li>Taurine and hypotaurine metabolism</li>
</ul><br/>
</p></body></notes>
        <annotation>
          <rdf:RDF xmlns:rdf="http://www.w3.org/1999/02/22-rdf-syntax-ns#" xmlns:bqbiol="http://biomodels.net/biology-qualifiers/">
            <rdf:Description rdf:about="#meta_rnR01687">
              <bqbiol:is>
                <rdf:Bag>
                  <rdf:li rdf:resource="urn:miriam:kegg.reaction:R01687"/>
                </rdf:Bag>
              </bqbiol:is>
              <bqbiol:occursIn>
                <rdf:Bag>
                  <rdf:li rdf:resource="urn:miriam:kegg.pathway:rn00430"/>
                </rdf:Bag>
              </bqbiol:occursIn>
            </rdf:Description>
          </rdf:RDF>
        </annotation>
              <listOfReactants>
          <speciesReference id="cpdC00245_1" species="C2H7NO3S" name="cpd:C00245" metaid="meta_cpdC00245_1" sboTerm="SBO:0000015"/>
          <speciesReference id="cpdC03193" species="C7H11N2O5RC2H2NORn" name="cpd:C03193" metaid="meta_cpdC03193" sboTerm="SBO:0000015"/>
        </listOfReactants>
        <listOfProducts>
          <speciesReference id="cpdC05844" species="C7H14N2O6S" name="cpd:C05844" metaid="meta_cpdC05844" sboTerm="SBO:0000011"/>
          <speciesReference id="cpdC00012" species="C2H4NO2RC2H2NORn" name="cpd:C00012" metaid="meta_cpdC00012" sboTerm="SBO:0000011"/>
        </listOfProducts>
        <listOfModifiers>
          <modifierSpeciesReference id="mod_rnR01687" species="GGT" name="mod_rnR01687" metaid="meta_mod_rnR01687" sboTerm="SBO:0000460"/>
        </listOfModifiers>
      </reaction>
      <reaction id="rnR03720" name="rn:R03720" metaid="meta_rnR03720" reversible="false" sboTerm="SBO:0000176">
<notes><body xmlns="http://www.w3.org/1999/xhtml"><p><b>Definition of “RN:R03720”:</b> Choloyl-CoA + Taurine &lt;=> CoA + Taurocholate<br/>
<b>Equation for “RN:R03720”:</b> C01794 + C00245 &lt;=> C00010 + C05122<br/>
<a href="http://www.genome.jp/Fig/reaction/R03720.gif"><img src="http://www.genome.jp/Fig/reaction/R03720.gif"/></a>
<br/>
<b>Occurs in:</b><br/>
<ul>
<li>Primary bile acid biosynthesis</li>
<li>Taurine and hypotaurine metabolism</li>
<li>Metabolic pathways</li>
</ul><br/>
</p></body></notes>
        <annotation>
          <rdf:RDF xmlns:rdf="http://www.w3.org/1999/02/22-rdf-syntax-ns#" xmlns:bqbiol="http://biomodels.net/biology-qualifiers/">
            <rdf:Description rdf:about="#meta_rnR03720">
              <bqbiol:is>
                <rdf:Bag>
                  <rdf:li rdf:resource="urn:miriam:kegg.reaction:R03720"/>
                </rdf:Bag>
              </bqbiol:is>
              <bqbiol:occursIn>
                <rdf:Bag>
                  <rdf:li rdf:resource="urn:miriam:kegg.pathway:rn00120"/>
                  <rdf:li rdf:resource="urn:miriam:kegg.pathway:rn00430"/>
                  <rdf:li rdf:resource="urn:miriam:kegg.pathway:rn01100"/>
                </rdf:Bag>
              </bqbiol:occursIn>
            </rdf:Description>
          </rdf:RDF>
        </annotation>
              <listOfReactants>
          <speciesReference id="cpdC00245_2" species="C2H7NO3S" name="cpd:C00245" metaid="meta_cpdC00245_2" sboTerm="SBO:0000015"/>
          <speciesReference id="cpdC01794_1" species="cpdC01794" name="cpd:C01794" metaid="meta_cpdC01794_1" sboTerm="SBO:0000015"/>
        </listOfReactants>
        <listOfProducts>
          <speciesReference id="cpdC05122" species="C26H45NO8S" name="cpd:C05122" metaid="meta_cpdC05122" sboTerm="SBO:0000011"/>
          <speciesReference id="cpdC00010" species="C21H36N7O16P3S" name="cpd:C00010" metaid="meta_cpdC00010" sboTerm="SBO:0000011"/>
        </listOfProducts>
        <listOfModifiers>
          <modifierSpeciesReference id="mod_rnR03720" species="BAAT" name="mod_rnR03720" metaid="meta_mod_rnR03720" sboTerm="SBO:0000460"/>
        </listOfModifiers>
      </reaction>
    </listOfReactions>
  </model>
</sbml>