<?xml version="1.0" encoding="UTF-8"?>
<sbml xmlns="http://www.sbml.org/sbml/level2/version4" level="2" version="4">
  <model metaid="_7a60b33c_48c4_478c_8755_3923f313d811">
    <annotation>
      <rdf:RDF xmlns:rdf="http://www.w3.org/1999/02/22-rdf-syntax-ns#" xmlns:dc="http://purl.org/dc/elements/1.1/" xmlns:dcterms="http://purl.org/dc/terms/" xmlns:vCard="http://www.w3.org/2001/vcard-rdf/3.0#" xmlns:bqbiol="http://biomodels.net/biology-qualifiers/" xmlns:bqmodel="http://biomodels.net/model-qualifiers/">
        <rdf:Description rdf:about="#_7a60b33c_48c4_478c_8755_3923f313d811">
          <bqbiol:is>
            <rdf:Bag>
              <rdf:li rdf:resource="urn:miriam:taxonomy:559292"/>
            </rdf:Bag>
          </bqbiol:is>
          <bqbiol:isDescribedBy>
            <rdf:Bag>
              <rdf:li rdf:resource="urn:miriam:pubmed:9847135"/>
            </rdf:Bag>
          </bqbiol:isDescribedBy>
        </rdf:Description>
      </rdf:RDF>
    </annotation>
    <listOfCompartments>
      <compartment metaid="meta_c" id="c" name="cytosol" size="1" sboTerm="SBO:0000290">
        <annotation>
          <rdf:RDF xmlns:rdf="http://www.w3.org/1999/02/22-rdf-syntax-ns#" xmlns:dc="http://purl.org/dc/elements/1.1/" xmlns:dcterms="http://purl.org/dc/terms/" xmlns:vCard="http://www.w3.org/2001/vcard-rdf/3.0#" xmlns:bqbiol="http://biomodels.net/biology-qualifiers/" xmlns:bqmodel="http://biomodels.net/model-qualifiers/">
            <rdf:Description rdf:about="#meta_c">
              <bqbiol:is>
                <rdf:Bag>
                  <rdf:li rdf:resource="urn:miriam:obo.go:GO%3A0005829"/>
                </rdf:Bag>
              </bqbiol:is>
            </rdf:Description>
          </rdf:RDF>
        </annotation>
      </compartment>
    </listOfCompartments>
    <listOfSpecies>
      <species metaid="meta_sce_YBR026C" id="sce_YBR026C" name="sce:YBR026C" compartment="c" boundaryCondition="true" sboTerm="SBO:0000252">
        <annotation>
          <rdf:RDF xmlns:rdf="http://www.w3.org/1999/02/22-rdf-syntax-ns#" xmlns:dc="http://purl.org/dc/elements/1.1/" xmlns:dcterms="http://purl.org/dc/terms/" xmlns:vCard="http://www.w3.org/2001/vcard-rdf/3.0#" xmlns:bqbiol="http://biomodels.net/biology-qualifiers/" xmlns:bqmodel="http://biomodels.net/model-qualifiers/">
            <rdf:Description rdf:about="#meta_sce_YBR026C">
              <bqbiol:isEncodedBy>
                <rdf:Bag>
                  <rdf:li rdf:resource="urn:miriam:kegg.genes:sce%3AYBR026C"/>
                </rdf:Bag>
              </bqbiol:isEncodedBy>
              <bqbiol:isDescribedBy>
                <rdf:Bag>
                  <rdf:li rdf:resource="urn:miriam:pubmed:9847135"/>
                </rdf:Bag>
              </bqbiol:isDescribedBy>
              <bqbiol:is>
                <rdf:Bag>
                  <rdf:li rdf:resource="urn:miriam:uniprot:P38071"/>
                </rdf:Bag>
              </bqbiol:is>
            </rdf:Description>
          </rdf:RDF>
        </annotation>
      </species>
      <species metaid="meta_C00154" id="C00154" name="palmitoyl-CoA" compartment="c" sboTerm="SBO:0000247">
        <annotation>
          <rdf:RDF xmlns:rdf="http://www.w3.org/1999/02/22-rdf-syntax-ns#" xmlns:dc="http://purl.org/dc/elements/1.1/" xmlns:dcterms="http://purl.org/dc/terms/" xmlns:vCard="http://www.w3.org/2001/vcard-rdf/3.0#" xmlns:bqbiol="http://biomodels.net/biology-qualifiers/" xmlns:bqmodel="http://biomodels.net/model-qualifiers/">
            <rdf:Description rdf:about="#meta_C00154">
              <bqbiol:is>
                <rdf:Bag>
                  <rdf:li rdf:resource="urn:miriam:obo.chebi:CHEBI%3A15525"/>
                </rdf:Bag>
              </bqbiol:is>
              <bqbiol:isDescribedBy>
                <rdf:Bag>
                  <rdf:li rdf:resource="urn:miriam:pubmed:9847135"/>
                </rdf:Bag>
              </bqbiol:isDescribedBy>
            </rdf:Description>
          </rdf:RDF>
        </annotation>
      </species>
      <species metaid="meta_C00006" id="C00006" name="NADP(+)" compartment="c" sboTerm="SBO:0000247">
        <annotation>
          <rdf:RDF xmlns:rdf="http://www.w3.org/1999/02/22-rdf-syntax-ns#" xmlns:dc="http://purl.org/dc/elements/1.1/" xmlns:dcterms="http://purl.org/dc/terms/" xmlns:vCard="http://www.w3.org/2001/vcard-rdf/3.0#" xmlns:bqbiol="http://biomodels.net/biology-qualifiers/" xmlns:bqmodel="http://biomodels.net/model-qualifiers/">
            <rdf:Description rdf:about="#meta_C00006">
              <bqbiol:is>
                <rdf:Bag>
                  <rdf:li rdf:resource="urn:miriam:obo.chebi:CHEBI%3A18009"/>
                </rdf:Bag>
              </bqbiol:is>
              <bqbiol:isDescribedBy>
                <rdf:Bag>
                  <rdf:li rdf:resource="urn:miriam:pubmed:9847135"/>
                </rdf:Bag>
              </bqbiol:isDescribedBy>
            </rdf:Description>
          </rdf:RDF>
        </annotation>
      </species>
      <species metaid="meta_C05272" id="C05272" name="(E)-hexadec-2-enoyl-CoA" compartment="c" sboTerm="SBO:0000247">
        <annotation>
          <rdf:RDF xmlns:rdf="http://www.w3.org/1999/02/22-rdf-syntax-ns#" xmlns:dc="http://purl.org/dc/elements/1.1/" xmlns:dcterms="http://purl.org/dc/terms/" xmlns:vCard="http://www.w3.org/2001/vcard-rdf/3.0#" xmlns:bqbiol="http://biomodels.net/biology-qualifiers/" xmlns:bqmodel="http://biomodels.net/model-qualifiers/">
            <rdf:Description rdf:about="#meta_C05272">
              <bqbiol:is>
                <rdf:Bag>
                  <rdf:li rdf:resource="urn:miriam:obo.chebi:CHEBI%3A28935"/>
                </rdf:Bag>
              </bqbiol:is>
              <bqbiol:isDescribedBy>
                <rdf:Bag>
                  <rdf:li rdf:resource="urn:miriam:pubmed:9847135"/>
                </rdf:Bag>
              </bqbiol:isDescribedBy>
            </rdf:Description>
          </rdf:RDF>
        </annotation>
      </species>
      <species metaid="meta_C00005" id="C00005" name="NADPH" compartment="c" sboTerm="SBO:0000247">
        <annotation>
          <rdf:RDF xmlns:rdf="http://www.w3.org/1999/02/22-rdf-syntax-ns#" xmlns:dc="http://purl.org/dc/elements/1.1/" xmlns:dcterms="http://purl.org/dc/terms/" xmlns:vCard="http://www.w3.org/2001/vcard-rdf/3.0#" xmlns:bqbiol="http://biomodels.net/biology-qualifiers/" xmlns:bqmodel="http://biomodels.net/model-qualifiers/">
            <rdf:Description rdf:about="#meta_C00005">
              <bqbiol:is>
                <rdf:Bag>
                  <rdf:li rdf:resource="urn:miriam:obo.chebi:CHEBI%3A16474"/>
                </rdf:Bag>
              </bqbiol:is>
              <bqbiol:isDescribedBy>
                <rdf:Bag>
                  <rdf:li rdf:resource="urn:miriam:pubmed:9847135"/>
                </rdf:Bag>
              </bqbiol:isDescribedBy>
            </rdf:Description>
          </rdf:RDF>
        </annotation>
      </species>
      <species metaid="meta_C00080" id="C00080" name="hydron" compartment="c" sboTerm="SBO:0000247">
        <annotation>
          <rdf:RDF xmlns:rdf="http://www.w3.org/1999/02/22-rdf-syntax-ns#" xmlns:dc="http://purl.org/dc/elements/1.1/" xmlns:dcterms="http://purl.org/dc/terms/" xmlns:vCard="http://www.w3.org/2001/vcard-rdf/3.0#" xmlns:bqbiol="http://biomodels.net/biology-qualifiers/" xmlns:bqmodel="http://biomodels.net/model-qualifiers/">
            <rdf:Description rdf:about="#meta_C00080">
              <bqbiol:is>
                <rdf:Bag>
                  <rdf:li rdf:resource="urn:miriam:obo.chebi:CHEBI%3A15378"/>
                </rdf:Bag>
              </bqbiol:is>
              <bqbiol:isDescribedBy>
                <rdf:Bag>
                  <rdf:li rdf:resource="urn:miriam:pubmed:9847135"/>
                </rdf:Bag>
              </bqbiol:isDescribedBy>
            </rdf:Description>
          </rdf:RDF>
        </annotation>
      </species>
      <species metaid="meta_C02593" id="C02593" name="myristoyl-CoA" compartment="c" sboTerm="SBO:0000247">
        <annotation>
          <rdf:RDF xmlns:rdf="http://www.w3.org/1999/02/22-rdf-syntax-ns#" xmlns:dc="http://purl.org/dc/elements/1.1/" xmlns:dcterms="http://purl.org/dc/terms/" xmlns:vCard="http://www.w3.org/2001/vcard-rdf/3.0#" xmlns:bqbiol="http://biomodels.net/biology-qualifiers/" xmlns:bqmodel="http://biomodels.net/model-qualifiers/">
            <rdf:Description rdf:about="#meta_C02593">
              <bqbiol:is>
                <rdf:Bag>
                  <rdf:li rdf:resource="urn:miriam:obo.chebi:CHEBI%3A15532"/>
                </rdf:Bag>
              </bqbiol:is>
              <bqbiol:isDescribedBy>
                <rdf:Bag>
                  <rdf:li rdf:resource="urn:miriam:pubmed:9847135"/>
                </rdf:Bag>
              </bqbiol:isDescribedBy>
            </rdf:Description>
          </rdf:RDF>
        </annotation>
      </species>
      <species metaid="meta_C05273" id="C05273" name="trans-tetradec-2-enoyl-CoA" compartment="c" sboTerm="SBO:0000247">
        <annotation>
          <rdf:RDF xmlns:rdf="http://www.w3.org/1999/02/22-rdf-syntax-ns#" xmlns:dc="http://purl.org/dc/elements/1.1/" xmlns:dcterms="http://purl.org/dc/terms/" xmlns:vCard="http://www.w3.org/2001/vcard-rdf/3.0#" xmlns:bqbiol="http://biomodels.net/biology-qualifiers/" xmlns:bqmodel="http://biomodels.net/model-qualifiers/">
            <rdf:Description rdf:about="#meta_C05273">
              <bqbiol:is>
                <rdf:Bag>
                  <rdf:li rdf:resource="urn:miriam:obo.chebi:CHEBI%3A27721"/>
                </rdf:Bag>
              </bqbiol:is>
              <bqbiol:isDescribedBy>
                <rdf:Bag>
                  <rdf:li rdf:resource="urn:miriam:pubmed:9847135"/>
                </rdf:Bag>
              </bqbiol:isDescribedBy>
            </rdf:Description>
          </rdf:RDF>
        </annotation>
      </species>
      <species metaid="meta_C01832" id="C01832" name="lauroyl-CoA" compartment="c" sboTerm="SBO:0000247">
        <annotation>
          <rdf:RDF xmlns:rdf="http://www.w3.org/1999/02/22-rdf-syntax-ns#" xmlns:dc="http://purl.org/dc/elements/1.1/" xmlns:dcterms="http://purl.org/dc/terms/" xmlns:vCard="http://www.w3.org/2001/vcard-rdf/3.0#" xmlns:bqbiol="http://biomodels.net/biology-qualifiers/" xmlns:bqmodel="http://biomodels.net/model-qualifiers/">
            <rdf:Description rdf:about="#meta_C01832">
              <bqbiol:is>
                <rdf:Bag>
                  <rdf:li rdf:resource="urn:miriam:obo.chebi:CHEBI%3A15521"/>
                </rdf:Bag>
              </bqbiol:is>
              <bqbiol:isDescribedBy>
                <rdf:Bag>
                  <rdf:li rdf:resource="urn:miriam:pubmed:9847135"/>
                </rdf:Bag>
              </bqbiol:isDescribedBy>
            </rdf:Description>
          </rdf:RDF>
        </annotation>
      </species>
      <species metaid="meta_C03221" id="C03221" name="trans-dodec-2-enoyl-CoA" compartment="c" sboTerm="SBO:0000247">
        <annotation>
          <rdf:RDF xmlns:rdf="http://www.w3.org/1999/02/22-rdf-syntax-ns#" xmlns:dc="http://purl.org/dc/elements/1.1/" xmlns:dcterms="http://purl.org/dc/terms/" xmlns:vCard="http://www.w3.org/2001/vcard-rdf/3.0#" xmlns:bqbiol="http://biomodels.net/biology-qualifiers/" xmlns:bqmodel="http://biomodels.net/model-qualifiers/">
            <rdf:Description rdf:about="#meta_C03221">
              <bqbiol:is>
                <rdf:Bag>
                  <rdf:li rdf:resource="urn:miriam:obo.chebi:CHEBI%3A15471"/>
                </rdf:Bag>
              </bqbiol:is>
              <bqbiol:isDescribedBy>
                <rdf:Bag>
                  <rdf:li rdf:resource="urn:miriam:pubmed:9847135"/>
                </rdf:Bag>
              </bqbiol:isDescribedBy>
            </rdf:Description>
          </rdf:RDF>
        </annotation>
      </species>
      <species metaid="meta_C05274" id="C05274" name="decanoyl-CoA" compartment="c" sboTerm="SBO:0000247">
        <annotation>
          <rdf:RDF xmlns:rdf="http://www.w3.org/1999/02/22-rdf-syntax-ns#" xmlns:dc="http://purl.org/dc/elements/1.1/" xmlns:dcterms="http://purl.org/dc/terms/" xmlns:vCard="http://www.w3.org/2001/vcard-rdf/3.0#" xmlns:bqbiol="http://biomodels.net/biology-qualifiers/" xmlns:bqmodel="http://biomodels.net/model-qualifiers/">
            <rdf:Description rdf:about="#meta_C05274">
              <bqbiol:is>
                <rdf:Bag>
                  <rdf:li rdf:resource="urn:miriam:obo.chebi:CHEBI%3A28493"/>
                </rdf:Bag>
              </bqbiol:is>
              <bqbiol:isDescribedBy>
                <rdf:Bag>
                  <rdf:li rdf:resource="urn:miriam:pubmed:9847135"/>
                </rdf:Bag>
              </bqbiol:isDescribedBy>
            </rdf:Description>
          </rdf:RDF>
        </annotation>
      </species>
      <species metaid="meta_C05275" id="C05275" name="trans-dec-2-enoyl-CoA" compartment="c" sboTerm="SBO:0000247">
        <annotation>
          <rdf:RDF xmlns:rdf="http://www.w3.org/1999/02/22-rdf-syntax-ns#" xmlns:dc="http://purl.org/dc/elements/1.1/" xmlns:dcterms="http://purl.org/dc/terms/" xmlns:vCard="http://www.w3.org/2001/vcard-rdf/3.0#" xmlns:bqbiol="http://biomodels.net/biology-qualifiers/" xmlns:bqmodel="http://biomodels.net/model-qualifiers/">
            <rdf:Description rdf:about="#meta_C05275">
              <bqbiol:is>
                <rdf:Bag>
                  <rdf:li rdf:resource="urn:miriam:obo.chebi:CHEBI%3A10723"/>
                </rdf:Bag>
              </bqbiol:is>
              <bqbiol:isDescribedBy>
                <rdf:Bag>
                  <rdf:li rdf:resource="urn:miriam:pubmed:9847135"/>
                </rdf:Bag>
              </bqbiol:isDescribedBy>
            </rdf:Description>
          </rdf:RDF>
        </annotation>
      </species>
      <species metaid="meta_C01944" id="C01944" name="octanoyl-CoA" compartment="c" sboTerm="SBO:0000247">
        <annotation>
          <rdf:RDF xmlns:rdf="http://www.w3.org/1999/02/22-rdf-syntax-ns#" xmlns:dc="http://purl.org/dc/elements/1.1/" xmlns:dcterms="http://purl.org/dc/terms/" xmlns:vCard="http://www.w3.org/2001/vcard-rdf/3.0#" xmlns:bqbiol="http://biomodels.net/biology-qualifiers/" xmlns:bqmodel="http://biomodels.net/model-qualifiers/">
            <rdf:Description rdf:about="#meta_C01944">
              <bqbiol:is>
                <rdf:Bag>
                  <rdf:li rdf:resource="urn:miriam:obo.chebi:CHEBI%3A15533"/>
                </rdf:Bag>
              </bqbiol:is>
              <bqbiol:isDescribedBy>
                <rdf:Bag>
                  <rdf:li rdf:resource="urn:miriam:pubmed:9847135"/>
                </rdf:Bag>
              </bqbiol:isDescribedBy>
            </rdf:Description>
          </rdf:RDF>
        </annotation>
      </species>
      <species metaid="meta_C05276" id="C05276" name="trans-oct-2-enoyl-CoA" compartment="c" sboTerm="SBO:0000247">
        <annotation>
          <rdf:RDF xmlns:rdf="http://www.w3.org/1999/02/22-rdf-syntax-ns#" xmlns:dc="http://purl.org/dc/elements/1.1/" xmlns:dcterms="http://purl.org/dc/terms/" xmlns:vCard="http://www.w3.org/2001/vcard-rdf/3.0#" xmlns:bqbiol="http://biomodels.net/biology-qualifiers/" xmlns:bqmodel="http://biomodels.net/model-qualifiers/">
            <rdf:Description rdf:about="#meta_C05276">
              <bqbiol:is>
                <rdf:Bag>
                  <rdf:li rdf:resource="urn:miriam:obo.chebi:CHEBI%3A27537"/>
                </rdf:Bag>
              </bqbiol:is>
              <bqbiol:isDescribedBy>
                <rdf:Bag>
                  <rdf:li rdf:resource="urn:miriam:pubmed:9847135"/>
                </rdf:Bag>
              </bqbiol:isDescribedBy>
            </rdf:Description>
          </rdf:RDF>
        </annotation>
      </species>
      <species metaid="meta_C05271" id="C05271" name="trans-hex-2-enoyl-CoA" compartment="c" sboTerm="SBO:0000247">
        <annotation>
          <rdf:RDF xmlns:rdf="http://www.w3.org/1999/02/22-rdf-syntax-ns#" xmlns:dc="http://purl.org/dc/elements/1.1/" xmlns:dcterms="http://purl.org/dc/terms/" xmlns:vCard="http://www.w3.org/2001/vcard-rdf/3.0#" xmlns:bqbiol="http://biomodels.net/biology-qualifiers/" xmlns:bqmodel="http://biomodels.net/model-qualifiers/">
            <rdf:Description rdf:about="#meta_C05271">
              <bqbiol:is>
                <rdf:Bag>
                  <rdf:li rdf:resource="urn:miriam:obo.chebi:CHEBI%3A28706"/>
                </rdf:Bag>
              </bqbiol:is>
              <bqbiol:isDescribedBy>
                <rdf:Bag>
                  <rdf:li rdf:resource="urn:miriam:pubmed:9847135"/>
                </rdf:Bag>
              </bqbiol:isDescribedBy>
            </rdf:Description>
          </rdf:RDF>
        </annotation>
      </species>
      <species metaid="meta_C05270" id="C05270" name="hexanoyl-CoA" compartment="c" sboTerm="SBO:0000247">
        <annotation>
          <rdf:RDF xmlns:rdf="http://www.w3.org/1999/02/22-rdf-syntax-ns#" xmlns:dc="http://purl.org/dc/elements/1.1/" xmlns:dcterms="http://purl.org/dc/terms/" xmlns:vCard="http://www.w3.org/2001/vcard-rdf/3.0#" xmlns:bqbiol="http://biomodels.net/biology-qualifiers/" xmlns:bqmodel="http://biomodels.net/model-qualifiers/">
            <rdf:Description rdf:about="#meta_C05270">
              <bqbiol:is>
                <rdf:Bag>
                  <rdf:li rdf:resource="urn:miriam:obo.chebi:CHEBI%3A27540"/>
                </rdf:Bag>
              </bqbiol:is>
              <bqbiol:isDescribedBy>
                <rdf:Bag>
                  <rdf:li rdf:resource="urn:miriam:pubmed:9847135"/>
                </rdf:Bag>
              </bqbiol:isDescribedBy>
            </rdf:Description>
          </rdf:RDF>
        </annotation>
      </species>
      <species metaid="meta_sce_YBR159W" id="sce_YBR159W" name="sce:YBR159W" compartment="c" boundaryCondition="true" sboTerm="SBO:0000252">
        <annotation>
          <rdf:RDF xmlns:rdf="http://www.w3.org/1999/02/22-rdf-syntax-ns#" xmlns:dc="http://purl.org/dc/elements/1.1/" xmlns:dcterms="http://purl.org/dc/terms/" xmlns:vCard="http://www.w3.org/2001/vcard-rdf/3.0#" xmlns:bqbiol="http://biomodels.net/biology-qualifiers/" xmlns:bqmodel="http://biomodels.net/model-qualifiers/">
            <rdf:Description rdf:about="#meta_sce_YBR159W">
              <bqbiol:isEncodedBy>
                <rdf:Bag>
                  <rdf:li rdf:resource="urn:miriam:kegg.genes:sce%3AYBR159W"/>
                </rdf:Bag>
              </bqbiol:isEncodedBy>
              <bqbiol:isDescribedBy>
                <rdf:Bag>
                  <rdf:li rdf:resource="urn:miriam:pubmed:9847135"/>
                </rdf:Bag>
              </bqbiol:isDescribedBy>
              <bqbiol:is>
                <rdf:Bag>
                  <rdf:li rdf:resource="urn:miriam:uniprot:P38286"/>
                </rdf:Bag>
              </bqbiol:is>
            </rdf:Description>
          </rdf:RDF>
        </annotation>
      </species>
      <species metaid="meta_C00640" id="C00640" name="(S)-3-hydroxyacyl-CoA" compartment="c" sboTerm="SBO:0000247">
        <annotation>
          <rdf:RDF xmlns:rdf="http://www.w3.org/1999/02/22-rdf-syntax-ns#" xmlns:dc="http://purl.org/dc/elements/1.1/" xmlns:dcterms="http://purl.org/dc/terms/" xmlns:vCard="http://www.w3.org/2001/vcard-rdf/3.0#" xmlns:bqbiol="http://biomodels.net/biology-qualifiers/" xmlns:bqmodel="http://biomodels.net/model-qualifiers/">
            <rdf:Description rdf:about="#meta_C00640">
              <bqbiol:is>
                <rdf:Bag>
                  <rdf:li rdf:resource="urn:miriam:obo.chebi:CHEBI%3A15455"/>
                </rdf:Bag>
              </bqbiol:is>
              <bqbiol:isDescribedBy>
                <rdf:Bag>
                  <rdf:li rdf:resource="urn:miriam:pubmed:9847135"/>
                </rdf:Bag>
              </bqbiol:isDescribedBy>
            </rdf:Description>
          </rdf:RDF>
        </annotation>
      </species>
      <species metaid="meta_C00003" id="C00003" name="NAD(+)" compartment="c" sboTerm="SBO:0000247">
        <annotation>
          <rdf:RDF xmlns:rdf="http://www.w3.org/1999/02/22-rdf-syntax-ns#" xmlns:dc="http://purl.org/dc/elements/1.1/" xmlns:dcterms="http://purl.org/dc/terms/" xmlns:vCard="http://www.w3.org/2001/vcard-rdf/3.0#" xmlns:bqbiol="http://biomodels.net/biology-qualifiers/" xmlns:bqmodel="http://biomodels.net/model-qualifiers/">
            <rdf:Description rdf:about="#meta_C00003">
              <bqbiol:is>
                <rdf:Bag>
                  <rdf:li rdf:resource="urn:miriam:obo.chebi:CHEBI%3A15846"/>
                </rdf:Bag>
              </bqbiol:is>
              <bqbiol:isDescribedBy>
                <rdf:Bag>
                  <rdf:li rdf:resource="urn:miriam:pubmed:9847135"/>
                </rdf:Bag>
              </bqbiol:isDescribedBy>
            </rdf:Description>
          </rdf:RDF>
        </annotation>
      </species>
      <species metaid="meta_C00264" id="C00264" name="3-oxo-fatty acyl-CoA" compartment="c" sboTerm="SBO:0000247">
        <annotation>
          <rdf:RDF xmlns:rdf="http://www.w3.org/1999/02/22-rdf-syntax-ns#" xmlns:dc="http://purl.org/dc/elements/1.1/" xmlns:dcterms="http://purl.org/dc/terms/" xmlns:vCard="http://www.w3.org/2001/vcard-rdf/3.0#" xmlns:bqbiol="http://biomodels.net/biology-qualifiers/" xmlns:bqmodel="http://biomodels.net/model-qualifiers/">
            <rdf:Description rdf:about="#meta_C00264">
              <bqbiol:is>
                <rdf:Bag>
                  <rdf:li rdf:resource="urn:miriam:obo.chebi:CHEBI%3A15489"/>
                </rdf:Bag>
              </bqbiol:is>
              <bqbiol:isDescribedBy>
                <rdf:Bag>
                  <rdf:li rdf:resource="urn:miriam:pubmed:9847135"/>
                </rdf:Bag>
              </bqbiol:isDescribedBy>
            </rdf:Description>
          </rdf:RDF>
        </annotation>
      </species>
      <species metaid="meta_C00004" id="C00004" name="NADH" compartment="c" sboTerm="SBO:0000247">
        <annotation>
          <rdf:RDF xmlns:rdf="http://www.w3.org/1999/02/22-rdf-syntax-ns#" xmlns:dc="http://purl.org/dc/elements/1.1/" xmlns:dcterms="http://purl.org/dc/terms/" xmlns:vCard="http://www.w3.org/2001/vcard-rdf/3.0#" xmlns:bqbiol="http://biomodels.net/biology-qualifiers/" xmlns:bqmodel="http://biomodels.net/model-qualifiers/">
            <rdf:Description rdf:about="#meta_C00004">
              <bqbiol:is>
                <rdf:Bag>
                  <rdf:li rdf:resource="urn:miriam:obo.chebi:CHEBI%3A16908"/>
                </rdf:Bag>
              </bqbiol:is>
              <bqbiol:isDescribedBy>
                <rdf:Bag>
                  <rdf:li rdf:resource="urn:miriam:pubmed:9847135"/>
                </rdf:Bag>
              </bqbiol:isDescribedBy>
            </rdf:Description>
          </rdf:RDF>
        </annotation>
      </species>
      <species metaid="meta_sce_YDL015C" id="sce_YDL015C" name="sce:YDL015C" compartment="c" boundaryCondition="true" sboTerm="SBO:0000252">
        <annotation>
          <rdf:RDF xmlns:rdf="http://www.w3.org/1999/02/22-rdf-syntax-ns#" xmlns:dc="http://purl.org/dc/elements/1.1/" xmlns:dcterms="http://purl.org/dc/terms/" xmlns:vCard="http://www.w3.org/2001/vcard-rdf/3.0#" xmlns:bqbiol="http://biomodels.net/biology-qualifiers/" xmlns:bqmodel="http://biomodels.net/model-qualifiers/">
            <rdf:Description rdf:about="#meta_sce_YDL015C">
              <bqbiol:isEncodedBy>
                <rdf:Bag>
                  <rdf:li rdf:resource="urn:miriam:kegg.genes:sce%3AYDL015C"/>
                </rdf:Bag>
              </bqbiol:isEncodedBy>
              <bqbiol:isDescribedBy>
                <rdf:Bag>
                  <rdf:li rdf:resource="urn:miriam:pubmed:9847135"/>
                </rdf:Bag>
              </bqbiol:isDescribedBy>
              <bqbiol:is>
                <rdf:Bag>
                  <rdf:li rdf:resource="urn:miriam:uniprot:Q99190"/>
                </rdf:Bag>
              </bqbiol:is>
            </rdf:Description>
          </rdf:RDF>
        </annotation>
      </species>
      <species metaid="meta_C00658" id="C00658" name="trans-2,3-didehydroacyl-CoA" compartment="c" sboTerm="SBO:0000247">
        <annotation>
          <rdf:RDF xmlns:rdf="http://www.w3.org/1999/02/22-rdf-syntax-ns#" xmlns:dc="http://purl.org/dc/elements/1.1/" xmlns:dcterms="http://purl.org/dc/terms/" xmlns:vCard="http://www.w3.org/2001/vcard-rdf/3.0#" xmlns:bqbiol="http://biomodels.net/biology-qualifiers/" xmlns:bqmodel="http://biomodels.net/model-qualifiers/">
            <rdf:Description rdf:about="#meta_C00658">
              <bqbiol:is>
                <rdf:Bag>
                  <rdf:li rdf:resource="urn:miriam:obo.chebi:CHEBI%3A50998"/>
                </rdf:Bag>
              </bqbiol:is>
              <bqbiol:isDescribedBy>
                <rdf:Bag>
                  <rdf:li rdf:resource="urn:miriam:pubmed:9847135"/>
                </rdf:Bag>
              </bqbiol:isDescribedBy>
            </rdf:Description>
          </rdf:RDF>
        </annotation>
      </species>
      <species metaid="meta_C02843" id="C02843" name="long-chain fatty acyl-CoA" compartment="c" sboTerm="SBO:0000247">
        <annotation>
          <rdf:RDF xmlns:rdf="http://www.w3.org/1999/02/22-rdf-syntax-ns#" xmlns:dc="http://purl.org/dc/elements/1.1/" xmlns:dcterms="http://purl.org/dc/terms/" xmlns:vCard="http://www.w3.org/2001/vcard-rdf/3.0#" xmlns:bqbiol="http://biomodels.net/biology-qualifiers/" xmlns:bqmodel="http://biomodels.net/model-qualifiers/">
            <rdf:Description rdf:about="#meta_C02843">
              <bqbiol:is>
                <rdf:Bag>
                  <rdf:li rdf:resource="urn:miriam:obo.chebi:CHEBI%3A33184"/>
                </rdf:Bag>
              </bqbiol:is>
              <bqbiol:isDescribedBy>
                <rdf:Bag>
                  <rdf:li rdf:resource="urn:miriam:pubmed:9847135"/>
                </rdf:Bag>
              </bqbiol:isDescribedBy>
            </rdf:Description>
          </rdf:RDF>
        </annotation>
      </species>
      <species metaid="meta_sce_YJL097W" id="sce_YJL097W" name="sce:YJL097W" compartment="c" boundaryCondition="true" sboTerm="SBO:0000252">
        <annotation>
          <rdf:RDF xmlns:rdf="http://www.w3.org/1999/02/22-rdf-syntax-ns#" xmlns:dc="http://purl.org/dc/elements/1.1/" xmlns:dcterms="http://purl.org/dc/terms/" xmlns:vCard="http://www.w3.org/2001/vcard-rdf/3.0#" xmlns:bqbiol="http://biomodels.net/biology-qualifiers/" xmlns:bqmodel="http://biomodels.net/model-qualifiers/">
            <rdf:Description rdf:about="#meta_sce_YJL097W">
              <bqbiol:isEncodedBy>
                <rdf:Bag>
                  <rdf:li rdf:resource="urn:miriam:kegg.genes:sce%3AYJL097W"/>
                </rdf:Bag>
              </bqbiol:isEncodedBy>
              <bqbiol:isDescribedBy>
                <rdf:Bag>
                  <rdf:li rdf:resource="urn:miriam:pubmed:9847135"/>
                </rdf:Bag>
              </bqbiol:isDescribedBy>
              <bqbiol:is>
                <rdf:Bag>
                  <rdf:li rdf:resource="urn:miriam:uniprot:P40857"/>
                </rdf:Bag>
              </bqbiol:is>
            </rdf:Description>
          </rdf:RDF>
        </annotation>
      </species>
      <species metaid="meta_C00001" id="C00001" name="water" compartment="c" sboTerm="SBO:0000247">
        <annotation>
          <rdf:RDF xmlns:rdf="http://www.w3.org/1999/02/22-rdf-syntax-ns#" xmlns:dc="http://purl.org/dc/elements/1.1/" xmlns:dcterms="http://purl.org/dc/terms/" xmlns:vCard="http://www.w3.org/2001/vcard-rdf/3.0#" xmlns:bqbiol="http://biomodels.net/biology-qualifiers/" xmlns:bqmodel="http://biomodels.net/model-qualifiers/">
            <rdf:Description rdf:about="#meta_C00001">
              <bqbiol:is>
                <rdf:Bag>
                  <rdf:li rdf:resource="urn:miriam:obo.chebi:CHEBI%3A15377"/>
                </rdf:Bag>
              </bqbiol:is>
              <bqbiol:isDescribedBy>
                <rdf:Bag>
                  <rdf:li rdf:resource="urn:miriam:pubmed:9847135"/>
                </rdf:Bag>
              </bqbiol:isDescribedBy>
            </rdf:Description>
          </rdf:RDF>
        </annotation>
      </species>
      <species metaid="meta_C00040" id="C00040" name="acyl-CoA" compartment="c" sboTerm="SBO:0000247">
        <annotation>
          <rdf:RDF xmlns:rdf="http://www.w3.org/1999/02/22-rdf-syntax-ns#" xmlns:dc="http://purl.org/dc/elements/1.1/" xmlns:dcterms="http://purl.org/dc/terms/" xmlns:vCard="http://www.w3.org/2001/vcard-rdf/3.0#" xmlns:bqbiol="http://biomodels.net/biology-qualifiers/" xmlns:bqmodel="http://biomodels.net/model-qualifiers/">
            <rdf:Description rdf:about="#meta_C00040">
              <bqbiol:is>
                <rdf:Bag>
                  <rdf:li rdf:resource="urn:miriam:obo.chebi:CHEBI%3A17984"/>
                </rdf:Bag>
              </bqbiol:is>
              <bqbiol:isDescribedBy>
                <rdf:Bag>
                  <rdf:li rdf:resource="urn:miriam:pubmed:9847135"/>
                </rdf:Bag>
              </bqbiol:isDescribedBy>
            </rdf:Description>
          </rdf:RDF>
        </annotation>
      </species>
      <species metaid="meta_sce_YJR019C" id="sce_YJR019C" name="sce:YJR019C" compartment="c" boundaryCondition="true" sboTerm="SBO:0000252">
        <annotation>
          <rdf:RDF xmlns:rdf="http://www.w3.org/1999/02/22-rdf-syntax-ns#" xmlns:dc="http://purl.org/dc/elements/1.1/" xmlns:dcterms="http://purl.org/dc/terms/" xmlns:vCard="http://www.w3.org/2001/vcard-rdf/3.0#" xmlns:bqbiol="http://biomodels.net/biology-qualifiers/" xmlns:bqmodel="http://biomodels.net/model-qualifiers/">
            <rdf:Description rdf:about="#meta_sce_YJR019C">
              <bqbiol:isEncodedBy>
                <rdf:Bag>
                  <rdf:li rdf:resource="urn:miriam:kegg.genes:sce%3AYJR019C"/>
                </rdf:Bag>
              </bqbiol:isEncodedBy>
              <bqbiol:isDescribedBy>
                <rdf:Bag>
                  <rdf:li rdf:resource="urn:miriam:pubmed:9847135"/>
                </rdf:Bag>
              </bqbiol:isDescribedBy>
              <bqbiol:is>
                <rdf:Bag>
                  <rdf:li rdf:resource="urn:miriam:uniprot:P41903"/>
                </rdf:Bag>
              </bqbiol:is>
            </rdf:Description>
          </rdf:RDF>
        </annotation>
      </species>
      <species metaid="meta_C00638" id="C00638" name="long-chain fatty acid" compartment="c" sboTerm="SBO:0000247">
        <annotation>
          <rdf:RDF xmlns:rdf="http://www.w3.org/1999/02/22-rdf-syntax-ns#" xmlns:dc="http://purl.org/dc/elements/1.1/" xmlns:dcterms="http://purl.org/dc/terms/" xmlns:vCard="http://www.w3.org/2001/vcard-rdf/3.0#" xmlns:bqbiol="http://biomodels.net/biology-qualifiers/" xmlns:bqmodel="http://biomodels.net/model-qualifiers/">
            <rdf:Description rdf:about="#meta_C00638">
              <bqbiol:is>
                <rdf:Bag>
                  <rdf:li rdf:resource="urn:miriam:obo.chebi:CHEBI%3A15904"/>
                </rdf:Bag>
              </bqbiol:is>
              <bqbiol:isDescribedBy>
                <rdf:Bag>
                  <rdf:li rdf:resource="urn:miriam:pubmed:9847135"/>
                </rdf:Bag>
              </bqbiol:isDescribedBy>
            </rdf:Description>
          </rdf:RDF>
        </annotation>
      </species>
      <species metaid="meta_C00010" id="C00010" name="coenzyme A" compartment="c" sboTerm="SBO:0000247">
        <annotation>
          <rdf:RDF xmlns:rdf="http://www.w3.org/1999/02/22-rdf-syntax-ns#" xmlns:dc="http://purl.org/dc/elements/1.1/" xmlns:dcterms="http://purl.org/dc/terms/" xmlns:vCard="http://www.w3.org/2001/vcard-rdf/3.0#" xmlns:bqbiol="http://biomodels.net/biology-qualifiers/" xmlns:bqmodel="http://biomodels.net/model-qualifiers/">
            <rdf:Description rdf:about="#meta_C00010">
              <bqbiol:is>
                <rdf:Bag>
                  <rdf:li rdf:resource="urn:miriam:obo.chebi:CHEBI%3A15346"/>
                </rdf:Bag>
              </bqbiol:is>
              <bqbiol:isDescribedBy>
                <rdf:Bag>
                  <rdf:li rdf:resource="urn:miriam:pubmed:9847135"/>
                </rdf:Bag>
              </bqbiol:isDescribedBy>
            </rdf:Description>
          </rdf:RDF>
        </annotation>
      </species>
    </listOfSpecies>
    <listOfReactions>
      <reaction metaid="meta_R01278" id="R01278" name="hexadecanoyl-CoA:NADP+ trans-2-oxidoreductase" reversible="false" sboTerm="SBO:0000176">
        <annotation>
          <rdf:RDF xmlns:rdf="http://www.w3.org/1999/02/22-rdf-syntax-ns#" xmlns:dc="http://purl.org/dc/elements/1.1/" xmlns:dcterms="http://purl.org/dc/terms/" xmlns:vCard="http://www.w3.org/2001/vcard-rdf/3.0#" xmlns:bqbiol="http://biomodels.net/biology-qualifiers/" xmlns:bqmodel="http://biomodels.net/model-qualifiers/">
            <rdf:Description rdf:about="#meta_R01278">
              <bqbiol:isVersionOf>
                <rdf:Bag>
                  <rdf:li rdf:resource="urn:miriam:ec-code:1.3.1.8"/>
                </rdf:Bag>
              </bqbiol:isVersionOf>
              <bqbiol:isPartOf>
                <rdf:Bag>
                  <rdf:li rdf:resource="urn:miriam:kegg.pathway:rn00062"/>
                  <rdf:li rdf:resource="urn:miriam:kegg.pathway:rn01100"/>
                </rdf:Bag>
              </bqbiol:isPartOf>
              <bqbiol:is>
                <rdf:Bag>
                  <rdf:li rdf:resource="urn:miriam:kegg.reaction:R01278"/>
                </rdf:Bag>
              </bqbiol:is>
              <bqbiol:isDescribedBy>
                <rdf:Bag>
                  <rdf:li rdf:resource="urn:miriam:pubmed:9847135"/>
                </rdf:Bag>
              </bqbiol:isDescribedBy>
            </rdf:Description>
          </rdf:RDF>
        </annotation>
        <listOfReactants>
          <speciesReference species="C05272"/>
          <speciesReference species="C00005"/>
          <speciesReference species="C00080"/>
        </listOfReactants>
        <listOfProducts>
          <speciesReference species="C00154"/>
          <speciesReference species="C00006"/>
        </listOfProducts>
        <listOfModifiers>
          <modifierSpeciesReference species="sce_YBR026C"/>
        </listOfModifiers>
      </reaction>
      <reaction metaid="meta_R03989" id="R03989" name="trans-Tetradec-2-enoyl-CoA reductase" reversible="false" sboTerm="SBO:0000176">
        <annotation>
          <rdf:RDF xmlns:rdf="http://www.w3.org/1999/02/22-rdf-syntax-ns#" xmlns:dc="http://purl.org/dc/elements/1.1/" xmlns:dcterms="http://purl.org/dc/terms/" xmlns:vCard="http://www.w3.org/2001/vcard-rdf/3.0#" xmlns:bqbiol="http://biomodels.net/biology-qualifiers/" xmlns:bqmodel="http://biomodels.net/model-qualifiers/">
            <rdf:Description rdf:about="#meta_R03989">
              <bqbiol:isVersionOf>
                <rdf:Bag>
                  <rdf:li rdf:resource="urn:miriam:ec-code:1.3.1.8"/>
                </rdf:Bag>
              </bqbiol:isVersionOf>
              <bqbiol:isPartOf>
                <rdf:Bag>
                  <rdf:li rdf:resource="urn:miriam:kegg.pathway:rn00062"/>
                  <rdf:li rdf:resource="urn:miriam:kegg.pathway:rn01100"/>
                </rdf:Bag>
              </bqbiol:isPartOf>
              <bqbiol:is>
                <rdf:Bag>
                  <rdf:li rdf:resource="urn:miriam:kegg.reaction:R03989"/>
                </rdf:Bag>
              </bqbiol:is>
              <bqbiol:isDescribedBy>
                <rdf:Bag>
                  <rdf:li rdf:resource="urn:miriam:pubmed:9847135"/>
                </rdf:Bag>
              </bqbiol:isDescribedBy>
            </rdf:Description>
          </rdf:RDF>
        </annotation>
        <listOfReactants>
          <speciesReference species="C05273"/>
          <speciesReference species="C00005"/>
          <speciesReference species="C00080"/>
        </listOfReactants>
        <listOfProducts>
          <speciesReference species="C02593"/>
          <speciesReference species="C00006"/>
        </listOfProducts>
        <listOfModifiers>
          <modifierSpeciesReference species="sce_YBR026C"/>
        </listOfModifiers>
      </reaction>
      <reaction metaid="meta_R03856" id="R03856" name="trans-Dodec-2-enoyl-CoA reductase" reversible="false" sboTerm="SBO:0000176">
        <annotation>
          <rdf:RDF xmlns:rdf="http://www.w3.org/1999/02/22-rdf-syntax-ns#" xmlns:dc="http://purl.org/dc/elements/1.1/" xmlns:dcterms="http://purl.org/dc/terms/" xmlns:vCard="http://www.w3.org/2001/vcard-rdf/3.0#" xmlns:bqbiol="http://biomodels.net/biology-qualifiers/" xmlns:bqmodel="http://biomodels.net/model-qualifiers/">
            <rdf:Description rdf:about="#meta_R03856">
              <bqbiol:isVersionOf>
                <rdf:Bag>
                  <rdf:li rdf:resource="urn:miriam:ec-code:1.3.1.8"/>
                </rdf:Bag>
              </bqbiol:isVersionOf>
              <bqbiol:isPartOf>
                <rdf:Bag>
                  <rdf:li rdf:resource="urn:miriam:kegg.pathway:rn00062"/>
                  <rdf:li rdf:resource="urn:miriam:kegg.pathway:rn01100"/>
                </rdf:Bag>
              </bqbiol:isPartOf>
              <bqbiol:is>
                <rdf:Bag>
                  <rdf:li rdf:resource="urn:miriam:kegg.reaction:R03856"/>
                </rdf:Bag>
              </bqbiol:is>
              <bqbiol:isDescribedBy>
                <rdf:Bag>
                  <rdf:li rdf:resource="urn:miriam:pubmed:9847135"/>
                </rdf:Bag>
              </bqbiol:isDescribedBy>
            </rdf:Description>
          </rdf:RDF>
        </annotation>
        <listOfReactants>
          <speciesReference species="C03221"/>
          <speciesReference species="C00005"/>
          <speciesReference species="C00080"/>
        </listOfReactants>
        <listOfProducts>
          <speciesReference species="C01832"/>
          <speciesReference species="C00006"/>
        </listOfProducts>
        <listOfModifiers>
          <modifierSpeciesReference species="sce_YBR026C"/>
        </listOfModifiers>
      </reaction>
      <reaction metaid="meta_R04753" id="R04753" name="trans-Dec-2-enoyl-CoA reductase" reversible="false" sboTerm="SBO:0000176">
        <annotation>
          <rdf:RDF xmlns:rdf="http://www.w3.org/1999/02/22-rdf-syntax-ns#" xmlns:dc="http://purl.org/dc/elements/1.1/" xmlns:dcterms="http://purl.org/dc/terms/" xmlns:vCard="http://www.w3.org/2001/vcard-rdf/3.0#" xmlns:bqbiol="http://biomodels.net/biology-qualifiers/" xmlns:bqmodel="http://biomodels.net/model-qualifiers/">
            <rdf:Description rdf:about="#meta_R04753">
              <bqbiol:isVersionOf>
                <rdf:Bag>
                  <rdf:li rdf:resource="urn:miriam:ec-code:1.3.1.8"/>
                </rdf:Bag>
              </bqbiol:isVersionOf>
              <bqbiol:isPartOf>
                <rdf:Bag>
                  <rdf:li rdf:resource="urn:miriam:kegg.pathway:rn00062"/>
                  <rdf:li rdf:resource="urn:miriam:kegg.pathway:rn01100"/>
                </rdf:Bag>
              </bqbiol:isPartOf>
              <bqbiol:is>
                <rdf:Bag>
                  <rdf:li rdf:resource="urn:miriam:kegg.reaction:R04753"/>
                </rdf:Bag>
              </bqbiol:is>
              <bqbiol:isDescribedBy>
                <rdf:Bag>
                  <rdf:li rdf:resource="urn:miriam:pubmed:9847135"/>
                </rdf:Bag>
              </bqbiol:isDescribedBy>
            </rdf:Description>
          </rdf:RDF>
        </annotation>
        <listOfReactants>
          <speciesReference species="C05275"/>
          <speciesReference species="C00005"/>
          <speciesReference species="C00080"/>
        </listOfReactants>
        <listOfProducts>
          <speciesReference species="C05274"/>
          <speciesReference species="C00006"/>
        </listOfProducts>
        <listOfModifiers>
          <modifierSpeciesReference species="sce_YBR026C"/>
        </listOfModifiers>
      </reaction>
      <reaction metaid="meta_R03776" id="R03776" name="trans-Oct-2-enoyl-CoA reductase" reversible="false" sboTerm="SBO:0000176">
        <annotation>
          <rdf:RDF xmlns:rdf="http://www.w3.org/1999/02/22-rdf-syntax-ns#" xmlns:dc="http://purl.org/dc/elements/1.1/" xmlns:dcterms="http://purl.org/dc/terms/" xmlns:vCard="http://www.w3.org/2001/vcard-rdf/3.0#" xmlns:bqbiol="http://biomodels.net/biology-qualifiers/" xmlns:bqmodel="http://biomodels.net/model-qualifiers/">
            <rdf:Description rdf:about="#meta_R03776">
              <bqbiol:isVersionOf>
                <rdf:Bag>
                  <rdf:li rdf:resource="urn:miriam:ec-code:1.3.1.8"/>
                </rdf:Bag>
              </bqbiol:isVersionOf>
              <bqbiol:isPartOf>
                <rdf:Bag>
                  <rdf:li rdf:resource="urn:miriam:kegg.pathway:rn00062"/>
                  <rdf:li rdf:resource="urn:miriam:kegg.pathway:rn01100"/>
                </rdf:Bag>
              </bqbiol:isPartOf>
              <bqbiol:is>
                <rdf:Bag>
                  <rdf:li rdf:resource="urn:miriam:kegg.reaction:R03776"/>
                </rdf:Bag>
              </bqbiol:is>
              <bqbiol:isDescribedBy>
                <rdf:Bag>
                  <rdf:li rdf:resource="urn:miriam:pubmed:9847135"/>
                </rdf:Bag>
              </bqbiol:isDescribedBy>
            </rdf:Description>
          </rdf:RDF>
        </annotation>
        <listOfReactants>
          <speciesReference species="C05276"/>
          <speciesReference species="C00005"/>
          <speciesReference species="C00080"/>
        </listOfReactants>
        <listOfProducts>
          <speciesReference species="C01944"/>
          <speciesReference species="C00006"/>
        </listOfProducts>
        <listOfModifiers>
          <modifierSpeciesReference species="sce_YBR026C"/>
        </listOfModifiers>
      </reaction>
      <reaction metaid="meta_R06985" id="R06985" name="trans-Hex-2-enoyl-CoA reductase" reversible="false" sboTerm="SBO:0000176">
        <annotation>
          <rdf:RDF xmlns:rdf="http://www.w3.org/1999/02/22-rdf-syntax-ns#" xmlns:dc="http://purl.org/dc/elements/1.1/" xmlns:dcterms="http://purl.org/dc/terms/" xmlns:vCard="http://www.w3.org/2001/vcard-rdf/3.0#" xmlns:bqbiol="http://biomodels.net/biology-qualifiers/" xmlns:bqmodel="http://biomodels.net/model-qualifiers/">
            <rdf:Description rdf:about="#meta_R06985">
              <bqbiol:isVersionOf>
                <rdf:Bag>
                  <rdf:li rdf:resource="urn:miriam:ec-code:1.3.1.8"/>
                </rdf:Bag>
              </bqbiol:isVersionOf>
              <bqbiol:isPartOf>
                <rdf:Bag>
                  <rdf:li rdf:resource="urn:miriam:kegg.pathway:rn00062"/>
                  <rdf:li rdf:resource="urn:miriam:kegg.pathway:rn01100"/>
                </rdf:Bag>
              </bqbiol:isPartOf>
              <bqbiol:is>
                <rdf:Bag>
                  <rdf:li rdf:resource="urn:miriam:kegg.reaction:R06985"/>
                </rdf:Bag>
              </bqbiol:is>
              <bqbiol:isDescribedBy>
                <rdf:Bag>
                  <rdf:li rdf:resource="urn:miriam:pubmed:9847135"/>
                </rdf:Bag>
              </bqbiol:isDescribedBy>
            </rdf:Description>
          </rdf:RDF>
        </annotation>
        <listOfReactants>
          <speciesReference species="C05271"/>
          <speciesReference species="C00005"/>
          <speciesReference species="C00080"/>
        </listOfReactants>
        <listOfProducts>
          <speciesReference species="C05270"/>
          <speciesReference species="C00006"/>
        </listOfProducts>
        <listOfModifiers>
          <modifierSpeciesReference species="sce_YBR026C"/>
        </listOfModifiers>
      </reaction>
      <reaction metaid="meta_R01778" id="R01778" name="(3S)-3-Hydroxyacyl-CoA:NAD+ oxidoreductase" reversible="false" sboTerm="SBO:0000176">
        <annotation>
          <rdf:RDF xmlns:rdf="http://www.w3.org/1999/02/22-rdf-syntax-ns#" xmlns:dc="http://purl.org/dc/elements/1.1/" xmlns:dcterms="http://purl.org/dc/terms/" xmlns:vCard="http://www.w3.org/2001/vcard-rdf/3.0#" xmlns:bqbiol="http://biomodels.net/biology-qualifiers/" xmlns:bqmodel="http://biomodels.net/model-qualifiers/">
            <rdf:Description rdf:about="#meta_R01778">
              <bqbiol:isVersionOf>
                <rdf:Bag>
                  <rdf:li rdf:resource="urn:miriam:ec-code:1.1.1.35"/>
                </rdf:Bag>
              </bqbiol:isVersionOf>
              <bqbiol:isPartOf>
                <rdf:Bag>
                  <rdf:li rdf:resource="urn:miriam:kegg.pathway:rn00062"/>
                </rdf:Bag>
              </bqbiol:isPartOf>
              <bqbiol:is>
                <rdf:Bag>
                  <rdf:li rdf:resource="urn:miriam:kegg.reaction:R01778"/>
                </rdf:Bag>
              </bqbiol:is>
              <bqbiol:isDescribedBy>
                <rdf:Bag>
                  <rdf:li rdf:resource="urn:miriam:pubmed:9847135"/>
                </rdf:Bag>
              </bqbiol:isDescribedBy>
            </rdf:Description>
          </rdf:RDF>
        </annotation>
        <listOfReactants>
          <speciesReference species="C00264"/>
          <speciesReference species="C00004"/>
          <speciesReference species="C00080"/>
        </listOfReactants>
        <listOfProducts>
          <speciesReference species="C00640"/>
          <speciesReference species="C00003"/>
        </listOfProducts>
        <listOfModifiers>
          <modifierSpeciesReference species="sce_YBR159W"/>
        </listOfModifiers>
      </reaction>
      <reaction metaid="meta_R09449" id="R09449" name="R09449" reversible="false" sboTerm="SBO:0000176">
        <annotation>
          <rdf:RDF xmlns:rdf="http://www.w3.org/1999/02/22-rdf-syntax-ns#" xmlns:dc="http://purl.org/dc/elements/1.1/" xmlns:dcterms="http://purl.org/dc/terms/" xmlns:vCard="http://www.w3.org/2001/vcard-rdf/3.0#" xmlns:bqbiol="http://biomodels.net/biology-qualifiers/" xmlns:bqmodel="http://biomodels.net/model-qualifiers/">
            <rdf:Description rdf:about="#meta_R09449">
              <bqbiol:isPartOf>
                <rdf:Bag>
                  <rdf:li rdf:resource="urn:miriam:kegg.pathway:rn00062"/>
                </rdf:Bag>
              </bqbiol:isPartOf>
              <bqbiol:is>
                <rdf:Bag>
                  <rdf:li rdf:resource="urn:miriam:kegg.reaction:R09449"/>
                </rdf:Bag>
              </bqbiol:is>
              <bqbiol:isDescribedBy>
                <rdf:Bag>
                  <rdf:li rdf:resource="urn:miriam:pubmed:9847135"/>
                </rdf:Bag>
              </bqbiol:isDescribedBy>
            </rdf:Description>
          </rdf:RDF>
        </annotation>
        <listOfReactants>
          <speciesReference species="C00658"/>
          <speciesReference species="C00005"/>
          <speciesReference species="C00080"/>
        </listOfReactants>
        <listOfProducts>
          <speciesReference species="C02843"/>
          <speciesReference species="C00006"/>
        </listOfProducts>
        <listOfModifiers>
          <modifierSpeciesReference species="sce_YDL015C"/>
        </listOfModifiers>
      </reaction>
      <reaction metaid="meta_R02685" id="R02685" name="(3S)-3-Hydroxyacyl-CoA hydro-lyase" reversible="false" sboTerm="SBO:0000176">
        <annotation>
          <rdf:RDF xmlns:rdf="http://www.w3.org/1999/02/22-rdf-syntax-ns#" xmlns:dc="http://purl.org/dc/elements/1.1/" xmlns:dcterms="http://purl.org/dc/terms/" xmlns:vCard="http://www.w3.org/2001/vcard-rdf/3.0#" xmlns:bqbiol="http://biomodels.net/biology-qualifiers/" xmlns:bqmodel="http://biomodels.net/model-qualifiers/">
            <rdf:Description rdf:about="#meta_R02685">
              <bqbiol:isVersionOf>
                <rdf:Bag>
                  <rdf:li rdf:resource="urn:miriam:ec-code:4.2.1.17"/>
                </rdf:Bag>
              </bqbiol:isVersionOf>
              <bqbiol:isPartOf>
                <rdf:Bag>
                  <rdf:li rdf:resource="urn:miriam:kegg.pathway:rn00062"/>
                </rdf:Bag>
              </bqbiol:isPartOf>
              <bqbiol:is>
                <rdf:Bag>
                  <rdf:li rdf:resource="urn:miriam:kegg.reaction:R02685"/>
                </rdf:Bag>
              </bqbiol:is>
              <bqbiol:isDescribedBy>
                <rdf:Bag>
                  <rdf:li rdf:resource="urn:miriam:pubmed:9847135"/>
                </rdf:Bag>
              </bqbiol:isDescribedBy>
            </rdf:Description>
          </rdf:RDF>
        </annotation>
        <listOfReactants>
          <speciesReference species="C00640"/>
        </listOfReactants>
        <listOfProducts>
          <speciesReference species="C00658"/>
          <speciesReference species="C00001"/>
        </listOfProducts>
        <listOfModifiers>
          <modifierSpeciesReference species="sce_YJL097W"/>
        </listOfModifiers>
      </reaction>
      <reaction metaid="meta_R07162" id="R07162" name="acyl-CoA:NADP+ trans-2-oxidoreductase" sboTerm="SBO:0000176">
        <annotation>
          <rdf:RDF xmlns:rdf="http://www.w3.org/1999/02/22-rdf-syntax-ns#" xmlns:dc="http://purl.org/dc/elements/1.1/" xmlns:dcterms="http://purl.org/dc/terms/" xmlns:vCard="http://www.w3.org/2001/vcard-rdf/3.0#" xmlns:bqbiol="http://biomodels.net/biology-qualifiers/" xmlns:bqmodel="http://biomodels.net/model-qualifiers/">
            <rdf:Description rdf:about="#meta_R07162">
              <bqbiol:isVersionOf>
                <rdf:Bag>
                  <rdf:li rdf:resource="urn:miriam:ec-code:1.3.1.38"/>
                </rdf:Bag>
              </bqbiol:isVersionOf>
              <bqbiol:isPartOf>
                <rdf:Bag>
                  <rdf:li rdf:resource="urn:miriam:kegg.pathway:rn00062"/>
                </rdf:Bag>
              </bqbiol:isPartOf>
              <bqbiol:is>
                <rdf:Bag>
                  <rdf:li rdf:resource="urn:miriam:kegg.reaction:R07162"/>
                </rdf:Bag>
              </bqbiol:is>
              <bqbiol:isDescribedBy>
                <rdf:Bag>
                  <rdf:li rdf:resource="urn:miriam:pubmed:9847135"/>
                </rdf:Bag>
              </bqbiol:isDescribedBy>
            </rdf:Description>
          </rdf:RDF>
        </annotation>
        <listOfReactants>
          <speciesReference species="C00040"/>
          <speciesReference species="C00006"/>
        </listOfReactants>
        <listOfProducts>
          <speciesReference species="C00658"/>
          <speciesReference species="C00005"/>
          <speciesReference species="C00080"/>
        </listOfProducts>
        <listOfModifiers>
          <modifierSpeciesReference species="sce_YBR026C"/>
        </listOfModifiers>
      </reaction>
      <reaction metaid="meta_R09450" id="R09450" name="long-chain fatty-acyl-CoA hydrolase" reversible="false" sboTerm="SBO:0000176">
        <annotation>
          <rdf:RDF xmlns:rdf="http://www.w3.org/1999/02/22-rdf-syntax-ns#" xmlns:dc="http://purl.org/dc/elements/1.1/" xmlns:dcterms="http://purl.org/dc/terms/" xmlns:vCard="http://www.w3.org/2001/vcard-rdf/3.0#" xmlns:bqbiol="http://biomodels.net/biology-qualifiers/" xmlns:bqmodel="http://biomodels.net/model-qualifiers/">
            <rdf:Description rdf:about="#meta_R09450">
              <bqbiol:isVersionOf>
                <rdf:Bag>
                  <rdf:li rdf:resource="urn:miriam:ec-code:3.1.2.2"/>
                </rdf:Bag>
              </bqbiol:isVersionOf>
              <bqbiol:isPartOf>
                <rdf:Bag>
                  <rdf:li rdf:resource="urn:miriam:kegg.pathway:rn00062"/>
                </rdf:Bag>
              </bqbiol:isPartOf>
              <bqbiol:is>
                <rdf:Bag>
                  <rdf:li rdf:resource="urn:miriam:kegg.reaction:R09450"/>
                </rdf:Bag>
              </bqbiol:is>
              <bqbiol:isDescribedBy>
                <rdf:Bag>
                  <rdf:li rdf:resource="urn:miriam:pubmed:9847135"/>
                </rdf:Bag>
              </bqbiol:isDescribedBy>
            </rdf:Description>
          </rdf:RDF>
        </annotation>
        <listOfReactants>
          <speciesReference species="C02843"/>
          <speciesReference species="C00001"/>
        </listOfReactants>
        <listOfProducts>
          <speciesReference species="C00638"/>
          <speciesReference species="C00010"/>
        </listOfProducts>
        <listOfModifiers>
          <modifierSpeciesReference species="sce_YJR019C"/>
        </listOfModifiers>
      </reaction>
    </listOfReactions>
  </model>
</sbml>
