<?xml version="1.0" encoding="UTF-8"?>
<sbml xmlns="http://www.sbml.org/sbml/level2/version4" level="2" version="4">
  <model metaid="_50672334_da85_43b7_bf9b_ffe304901279">
    <annotation>
      <rdf:RDF xmlns:rdf="http://www.w3.org/1999/02/22-rdf-syntax-ns#" xmlns:dc="http://purl.org/dc/elements/1.1/" xmlns:dcterms="http://purl.org/dc/terms/" xmlns:vCard="http://www.w3.org/2001/vcard-rdf/3.0#" xmlns:bqbiol="http://biomodels.net/biology-qualifiers/" xmlns:bqmodel="http://biomodels.net/model-qualifiers/">
        <rdf:Description rdf:about="#_50672334_da85_43b7_bf9b_ffe304901279">
          <bqbiol:is>
            <rdf:Bag>
              <rdf:li rdf:resource="urn:miriam:taxonomy:559292"/>
            </rdf:Bag>
          </bqbiol:is>
          <bqbiol:isDescribedBy>
            <rdf:Bag>
              <rdf:li rdf:resource="urn:miriam:pubmed:9847135"/>
            </rdf:Bag>
          </bqbiol:isDescribedBy>
        </rdf:Description>
      </rdf:RDF>
    </annotation>
    <listOfCompartments>
      <compartment metaid="meta_c" id="c" name="cytosol" size="1" sboTerm="SBO:0000290">
        <annotation>
          <rdf:RDF xmlns:rdf="http://www.w3.org/1999/02/22-rdf-syntax-ns#" xmlns:dc="http://purl.org/dc/elements/1.1/" xmlns:dcterms="http://purl.org/dc/terms/" xmlns:vCard="http://www.w3.org/2001/vcard-rdf/3.0#" xmlns:bqbiol="http://biomodels.net/biology-qualifiers/" xmlns:bqmodel="http://biomodels.net/model-qualifiers/">
            <rdf:Description rdf:about="#meta_c">
              <bqbiol:is>
                <rdf:Bag>
                  <rdf:li rdf:resource="urn:miriam:obo.go:GO%3A0005829"/>
                </rdf:Bag>
              </bqbiol:is>
            </rdf:Description>
          </rdf:RDF>
        </annotation>
      </compartment>
    </listOfCompartments>
    <listOfSpecies>
      <species metaid="meta_sce_YDL215C" id="sce_YDL215C" name="sce:YDL215C" compartment="c" boundaryCondition="true" sboTerm="SBO:0000252">
        <annotation>
          <rdf:RDF xmlns:rdf="http://www.w3.org/1999/02/22-rdf-syntax-ns#" xmlns:dc="http://purl.org/dc/elements/1.1/" xmlns:dcterms="http://purl.org/dc/terms/" xmlns:vCard="http://www.w3.org/2001/vcard-rdf/3.0#" xmlns:bqbiol="http://biomodels.net/biology-qualifiers/" xmlns:bqmodel="http://biomodels.net/model-qualifiers/">
            <rdf:Description rdf:about="#meta_sce_YDL215C">
              <bqbiol:isEncodedBy>
                <rdf:Bag>
                  <rdf:li rdf:resource="urn:miriam:kegg.genes:sce%3AYDL215C"/>
                </rdf:Bag>
              </bqbiol:isEncodedBy>
              <bqbiol:isDescribedBy>
                <rdf:Bag>
                  <rdf:li rdf:resource="urn:miriam:pubmed:9847135"/>
                </rdf:Bag>
              </bqbiol:isDescribedBy>
              <bqbiol:is>
                <rdf:Bag>
                  <rdf:li rdf:resource="urn:miriam:uniprot:P33327"/>
                </rdf:Bag>
              </bqbiol:is>
            </rdf:Description>
          </rdf:RDF>
        </annotation>
      </species>
      <species metaid="meta_C00025" id="C00025" name="L-glutamic acid" compartment="c" sboTerm="SBO:0000247">
        <annotation>
          <rdf:RDF xmlns:rdf="http://www.w3.org/1999/02/22-rdf-syntax-ns#" xmlns:dc="http://purl.org/dc/elements/1.1/" xmlns:dcterms="http://purl.org/dc/terms/" xmlns:vCard="http://www.w3.org/2001/vcard-rdf/3.0#" xmlns:bqbiol="http://biomodels.net/biology-qualifiers/" xmlns:bqmodel="http://biomodels.net/model-qualifiers/">
            <rdf:Description rdf:about="#meta_C00025">
              <bqbiol:is>
                <rdf:Bag>
                  <rdf:li rdf:resource="urn:miriam:obo.chebi:CHEBI%3A16015"/>
                </rdf:Bag>
              </bqbiol:is>
              <bqbiol:isDescribedBy>
                <rdf:Bag>
                  <rdf:li rdf:resource="urn:miriam:pubmed:9847135"/>
                </rdf:Bag>
              </bqbiol:isDescribedBy>
            </rdf:Description>
          </rdf:RDF>
        </annotation>
      </species>
      <species metaid="meta_C00003" id="C00003" name="NAD(+)" compartment="c" sboTerm="SBO:0000247">
        <annotation>
          <rdf:RDF xmlns:rdf="http://www.w3.org/1999/02/22-rdf-syntax-ns#" xmlns:dc="http://purl.org/dc/elements/1.1/" xmlns:dcterms="http://purl.org/dc/terms/" xmlns:vCard="http://www.w3.org/2001/vcard-rdf/3.0#" xmlns:bqbiol="http://biomodels.net/biology-qualifiers/" xmlns:bqmodel="http://biomodels.net/model-qualifiers/">
            <rdf:Description rdf:about="#meta_C00003">
              <bqbiol:is>
                <rdf:Bag>
                  <rdf:li rdf:resource="urn:miriam:obo.chebi:CHEBI%3A15846"/>
                </rdf:Bag>
              </bqbiol:is>
              <bqbiol:isDescribedBy>
                <rdf:Bag>
                  <rdf:li rdf:resource="urn:miriam:pubmed:9847135"/>
                </rdf:Bag>
              </bqbiol:isDescribedBy>
            </rdf:Description>
          </rdf:RDF>
        </annotation>
      </species>
      <species metaid="meta_C00001" id="C00001" name="water" compartment="c" sboTerm="SBO:0000247">
        <annotation>
          <rdf:RDF xmlns:rdf="http://www.w3.org/1999/02/22-rdf-syntax-ns#" xmlns:dc="http://purl.org/dc/elements/1.1/" xmlns:dcterms="http://purl.org/dc/terms/" xmlns:vCard="http://www.w3.org/2001/vcard-rdf/3.0#" xmlns:bqbiol="http://biomodels.net/biology-qualifiers/" xmlns:bqmodel="http://biomodels.net/model-qualifiers/">
            <rdf:Description rdf:about="#meta_C00001">
              <bqbiol:is>
                <rdf:Bag>
                  <rdf:li rdf:resource="urn:miriam:obo.chebi:CHEBI%3A15377"/>
                </rdf:Bag>
              </bqbiol:is>
              <bqbiol:isDescribedBy>
                <rdf:Bag>
                  <rdf:li rdf:resource="urn:miriam:pubmed:9847135"/>
                </rdf:Bag>
              </bqbiol:isDescribedBy>
            </rdf:Description>
          </rdf:RDF>
        </annotation>
      </species>
      <species metaid="meta_C00026" id="C00026" name="2-oxoglutaric acid" compartment="c" sboTerm="SBO:0000247">
        <annotation>
          <rdf:RDF xmlns:rdf="http://www.w3.org/1999/02/22-rdf-syntax-ns#" xmlns:dc="http://purl.org/dc/elements/1.1/" xmlns:dcterms="http://purl.org/dc/terms/" xmlns:vCard="http://www.w3.org/2001/vcard-rdf/3.0#" xmlns:bqbiol="http://biomodels.net/biology-qualifiers/" xmlns:bqmodel="http://biomodels.net/model-qualifiers/">
            <rdf:Description rdf:about="#meta_C00026">
              <bqbiol:is>
                <rdf:Bag>
                  <rdf:li rdf:resource="urn:miriam:obo.chebi:CHEBI%3A30915"/>
                </rdf:Bag>
              </bqbiol:is>
              <bqbiol:isDescribedBy>
                <rdf:Bag>
                  <rdf:li rdf:resource="urn:miriam:pubmed:9847135"/>
                </rdf:Bag>
              </bqbiol:isDescribedBy>
            </rdf:Description>
          </rdf:RDF>
        </annotation>
      </species>
      <species metaid="meta_C00014" id="C00014" name="ammonia" compartment="c" sboTerm="SBO:0000247">
        <annotation>
          <rdf:RDF xmlns:rdf="http://www.w3.org/1999/02/22-rdf-syntax-ns#" xmlns:dc="http://purl.org/dc/elements/1.1/" xmlns:dcterms="http://purl.org/dc/terms/" xmlns:vCard="http://www.w3.org/2001/vcard-rdf/3.0#" xmlns:bqbiol="http://biomodels.net/biology-qualifiers/" xmlns:bqmodel="http://biomodels.net/model-qualifiers/">
            <rdf:Description rdf:about="#meta_C00014">
              <bqbiol:is>
                <rdf:Bag>
                  <rdf:li rdf:resource="urn:miriam:obo.chebi:CHEBI%3A16134"/>
                </rdf:Bag>
              </bqbiol:is>
              <bqbiol:isDescribedBy>
                <rdf:Bag>
                  <rdf:li rdf:resource="urn:miriam:pubmed:9847135"/>
                </rdf:Bag>
              </bqbiol:isDescribedBy>
            </rdf:Description>
          </rdf:RDF>
        </annotation>
      </species>
      <species metaid="meta_C00004" id="C00004" name="NADH" compartment="c" sboTerm="SBO:0000247">
        <annotation>
          <rdf:RDF xmlns:rdf="http://www.w3.org/1999/02/22-rdf-syntax-ns#" xmlns:dc="http://purl.org/dc/elements/1.1/" xmlns:dcterms="http://purl.org/dc/terms/" xmlns:vCard="http://www.w3.org/2001/vcard-rdf/3.0#" xmlns:bqbiol="http://biomodels.net/biology-qualifiers/" xmlns:bqmodel="http://biomodels.net/model-qualifiers/">
            <rdf:Description rdf:about="#meta_C00004">
              <bqbiol:is>
                <rdf:Bag>
                  <rdf:li rdf:resource="urn:miriam:obo.chebi:CHEBI%3A16908"/>
                </rdf:Bag>
              </bqbiol:is>
              <bqbiol:isDescribedBy>
                <rdf:Bag>
                  <rdf:li rdf:resource="urn:miriam:pubmed:9847135"/>
                </rdf:Bag>
              </bqbiol:isDescribedBy>
            </rdf:Description>
          </rdf:RDF>
        </annotation>
      </species>
      <species metaid="meta_C00080" id="C00080" name="hydron" compartment="c" sboTerm="SBO:0000247">
        <annotation>
          <rdf:RDF xmlns:rdf="http://www.w3.org/1999/02/22-rdf-syntax-ns#" xmlns:dc="http://purl.org/dc/elements/1.1/" xmlns:dcterms="http://purl.org/dc/terms/" xmlns:vCard="http://www.w3.org/2001/vcard-rdf/3.0#" xmlns:bqbiol="http://biomodels.net/biology-qualifiers/" xmlns:bqmodel="http://biomodels.net/model-qualifiers/">
            <rdf:Description rdf:about="#meta_C00080">
              <bqbiol:is>
                <rdf:Bag>
                  <rdf:li rdf:resource="urn:miriam:obo.chebi:CHEBI%3A15378"/>
                </rdf:Bag>
              </bqbiol:is>
              <bqbiol:isDescribedBy>
                <rdf:Bag>
                  <rdf:li rdf:resource="urn:miriam:pubmed:9847135"/>
                </rdf:Bag>
              </bqbiol:isDescribedBy>
            </rdf:Description>
          </rdf:RDF>
        </annotation>
      </species>
      <species metaid="meta_sce_YAL062W" id="sce_YAL062W" name="sce:YAL062W" compartment="c" boundaryCondition="true" sboTerm="SBO:0000252">
        <annotation>
          <rdf:RDF xmlns:rdf="http://www.w3.org/1999/02/22-rdf-syntax-ns#" xmlns:dc="http://purl.org/dc/elements/1.1/" xmlns:dcterms="http://purl.org/dc/terms/" xmlns:vCard="http://www.w3.org/2001/vcard-rdf/3.0#" xmlns:bqbiol="http://biomodels.net/biology-qualifiers/" xmlns:bqmodel="http://biomodels.net/model-qualifiers/">
            <rdf:Description rdf:about="#meta_sce_YAL062W">
              <bqbiol:isEncodedBy>
                <rdf:Bag>
                  <rdf:li rdf:resource="urn:miriam:kegg.genes:sce%3AYAL062W"/>
                </rdf:Bag>
              </bqbiol:isEncodedBy>
              <bqbiol:isDescribedBy>
                <rdf:Bag>
                  <rdf:li rdf:resource="urn:miriam:pubmed:9847135"/>
                </rdf:Bag>
              </bqbiol:isDescribedBy>
              <bqbiol:is>
                <rdf:Bag>
                  <rdf:li rdf:resource="urn:miriam:uniprot:P39708"/>
                </rdf:Bag>
              </bqbiol:is>
            </rdf:Description>
          </rdf:RDF>
        </annotation>
      </species>
      <species metaid="meta_sce_YOR375C" id="sce_YOR375C" name="sce:YOR375C" compartment="c" boundaryCondition="true" sboTerm="SBO:0000252">
        <annotation>
          <rdf:RDF xmlns:rdf="http://www.w3.org/1999/02/22-rdf-syntax-ns#" xmlns:dc="http://purl.org/dc/elements/1.1/" xmlns:dcterms="http://purl.org/dc/terms/" xmlns:vCard="http://www.w3.org/2001/vcard-rdf/3.0#" xmlns:bqbiol="http://biomodels.net/biology-qualifiers/" xmlns:bqmodel="http://biomodels.net/model-qualifiers/">
            <rdf:Description rdf:about="#meta_sce_YOR375C">
              <bqbiol:isEncodedBy>
                <rdf:Bag>
                  <rdf:li rdf:resource="urn:miriam:kegg.genes:sce%3AYOR375C"/>
                </rdf:Bag>
              </bqbiol:isEncodedBy>
              <bqbiol:isDescribedBy>
                <rdf:Bag>
                  <rdf:li rdf:resource="urn:miriam:pubmed:9847135"/>
                </rdf:Bag>
              </bqbiol:isDescribedBy>
              <bqbiol:is>
                <rdf:Bag>
                  <rdf:li rdf:resource="urn:miriam:uniprot:P07262"/>
                </rdf:Bag>
              </bqbiol:is>
            </rdf:Description>
          </rdf:RDF>
        </annotation>
      </species>
      <species metaid="meta_C00006" id="C00006" name="NADP(+)" compartment="c" sboTerm="SBO:0000247">
        <annotation>
          <rdf:RDF xmlns:rdf="http://www.w3.org/1999/02/22-rdf-syntax-ns#" xmlns:dc="http://purl.org/dc/elements/1.1/" xmlns:dcterms="http://purl.org/dc/terms/" xmlns:vCard="http://www.w3.org/2001/vcard-rdf/3.0#" xmlns:bqbiol="http://biomodels.net/biology-qualifiers/" xmlns:bqmodel="http://biomodels.net/model-qualifiers/">
            <rdf:Description rdf:about="#meta_C00006">
              <bqbiol:is>
                <rdf:Bag>
                  <rdf:li rdf:resource="urn:miriam:obo.chebi:CHEBI%3A18009"/>
                </rdf:Bag>
              </bqbiol:is>
              <bqbiol:isDescribedBy>
                <rdf:Bag>
                  <rdf:li rdf:resource="urn:miriam:pubmed:9847135"/>
                </rdf:Bag>
              </bqbiol:isDescribedBy>
            </rdf:Description>
          </rdf:RDF>
        </annotation>
      </species>
      <species metaid="meta_C00005" id="C00005" name="NADPH" compartment="c" sboTerm="SBO:0000247">
        <annotation>
          <rdf:RDF xmlns:rdf="http://www.w3.org/1999/02/22-rdf-syntax-ns#" xmlns:dc="http://purl.org/dc/elements/1.1/" xmlns:dcterms="http://purl.org/dc/terms/" xmlns:vCard="http://www.w3.org/2001/vcard-rdf/3.0#" xmlns:bqbiol="http://biomodels.net/biology-qualifiers/" xmlns:bqmodel="http://biomodels.net/model-qualifiers/">
            <rdf:Description rdf:about="#meta_C00005">
              <bqbiol:is>
                <rdf:Bag>
                  <rdf:li rdf:resource="urn:miriam:obo.chebi:CHEBI%3A16474"/>
                </rdf:Bag>
              </bqbiol:is>
              <bqbiol:isDescribedBy>
                <rdf:Bag>
                  <rdf:li rdf:resource="urn:miriam:pubmed:9847135"/>
                </rdf:Bag>
              </bqbiol:isDescribedBy>
            </rdf:Description>
          </rdf:RDF>
        </annotation>
      </species>
      <species metaid="meta_sce_YDL171C" id="sce_YDL171C" name="sce:YDL171C" compartment="c" boundaryCondition="true" sboTerm="SBO:0000252">
        <annotation>
          <rdf:RDF xmlns:rdf="http://www.w3.org/1999/02/22-rdf-syntax-ns#" xmlns:dc="http://purl.org/dc/elements/1.1/" xmlns:dcterms="http://purl.org/dc/terms/" xmlns:vCard="http://www.w3.org/2001/vcard-rdf/3.0#" xmlns:bqbiol="http://biomodels.net/biology-qualifiers/" xmlns:bqmodel="http://biomodels.net/model-qualifiers/">
            <rdf:Description rdf:about="#meta_sce_YDL171C">
              <bqbiol:isEncodedBy>
                <rdf:Bag>
                  <rdf:li rdf:resource="urn:miriam:kegg.genes:sce%3AYDL171C"/>
                </rdf:Bag>
              </bqbiol:isEncodedBy>
              <bqbiol:isDescribedBy>
                <rdf:Bag>
                  <rdf:li rdf:resource="urn:miriam:pubmed:9847135"/>
                </rdf:Bag>
              </bqbiol:isDescribedBy>
              <bqbiol:is>
                <rdf:Bag>
                  <rdf:li rdf:resource="urn:miriam:uniprot:Q12680"/>
                </rdf:Bag>
              </bqbiol:is>
            </rdf:Description>
          </rdf:RDF>
        </annotation>
      </species>
      <species metaid="meta_C00064" id="C00064" name="L-glutamine" compartment="c" sboTerm="SBO:0000247">
        <annotation>
          <rdf:RDF xmlns:rdf="http://www.w3.org/1999/02/22-rdf-syntax-ns#" xmlns:dc="http://purl.org/dc/elements/1.1/" xmlns:dcterms="http://purl.org/dc/terms/" xmlns:vCard="http://www.w3.org/2001/vcard-rdf/3.0#" xmlns:bqbiol="http://biomodels.net/biology-qualifiers/" xmlns:bqmodel="http://biomodels.net/model-qualifiers/">
            <rdf:Description rdf:about="#meta_C00064">
              <bqbiol:is>
                <rdf:Bag>
                  <rdf:li rdf:resource="urn:miriam:obo.chebi:CHEBI%3A18050"/>
                </rdf:Bag>
              </bqbiol:is>
              <bqbiol:isDescribedBy>
                <rdf:Bag>
                  <rdf:li rdf:resource="urn:miriam:pubmed:9847135"/>
                </rdf:Bag>
              </bqbiol:isDescribedBy>
            </rdf:Description>
          </rdf:RDF>
        </annotation>
      </species>
      <species metaid="meta_sce_YGR124W" id="sce_YGR124W" name="sce:YGR124W" compartment="c" boundaryCondition="true" sboTerm="SBO:0000252">
        <annotation>
          <rdf:RDF xmlns:rdf="http://www.w3.org/1999/02/22-rdf-syntax-ns#" xmlns:dc="http://purl.org/dc/elements/1.1/" xmlns:dcterms="http://purl.org/dc/terms/" xmlns:vCard="http://www.w3.org/2001/vcard-rdf/3.0#" xmlns:bqbiol="http://biomodels.net/biology-qualifiers/" xmlns:bqmodel="http://biomodels.net/model-qualifiers/">
            <rdf:Description rdf:about="#meta_sce_YGR124W">
              <bqbiol:isEncodedBy>
                <rdf:Bag>
                  <rdf:li rdf:resource="urn:miriam:kegg.genes:sce%3AYGR124W"/>
                </rdf:Bag>
              </bqbiol:isEncodedBy>
              <bqbiol:isDescribedBy>
                <rdf:Bag>
                  <rdf:li rdf:resource="urn:miriam:pubmed:9847135"/>
                </rdf:Bag>
              </bqbiol:isDescribedBy>
              <bqbiol:is>
                <rdf:Bag>
                  <rdf:li rdf:resource="urn:miriam:uniprot:P49090"/>
                </rdf:Bag>
              </bqbiol:is>
            </rdf:Description>
          </rdf:RDF>
        </annotation>
      </species>
      <species metaid="meta_sce_YPR145W" id="sce_YPR145W" name="sce:YPR145W" compartment="c" boundaryCondition="true" sboTerm="SBO:0000252">
        <annotation>
          <rdf:RDF xmlns:rdf="http://www.w3.org/1999/02/22-rdf-syntax-ns#" xmlns:dc="http://purl.org/dc/elements/1.1/" xmlns:dcterms="http://purl.org/dc/terms/" xmlns:vCard="http://www.w3.org/2001/vcard-rdf/3.0#" xmlns:bqbiol="http://biomodels.net/biology-qualifiers/" xmlns:bqmodel="http://biomodels.net/model-qualifiers/">
            <rdf:Description rdf:about="#meta_sce_YPR145W">
              <bqbiol:isEncodedBy>
                <rdf:Bag>
                  <rdf:li rdf:resource="urn:miriam:kegg.genes:sce%3AYPR145W"/>
                </rdf:Bag>
              </bqbiol:isEncodedBy>
              <bqbiol:isDescribedBy>
                <rdf:Bag>
                  <rdf:li rdf:resource="urn:miriam:pubmed:9847135"/>
                </rdf:Bag>
              </bqbiol:isDescribedBy>
              <bqbiol:is>
                <rdf:Bag>
                  <rdf:li rdf:resource="urn:miriam:uniprot:P49089"/>
                </rdf:Bag>
              </bqbiol:is>
            </rdf:Description>
          </rdf:RDF>
        </annotation>
      </species>
      <species metaid="meta_C00002" id="C00002" name="ATP" compartment="c" sboTerm="SBO:0000247">
        <annotation>
          <rdf:RDF xmlns:rdf="http://www.w3.org/1999/02/22-rdf-syntax-ns#" xmlns:dc="http://purl.org/dc/elements/1.1/" xmlns:dcterms="http://purl.org/dc/terms/" xmlns:vCard="http://www.w3.org/2001/vcard-rdf/3.0#" xmlns:bqbiol="http://biomodels.net/biology-qualifiers/" xmlns:bqmodel="http://biomodels.net/model-qualifiers/">
            <rdf:Description rdf:about="#meta_C00002">
              <bqbiol:is>
                <rdf:Bag>
                  <rdf:li rdf:resource="urn:miriam:obo.chebi:CHEBI%3A15422"/>
                </rdf:Bag>
              </bqbiol:is>
              <bqbiol:isDescribedBy>
                <rdf:Bag>
                  <rdf:li rdf:resource="urn:miriam:pubmed:9847135"/>
                </rdf:Bag>
              </bqbiol:isDescribedBy>
            </rdf:Description>
          </rdf:RDF>
        </annotation>
      </species>
      <species metaid="meta_C00049" id="C00049" name="L-aspartic acid" compartment="c" sboTerm="SBO:0000247">
        <annotation>
          <rdf:RDF xmlns:rdf="http://www.w3.org/1999/02/22-rdf-syntax-ns#" xmlns:dc="http://purl.org/dc/elements/1.1/" xmlns:dcterms="http://purl.org/dc/terms/" xmlns:vCard="http://www.w3.org/2001/vcard-rdf/3.0#" xmlns:bqbiol="http://biomodels.net/biology-qualifiers/" xmlns:bqmodel="http://biomodels.net/model-qualifiers/">
            <rdf:Description rdf:about="#meta_C00049">
              <bqbiol:is>
                <rdf:Bag>
                  <rdf:li rdf:resource="urn:miriam:obo.chebi:CHEBI%3A17053"/>
                </rdf:Bag>
              </bqbiol:is>
              <bqbiol:isDescribedBy>
                <rdf:Bag>
                  <rdf:li rdf:resource="urn:miriam:pubmed:9847135"/>
                </rdf:Bag>
              </bqbiol:isDescribedBy>
            </rdf:Description>
          </rdf:RDF>
        </annotation>
      </species>
      <species metaid="meta_C00020" id="C00020" name="AMP" compartment="c" sboTerm="SBO:0000247">
        <annotation>
          <rdf:RDF xmlns:rdf="http://www.w3.org/1999/02/22-rdf-syntax-ns#" xmlns:dc="http://purl.org/dc/elements/1.1/" xmlns:dcterms="http://purl.org/dc/terms/" xmlns:vCard="http://www.w3.org/2001/vcard-rdf/3.0#" xmlns:bqbiol="http://biomodels.net/biology-qualifiers/" xmlns:bqmodel="http://biomodels.net/model-qualifiers/">
            <rdf:Description rdf:about="#meta_C00020">
              <bqbiol:is>
                <rdf:Bag>
                  <rdf:li rdf:resource="urn:miriam:obo.chebi:CHEBI%3A16027"/>
                </rdf:Bag>
              </bqbiol:is>
              <bqbiol:isDescribedBy>
                <rdf:Bag>
                  <rdf:li rdf:resource="urn:miriam:pubmed:9847135"/>
                </rdf:Bag>
              </bqbiol:isDescribedBy>
            </rdf:Description>
          </rdf:RDF>
        </annotation>
      </species>
      <species metaid="meta_C00013" id="C00013" name="diphosphate(4-)" compartment="c" sboTerm="SBO:0000247">
        <annotation>
          <rdf:RDF xmlns:rdf="http://www.w3.org/1999/02/22-rdf-syntax-ns#" xmlns:dc="http://purl.org/dc/elements/1.1/" xmlns:dcterms="http://purl.org/dc/terms/" xmlns:vCard="http://www.w3.org/2001/vcard-rdf/3.0#" xmlns:bqbiol="http://biomodels.net/biology-qualifiers/" xmlns:bqmodel="http://biomodels.net/model-qualifiers/">
            <rdf:Description rdf:about="#meta_C00013">
              <bqbiol:is>
                <rdf:Bag>
                  <rdf:li rdf:resource="urn:miriam:obo.chebi:CHEBI%3A18361"/>
                  <rdf:li rdf:resource="urn:miriam:obo.chebi:CHEBI%3A29888"/>
                </rdf:Bag>
              </bqbiol:is>
              <bqbiol:isDescribedBy>
                <rdf:Bag>
                  <rdf:li rdf:resource="urn:miriam:pubmed:9847135"/>
                </rdf:Bag>
              </bqbiol:isDescribedBy>
            </rdf:Description>
          </rdf:RDF>
        </annotation>
      </species>
      <species metaid="meta_C00152" id="C00152" name="L-asparagine" compartment="c" sboTerm="SBO:0000247">
        <annotation>
          <rdf:RDF xmlns:rdf="http://www.w3.org/1999/02/22-rdf-syntax-ns#" xmlns:dc="http://purl.org/dc/elements/1.1/" xmlns:dcterms="http://purl.org/dc/terms/" xmlns:vCard="http://www.w3.org/2001/vcard-rdf/3.0#" xmlns:bqbiol="http://biomodels.net/biology-qualifiers/" xmlns:bqmodel="http://biomodels.net/model-qualifiers/">
            <rdf:Description rdf:about="#meta_C00152">
              <bqbiol:is>
                <rdf:Bag>
                  <rdf:li rdf:resource="urn:miriam:obo.chebi:CHEBI%3A17196"/>
                </rdf:Bag>
              </bqbiol:is>
              <bqbiol:isDescribedBy>
                <rdf:Bag>
                  <rdf:li rdf:resource="urn:miriam:pubmed:9847135"/>
                </rdf:Bag>
              </bqbiol:isDescribedBy>
            </rdf:Description>
          </rdf:RDF>
        </annotation>
      </species>
      <species metaid="meta_sce_YPR035W" id="sce_YPR035W" name="sce:YPR035W" compartment="c" boundaryCondition="true" sboTerm="SBO:0000252">
        <annotation>
          <rdf:RDF xmlns:rdf="http://www.w3.org/1999/02/22-rdf-syntax-ns#" xmlns:dc="http://purl.org/dc/elements/1.1/" xmlns:dcterms="http://purl.org/dc/terms/" xmlns:vCard="http://www.w3.org/2001/vcard-rdf/3.0#" xmlns:bqbiol="http://biomodels.net/biology-qualifiers/" xmlns:bqmodel="http://biomodels.net/model-qualifiers/">
            <rdf:Description rdf:about="#meta_sce_YPR035W">
              <bqbiol:isEncodedBy>
                <rdf:Bag>
                  <rdf:li rdf:resource="urn:miriam:kegg.genes:sce%3AYPR035W"/>
                </rdf:Bag>
              </bqbiol:isEncodedBy>
              <bqbiol:isDescribedBy>
                <rdf:Bag>
                  <rdf:li rdf:resource="urn:miriam:pubmed:9847135"/>
                </rdf:Bag>
              </bqbiol:isDescribedBy>
              <bqbiol:is>
                <rdf:Bag>
                  <rdf:li rdf:resource="urn:miriam:uniprot:P32288"/>
                </rdf:Bag>
              </bqbiol:is>
            </rdf:Description>
          </rdf:RDF>
        </annotation>
      </species>
      <species metaid="meta_C00008" id="C00008" name="ADP" compartment="c" sboTerm="SBO:0000247">
        <annotation>
          <rdf:RDF xmlns:rdf="http://www.w3.org/1999/02/22-rdf-syntax-ns#" xmlns:dc="http://purl.org/dc/elements/1.1/" xmlns:dcterms="http://purl.org/dc/terms/" xmlns:vCard="http://www.w3.org/2001/vcard-rdf/3.0#" xmlns:bqbiol="http://biomodels.net/biology-qualifiers/" xmlns:bqmodel="http://biomodels.net/model-qualifiers/">
            <rdf:Description rdf:about="#meta_C00008">
              <bqbiol:is>
                <rdf:Bag>
                  <rdf:li rdf:resource="urn:miriam:obo.chebi:CHEBI%3A16761"/>
                </rdf:Bag>
              </bqbiol:is>
              <bqbiol:isDescribedBy>
                <rdf:Bag>
                  <rdf:li rdf:resource="urn:miriam:pubmed:9847135"/>
                </rdf:Bag>
              </bqbiol:isDescribedBy>
            </rdf:Description>
          </rdf:RDF>
        </annotation>
      </species>
      <species metaid="meta_C00009" id="C00009" name="phosphate(3-)" compartment="c" sboTerm="SBO:0000247">
        <annotation>
          <rdf:RDF xmlns:rdf="http://www.w3.org/1999/02/22-rdf-syntax-ns#" xmlns:dc="http://purl.org/dc/elements/1.1/" xmlns:dcterms="http://purl.org/dc/terms/" xmlns:vCard="http://www.w3.org/2001/vcard-rdf/3.0#" xmlns:bqbiol="http://biomodels.net/biology-qualifiers/" xmlns:bqmodel="http://biomodels.net/model-qualifiers/">
            <rdf:Description rdf:about="#meta_C00009">
              <bqbiol:is>
                <rdf:Bag>
                  <rdf:li rdf:resource="urn:miriam:obo.chebi:CHEBI%3A18367"/>
                </rdf:Bag>
              </bqbiol:is>
              <bqbiol:isDescribedBy>
                <rdf:Bag>
                  <rdf:li rdf:resource="urn:miriam:pubmed:9847135"/>
                </rdf:Bag>
              </bqbiol:isDescribedBy>
            </rdf:Description>
          </rdf:RDF>
        </annotation>
      </species>
      <species metaid="meta_sce_YAL012W" id="sce_YAL012W" name="sce:YAL012W" compartment="c" boundaryCondition="true" sboTerm="SBO:0000252">
        <annotation>
          <rdf:RDF xmlns:rdf="http://www.w3.org/1999/02/22-rdf-syntax-ns#" xmlns:dc="http://purl.org/dc/elements/1.1/" xmlns:dcterms="http://purl.org/dc/terms/" xmlns:vCard="http://www.w3.org/2001/vcard-rdf/3.0#" xmlns:bqbiol="http://biomodels.net/biology-qualifiers/" xmlns:bqmodel="http://biomodels.net/model-qualifiers/">
            <rdf:Description rdf:about="#meta_sce_YAL012W">
              <bqbiol:isEncodedBy>
                <rdf:Bag>
                  <rdf:li rdf:resource="urn:miriam:kegg.genes:sce%3AYAL012W"/>
                </rdf:Bag>
              </bqbiol:isEncodedBy>
              <bqbiol:isDescribedBy>
                <rdf:Bag>
                  <rdf:li rdf:resource="urn:miriam:pubmed:9847135"/>
                </rdf:Bag>
              </bqbiol:isDescribedBy>
              <bqbiol:is>
                <rdf:Bag>
                  <rdf:li rdf:resource="urn:miriam:uniprot:P31373"/>
                </rdf:Bag>
              </bqbiol:is>
            </rdf:Description>
          </rdf:RDF>
        </annotation>
      </species>
      <species metaid="meta_C02291" id="C02291" name="L-cystathionine" compartment="c" sboTerm="SBO:0000247">
        <annotation>
          <rdf:RDF xmlns:rdf="http://www.w3.org/1999/02/22-rdf-syntax-ns#" xmlns:dc="http://purl.org/dc/elements/1.1/" xmlns:dcterms="http://purl.org/dc/terms/" xmlns:vCard="http://www.w3.org/2001/vcard-rdf/3.0#" xmlns:bqbiol="http://biomodels.net/biology-qualifiers/" xmlns:bqmodel="http://biomodels.net/model-qualifiers/">
            <rdf:Description rdf:about="#meta_C02291">
              <bqbiol:is>
                <rdf:Bag>
                  <rdf:li rdf:resource="urn:miriam:obo.chebi:CHEBI%3A17482"/>
                </rdf:Bag>
              </bqbiol:is>
              <bqbiol:isDescribedBy>
                <rdf:Bag>
                  <rdf:li rdf:resource="urn:miriam:pubmed:9847135"/>
                </rdf:Bag>
              </bqbiol:isDescribedBy>
            </rdf:Description>
          </rdf:RDF>
        </annotation>
      </species>
      <species metaid="meta_C00097" id="C00097" name="L-cysteine" compartment="c" sboTerm="SBO:0000247">
        <annotation>
          <rdf:RDF xmlns:rdf="http://www.w3.org/1999/02/22-rdf-syntax-ns#" xmlns:dc="http://purl.org/dc/elements/1.1/" xmlns:dcterms="http://purl.org/dc/terms/" xmlns:vCard="http://www.w3.org/2001/vcard-rdf/3.0#" xmlns:bqbiol="http://biomodels.net/biology-qualifiers/" xmlns:bqmodel="http://biomodels.net/model-qualifiers/">
            <rdf:Description rdf:about="#meta_C00097">
              <bqbiol:is>
                <rdf:Bag>
                  <rdf:li rdf:resource="urn:miriam:obo.chebi:CHEBI%3A17561"/>
                </rdf:Bag>
              </bqbiol:is>
              <bqbiol:isDescribedBy>
                <rdf:Bag>
                  <rdf:li rdf:resource="urn:miriam:pubmed:9847135"/>
                </rdf:Bag>
              </bqbiol:isDescribedBy>
            </rdf:Description>
          </rdf:RDF>
        </annotation>
      </species>
      <species metaid="meta_C00109" id="C00109" name="2-oxobutanoic acid" compartment="c" sboTerm="SBO:0000247">
        <annotation>
          <rdf:RDF xmlns:rdf="http://www.w3.org/1999/02/22-rdf-syntax-ns#" xmlns:dc="http://purl.org/dc/elements/1.1/" xmlns:dcterms="http://purl.org/dc/terms/" xmlns:vCard="http://www.w3.org/2001/vcard-rdf/3.0#" xmlns:bqbiol="http://biomodels.net/biology-qualifiers/" xmlns:bqmodel="http://biomodels.net/model-qualifiers/">
            <rdf:Description rdf:about="#meta_C00109">
              <bqbiol:is>
                <rdf:Bag>
                  <rdf:li rdf:resource="urn:miriam:obo.chebi:CHEBI%3A30831"/>
                </rdf:Bag>
              </bqbiol:is>
              <bqbiol:isDescribedBy>
                <rdf:Bag>
                  <rdf:li rdf:resource="urn:miriam:pubmed:9847135"/>
                </rdf:Bag>
              </bqbiol:isDescribedBy>
            </rdf:Description>
          </rdf:RDF>
        </annotation>
      </species>
      <species metaid="meta_sce_YFR055W" id="sce_YFR055W" name="sce:YFR055W" compartment="c" boundaryCondition="true" sboTerm="SBO:0000252">
        <annotation>
          <rdf:RDF xmlns:rdf="http://www.w3.org/1999/02/22-rdf-syntax-ns#" xmlns:dc="http://purl.org/dc/elements/1.1/" xmlns:dcterms="http://purl.org/dc/terms/" xmlns:vCard="http://www.w3.org/2001/vcard-rdf/3.0#" xmlns:bqbiol="http://biomodels.net/biology-qualifiers/" xmlns:bqmodel="http://biomodels.net/model-qualifiers/">
            <rdf:Description rdf:about="#meta_sce_YFR055W">
              <bqbiol:isEncodedBy>
                <rdf:Bag>
                  <rdf:li rdf:resource="urn:miriam:kegg.genes:sce%3AYFR055W"/>
                </rdf:Bag>
              </bqbiol:isEncodedBy>
              <bqbiol:isDescribedBy>
                <rdf:Bag>
                  <rdf:li rdf:resource="urn:miriam:pubmed:9847135"/>
                </rdf:Bag>
              </bqbiol:isDescribedBy>
              <bqbiol:is>
                <rdf:Bag>
                  <rdf:li rdf:resource="urn:miriam:uniprot:P43623"/>
                </rdf:Bag>
              </bqbiol:is>
            </rdf:Description>
          </rdf:RDF>
        </annotation>
      </species>
      <species metaid="meta_sce_YGL184C" id="sce_YGL184C" name="sce:YGL184C" compartment="c" boundaryCondition="true" sboTerm="SBO:0000252">
        <annotation>
          <rdf:RDF xmlns:rdf="http://www.w3.org/1999/02/22-rdf-syntax-ns#" xmlns:dc="http://purl.org/dc/elements/1.1/" xmlns:dcterms="http://purl.org/dc/terms/" xmlns:vCard="http://www.w3.org/2001/vcard-rdf/3.0#" xmlns:bqbiol="http://biomodels.net/biology-qualifiers/" xmlns:bqmodel="http://biomodels.net/model-qualifiers/">
            <rdf:Description rdf:about="#meta_sce_YGL184C">
              <bqbiol:isEncodedBy>
                <rdf:Bag>
                  <rdf:li rdf:resource="urn:miriam:kegg.genes:sce%3AYGL184C"/>
                </rdf:Bag>
              </bqbiol:isEncodedBy>
              <bqbiol:isDescribedBy>
                <rdf:Bag>
                  <rdf:li rdf:resource="urn:miriam:pubmed:9847135"/>
                </rdf:Bag>
              </bqbiol:isDescribedBy>
              <bqbiol:is>
                <rdf:Bag>
                  <rdf:li rdf:resource="urn:miriam:uniprot:P53101"/>
                </rdf:Bag>
              </bqbiol:is>
            </rdf:Description>
          </rdf:RDF>
        </annotation>
      </species>
      <species metaid="meta_C00542" id="C00542" name="cystathionine" compartment="c" sboTerm="SBO:0000247">
        <annotation>
          <rdf:RDF xmlns:rdf="http://www.w3.org/1999/02/22-rdf-syntax-ns#" xmlns:dc="http://purl.org/dc/elements/1.1/" xmlns:dcterms="http://purl.org/dc/terms/" xmlns:vCard="http://www.w3.org/2001/vcard-rdf/3.0#" xmlns:bqbiol="http://biomodels.net/biology-qualifiers/" xmlns:bqmodel="http://biomodels.net/model-qualifiers/">
            <rdf:Description rdf:about="#meta_C00542">
              <bqbiol:is>
                <rdf:Bag>
                  <rdf:li rdf:resource="urn:miriam:obo.chebi:CHEBI%3A17755"/>
                </rdf:Bag>
              </bqbiol:is>
              <bqbiol:isDescribedBy>
                <rdf:Bag>
                  <rdf:li rdf:resource="urn:miriam:pubmed:9847135"/>
                </rdf:Bag>
              </bqbiol:isDescribedBy>
            </rdf:Description>
          </rdf:RDF>
        </annotation>
      </species>
      <species metaid="meta_C00155" id="C00155" name="L-homocysteine" compartment="c" sboTerm="SBO:0000247">
        <annotation>
          <rdf:RDF xmlns:rdf="http://www.w3.org/1999/02/22-rdf-syntax-ns#" xmlns:dc="http://purl.org/dc/elements/1.1/" xmlns:dcterms="http://purl.org/dc/terms/" xmlns:vCard="http://www.w3.org/2001/vcard-rdf/3.0#" xmlns:bqbiol="http://biomodels.net/biology-qualifiers/" xmlns:bqmodel="http://biomodels.net/model-qualifiers/">
            <rdf:Description rdf:about="#meta_C00155">
              <bqbiol:is>
                <rdf:Bag>
                  <rdf:li rdf:resource="urn:miriam:obo.chebi:CHEBI%3A17588"/>
                </rdf:Bag>
              </bqbiol:is>
              <bqbiol:isDescribedBy>
                <rdf:Bag>
                  <rdf:li rdf:resource="urn:miriam:pubmed:9847135"/>
                </rdf:Bag>
              </bqbiol:isDescribedBy>
            </rdf:Description>
          </rdf:RDF>
        </annotation>
      </species>
      <species metaid="meta_C00022" id="C00022" name="pyruvic acid" compartment="c" sboTerm="SBO:0000247">
        <annotation>
          <rdf:RDF xmlns:rdf="http://www.w3.org/1999/02/22-rdf-syntax-ns#" xmlns:dc="http://purl.org/dc/elements/1.1/" xmlns:dcterms="http://purl.org/dc/terms/" xmlns:vCard="http://www.w3.org/2001/vcard-rdf/3.0#" xmlns:bqbiol="http://biomodels.net/biology-qualifiers/" xmlns:bqmodel="http://biomodels.net/model-qualifiers/">
            <rdf:Description rdf:about="#meta_C00022">
              <bqbiol:is>
                <rdf:Bag>
                  <rdf:li rdf:resource="urn:miriam:obo.chebi:CHEBI%3A32816"/>
                </rdf:Bag>
              </bqbiol:is>
              <bqbiol:isDescribedBy>
                <rdf:Bag>
                  <rdf:li rdf:resource="urn:miriam:pubmed:9847135"/>
                </rdf:Bag>
              </bqbiol:isDescribedBy>
            </rdf:Description>
          </rdf:RDF>
        </annotation>
      </species>
      <species metaid="meta_sce_YDR019C" id="sce_YDR019C" name="sce:YDR019C" compartment="c" boundaryCondition="true" sboTerm="SBO:0000252">
        <annotation>
          <rdf:RDF xmlns:rdf="http://www.w3.org/1999/02/22-rdf-syntax-ns#" xmlns:dc="http://purl.org/dc/elements/1.1/" xmlns:dcterms="http://purl.org/dc/terms/" xmlns:vCard="http://www.w3.org/2001/vcard-rdf/3.0#" xmlns:bqbiol="http://biomodels.net/biology-qualifiers/" xmlns:bqmodel="http://biomodels.net/model-qualifiers/">
            <rdf:Description rdf:about="#meta_sce_YDR019C">
              <bqbiol:isEncodedBy>
                <rdf:Bag>
                  <rdf:li rdf:resource="urn:miriam:kegg.genes:sce%3AYDR019C"/>
                </rdf:Bag>
              </bqbiol:isEncodedBy>
              <bqbiol:isDescribedBy>
                <rdf:Bag>
                  <rdf:li rdf:resource="urn:miriam:pubmed:9847135"/>
                </rdf:Bag>
              </bqbiol:isDescribedBy>
              <bqbiol:is>
                <rdf:Bag>
                  <rdf:li rdf:resource="urn:miriam:uniprot:P48015"/>
                </rdf:Bag>
              </bqbiol:is>
            </rdf:Description>
          </rdf:RDF>
        </annotation>
      </species>
      <species metaid="meta_C00037" id="C00037" name="glycine" compartment="c" sboTerm="SBO:0000247">
        <annotation>
          <rdf:RDF xmlns:rdf="http://www.w3.org/1999/02/22-rdf-syntax-ns#" xmlns:dc="http://purl.org/dc/elements/1.1/" xmlns:dcterms="http://purl.org/dc/terms/" xmlns:vCard="http://www.w3.org/2001/vcard-rdf/3.0#" xmlns:bqbiol="http://biomodels.net/biology-qualifiers/" xmlns:bqmodel="http://biomodels.net/model-qualifiers/">
            <rdf:Description rdf:about="#meta_C00037">
              <bqbiol:is>
                <rdf:Bag>
                  <rdf:li rdf:resource="urn:miriam:obo.chebi:CHEBI%3A15428"/>
                </rdf:Bag>
              </bqbiol:is>
              <bqbiol:isDescribedBy>
                <rdf:Bag>
                  <rdf:li rdf:resource="urn:miriam:pubmed:9847135"/>
                </rdf:Bag>
              </bqbiol:isDescribedBy>
            </rdf:Description>
          </rdf:RDF>
        </annotation>
      </species>
      <species metaid="meta_C00101" id="C00101" name="(6S)-5,6,7,8-tetrahydrofolic acid" compartment="c" sboTerm="SBO:0000247">
        <annotation>
          <rdf:RDF xmlns:rdf="http://www.w3.org/1999/02/22-rdf-syntax-ns#" xmlns:dc="http://purl.org/dc/elements/1.1/" xmlns:dcterms="http://purl.org/dc/terms/" xmlns:vCard="http://www.w3.org/2001/vcard-rdf/3.0#" xmlns:bqbiol="http://biomodels.net/biology-qualifiers/" xmlns:bqmodel="http://biomodels.net/model-qualifiers/">
            <rdf:Description rdf:about="#meta_C00101">
              <bqbiol:is>
                <rdf:Bag>
                  <rdf:li rdf:resource="urn:miriam:obo.chebi:CHEBI%3A15635"/>
                </rdf:Bag>
              </bqbiol:is>
              <bqbiol:isDescribedBy>
                <rdf:Bag>
                  <rdf:li rdf:resource="urn:miriam:pubmed:9847135"/>
                </rdf:Bag>
              </bqbiol:isDescribedBy>
            </rdf:Description>
          </rdf:RDF>
        </annotation>
      </species>
      <species metaid="meta_C00143" id="C00143" name="(6R)-5,10-methylenetetrahydrofolic acid" compartment="c" sboTerm="SBO:0000247">
        <annotation>
          <rdf:RDF xmlns:rdf="http://www.w3.org/1999/02/22-rdf-syntax-ns#" xmlns:dc="http://purl.org/dc/elements/1.1/" xmlns:dcterms="http://purl.org/dc/terms/" xmlns:vCard="http://www.w3.org/2001/vcard-rdf/3.0#" xmlns:bqbiol="http://biomodels.net/biology-qualifiers/" xmlns:bqmodel="http://biomodels.net/model-qualifiers/">
            <rdf:Description rdf:about="#meta_C00143">
              <bqbiol:is>
                <rdf:Bag>
                  <rdf:li rdf:resource="urn:miriam:obo.chebi:CHEBI%3A1989"/>
                </rdf:Bag>
              </bqbiol:is>
              <bqbiol:isDescribedBy>
                <rdf:Bag>
                  <rdf:li rdf:resource="urn:miriam:pubmed:9847135"/>
                </rdf:Bag>
              </bqbiol:isDescribedBy>
            </rdf:Description>
          </rdf:RDF>
        </annotation>
      </species>
      <species metaid="meta_C00011" id="C00011" name="carbon dioxide" compartment="c" sboTerm="SBO:0000247">
        <annotation>
          <rdf:RDF xmlns:rdf="http://www.w3.org/1999/02/22-rdf-syntax-ns#" xmlns:dc="http://purl.org/dc/elements/1.1/" xmlns:dcterms="http://purl.org/dc/terms/" xmlns:vCard="http://www.w3.org/2001/vcard-rdf/3.0#" xmlns:bqbiol="http://biomodels.net/biology-qualifiers/" xmlns:bqmodel="http://biomodels.net/model-qualifiers/">
            <rdf:Description rdf:about="#meta_C00011">
              <bqbiol:is>
                <rdf:Bag>
                  <rdf:li rdf:resource="urn:miriam:obo.chebi:CHEBI%3A16526"/>
                </rdf:Bag>
              </bqbiol:is>
              <bqbiol:isDescribedBy>
                <rdf:Bag>
                  <rdf:li rdf:resource="urn:miriam:pubmed:9847135"/>
                </rdf:Bag>
              </bqbiol:isDescribedBy>
            </rdf:Description>
          </rdf:RDF>
        </annotation>
      </species>
      <species metaid="meta_sce_YDR321W" id="sce_YDR321W" name="sce:YDR321W" compartment="c" boundaryCondition="true" sboTerm="SBO:0000252">
        <annotation>
          <rdf:RDF xmlns:rdf="http://www.w3.org/1999/02/22-rdf-syntax-ns#" xmlns:dc="http://purl.org/dc/elements/1.1/" xmlns:dcterms="http://purl.org/dc/terms/" xmlns:vCard="http://www.w3.org/2001/vcard-rdf/3.0#" xmlns:bqbiol="http://biomodels.net/biology-qualifiers/" xmlns:bqmodel="http://biomodels.net/model-qualifiers/">
            <rdf:Description rdf:about="#meta_sce_YDR321W">
              <bqbiol:isEncodedBy>
                <rdf:Bag>
                  <rdf:li rdf:resource="urn:miriam:kegg.genes:sce%3AYDR321W"/>
                </rdf:Bag>
              </bqbiol:isEncodedBy>
              <bqbiol:isDescribedBy>
                <rdf:Bag>
                  <rdf:li rdf:resource="urn:miriam:pubmed:9847135"/>
                </rdf:Bag>
              </bqbiol:isDescribedBy>
              <bqbiol:is>
                <rdf:Bag>
                  <rdf:li rdf:resource="urn:miriam:uniprot:P38986"/>
                </rdf:Bag>
              </bqbiol:is>
            </rdf:Description>
          </rdf:RDF>
        </annotation>
      </species>
      <species metaid="meta_sce_YLR155C" id="sce_YLR155C" name="sce:YLR155C" compartment="c" boundaryCondition="true" sboTerm="SBO:0000252">
        <annotation>
          <rdf:RDF xmlns:rdf="http://www.w3.org/1999/02/22-rdf-syntax-ns#" xmlns:dc="http://purl.org/dc/elements/1.1/" xmlns:dcterms="http://purl.org/dc/terms/" xmlns:vCard="http://www.w3.org/2001/vcard-rdf/3.0#" xmlns:bqbiol="http://biomodels.net/biology-qualifiers/" xmlns:bqmodel="http://biomodels.net/model-qualifiers/">
            <rdf:Description rdf:about="#meta_sce_YLR155C">
              <bqbiol:isEncodedBy>
                <rdf:Bag>
                  <rdf:li rdf:resource="urn:miriam:kegg.genes:sce%3AYLR155C"/>
                </rdf:Bag>
              </bqbiol:isEncodedBy>
              <bqbiol:isDescribedBy>
                <rdf:Bag>
                  <rdf:li rdf:resource="urn:miriam:pubmed:9847135"/>
                </rdf:Bag>
              </bqbiol:isDescribedBy>
              <bqbiol:is>
                <rdf:Bag>
                  <rdf:li rdf:resource="urn:miriam:uniprot:P0CX77"/>
                  <rdf:li rdf:resource="urn:miriam:uniprot:P0CX78"/>
                  <rdf:li rdf:resource="urn:miriam:uniprot:P0CX79"/>
                  <rdf:li rdf:resource="urn:miriam:uniprot:P0CZ17"/>
                </rdf:Bag>
              </bqbiol:is>
            </rdf:Description>
          </rdf:RDF>
        </annotation>
      </species>
      <species metaid="meta_sce_YLR157C" id="sce_YLR157C" name="sce:YLR157C" compartment="c" boundaryCondition="true" sboTerm="SBO:0000252">
        <annotation>
          <rdf:RDF xmlns:rdf="http://www.w3.org/1999/02/22-rdf-syntax-ns#" xmlns:dc="http://purl.org/dc/elements/1.1/" xmlns:dcterms="http://purl.org/dc/terms/" xmlns:vCard="http://www.w3.org/2001/vcard-rdf/3.0#" xmlns:bqbiol="http://biomodels.net/biology-qualifiers/" xmlns:bqmodel="http://biomodels.net/model-qualifiers/">
            <rdf:Description rdf:about="#meta_sce_YLR157C">
              <bqbiol:isEncodedBy>
                <rdf:Bag>
                  <rdf:li rdf:resource="urn:miriam:kegg.genes:sce%3AYLR157C"/>
                </rdf:Bag>
              </bqbiol:isEncodedBy>
              <bqbiol:isDescribedBy>
                <rdf:Bag>
                  <rdf:li rdf:resource="urn:miriam:pubmed:9847135"/>
                </rdf:Bag>
              </bqbiol:isDescribedBy>
              <bqbiol:is>
                <rdf:Bag>
                  <rdf:li rdf:resource="urn:miriam:uniprot:P0CX77"/>
                  <rdf:li rdf:resource="urn:miriam:uniprot:P0CX78"/>
                  <rdf:li rdf:resource="urn:miriam:uniprot:P0CX79"/>
                  <rdf:li rdf:resource="urn:miriam:uniprot:P0CZ17"/>
                </rdf:Bag>
              </bqbiol:is>
            </rdf:Description>
          </rdf:RDF>
        </annotation>
      </species>
      <species metaid="meta_sce_YLR158C" id="sce_YLR158C" name="sce:YLR158C" compartment="c" boundaryCondition="true" sboTerm="SBO:0000252">
        <annotation>
          <rdf:RDF xmlns:rdf="http://www.w3.org/1999/02/22-rdf-syntax-ns#" xmlns:dc="http://purl.org/dc/elements/1.1/" xmlns:dcterms="http://purl.org/dc/terms/" xmlns:vCard="http://www.w3.org/2001/vcard-rdf/3.0#" xmlns:bqbiol="http://biomodels.net/biology-qualifiers/" xmlns:bqmodel="http://biomodels.net/model-qualifiers/">
            <rdf:Description rdf:about="#meta_sce_YLR158C">
              <bqbiol:isEncodedBy>
                <rdf:Bag>
                  <rdf:li rdf:resource="urn:miriam:kegg.genes:sce%3AYLR158C"/>
                </rdf:Bag>
              </bqbiol:isEncodedBy>
              <bqbiol:isDescribedBy>
                <rdf:Bag>
                  <rdf:li rdf:resource="urn:miriam:pubmed:9847135"/>
                </rdf:Bag>
              </bqbiol:isDescribedBy>
              <bqbiol:is>
                <rdf:Bag>
                  <rdf:li rdf:resource="urn:miriam:uniprot:P0CX77"/>
                  <rdf:li rdf:resource="urn:miriam:uniprot:P0CX78"/>
                  <rdf:li rdf:resource="urn:miriam:uniprot:P0CX79"/>
                  <rdf:li rdf:resource="urn:miriam:uniprot:P0CZ17"/>
                </rdf:Bag>
              </bqbiol:is>
            </rdf:Description>
          </rdf:RDF>
        </annotation>
      </species>
      <species metaid="meta_sce_YLR160C" id="sce_YLR160C" name="sce:YLR160C" compartment="c" boundaryCondition="true" sboTerm="SBO:0000252">
        <annotation>
          <rdf:RDF xmlns:rdf="http://www.w3.org/1999/02/22-rdf-syntax-ns#" xmlns:dc="http://purl.org/dc/elements/1.1/" xmlns:dcterms="http://purl.org/dc/terms/" xmlns:vCard="http://www.w3.org/2001/vcard-rdf/3.0#" xmlns:bqbiol="http://biomodels.net/biology-qualifiers/" xmlns:bqmodel="http://biomodels.net/model-qualifiers/">
            <rdf:Description rdf:about="#meta_sce_YLR160C">
              <bqbiol:isEncodedBy>
                <rdf:Bag>
                  <rdf:li rdf:resource="urn:miriam:kegg.genes:sce%3AYLR160C"/>
                </rdf:Bag>
              </bqbiol:isEncodedBy>
              <bqbiol:isDescribedBy>
                <rdf:Bag>
                  <rdf:li rdf:resource="urn:miriam:pubmed:9847135"/>
                </rdf:Bag>
              </bqbiol:isDescribedBy>
              <bqbiol:is>
                <rdf:Bag>
                  <rdf:li rdf:resource="urn:miriam:uniprot:P0CX77"/>
                  <rdf:li rdf:resource="urn:miriam:uniprot:P0CX78"/>
                  <rdf:li rdf:resource="urn:miriam:uniprot:P0CX79"/>
                  <rdf:li rdf:resource="urn:miriam:uniprot:P0CZ17"/>
                </rdf:Bag>
              </bqbiol:is>
            </rdf:Description>
          </rdf:RDF>
        </annotation>
      </species>
    </listOfSpecies>
    <listOfReactions>
      <reaction metaid="meta_R00243" id="R00243" name="L-glutamate:NAD+ oxidoreductase (deaminating)" sboTerm="SBO:0000176">
        <annotation>
          <rdf:RDF xmlns:rdf="http://www.w3.org/1999/02/22-rdf-syntax-ns#" xmlns:dc="http://purl.org/dc/elements/1.1/" xmlns:dcterms="http://purl.org/dc/terms/" xmlns:vCard="http://www.w3.org/2001/vcard-rdf/3.0#" xmlns:bqbiol="http://biomodels.net/biology-qualifiers/" xmlns:bqmodel="http://biomodels.net/model-qualifiers/">
            <rdf:Description rdf:about="#meta_R00243">
              <bqbiol:isVersionOf>
                <rdf:Bag>
                  <rdf:li rdf:resource="urn:miriam:ec-code:1.4.1.3"/>
                </rdf:Bag>
              </bqbiol:isVersionOf>
              <bqbiol:isPartOf>
                <rdf:Bag>
                  <rdf:li rdf:resource="urn:miriam:kegg.pathway:rn00250"/>
                  <rdf:li rdf:resource="urn:miriam:kegg.pathway:rn00330"/>
                  <rdf:li rdf:resource="urn:miriam:kegg.pathway:rn00430"/>
                  <rdf:li rdf:resource="urn:miriam:kegg.pathway:rn00471"/>
                  <rdf:li rdf:resource="urn:miriam:kegg.pathway:rn00910"/>
                  <rdf:li rdf:resource="urn:miriam:kegg.pathway:rn01100"/>
                </rdf:Bag>
              </bqbiol:isPartOf>
              <bqbiol:is>
                <rdf:Bag>
                  <rdf:li rdf:resource="urn:miriam:kegg.reaction:R00243"/>
                </rdf:Bag>
              </bqbiol:is>
              <bqbiol:isDescribedBy>
                <rdf:Bag>
                  <rdf:li rdf:resource="urn:miriam:pubmed:9847135"/>
                </rdf:Bag>
              </bqbiol:isDescribedBy>
            </rdf:Description>
          </rdf:RDF>
        </annotation>
        <listOfReactants>
          <speciesReference species="C00025"/>
          <speciesReference species="C00003"/>
          <speciesReference species="C00001"/>
        </listOfReactants>
        <listOfProducts>
          <speciesReference species="C00026"/>
          <speciesReference species="C00014"/>
          <speciesReference species="C00004"/>
          <speciesReference species="C00080"/>
        </listOfProducts>
        <listOfModifiers>
          <modifierSpeciesReference species="sce_YDL215C"/>
        </listOfModifiers>
      </reaction>
      <reaction metaid="meta_R00248" id="R00248" name="L-Glutamate:NADP+ oxidoreductase (deaminating)" sboTerm="SBO:0000176">
        <annotation>
          <rdf:RDF xmlns:rdf="http://www.w3.org/1999/02/22-rdf-syntax-ns#" xmlns:dc="http://purl.org/dc/elements/1.1/" xmlns:dcterms="http://purl.org/dc/terms/" xmlns:vCard="http://www.w3.org/2001/vcard-rdf/3.0#" xmlns:bqbiol="http://biomodels.net/biology-qualifiers/" xmlns:bqmodel="http://biomodels.net/model-qualifiers/">
            <rdf:Description rdf:about="#meta_R00248">
              <bqbiol:isVersionOf>
                <rdf:Bag>
                  <rdf:li rdf:resource="urn:miriam:ec-code:1.4.1.3"/>
                </rdf:Bag>
              </bqbiol:isVersionOf>
              <bqbiol:isPartOf>
                <rdf:Bag>
                  <rdf:li rdf:resource="urn:miriam:kegg.pathway:rn00250"/>
                  <rdf:li rdf:resource="urn:miriam:kegg.pathway:rn00330"/>
                  <rdf:li rdf:resource="urn:miriam:kegg.pathway:rn00471"/>
                  <rdf:li rdf:resource="urn:miriam:kegg.pathway:rn00910"/>
                  <rdf:li rdf:resource="urn:miriam:kegg.pathway:rn01100"/>
                </rdf:Bag>
              </bqbiol:isPartOf>
              <bqbiol:is>
                <rdf:Bag>
                  <rdf:li rdf:resource="urn:miriam:kegg.reaction:R00248"/>
                </rdf:Bag>
              </bqbiol:is>
              <bqbiol:isDescribedBy>
                <rdf:Bag>
                  <rdf:li rdf:resource="urn:miriam:pubmed:9847135"/>
                </rdf:Bag>
              </bqbiol:isDescribedBy>
            </rdf:Description>
          </rdf:RDF>
        </annotation>
        <listOfReactants>
          <speciesReference species="C00025"/>
          <speciesReference species="C00006"/>
          <speciesReference species="C00001"/>
        </listOfReactants>
        <listOfProducts>
          <speciesReference species="C00026"/>
          <speciesReference species="C00014"/>
          <speciesReference species="C00005"/>
          <speciesReference species="C00080"/>
        </listOfProducts>
        <listOfModifiers>
          <modifierSpeciesReference species="sce_YAL062W"/>
          <modifierSpeciesReference species="sce_YOR375C"/>
        </listOfModifiers>
      </reaction>
      <reaction metaid="meta_R00114" id="R00114" name="L-Glutamate:NADP+ oxidoreductase (transaminating)" reversible="false" sboTerm="SBO:0000176">
        <annotation>
          <rdf:RDF xmlns:rdf="http://www.w3.org/1999/02/22-rdf-syntax-ns#" xmlns:dc="http://purl.org/dc/elements/1.1/" xmlns:dcterms="http://purl.org/dc/terms/" xmlns:vCard="http://www.w3.org/2001/vcard-rdf/3.0#" xmlns:bqbiol="http://biomodels.net/biology-qualifiers/" xmlns:bqmodel="http://biomodels.net/model-qualifiers/">
            <rdf:Description rdf:about="#meta_R00114">
              <bqbiol:isVersionOf>
                <rdf:Bag>
                  <rdf:li rdf:resource="urn:miriam:ec-code:1.4.1.13"/>
                </rdf:Bag>
              </bqbiol:isVersionOf>
              <bqbiol:isPartOf>
                <rdf:Bag>
                  <rdf:li rdf:resource="urn:miriam:kegg.pathway:rn00250"/>
                  <rdf:li rdf:resource="urn:miriam:kegg.pathway:rn00910"/>
                  <rdf:li rdf:resource="urn:miriam:kegg.pathway:rn01100"/>
                  <rdf:li rdf:resource="urn:miriam:kegg.pathway:rn01110"/>
                  <rdf:li rdf:resource="urn:miriam:kegg.pathway:rn01120"/>
                </rdf:Bag>
              </bqbiol:isPartOf>
              <bqbiol:is>
                <rdf:Bag>
                  <rdf:li rdf:resource="urn:miriam:kegg.reaction:R00114"/>
                </rdf:Bag>
              </bqbiol:is>
              <bqbiol:isDescribedBy>
                <rdf:Bag>
                  <rdf:li rdf:resource="urn:miriam:pubmed:9847135"/>
                </rdf:Bag>
              </bqbiol:isDescribedBy>
            </rdf:Description>
          </rdf:RDF>
        </annotation>
        <listOfReactants>
          <speciesReference species="C00064"/>
          <speciesReference species="C00026"/>
          <speciesReference species="C00005"/>
          <speciesReference species="C00080"/>
        </listOfReactants>
        <listOfProducts>
          <speciesReference species="C00025" stoichiometry="2"/>
          <speciesReference species="C00006"/>
        </listOfProducts>
        <listOfModifiers>
          <modifierSpeciesReference species="sce_YDL171C"/>
        </listOfModifiers>
      </reaction>
      <reaction metaid="meta_R00093" id="R00093" name="L-glutamate:NAD+ oxidoreductase (transaminating)" reversible="false" sboTerm="SBO:0000176">
        <annotation>
          <rdf:RDF xmlns:rdf="http://www.w3.org/1999/02/22-rdf-syntax-ns#" xmlns:dc="http://purl.org/dc/elements/1.1/" xmlns:dcterms="http://purl.org/dc/terms/" xmlns:vCard="http://www.w3.org/2001/vcard-rdf/3.0#" xmlns:bqbiol="http://biomodels.net/biology-qualifiers/" xmlns:bqmodel="http://biomodels.net/model-qualifiers/">
            <rdf:Description rdf:about="#meta_R00093">
              <bqbiol:isVersionOf>
                <rdf:Bag>
                  <rdf:li rdf:resource="urn:miriam:ec-code:1.4.1.14"/>
                </rdf:Bag>
              </bqbiol:isVersionOf>
              <bqbiol:isPartOf>
                <rdf:Bag>
                  <rdf:li rdf:resource="urn:miriam:kegg.pathway:rn00250"/>
                  <rdf:li rdf:resource="urn:miriam:kegg.pathway:rn00910"/>
                  <rdf:li rdf:resource="urn:miriam:kegg.pathway:rn01100"/>
                  <rdf:li rdf:resource="urn:miriam:kegg.pathway:rn01110"/>
                  <rdf:li rdf:resource="urn:miriam:kegg.pathway:rn01120"/>
                </rdf:Bag>
              </bqbiol:isPartOf>
              <bqbiol:is>
                <rdf:Bag>
                  <rdf:li rdf:resource="urn:miriam:kegg.reaction:R00093"/>
                </rdf:Bag>
              </bqbiol:is>
              <bqbiol:isDescribedBy>
                <rdf:Bag>
                  <rdf:li rdf:resource="urn:miriam:pubmed:9847135"/>
                </rdf:Bag>
              </bqbiol:isDescribedBy>
            </rdf:Description>
          </rdf:RDF>
        </annotation>
        <listOfReactants>
          <speciesReference species="C00064"/>
          <speciesReference species="C00026"/>
          <speciesReference species="C00004"/>
          <speciesReference species="C00080"/>
        </listOfReactants>
        <listOfProducts>
          <speciesReference species="C00025" stoichiometry="2"/>
          <speciesReference species="C00003"/>
        </listOfProducts>
        <listOfModifiers>
          <modifierSpeciesReference species="sce_YDL171C"/>
        </listOfModifiers>
      </reaction>
      <reaction metaid="meta_R00578" id="R00578" name="L-aspartate:L-glutamine amido-ligase (AMP-forming)" reversible="false" sboTerm="SBO:0000176">
        <annotation>
          <rdf:RDF xmlns:rdf="http://www.w3.org/1999/02/22-rdf-syntax-ns#" xmlns:dc="http://purl.org/dc/elements/1.1/" xmlns:dcterms="http://purl.org/dc/terms/" xmlns:vCard="http://www.w3.org/2001/vcard-rdf/3.0#" xmlns:bqbiol="http://biomodels.net/biology-qualifiers/" xmlns:bqmodel="http://biomodels.net/model-qualifiers/">
            <rdf:Description rdf:about="#meta_R00578">
              <bqbiol:isVersionOf>
                <rdf:Bag>
                  <rdf:li rdf:resource="urn:miriam:ec-code:6.3.5.4"/>
                </rdf:Bag>
              </bqbiol:isVersionOf>
              <bqbiol:isPartOf>
                <rdf:Bag>
                  <rdf:li rdf:resource="urn:miriam:kegg.pathway:rn00250"/>
                  <rdf:li rdf:resource="urn:miriam:kegg.pathway:rn00910"/>
                  <rdf:li rdf:resource="urn:miriam:kegg.pathway:rn01100"/>
                  <rdf:li rdf:resource="urn:miriam:kegg.pathway:rn01110"/>
                  <rdf:li rdf:resource="urn:miriam:kegg.pathway:rn01120"/>
                </rdf:Bag>
              </bqbiol:isPartOf>
              <bqbiol:is>
                <rdf:Bag>
                  <rdf:li rdf:resource="urn:miriam:kegg.reaction:R00578"/>
                </rdf:Bag>
              </bqbiol:is>
              <bqbiol:isDescribedBy>
                <rdf:Bag>
                  <rdf:li rdf:resource="urn:miriam:pubmed:9847135"/>
                </rdf:Bag>
              </bqbiol:isDescribedBy>
            </rdf:Description>
          </rdf:RDF>
        </annotation>
        <listOfReactants>
          <speciesReference species="C00002"/>
          <speciesReference species="C00049"/>
          <speciesReference species="C00064"/>
          <speciesReference species="C00001"/>
        </listOfReactants>
        <listOfProducts>
          <speciesReference species="C00020"/>
          <speciesReference species="C00013"/>
          <speciesReference species="C00152"/>
          <speciesReference species="C00025"/>
        </listOfProducts>
        <listOfModifiers>
          <modifierSpeciesReference species="sce_YGR124W"/>
          <modifierSpeciesReference species="sce_YPR145W"/>
        </listOfModifiers>
      </reaction>
      <reaction metaid="meta_R00253" id="R00253" name="L-Glutamate:ammonia ligase (ADP-forming)" reversible="false" sboTerm="SBO:0000176">
        <annotation>
          <rdf:RDF xmlns:rdf="http://www.w3.org/1999/02/22-rdf-syntax-ns#" xmlns:dc="http://purl.org/dc/elements/1.1/" xmlns:dcterms="http://purl.org/dc/terms/" xmlns:vCard="http://www.w3.org/2001/vcard-rdf/3.0#" xmlns:bqbiol="http://biomodels.net/biology-qualifiers/" xmlns:bqmodel="http://biomodels.net/model-qualifiers/">
            <rdf:Description rdf:about="#meta_R00253">
              <bqbiol:isVersionOf>
                <rdf:Bag>
                  <rdf:li rdf:resource="urn:miriam:ec-code:6.3.1.2"/>
                </rdf:Bag>
              </bqbiol:isVersionOf>
              <bqbiol:isPartOf>
                <rdf:Bag>
                  <rdf:li rdf:resource="urn:miriam:kegg.pathway:rn00250"/>
                  <rdf:li rdf:resource="urn:miriam:kegg.pathway:rn00330"/>
                  <rdf:li rdf:resource="urn:miriam:kegg.pathway:rn00910"/>
                  <rdf:li rdf:resource="urn:miriam:kegg.pathway:rn01100"/>
                  <rdf:li rdf:resource="urn:miriam:kegg.pathway:rn01120"/>
                </rdf:Bag>
              </bqbiol:isPartOf>
              <bqbiol:is>
                <rdf:Bag>
                  <rdf:li rdf:resource="urn:miriam:kegg.reaction:R00253"/>
                </rdf:Bag>
              </bqbiol:is>
              <bqbiol:isDescribedBy>
                <rdf:Bag>
                  <rdf:li rdf:resource="urn:miriam:pubmed:9847135"/>
                </rdf:Bag>
              </bqbiol:isDescribedBy>
            </rdf:Description>
          </rdf:RDF>
        </annotation>
        <listOfReactants>
          <speciesReference species="C00002"/>
          <speciesReference species="C00025"/>
          <speciesReference species="C00014"/>
        </listOfReactants>
        <listOfProducts>
          <speciesReference species="C00008"/>
          <speciesReference species="C00009"/>
          <speciesReference species="C00064"/>
        </listOfProducts>
        <listOfModifiers>
          <modifierSpeciesReference species="sce_YPR035W"/>
        </listOfModifiers>
      </reaction>
      <reaction metaid="meta_R01001" id="R01001" name="L-cystathionine cysteine-lyase (deaminating 2-oxobutanoate-forming)" reversible="false" sboTerm="SBO:0000176">
        <annotation>
          <rdf:RDF xmlns:rdf="http://www.w3.org/1999/02/22-rdf-syntax-ns#" xmlns:dc="http://purl.org/dc/elements/1.1/" xmlns:dcterms="http://purl.org/dc/terms/" xmlns:vCard="http://www.w3.org/2001/vcard-rdf/3.0#" xmlns:bqbiol="http://biomodels.net/biology-qualifiers/" xmlns:bqmodel="http://biomodels.net/model-qualifiers/">
            <rdf:Description rdf:about="#meta_R01001">
              <bqbiol:isVersionOf>
                <rdf:Bag>
                  <rdf:li rdf:resource="urn:miriam:ec-code:4.4.1.1"/>
                </rdf:Bag>
              </bqbiol:isVersionOf>
              <bqbiol:isPartOf>
                <rdf:Bag>
                  <rdf:li rdf:resource="urn:miriam:kegg.pathway:rn00260"/>
                  <rdf:li rdf:resource="urn:miriam:kegg.pathway:rn00270"/>
                  <rdf:li rdf:resource="urn:miriam:kegg.pathway:rn00910"/>
                  <rdf:li rdf:resource="urn:miriam:kegg.pathway:rn01100"/>
                </rdf:Bag>
              </bqbiol:isPartOf>
              <bqbiol:is>
                <rdf:Bag>
                  <rdf:li rdf:resource="urn:miriam:kegg.reaction:R01001"/>
                </rdf:Bag>
              </bqbiol:is>
              <bqbiol:isDescribedBy>
                <rdf:Bag>
                  <rdf:li rdf:resource="urn:miriam:pubmed:9847135"/>
                </rdf:Bag>
              </bqbiol:isDescribedBy>
            </rdf:Description>
          </rdf:RDF>
        </annotation>
        <listOfReactants>
          <speciesReference species="C02291"/>
          <speciesReference species="C00001"/>
        </listOfReactants>
        <listOfProducts>
          <speciesReference species="C00097"/>
          <speciesReference species="C00014"/>
          <speciesReference species="C00109"/>
        </listOfProducts>
        <listOfModifiers>
          <modifierSpeciesReference species="sce_YAL012W"/>
        </listOfModifiers>
      </reaction>
      <reaction metaid="meta_R01285" id="R01285" name="Cystathionine L-homocysteine-lyase (deaminating)" reversible="false" sboTerm="SBO:0000176">
        <annotation>
          <rdf:RDF xmlns:rdf="http://www.w3.org/1999/02/22-rdf-syntax-ns#" xmlns:dc="http://purl.org/dc/elements/1.1/" xmlns:dcterms="http://purl.org/dc/terms/" xmlns:vCard="http://www.w3.org/2001/vcard-rdf/3.0#" xmlns:bqbiol="http://biomodels.net/biology-qualifiers/" xmlns:bqmodel="http://biomodels.net/model-qualifiers/">
            <rdf:Description rdf:about="#meta_R01285">
              <bqbiol:isVersionOf>
                <rdf:Bag>
                  <rdf:li rdf:resource="urn:miriam:ec-code:4.4.1.8"/>
                </rdf:Bag>
              </bqbiol:isVersionOf>
              <bqbiol:isPartOf>
                <rdf:Bag>
                  <rdf:li rdf:resource="urn:miriam:kegg.pathway:rn00910"/>
                  <rdf:li rdf:resource="urn:miriam:kegg.pathway:rn00920"/>
                </rdf:Bag>
              </bqbiol:isPartOf>
              <bqbiol:is>
                <rdf:Bag>
                  <rdf:li rdf:resource="urn:miriam:kegg.reaction:R01285"/>
                </rdf:Bag>
              </bqbiol:is>
              <bqbiol:isDescribedBy>
                <rdf:Bag>
                  <rdf:li rdf:resource="urn:miriam:pubmed:9847135"/>
                </rdf:Bag>
              </bqbiol:isDescribedBy>
            </rdf:Description>
          </rdf:RDF>
        </annotation>
        <listOfReactants>
          <speciesReference species="C00542"/>
          <speciesReference species="C00001"/>
        </listOfReactants>
        <listOfProducts>
          <speciesReference species="C00155"/>
          <speciesReference species="C00014"/>
          <speciesReference species="C00022"/>
        </listOfProducts>
        <listOfModifiers>
          <modifierSpeciesReference species="sce_YFR055W"/>
          <modifierSpeciesReference species="sce_YGL184C"/>
        </listOfModifiers>
      </reaction>
      <reaction metaid="meta_R01221" id="R01221" name="glycine synthase" reversible="false" sboTerm="SBO:0000176">
        <annotation>
          <rdf:RDF xmlns:rdf="http://www.w3.org/1999/02/22-rdf-syntax-ns#" xmlns:dc="http://purl.org/dc/elements/1.1/" xmlns:dcterms="http://purl.org/dc/terms/" xmlns:vCard="http://www.w3.org/2001/vcard-rdf/3.0#" xmlns:bqbiol="http://biomodels.net/biology-qualifiers/" xmlns:bqmodel="http://biomodels.net/model-qualifiers/">
            <rdf:Description rdf:about="#meta_R01221">
              <bqbiol:isVersionOf>
                <rdf:Bag>
                  <rdf:li rdf:resource="urn:miriam:ec-code:2.1.2.10"/>
                </rdf:Bag>
              </bqbiol:isVersionOf>
              <bqbiol:isPartOf>
                <rdf:Bag>
                  <rdf:li rdf:resource="urn:miriam:kegg.pathway:rn00910"/>
                </rdf:Bag>
              </bqbiol:isPartOf>
              <bqbiol:is>
                <rdf:Bag>
                  <rdf:li rdf:resource="urn:miriam:kegg.reaction:R01221"/>
                </rdf:Bag>
              </bqbiol:is>
              <bqbiol:isDescribedBy>
                <rdf:Bag>
                  <rdf:li rdf:resource="urn:miriam:pubmed:9847135"/>
                </rdf:Bag>
              </bqbiol:isDescribedBy>
            </rdf:Description>
          </rdf:RDF>
        </annotation>
        <listOfReactants>
          <speciesReference species="C00143"/>
          <speciesReference species="C00014"/>
          <speciesReference species="C00011"/>
          <speciesReference species="C00004"/>
          <speciesReference species="C00080"/>
        </listOfReactants>
        <listOfProducts>
          <speciesReference species="C00037"/>
          <speciesReference species="C00101"/>
          <speciesReference species="C00003"/>
        </listOfProducts>
        <listOfModifiers>
          <modifierSpeciesReference species="sce_YDR019C"/>
        </listOfModifiers>
      </reaction>
      <reaction metaid="meta_R00485" id="R00485" name="L-Asparagine amidohydrolase" reversible="false" sboTerm="SBO:0000176">
        <annotation>
          <rdf:RDF xmlns:rdf="http://www.w3.org/1999/02/22-rdf-syntax-ns#" xmlns:dc="http://purl.org/dc/elements/1.1/" xmlns:dcterms="http://purl.org/dc/terms/" xmlns:vCard="http://www.w3.org/2001/vcard-rdf/3.0#" xmlns:bqbiol="http://biomodels.net/biology-qualifiers/" xmlns:bqmodel="http://biomodels.net/model-qualifiers/">
            <rdf:Description rdf:about="#meta_R00485">
              <bqbiol:isVersionOf>
                <rdf:Bag>
                  <rdf:li rdf:resource="urn:miriam:ec-code:3.5.1.38"/>
                </rdf:Bag>
              </bqbiol:isVersionOf>
              <bqbiol:isPartOf>
                <rdf:Bag>
                  <rdf:li rdf:resource="urn:miriam:kegg.pathway:rn00250"/>
                  <rdf:li rdf:resource="urn:miriam:kegg.pathway:rn00460"/>
                  <rdf:li rdf:resource="urn:miriam:kegg.pathway:rn00910"/>
                  <rdf:li rdf:resource="urn:miriam:kegg.pathway:rn01100"/>
                  <rdf:li rdf:resource="urn:miriam:kegg.pathway:rn01110"/>
                </rdf:Bag>
              </bqbiol:isPartOf>
              <bqbiol:is>
                <rdf:Bag>
                  <rdf:li rdf:resource="urn:miriam:kegg.reaction:R00485"/>
                </rdf:Bag>
              </bqbiol:is>
              <bqbiol:isDescribedBy>
                <rdf:Bag>
                  <rdf:li rdf:resource="urn:miriam:pubmed:9847135"/>
                </rdf:Bag>
              </bqbiol:isDescribedBy>
            </rdf:Description>
          </rdf:RDF>
        </annotation>
        <listOfReactants>
          <speciesReference species="C00152"/>
          <speciesReference species="C00001"/>
        </listOfReactants>
        <listOfProducts>
          <speciesReference species="C00049"/>
          <speciesReference species="C00014"/>
        </listOfProducts>
        <listOfModifiers>
          <modifierSpeciesReference species="sce_YDR321W"/>
          <modifierSpeciesReference species="sce_YLR155C"/>
          <modifierSpeciesReference species="sce_YLR157C"/>
          <modifierSpeciesReference species="sce_YLR158C"/>
          <modifierSpeciesReference species="sce_YLR160C"/>
        </listOfModifiers>
      </reaction>
    </listOfReactions>
  </model>
</sbml>
