<?xml version="1.0" encoding="UTF-8"?>
<sbml xmlns="http://www.sbml.org/sbml/level2/version4" level="2" version="4">
  <model metaid="_357deef9_5a8e_4641_b25c_0c2e36545446">
    <annotation>
      <rdf:RDF xmlns:rdf="http://www.w3.org/1999/02/22-rdf-syntax-ns#" xmlns:dc="http://purl.org/dc/elements/1.1/" xmlns:dcterms="http://purl.org/dc/terms/" xmlns:vCard="http://www.w3.org/2001/vcard-rdf/3.0#" xmlns:bqbiol="http://biomodels.net/biology-qualifiers/" xmlns:bqmodel="http://biomodels.net/model-qualifiers/">
        <rdf:Description rdf:about="#_357deef9_5a8e_4641_b25c_0c2e36545446">
          <bqbiol:is>
            <rdf:Bag>
              <rdf:li rdf:resource="urn:miriam:taxonomy:559292"/>
            </rdf:Bag>
          </bqbiol:is>
          <bqbiol:isDescribedBy>
            <rdf:Bag>
              <rdf:li rdf:resource="urn:miriam:pubmed:9847135"/>
            </rdf:Bag>
          </bqbiol:isDescribedBy>
        </rdf:Description>
      </rdf:RDF>
    </annotation>
    <listOfCompartments>
      <compartment metaid="meta_c" id="c" name="cytosol" size="1" sboTerm="SBO:0000290">
        <annotation>
          <rdf:RDF xmlns:rdf="http://www.w3.org/1999/02/22-rdf-syntax-ns#" xmlns:dc="http://purl.org/dc/elements/1.1/" xmlns:dcterms="http://purl.org/dc/terms/" xmlns:vCard="http://www.w3.org/2001/vcard-rdf/3.0#" xmlns:bqbiol="http://biomodels.net/biology-qualifiers/" xmlns:bqmodel="http://biomodels.net/model-qualifiers/">
            <rdf:Description rdf:about="#meta_c">
              <bqbiol:is>
                <rdf:Bag>
                  <rdf:li rdf:resource="urn:miriam:obo.go:GO%3A0005829"/>
                </rdf:Bag>
              </bqbiol:is>
            </rdf:Description>
          </rdf:RDF>
        </annotation>
      </compartment>
    </listOfCompartments>
    <listOfSpecies>
      <species metaid="meta_sce_YBR244W" id="sce_YBR244W" name="sce:YBR244W" compartment="c" boundaryCondition="true" sboTerm="SBO:0000252">
        <annotation>
          <rdf:RDF xmlns:rdf="http://www.w3.org/1999/02/22-rdf-syntax-ns#" xmlns:dc="http://purl.org/dc/elements/1.1/" xmlns:dcterms="http://purl.org/dc/terms/" xmlns:vCard="http://www.w3.org/2001/vcard-rdf/3.0#" xmlns:bqbiol="http://biomodels.net/biology-qualifiers/" xmlns:bqmodel="http://biomodels.net/model-qualifiers/">
            <rdf:Description rdf:about="#meta_sce_YBR244W">
              <bqbiol:isEncodedBy>
                <rdf:Bag>
                  <rdf:li rdf:resource="urn:miriam:kegg.genes:sce%3AYBR244W"/>
                </rdf:Bag>
              </bqbiol:isEncodedBy>
              <bqbiol:isDescribedBy>
                <rdf:Bag>
                  <rdf:li rdf:resource="urn:miriam:pubmed:9847135"/>
                </rdf:Bag>
              </bqbiol:isDescribedBy>
              <bqbiol:is>
                <rdf:Bag>
                  <rdf:li rdf:resource="urn:miriam:uniprot:P38143"/>
                </rdf:Bag>
              </bqbiol:is>
            </rdf:Description>
          </rdf:RDF>
        </annotation>
      </species>
      <species metaid="meta_sce_YIR037W" id="sce_YIR037W" name="sce:YIR037W" compartment="c" boundaryCondition="true" sboTerm="SBO:0000252">
        <annotation>
          <rdf:RDF xmlns:rdf="http://www.w3.org/1999/02/22-rdf-syntax-ns#" xmlns:dc="http://purl.org/dc/elements/1.1/" xmlns:dcterms="http://purl.org/dc/terms/" xmlns:vCard="http://www.w3.org/2001/vcard-rdf/3.0#" xmlns:bqbiol="http://biomodels.net/biology-qualifiers/" xmlns:bqmodel="http://biomodels.net/model-qualifiers/">
            <rdf:Description rdf:about="#meta_sce_YIR037W">
              <bqbiol:isEncodedBy>
                <rdf:Bag>
                  <rdf:li rdf:resource="urn:miriam:kegg.genes:sce%3AYIR037W"/>
                </rdf:Bag>
              </bqbiol:isEncodedBy>
              <bqbiol:isDescribedBy>
                <rdf:Bag>
                  <rdf:li rdf:resource="urn:miriam:pubmed:9847135"/>
                </rdf:Bag>
              </bqbiol:isDescribedBy>
              <bqbiol:is>
                <rdf:Bag>
                  <rdf:li rdf:resource="urn:miriam:uniprot:P40581"/>
                </rdf:Bag>
              </bqbiol:is>
            </rdf:Description>
          </rdf:RDF>
        </annotation>
      </species>
      <species metaid="meta_sce_YKL026C" id="sce_YKL026C" name="sce:YKL026C" compartment="c" boundaryCondition="true" sboTerm="SBO:0000252">
        <annotation>
          <rdf:RDF xmlns:rdf="http://www.w3.org/1999/02/22-rdf-syntax-ns#" xmlns:dc="http://purl.org/dc/elements/1.1/" xmlns:dcterms="http://purl.org/dc/terms/" xmlns:vCard="http://www.w3.org/2001/vcard-rdf/3.0#" xmlns:bqbiol="http://biomodels.net/biology-qualifiers/" xmlns:bqmodel="http://biomodels.net/model-qualifiers/">
            <rdf:Description rdf:about="#meta_sce_YKL026C">
              <bqbiol:isEncodedBy>
                <rdf:Bag>
                  <rdf:li rdf:resource="urn:miriam:kegg.genes:sce%3AYKL026C"/>
                </rdf:Bag>
              </bqbiol:isEncodedBy>
              <bqbiol:isDescribedBy>
                <rdf:Bag>
                  <rdf:li rdf:resource="urn:miriam:pubmed:9847135"/>
                </rdf:Bag>
              </bqbiol:isDescribedBy>
              <bqbiol:is>
                <rdf:Bag>
                  <rdf:li rdf:resource="urn:miriam:uniprot:P36014"/>
                </rdf:Bag>
              </bqbiol:is>
            </rdf:Description>
          </rdf:RDF>
        </annotation>
      </species>
      <species metaid="meta_C00051" id="C00051" name="glutathione" compartment="c" sboTerm="SBO:0000247">
        <annotation>
          <rdf:RDF xmlns:rdf="http://www.w3.org/1999/02/22-rdf-syntax-ns#" xmlns:dc="http://purl.org/dc/elements/1.1/" xmlns:dcterms="http://purl.org/dc/terms/" xmlns:vCard="http://www.w3.org/2001/vcard-rdf/3.0#" xmlns:bqbiol="http://biomodels.net/biology-qualifiers/" xmlns:bqmodel="http://biomodels.net/model-qualifiers/">
            <rdf:Description rdf:about="#meta_C00051">
              <bqbiol:is>
                <rdf:Bag>
                  <rdf:li rdf:resource="urn:miriam:obo.chebi:CHEBI%3A16856"/>
                </rdf:Bag>
              </bqbiol:is>
              <bqbiol:isDescribedBy>
                <rdf:Bag>
                  <rdf:li rdf:resource="urn:miriam:pubmed:9847135"/>
                </rdf:Bag>
              </bqbiol:isDescribedBy>
            </rdf:Description>
          </rdf:RDF>
        </annotation>
      </species>
      <species metaid="meta_C05966" id="C05966" name="15(S)-HPETE" compartment="c" sboTerm="SBO:0000247">
        <annotation>
          <rdf:RDF xmlns:rdf="http://www.w3.org/1999/02/22-rdf-syntax-ns#" xmlns:dc="http://purl.org/dc/elements/1.1/" xmlns:dcterms="http://purl.org/dc/terms/" xmlns:vCard="http://www.w3.org/2001/vcard-rdf/3.0#" xmlns:bqbiol="http://biomodels.net/biology-qualifiers/" xmlns:bqmodel="http://biomodels.net/model-qualifiers/">
            <rdf:Description rdf:about="#meta_C05966">
              <bqbiol:is>
                <rdf:Bag>
                  <rdf:li rdf:resource="urn:miriam:obo.chebi:CHEBI%3A15628"/>
                </rdf:Bag>
              </bqbiol:is>
              <bqbiol:isDescribedBy>
                <rdf:Bag>
                  <rdf:li rdf:resource="urn:miriam:pubmed:9847135"/>
                </rdf:Bag>
              </bqbiol:isDescribedBy>
            </rdf:Description>
          </rdf:RDF>
        </annotation>
      </species>
      <species metaid="meta_C00127" id="C00127" name="glutathione disulfide" compartment="c" sboTerm="SBO:0000247">
        <annotation>
          <rdf:RDF xmlns:rdf="http://www.w3.org/1999/02/22-rdf-syntax-ns#" xmlns:dc="http://purl.org/dc/elements/1.1/" xmlns:dcterms="http://purl.org/dc/terms/" xmlns:vCard="http://www.w3.org/2001/vcard-rdf/3.0#" xmlns:bqbiol="http://biomodels.net/biology-qualifiers/" xmlns:bqmodel="http://biomodels.net/model-qualifiers/">
            <rdf:Description rdf:about="#meta_C00127">
              <bqbiol:is>
                <rdf:Bag>
                  <rdf:li rdf:resource="urn:miriam:obo.chebi:CHEBI%3A17858"/>
                </rdf:Bag>
              </bqbiol:is>
              <bqbiol:isDescribedBy>
                <rdf:Bag>
                  <rdf:li rdf:resource="urn:miriam:pubmed:9847135"/>
                </rdf:Bag>
              </bqbiol:isDescribedBy>
            </rdf:Description>
          </rdf:RDF>
        </annotation>
      </species>
      <species metaid="meta_C04742" id="C04742" name="15(S)-HETE" compartment="c" sboTerm="SBO:0000247">
        <annotation>
          <rdf:RDF xmlns:rdf="http://www.w3.org/1999/02/22-rdf-syntax-ns#" xmlns:dc="http://purl.org/dc/elements/1.1/" xmlns:dcterms="http://purl.org/dc/terms/" xmlns:vCard="http://www.w3.org/2001/vcard-rdf/3.0#" xmlns:bqbiol="http://biomodels.net/biology-qualifiers/" xmlns:bqmodel="http://biomodels.net/model-qualifiers/">
            <rdf:Description rdf:about="#meta_C04742">
              <bqbiol:is>
                <rdf:Bag>
                  <rdf:li rdf:resource="urn:miriam:obo.chebi:CHEBI%3A15558"/>
                </rdf:Bag>
              </bqbiol:is>
              <bqbiol:isDescribedBy>
                <rdf:Bag>
                  <rdf:li rdf:resource="urn:miriam:pubmed:9847135"/>
                </rdf:Bag>
              </bqbiol:isDescribedBy>
            </rdf:Description>
          </rdf:RDF>
        </annotation>
      </species>
      <species metaid="meta_C00001" id="C00001" name="water" compartment="c" sboTerm="SBO:0000247">
        <annotation>
          <rdf:RDF xmlns:rdf="http://www.w3.org/1999/02/22-rdf-syntax-ns#" xmlns:dc="http://purl.org/dc/elements/1.1/" xmlns:dcterms="http://purl.org/dc/terms/" xmlns:vCard="http://www.w3.org/2001/vcard-rdf/3.0#" xmlns:bqbiol="http://biomodels.net/biology-qualifiers/" xmlns:bqmodel="http://biomodels.net/model-qualifiers/">
            <rdf:Description rdf:about="#meta_C00001">
              <bqbiol:is>
                <rdf:Bag>
                  <rdf:li rdf:resource="urn:miriam:obo.chebi:CHEBI%3A15377"/>
                </rdf:Bag>
              </bqbiol:is>
              <bqbiol:isDescribedBy>
                <rdf:Bag>
                  <rdf:li rdf:resource="urn:miriam:pubmed:9847135"/>
                </rdf:Bag>
              </bqbiol:isDescribedBy>
            </rdf:Description>
          </rdf:RDF>
        </annotation>
      </species>
      <species metaid="meta_C05356" id="C05356" name="5(S)-HPETE" compartment="c" sboTerm="SBO:0000247">
        <annotation>
          <rdf:RDF xmlns:rdf="http://www.w3.org/1999/02/22-rdf-syntax-ns#" xmlns:dc="http://purl.org/dc/elements/1.1/" xmlns:dcterms="http://purl.org/dc/terms/" xmlns:vCard="http://www.w3.org/2001/vcard-rdf/3.0#" xmlns:bqbiol="http://biomodels.net/biology-qualifiers/" xmlns:bqmodel="http://biomodels.net/model-qualifiers/">
            <rdf:Description rdf:about="#meta_C05356">
              <bqbiol:is>
                <rdf:Bag>
                  <rdf:li rdf:resource="urn:miriam:obo.chebi:CHEBI%3A15632"/>
                </rdf:Bag>
              </bqbiol:is>
              <bqbiol:isDescribedBy>
                <rdf:Bag>
                  <rdf:li rdf:resource="urn:miriam:pubmed:9847135"/>
                </rdf:Bag>
              </bqbiol:isDescribedBy>
            </rdf:Description>
          </rdf:RDF>
        </annotation>
      </species>
      <species metaid="meta_C04805" id="C04805" name="5(S)-HETE" compartment="c" sboTerm="SBO:0000247">
        <annotation>
          <rdf:RDF xmlns:rdf="http://www.w3.org/1999/02/22-rdf-syntax-ns#" xmlns:dc="http://purl.org/dc/elements/1.1/" xmlns:dcterms="http://purl.org/dc/terms/" xmlns:vCard="http://www.w3.org/2001/vcard-rdf/3.0#" xmlns:bqbiol="http://biomodels.net/biology-qualifiers/" xmlns:bqmodel="http://biomodels.net/model-qualifiers/">
            <rdf:Description rdf:about="#meta_C04805">
              <bqbiol:is>
                <rdf:Bag>
                  <rdf:li rdf:resource="urn:miriam:obo.chebi:CHEBI%3A28209"/>
                </rdf:Bag>
              </bqbiol:is>
              <bqbiol:isDescribedBy>
                <rdf:Bag>
                  <rdf:li rdf:resource="urn:miriam:pubmed:9847135"/>
                </rdf:Bag>
              </bqbiol:isDescribedBy>
            </rdf:Description>
          </rdf:RDF>
        </annotation>
      </species>
      <species metaid="meta_sce_YKR089C" id="sce_YKR089C" name="sce:YKR089C" compartment="c" boundaryCondition="true" sboTerm="SBO:0000252">
        <annotation>
          <rdf:RDF xmlns:rdf="http://www.w3.org/1999/02/22-rdf-syntax-ns#" xmlns:dc="http://purl.org/dc/elements/1.1/" xmlns:dcterms="http://purl.org/dc/terms/" xmlns:vCard="http://www.w3.org/2001/vcard-rdf/3.0#" xmlns:bqbiol="http://biomodels.net/biology-qualifiers/" xmlns:bqmodel="http://biomodels.net/model-qualifiers/">
            <rdf:Description rdf:about="#meta_sce_YKR089C">
              <bqbiol:isEncodedBy>
                <rdf:Bag>
                  <rdf:li rdf:resource="urn:miriam:kegg.genes:sce%3AYKR089C"/>
                </rdf:Bag>
              </bqbiol:isEncodedBy>
              <bqbiol:isDescribedBy>
                <rdf:Bag>
                  <rdf:li rdf:resource="urn:miriam:pubmed:9847135"/>
                </rdf:Bag>
              </bqbiol:isDescribedBy>
              <bqbiol:is>
                <rdf:Bag>
                  <rdf:li rdf:resource="urn:miriam:uniprot:P36165"/>
                </rdf:Bag>
              </bqbiol:is>
            </rdf:Description>
          </rdf:RDF>
        </annotation>
      </species>
      <species metaid="meta_C00157" id="C00157" name="phosphatidylcholine" compartment="c" sboTerm="SBO:0000247">
        <annotation>
          <rdf:RDF xmlns:rdf="http://www.w3.org/1999/02/22-rdf-syntax-ns#" xmlns:dc="http://purl.org/dc/elements/1.1/" xmlns:dcterms="http://purl.org/dc/terms/" xmlns:vCard="http://www.w3.org/2001/vcard-rdf/3.0#" xmlns:bqbiol="http://biomodels.net/biology-qualifiers/" xmlns:bqmodel="http://biomodels.net/model-qualifiers/">
            <rdf:Description rdf:about="#meta_C00157">
              <bqbiol:is>
                <rdf:Bag>
                  <rdf:li rdf:resource="urn:miriam:obo.chebi:CHEBI%3A16110"/>
                  <rdf:li rdf:resource="urn:miriam:obo.chebi:CHEBI%3A49183"/>
                </rdf:Bag>
              </bqbiol:is>
              <bqbiol:isDescribedBy>
                <rdf:Bag>
                  <rdf:li rdf:resource="urn:miriam:pubmed:9847135"/>
                </rdf:Bag>
              </bqbiol:isDescribedBy>
            </rdf:Description>
          </rdf:RDF>
        </annotation>
      </species>
      <species metaid="meta_C04230" id="C04230" name="1-O-acyl-sn-glycero-3-phosphocholine" compartment="c" sboTerm="SBO:0000247">
        <annotation>
          <rdf:RDF xmlns:rdf="http://www.w3.org/1999/02/22-rdf-syntax-ns#" xmlns:dc="http://purl.org/dc/elements/1.1/" xmlns:dcterms="http://purl.org/dc/terms/" xmlns:vCard="http://www.w3.org/2001/vcard-rdf/3.0#" xmlns:bqbiol="http://biomodels.net/biology-qualifiers/" xmlns:bqmodel="http://biomodels.net/model-qualifiers/">
            <rdf:Description rdf:about="#meta_C04230">
              <bqbiol:is>
                <rdf:Bag>
                  <rdf:li rdf:resource="urn:miriam:obo.chebi:CHEBI%3A17504"/>
                </rdf:Bag>
              </bqbiol:is>
              <bqbiol:isDescribedBy>
                <rdf:Bag>
                  <rdf:li rdf:resource="urn:miriam:pubmed:9847135"/>
                </rdf:Bag>
              </bqbiol:isDescribedBy>
            </rdf:Description>
          </rdf:RDF>
        </annotation>
      </species>
      <species metaid="meta_C00219" id="C00219" name="arachidonic acid" compartment="c" sboTerm="SBO:0000247">
        <annotation>
          <rdf:RDF xmlns:rdf="http://www.w3.org/1999/02/22-rdf-syntax-ns#" xmlns:dc="http://purl.org/dc/elements/1.1/" xmlns:dcterms="http://purl.org/dc/terms/" xmlns:vCard="http://www.w3.org/2001/vcard-rdf/3.0#" xmlns:bqbiol="http://biomodels.net/biology-qualifiers/" xmlns:bqmodel="http://biomodels.net/model-qualifiers/">
            <rdf:Description rdf:about="#meta_C00219">
              <bqbiol:is>
                <rdf:Bag>
                  <rdf:li rdf:resource="urn:miriam:obo.chebi:CHEBI%3A15843"/>
                </rdf:Bag>
              </bqbiol:is>
              <bqbiol:isDescribedBy>
                <rdf:Bag>
                  <rdf:li rdf:resource="urn:miriam:pubmed:9847135"/>
                </rdf:Bag>
              </bqbiol:isDescribedBy>
            </rdf:Description>
          </rdf:RDF>
        </annotation>
      </species>
      <species metaid="meta_sce_YNL045W" id="sce_YNL045W" name="sce:YNL045W" compartment="c" boundaryCondition="true" sboTerm="SBO:0000252">
        <annotation>
          <rdf:RDF xmlns:rdf="http://www.w3.org/1999/02/22-rdf-syntax-ns#" xmlns:dc="http://purl.org/dc/elements/1.1/" xmlns:dcterms="http://purl.org/dc/terms/" xmlns:vCard="http://www.w3.org/2001/vcard-rdf/3.0#" xmlns:bqbiol="http://biomodels.net/biology-qualifiers/" xmlns:bqmodel="http://biomodels.net/model-qualifiers/">
            <rdf:Description rdf:about="#meta_sce_YNL045W">
              <bqbiol:isEncodedBy>
                <rdf:Bag>
                  <rdf:li rdf:resource="urn:miriam:kegg.genes:sce%3AYNL045W"/>
                </rdf:Bag>
              </bqbiol:isEncodedBy>
              <bqbiol:isDescribedBy>
                <rdf:Bag>
                  <rdf:li rdf:resource="urn:miriam:pubmed:9847135"/>
                </rdf:Bag>
              </bqbiol:isDescribedBy>
              <bqbiol:is>
                <rdf:Bag>
                  <rdf:li rdf:resource="urn:miriam:uniprot:Q10740"/>
                </rdf:Bag>
              </bqbiol:is>
            </rdf:Description>
          </rdf:RDF>
        </annotation>
      </species>
      <species metaid="meta_C00909" id="C00909" name="leukotriene A4" compartment="c" sboTerm="SBO:0000247">
        <annotation>
          <rdf:RDF xmlns:rdf="http://www.w3.org/1999/02/22-rdf-syntax-ns#" xmlns:dc="http://purl.org/dc/elements/1.1/" xmlns:dcterms="http://purl.org/dc/terms/" xmlns:vCard="http://www.w3.org/2001/vcard-rdf/3.0#" xmlns:bqbiol="http://biomodels.net/biology-qualifiers/" xmlns:bqmodel="http://biomodels.net/model-qualifiers/">
            <rdf:Description rdf:about="#meta_C00909">
              <bqbiol:is>
                <rdf:Bag>
                  <rdf:li rdf:resource="urn:miriam:obo.chebi:CHEBI%3A15651"/>
                </rdf:Bag>
              </bqbiol:is>
              <bqbiol:isDescribedBy>
                <rdf:Bag>
                  <rdf:li rdf:resource="urn:miriam:pubmed:9847135"/>
                </rdf:Bag>
              </bqbiol:isDescribedBy>
            </rdf:Description>
          </rdf:RDF>
        </annotation>
      </species>
      <species metaid="meta_C02165" id="C02165" name="leukotriene B4" compartment="c" sboTerm="SBO:0000247">
        <annotation>
          <rdf:RDF xmlns:rdf="http://www.w3.org/1999/02/22-rdf-syntax-ns#" xmlns:dc="http://purl.org/dc/elements/1.1/" xmlns:dcterms="http://purl.org/dc/terms/" xmlns:vCard="http://www.w3.org/2001/vcard-rdf/3.0#" xmlns:bqbiol="http://biomodels.net/biology-qualifiers/" xmlns:bqmodel="http://biomodels.net/model-qualifiers/">
            <rdf:Description rdf:about="#meta_C02165">
              <bqbiol:is>
                <rdf:Bag>
                  <rdf:li rdf:resource="urn:miriam:obo.chebi:CHEBI%3A15647"/>
                </rdf:Bag>
              </bqbiol:is>
              <bqbiol:isDescribedBy>
                <rdf:Bag>
                  <rdf:li rdf:resource="urn:miriam:pubmed:9847135"/>
                </rdf:Bag>
              </bqbiol:isDescribedBy>
            </rdf:Description>
          </rdf:RDF>
        </annotation>
      </species>
      <species metaid="meta_sce_YLR299W" id="sce_YLR299W" name="sce:YLR299W" compartment="c" boundaryCondition="true" sboTerm="SBO:0000252">
        <annotation>
          <rdf:RDF xmlns:rdf="http://www.w3.org/1999/02/22-rdf-syntax-ns#" xmlns:dc="http://purl.org/dc/elements/1.1/" xmlns:dcterms="http://purl.org/dc/terms/" xmlns:vCard="http://www.w3.org/2001/vcard-rdf/3.0#" xmlns:bqbiol="http://biomodels.net/biology-qualifiers/" xmlns:bqmodel="http://biomodels.net/model-qualifiers/">
            <rdf:Description rdf:about="#meta_sce_YLR299W">
              <bqbiol:isEncodedBy>
                <rdf:Bag>
                  <rdf:li rdf:resource="urn:miriam:kegg.genes:sce%3AYLR299W"/>
                </rdf:Bag>
              </bqbiol:isEncodedBy>
              <bqbiol:isDescribedBy>
                <rdf:Bag>
                  <rdf:li rdf:resource="urn:miriam:pubmed:9847135"/>
                </rdf:Bag>
              </bqbiol:isDescribedBy>
              <bqbiol:is>
                <rdf:Bag>
                  <rdf:li rdf:resource="urn:miriam:uniprot:Q05902"/>
                </rdf:Bag>
              </bqbiol:is>
            </rdf:Description>
          </rdf:RDF>
        </annotation>
      </species>
      <species metaid="meta_C02166" id="C02166" name="leukotriene C4" compartment="c" sboTerm="SBO:0000247">
        <annotation>
          <rdf:RDF xmlns:rdf="http://www.w3.org/1999/02/22-rdf-syntax-ns#" xmlns:dc="http://purl.org/dc/elements/1.1/" xmlns:dcterms="http://purl.org/dc/terms/" xmlns:vCard="http://www.w3.org/2001/vcard-rdf/3.0#" xmlns:bqbiol="http://biomodels.net/biology-qualifiers/" xmlns:bqmodel="http://biomodels.net/model-qualifiers/">
            <rdf:Description rdf:about="#meta_C02166">
              <bqbiol:is>
                <rdf:Bag>
                  <rdf:li rdf:resource="urn:miriam:obo.chebi:CHEBI%3A16978"/>
                </rdf:Bag>
              </bqbiol:is>
              <bqbiol:isDescribedBy>
                <rdf:Bag>
                  <rdf:li rdf:resource="urn:miriam:pubmed:9847135"/>
                </rdf:Bag>
              </bqbiol:isDescribedBy>
            </rdf:Description>
          </rdf:RDF>
        </annotation>
      </species>
      <species metaid="meta_C00045" id="C00045" name="alpha-amino acid" compartment="c" sboTerm="SBO:0000247">
        <annotation>
          <rdf:RDF xmlns:rdf="http://www.w3.org/1999/02/22-rdf-syntax-ns#" xmlns:dc="http://purl.org/dc/elements/1.1/" xmlns:dcterms="http://purl.org/dc/terms/" xmlns:vCard="http://www.w3.org/2001/vcard-rdf/3.0#" xmlns:bqbiol="http://biomodels.net/biology-qualifiers/" xmlns:bqmodel="http://biomodels.net/model-qualifiers/">
            <rdf:Description rdf:about="#meta_C00045">
              <bqbiol:is>
                <rdf:Bag>
                  <rdf:li rdf:resource="urn:miriam:obo.chebi:CHEBI%3A33704"/>
                </rdf:Bag>
              </bqbiol:is>
              <bqbiol:isDescribedBy>
                <rdf:Bag>
                  <rdf:li rdf:resource="urn:miriam:pubmed:9847135"/>
                </rdf:Bag>
              </bqbiol:isDescribedBy>
            </rdf:Description>
          </rdf:RDF>
        </annotation>
      </species>
      <species metaid="meta_C05951" id="C05951" name="Leukotriene D4" compartment="c" sboTerm="SBO:0000247">
        <annotation>
          <rdf:RDF xmlns:rdf="http://www.w3.org/1999/02/22-rdf-syntax-ns#" xmlns:dc="http://purl.org/dc/elements/1.1/" xmlns:dcterms="http://purl.org/dc/terms/" xmlns:vCard="http://www.w3.org/2001/vcard-rdf/3.0#" xmlns:bqbiol="http://biomodels.net/biology-qualifiers/" xmlns:bqmodel="http://biomodels.net/model-qualifiers/">
            <rdf:Description rdf:about="#meta_C05951">
              <bqbiol:is>
                <rdf:Bag>
                  <rdf:li rdf:resource="urn:miriam:kegg.compound:C05951"/>
                </rdf:Bag>
              </bqbiol:is>
              <bqbiol:isDescribedBy>
                <rdf:Bag>
                  <rdf:li rdf:resource="urn:miriam:pubmed:9847135"/>
                </rdf:Bag>
              </bqbiol:isDescribedBy>
            </rdf:Description>
          </rdf:RDF>
        </annotation>
      </species>
      <species metaid="meta_C03363" id="C03363" name="5-L-Glutamyl amino acid" compartment="c" sboTerm="SBO:0000247">
        <annotation>
          <rdf:RDF xmlns:rdf="http://www.w3.org/1999/02/22-rdf-syntax-ns#" xmlns:dc="http://purl.org/dc/elements/1.1/" xmlns:dcterms="http://purl.org/dc/terms/" xmlns:vCard="http://www.w3.org/2001/vcard-rdf/3.0#" xmlns:bqbiol="http://biomodels.net/biology-qualifiers/" xmlns:bqmodel="http://biomodels.net/model-qualifiers/">
            <rdf:Description rdf:about="#meta_C03363">
              <bqbiol:is>
                <rdf:Bag>
                  <rdf:li rdf:resource="urn:miriam:kegg.compound:C03363"/>
                </rdf:Bag>
              </bqbiol:is>
              <bqbiol:isDescribedBy>
                <rdf:Bag>
                  <rdf:li rdf:resource="urn:miriam:pubmed:9847135"/>
                </rdf:Bag>
              </bqbiol:isDescribedBy>
            </rdf:Description>
          </rdf:RDF>
        </annotation>
      </species>
    </listOfSpecies>
    <listOfReactions>
      <reaction metaid="meta_R07035" id="R07035" name="Glutathione: 15-HPETE oxidoreductase" reversible="false" sboTerm="SBO:0000176">
        <annotation>
          <rdf:RDF xmlns:rdf="http://www.w3.org/1999/02/22-rdf-syntax-ns#" xmlns:dc="http://purl.org/dc/elements/1.1/" xmlns:dcterms="http://purl.org/dc/terms/" xmlns:vCard="http://www.w3.org/2001/vcard-rdf/3.0#" xmlns:bqbiol="http://biomodels.net/biology-qualifiers/" xmlns:bqmodel="http://biomodels.net/model-qualifiers/">
            <rdf:Description rdf:about="#meta_R07035">
              <bqbiol:isVersionOf>
                <rdf:Bag>
                  <rdf:li rdf:resource="urn:miriam:ec-code:1.11.1.9"/>
                </rdf:Bag>
              </bqbiol:isVersionOf>
              <bqbiol:isPartOf>
                <rdf:Bag>
                  <rdf:li rdf:resource="urn:miriam:kegg.pathway:rn00590"/>
                </rdf:Bag>
              </bqbiol:isPartOf>
              <bqbiol:is>
                <rdf:Bag>
                  <rdf:li rdf:resource="urn:miriam:kegg.reaction:R07035"/>
                </rdf:Bag>
              </bqbiol:is>
              <bqbiol:isDescribedBy>
                <rdf:Bag>
                  <rdf:li rdf:resource="urn:miriam:pubmed:9847135"/>
                </rdf:Bag>
              </bqbiol:isDescribedBy>
            </rdf:Description>
          </rdf:RDF>
        </annotation>
        <listOfReactants>
          <speciesReference species="C00051" stoichiometry="2"/>
          <speciesReference species="C05966"/>
        </listOfReactants>
        <listOfProducts>
          <speciesReference species="C00127"/>
          <speciesReference species="C04742"/>
          <speciesReference species="C00001"/>
        </listOfProducts>
        <listOfModifiers>
          <modifierSpeciesReference species="sce_YBR244W"/>
          <modifierSpeciesReference species="sce_YIR037W"/>
          <modifierSpeciesReference species="sce_YKL026C"/>
        </listOfModifiers>
      </reaction>
      <reaction metaid="meta_R07034" id="R07034" name="Glutathione: 5-HPETE oxidoreductase" reversible="false" sboTerm="SBO:0000176">
        <annotation>
          <rdf:RDF xmlns:rdf="http://www.w3.org/1999/02/22-rdf-syntax-ns#" xmlns:dc="http://purl.org/dc/elements/1.1/" xmlns:dcterms="http://purl.org/dc/terms/" xmlns:vCard="http://www.w3.org/2001/vcard-rdf/3.0#" xmlns:bqbiol="http://biomodels.net/biology-qualifiers/" xmlns:bqmodel="http://biomodels.net/model-qualifiers/">
            <rdf:Description rdf:about="#meta_R07034">
              <bqbiol:isVersionOf>
                <rdf:Bag>
                  <rdf:li rdf:resource="urn:miriam:ec-code:1.11.1.9"/>
                </rdf:Bag>
              </bqbiol:isVersionOf>
              <bqbiol:isPartOf>
                <rdf:Bag>
                  <rdf:li rdf:resource="urn:miriam:kegg.pathway:rn00590"/>
                </rdf:Bag>
              </bqbiol:isPartOf>
              <bqbiol:is>
                <rdf:Bag>
                  <rdf:li rdf:resource="urn:miriam:kegg.reaction:R07034"/>
                </rdf:Bag>
              </bqbiol:is>
              <bqbiol:isDescribedBy>
                <rdf:Bag>
                  <rdf:li rdf:resource="urn:miriam:pubmed:9847135"/>
                </rdf:Bag>
              </bqbiol:isDescribedBy>
            </rdf:Description>
          </rdf:RDF>
        </annotation>
        <listOfReactants>
          <speciesReference species="C00051" stoichiometry="2"/>
          <speciesReference species="C05356"/>
        </listOfReactants>
        <listOfProducts>
          <speciesReference species="C00127"/>
          <speciesReference species="C04805"/>
          <speciesReference species="C00001"/>
        </listOfProducts>
        <listOfModifiers>
          <modifierSpeciesReference species="sce_YBR244W"/>
          <modifierSpeciesReference species="sce_YIR037W"/>
          <modifierSpeciesReference species="sce_YKL026C"/>
        </listOfModifiers>
      </reaction>
      <reaction metaid="meta_R01317" id="R01317" name="Phosphatidylcholine 2-acylhydrolase" sboTerm="SBO:0000176">
        <annotation>
          <rdf:RDF xmlns:rdf="http://www.w3.org/1999/02/22-rdf-syntax-ns#" xmlns:dc="http://purl.org/dc/elements/1.1/" xmlns:dcterms="http://purl.org/dc/terms/" xmlns:vCard="http://www.w3.org/2001/vcard-rdf/3.0#" xmlns:bqbiol="http://biomodels.net/biology-qualifiers/" xmlns:bqmodel="http://biomodels.net/model-qualifiers/">
            <rdf:Description rdf:about="#meta_R01317">
              <bqbiol:isVersionOf>
                <rdf:Bag>
                  <rdf:li rdf:resource="urn:miriam:ec-code:3.1.1.4"/>
                </rdf:Bag>
              </bqbiol:isVersionOf>
              <bqbiol:isPartOf>
                <rdf:Bag>
                  <rdf:li rdf:resource="urn:miriam:kegg.pathway:rn00590"/>
                  <rdf:li rdf:resource="urn:miriam:kegg.pathway:rn01100"/>
                </rdf:Bag>
              </bqbiol:isPartOf>
              <bqbiol:is>
                <rdf:Bag>
                  <rdf:li rdf:resource="urn:miriam:kegg.reaction:R01317"/>
                </rdf:Bag>
              </bqbiol:is>
              <bqbiol:isDescribedBy>
                <rdf:Bag>
                  <rdf:li rdf:resource="urn:miriam:pubmed:9847135"/>
                </rdf:Bag>
              </bqbiol:isDescribedBy>
            </rdf:Description>
          </rdf:RDF>
        </annotation>
        <listOfReactants>
          <speciesReference species="C00157"/>
          <speciesReference species="C00001"/>
        </listOfReactants>
        <listOfProducts>
          <speciesReference species="C04230"/>
          <speciesReference species="C00219"/>
        </listOfProducts>
        <listOfModifiers>
          <modifierSpeciesReference species="sce_YKR089C"/>
        </listOfModifiers>
      </reaction>
      <reaction metaid="meta_R03057" id="R03057" name="(7E,9E,11Z,14Z)-(5S,6S)-5,6-Epoxyicosa-7,9,11,14-tetraenoate hydrolase" reversible="false" sboTerm="SBO:0000176">
        <annotation>
          <rdf:RDF xmlns:rdf="http://www.w3.org/1999/02/22-rdf-syntax-ns#" xmlns:dc="http://purl.org/dc/elements/1.1/" xmlns:dcterms="http://purl.org/dc/terms/" xmlns:vCard="http://www.w3.org/2001/vcard-rdf/3.0#" xmlns:bqbiol="http://biomodels.net/biology-qualifiers/" xmlns:bqmodel="http://biomodels.net/model-qualifiers/">
            <rdf:Description rdf:about="#meta_R03057">
              <bqbiol:isVersionOf>
                <rdf:Bag>
                  <rdf:li rdf:resource="urn:miriam:ec-code:3.3.2.6"/>
                </rdf:Bag>
              </bqbiol:isVersionOf>
              <bqbiol:isPartOf>
                <rdf:Bag>
                  <rdf:li rdf:resource="urn:miriam:kegg.pathway:rn00590"/>
                  <rdf:li rdf:resource="urn:miriam:kegg.pathway:rn01100"/>
                </rdf:Bag>
              </bqbiol:isPartOf>
              <bqbiol:is>
                <rdf:Bag>
                  <rdf:li rdf:resource="urn:miriam:kegg.reaction:R03057"/>
                </rdf:Bag>
              </bqbiol:is>
              <bqbiol:isDescribedBy>
                <rdf:Bag>
                  <rdf:li rdf:resource="urn:miriam:pubmed:9847135"/>
                </rdf:Bag>
              </bqbiol:isDescribedBy>
            </rdf:Description>
          </rdf:RDF>
        </annotation>
        <listOfReactants>
          <speciesReference species="C00909"/>
          <speciesReference species="C00001"/>
        </listOfReactants>
        <listOfProducts>
          <speciesReference species="C02165"/>
        </listOfProducts>
        <listOfModifiers>
          <modifierSpeciesReference species="sce_YNL045W"/>
        </listOfModifiers>
      </reaction>
      <reaction metaid="meta_R03867" id="R03867" name="(5-Glutamyl)-peptide:amino-acid 5-glutamyltransferase" reversible="false" sboTerm="SBO:0000176">
        <annotation>
          <rdf:RDF xmlns:rdf="http://www.w3.org/1999/02/22-rdf-syntax-ns#" xmlns:dc="http://purl.org/dc/elements/1.1/" xmlns:dcterms="http://purl.org/dc/terms/" xmlns:vCard="http://www.w3.org/2001/vcard-rdf/3.0#" xmlns:bqbiol="http://biomodels.net/biology-qualifiers/" xmlns:bqmodel="http://biomodels.net/model-qualifiers/">
            <rdf:Description rdf:about="#meta_R03867">
              <bqbiol:isVersionOf>
                <rdf:Bag>
                  <rdf:li rdf:resource="urn:miriam:ec-code:2.3.2.2"/>
                </rdf:Bag>
              </bqbiol:isVersionOf>
              <bqbiol:isPartOf>
                <rdf:Bag>
                  <rdf:li rdf:resource="urn:miriam:kegg.pathway:rn00590"/>
                  <rdf:li rdf:resource="urn:miriam:kegg.pathway:rn01100"/>
                </rdf:Bag>
              </bqbiol:isPartOf>
              <bqbiol:is>
                <rdf:Bag>
                  <rdf:li rdf:resource="urn:miriam:kegg.reaction:R03867"/>
                </rdf:Bag>
              </bqbiol:is>
              <bqbiol:isDescribedBy>
                <rdf:Bag>
                  <rdf:li rdf:resource="urn:miriam:pubmed:9847135"/>
                </rdf:Bag>
              </bqbiol:isDescribedBy>
            </rdf:Description>
          </rdf:RDF>
        </annotation>
        <listOfReactants>
          <speciesReference species="C02166"/>
          <speciesReference species="C00045"/>
        </listOfReactants>
        <listOfProducts>
          <speciesReference species="C05951"/>
          <speciesReference species="C03363"/>
        </listOfProducts>
        <listOfModifiers>
          <modifierSpeciesReference species="sce_YLR299W"/>
        </listOfModifiers>
      </reaction>
    </listOfReactions>
  </model>
</sbml>
