<?xml version="1.0" encoding="UTF-8"?>
<sbml xmlns="http://www.sbml.org/sbml/level2/version4" level="2" version="4">
  <model metaid="_5a8479f8_f0bc_41fb_97b9_1d1cbf9fe715">
    <annotation>
      <rdf:RDF xmlns:rdf="http://www.w3.org/1999/02/22-rdf-syntax-ns#" xmlns:dc="http://purl.org/dc/elements/1.1/" xmlns:dcterms="http://purl.org/dc/terms/" xmlns:vCard="http://www.w3.org/2001/vcard-rdf/3.0#" xmlns:bqbiol="http://biomodels.net/biology-qualifiers/" xmlns:bqmodel="http://biomodels.net/model-qualifiers/">
        <rdf:Description rdf:about="#_5a8479f8_f0bc_41fb_97b9_1d1cbf9fe715">
          <bqbiol:is>
            <rdf:Bag>
              <rdf:li rdf:resource="urn:miriam:taxonomy:559292"/>
            </rdf:Bag>
          </bqbiol:is>
          <bqbiol:isDescribedBy>
            <rdf:Bag>
              <rdf:li rdf:resource="urn:miriam:pubmed:9847135"/>
            </rdf:Bag>
          </bqbiol:isDescribedBy>
        </rdf:Description>
      </rdf:RDF>
    </annotation>
    <listOfCompartments>
      <compartment metaid="meta_c" id="c" name="cytosol" size="1" sboTerm="SBO:0000290">
        <annotation>
          <rdf:RDF xmlns:rdf="http://www.w3.org/1999/02/22-rdf-syntax-ns#" xmlns:dc="http://purl.org/dc/elements/1.1/" xmlns:dcterms="http://purl.org/dc/terms/" xmlns:vCard="http://www.w3.org/2001/vcard-rdf/3.0#" xmlns:bqbiol="http://biomodels.net/biology-qualifiers/" xmlns:bqmodel="http://biomodels.net/model-qualifiers/">
            <rdf:Description rdf:about="#meta_c">
              <bqbiol:is>
                <rdf:Bag>
                  <rdf:li rdf:resource="urn:miriam:obo.go:GO%3A0005829"/>
                </rdf:Bag>
              </bqbiol:is>
            </rdf:Description>
          </rdf:RDF>
        </annotation>
      </compartment>
    </listOfCompartments>
    <listOfSpecies>
      <species metaid="meta_sce_YER073W" id="sce_YER073W" name="sce:YER073W" compartment="c" boundaryCondition="true" sboTerm="SBO:0000252">
        <annotation>
          <rdf:RDF xmlns:rdf="http://www.w3.org/1999/02/22-rdf-syntax-ns#" xmlns:dc="http://purl.org/dc/elements/1.1/" xmlns:dcterms="http://purl.org/dc/terms/" xmlns:vCard="http://www.w3.org/2001/vcard-rdf/3.0#" xmlns:bqbiol="http://biomodels.net/biology-qualifiers/" xmlns:bqmodel="http://biomodels.net/model-qualifiers/">
            <rdf:Description rdf:about="#meta_sce_YER073W">
              <bqbiol:isEncodedBy>
                <rdf:Bag>
                  <rdf:li rdf:resource="urn:miriam:kegg.genes:sce%3AYER073W"/>
                </rdf:Bag>
              </bqbiol:isEncodedBy>
              <bqbiol:isDescribedBy>
                <rdf:Bag>
                  <rdf:li rdf:resource="urn:miriam:pubmed:9847135"/>
                </rdf:Bag>
              </bqbiol:isDescribedBy>
              <bqbiol:is>
                <rdf:Bag>
                  <rdf:li rdf:resource="urn:miriam:uniprot:P40047"/>
                </rdf:Bag>
              </bqbiol:is>
            </rdf:Description>
          </rdf:RDF>
        </annotation>
      </species>
      <species metaid="meta_sce_YOR374W" id="sce_YOR374W" name="sce:YOR374W" compartment="c" boundaryCondition="true" sboTerm="SBO:0000252">
        <annotation>
          <rdf:RDF xmlns:rdf="http://www.w3.org/1999/02/22-rdf-syntax-ns#" xmlns:dc="http://purl.org/dc/elements/1.1/" xmlns:dcterms="http://purl.org/dc/terms/" xmlns:vCard="http://www.w3.org/2001/vcard-rdf/3.0#" xmlns:bqbiol="http://biomodels.net/biology-qualifiers/" xmlns:bqmodel="http://biomodels.net/model-qualifiers/">
            <rdf:Description rdf:about="#meta_sce_YOR374W">
              <bqbiol:isEncodedBy>
                <rdf:Bag>
                  <rdf:li rdf:resource="urn:miriam:kegg.genes:sce%3AYOR374W"/>
                </rdf:Bag>
              </bqbiol:isEncodedBy>
              <bqbiol:isDescribedBy>
                <rdf:Bag>
                  <rdf:li rdf:resource="urn:miriam:pubmed:9847135"/>
                </rdf:Bag>
              </bqbiol:isDescribedBy>
              <bqbiol:is>
                <rdf:Bag>
                  <rdf:li rdf:resource="urn:miriam:uniprot:P46367"/>
                </rdf:Bag>
              </bqbiol:is>
            </rdf:Description>
          </rdf:RDF>
        </annotation>
      </species>
      <species metaid="meta_sce_YPL061W" id="sce_YPL061W" name="sce:YPL061W" compartment="c" boundaryCondition="true" sboTerm="SBO:0000252">
        <annotation>
          <rdf:RDF xmlns:rdf="http://www.w3.org/1999/02/22-rdf-syntax-ns#" xmlns:dc="http://purl.org/dc/elements/1.1/" xmlns:dcterms="http://purl.org/dc/terms/" xmlns:vCard="http://www.w3.org/2001/vcard-rdf/3.0#" xmlns:bqbiol="http://biomodels.net/biology-qualifiers/" xmlns:bqmodel="http://biomodels.net/model-qualifiers/">
            <rdf:Description rdf:about="#meta_sce_YPL061W">
              <bqbiol:isEncodedBy>
                <rdf:Bag>
                  <rdf:li rdf:resource="urn:miriam:kegg.genes:sce%3AYPL061W"/>
                </rdf:Bag>
              </bqbiol:isEncodedBy>
              <bqbiol:isDescribedBy>
                <rdf:Bag>
                  <rdf:li rdf:resource="urn:miriam:pubmed:9847135"/>
                </rdf:Bag>
              </bqbiol:isDescribedBy>
              <bqbiol:is>
                <rdf:Bag>
                  <rdf:li rdf:resource="urn:miriam:uniprot:P54115"/>
                </rdf:Bag>
              </bqbiol:is>
            </rdf:Description>
          </rdf:RDF>
        </annotation>
      </species>
      <species metaid="meta_C05130" id="C05130" name="imidazole-4-acetaldehyde" compartment="c" sboTerm="SBO:0000247">
        <annotation>
          <rdf:RDF xmlns:rdf="http://www.w3.org/1999/02/22-rdf-syntax-ns#" xmlns:dc="http://purl.org/dc/elements/1.1/" xmlns:dcterms="http://purl.org/dc/terms/" xmlns:vCard="http://www.w3.org/2001/vcard-rdf/3.0#" xmlns:bqbiol="http://biomodels.net/biology-qualifiers/" xmlns:bqmodel="http://biomodels.net/model-qualifiers/">
            <rdf:Description rdf:about="#meta_C05130">
              <bqbiol:is>
                <rdf:Bag>
                  <rdf:li rdf:resource="urn:miriam:obo.chebi:CHEBI%3A27398"/>
                </rdf:Bag>
              </bqbiol:is>
              <bqbiol:isDescribedBy>
                <rdf:Bag>
                  <rdf:li rdf:resource="urn:miriam:pubmed:9847135"/>
                </rdf:Bag>
              </bqbiol:isDescribedBy>
            </rdf:Description>
          </rdf:RDF>
        </annotation>
      </species>
      <species metaid="meta_C00003" id="C00003" name="NAD(+)" compartment="c" sboTerm="SBO:0000247">
        <annotation>
          <rdf:RDF xmlns:rdf="http://www.w3.org/1999/02/22-rdf-syntax-ns#" xmlns:dc="http://purl.org/dc/elements/1.1/" xmlns:dcterms="http://purl.org/dc/terms/" xmlns:vCard="http://www.w3.org/2001/vcard-rdf/3.0#" xmlns:bqbiol="http://biomodels.net/biology-qualifiers/" xmlns:bqmodel="http://biomodels.net/model-qualifiers/">
            <rdf:Description rdf:about="#meta_C00003">
              <bqbiol:is>
                <rdf:Bag>
                  <rdf:li rdf:resource="urn:miriam:obo.chebi:CHEBI%3A15846"/>
                </rdf:Bag>
              </bqbiol:is>
              <bqbiol:isDescribedBy>
                <rdf:Bag>
                  <rdf:li rdf:resource="urn:miriam:pubmed:9847135"/>
                </rdf:Bag>
              </bqbiol:isDescribedBy>
            </rdf:Description>
          </rdf:RDF>
        </annotation>
      </species>
      <species metaid="meta_C00001" id="C00001" name="water" compartment="c" sboTerm="SBO:0000247">
        <annotation>
          <rdf:RDF xmlns:rdf="http://www.w3.org/1999/02/22-rdf-syntax-ns#" xmlns:dc="http://purl.org/dc/elements/1.1/" xmlns:dcterms="http://purl.org/dc/terms/" xmlns:vCard="http://www.w3.org/2001/vcard-rdf/3.0#" xmlns:bqbiol="http://biomodels.net/biology-qualifiers/" xmlns:bqmodel="http://biomodels.net/model-qualifiers/">
            <rdf:Description rdf:about="#meta_C00001">
              <bqbiol:is>
                <rdf:Bag>
                  <rdf:li rdf:resource="urn:miriam:obo.chebi:CHEBI%3A15377"/>
                </rdf:Bag>
              </bqbiol:is>
              <bqbiol:isDescribedBy>
                <rdf:Bag>
                  <rdf:li rdf:resource="urn:miriam:pubmed:9847135"/>
                </rdf:Bag>
              </bqbiol:isDescribedBy>
            </rdf:Description>
          </rdf:RDF>
        </annotation>
      </species>
      <species metaid="meta_C02835" id="C02835" name="imidazol-4-ylacetic acid" compartment="c" sboTerm="SBO:0000247">
        <annotation>
          <rdf:RDF xmlns:rdf="http://www.w3.org/1999/02/22-rdf-syntax-ns#" xmlns:dc="http://purl.org/dc/elements/1.1/" xmlns:dcterms="http://purl.org/dc/terms/" xmlns:vCard="http://www.w3.org/2001/vcard-rdf/3.0#" xmlns:bqbiol="http://biomodels.net/biology-qualifiers/" xmlns:bqmodel="http://biomodels.net/model-qualifiers/">
            <rdf:Description rdf:about="#meta_C02835">
              <bqbiol:is>
                <rdf:Bag>
                  <rdf:li rdf:resource="urn:miriam:obo.chebi:CHEBI%3A16974"/>
                </rdf:Bag>
              </bqbiol:is>
              <bqbiol:isDescribedBy>
                <rdf:Bag>
                  <rdf:li rdf:resource="urn:miriam:pubmed:9847135"/>
                </rdf:Bag>
              </bqbiol:isDescribedBy>
            </rdf:Description>
          </rdf:RDF>
        </annotation>
      </species>
      <species metaid="meta_C00004" id="C00004" name="NADH" compartment="c" sboTerm="SBO:0000247">
        <annotation>
          <rdf:RDF xmlns:rdf="http://www.w3.org/1999/02/22-rdf-syntax-ns#" xmlns:dc="http://purl.org/dc/elements/1.1/" xmlns:dcterms="http://purl.org/dc/terms/" xmlns:vCard="http://www.w3.org/2001/vcard-rdf/3.0#" xmlns:bqbiol="http://biomodels.net/biology-qualifiers/" xmlns:bqmodel="http://biomodels.net/model-qualifiers/">
            <rdf:Description rdf:about="#meta_C00004">
              <bqbiol:is>
                <rdf:Bag>
                  <rdf:li rdf:resource="urn:miriam:obo.chebi:CHEBI%3A16908"/>
                </rdf:Bag>
              </bqbiol:is>
              <bqbiol:isDescribedBy>
                <rdf:Bag>
                  <rdf:li rdf:resource="urn:miriam:pubmed:9847135"/>
                </rdf:Bag>
              </bqbiol:isDescribedBy>
            </rdf:Description>
          </rdf:RDF>
        </annotation>
      </species>
      <species metaid="meta_C00080" id="C00080" name="hydron" compartment="c" sboTerm="SBO:0000247">
        <annotation>
          <rdf:RDF xmlns:rdf="http://www.w3.org/1999/02/22-rdf-syntax-ns#" xmlns:dc="http://purl.org/dc/elements/1.1/" xmlns:dcterms="http://purl.org/dc/terms/" xmlns:vCard="http://www.w3.org/2001/vcard-rdf/3.0#" xmlns:bqbiol="http://biomodels.net/biology-qualifiers/" xmlns:bqmodel="http://biomodels.net/model-qualifiers/">
            <rdf:Description rdf:about="#meta_C00080">
              <bqbiol:is>
                <rdf:Bag>
                  <rdf:li rdf:resource="urn:miriam:obo.chebi:CHEBI%3A15378"/>
                </rdf:Bag>
              </bqbiol:is>
              <bqbiol:isDescribedBy>
                <rdf:Bag>
                  <rdf:li rdf:resource="urn:miriam:pubmed:9847135"/>
                </rdf:Bag>
              </bqbiol:isDescribedBy>
            </rdf:Description>
          </rdf:RDF>
        </annotation>
      </species>
      <species metaid="meta_sce_YMR169C" id="sce_YMR169C" name="sce:YMR169C" compartment="c" boundaryCondition="true" sboTerm="SBO:0000252">
        <annotation>
          <rdf:RDF xmlns:rdf="http://www.w3.org/1999/02/22-rdf-syntax-ns#" xmlns:dc="http://purl.org/dc/elements/1.1/" xmlns:dcterms="http://purl.org/dc/terms/" xmlns:vCard="http://www.w3.org/2001/vcard-rdf/3.0#" xmlns:bqbiol="http://biomodels.net/biology-qualifiers/" xmlns:bqmodel="http://biomodels.net/model-qualifiers/">
            <rdf:Description rdf:about="#meta_sce_YMR169C">
              <bqbiol:isEncodedBy>
                <rdf:Bag>
                  <rdf:li rdf:resource="urn:miriam:kegg.genes:sce%3AYMR169C"/>
                </rdf:Bag>
              </bqbiol:isEncodedBy>
              <bqbiol:isDescribedBy>
                <rdf:Bag>
                  <rdf:li rdf:resource="urn:miriam:pubmed:9847135"/>
                </rdf:Bag>
              </bqbiol:isDescribedBy>
              <bqbiol:is>
                <rdf:Bag>
                  <rdf:li rdf:resource="urn:miriam:uniprot:P54114"/>
                </rdf:Bag>
              </bqbiol:is>
            </rdf:Description>
          </rdf:RDF>
        </annotation>
      </species>
      <species metaid="meta_sce_YMR170C" id="sce_YMR170C" name="sce:YMR170C" compartment="c" boundaryCondition="true" sboTerm="SBO:0000252">
        <annotation>
          <rdf:RDF xmlns:rdf="http://www.w3.org/1999/02/22-rdf-syntax-ns#" xmlns:dc="http://purl.org/dc/elements/1.1/" xmlns:dcterms="http://purl.org/dc/terms/" xmlns:vCard="http://www.w3.org/2001/vcard-rdf/3.0#" xmlns:bqbiol="http://biomodels.net/biology-qualifiers/" xmlns:bqmodel="http://biomodels.net/model-qualifiers/">
            <rdf:Description rdf:about="#meta_sce_YMR170C">
              <bqbiol:isEncodedBy>
                <rdf:Bag>
                  <rdf:li rdf:resource="urn:miriam:kegg.genes:sce%3AYMR170C"/>
                </rdf:Bag>
              </bqbiol:isEncodedBy>
              <bqbiol:isDescribedBy>
                <rdf:Bag>
                  <rdf:li rdf:resource="urn:miriam:pubmed:9847135"/>
                </rdf:Bag>
              </bqbiol:isDescribedBy>
              <bqbiol:is>
                <rdf:Bag>
                  <rdf:li rdf:resource="urn:miriam:uniprot:P47771"/>
                </rdf:Bag>
              </bqbiol:is>
            </rdf:Description>
          </rdf:RDF>
        </annotation>
      </species>
      <species metaid="meta_C05827" id="C05827" name="1-methylimidazole-4-acetaldehyde" compartment="c" sboTerm="SBO:0000247">
        <annotation>
          <rdf:RDF xmlns:rdf="http://www.w3.org/1999/02/22-rdf-syntax-ns#" xmlns:dc="http://purl.org/dc/elements/1.1/" xmlns:dcterms="http://purl.org/dc/terms/" xmlns:vCard="http://www.w3.org/2001/vcard-rdf/3.0#" xmlns:bqbiol="http://biomodels.net/biology-qualifiers/" xmlns:bqmodel="http://biomodels.net/model-qualifiers/">
            <rdf:Description rdf:about="#meta_C05827">
              <bqbiol:is>
                <rdf:Bag>
                  <rdf:li rdf:resource="urn:miriam:obo.chebi:CHEBI%3A28104"/>
                </rdf:Bag>
              </bqbiol:is>
              <bqbiol:isDescribedBy>
                <rdf:Bag>
                  <rdf:li rdf:resource="urn:miriam:pubmed:9847135"/>
                </rdf:Bag>
              </bqbiol:isDescribedBy>
            </rdf:Description>
          </rdf:RDF>
        </annotation>
      </species>
      <species metaid="meta_C05828" id="C05828" name="Methylimidazoleacetic acid" compartment="c" sboTerm="SBO:0000247">
        <annotation>
          <rdf:RDF xmlns:rdf="http://www.w3.org/1999/02/22-rdf-syntax-ns#" xmlns:dc="http://purl.org/dc/elements/1.1/" xmlns:dcterms="http://purl.org/dc/terms/" xmlns:vCard="http://www.w3.org/2001/vcard-rdf/3.0#" xmlns:bqbiol="http://biomodels.net/biology-qualifiers/" xmlns:bqmodel="http://biomodels.net/model-qualifiers/">
            <rdf:Description rdf:about="#meta_C05828">
              <bqbiol:is>
                <rdf:Bag>
                  <rdf:li rdf:resource="urn:miriam:kegg.compound:C05828"/>
                </rdf:Bag>
              </bqbiol:is>
              <bqbiol:isDescribedBy>
                <rdf:Bag>
                  <rdf:li rdf:resource="urn:miriam:pubmed:9847135"/>
                </rdf:Bag>
              </bqbiol:isDescribedBy>
            </rdf:Description>
          </rdf:RDF>
        </annotation>
      </species>
      <species metaid="meta_sce_YER055C" id="sce_YER055C" name="sce:YER055C" compartment="c" boundaryCondition="true" sboTerm="SBO:0000252">
        <annotation>
          <rdf:RDF xmlns:rdf="http://www.w3.org/1999/02/22-rdf-syntax-ns#" xmlns:dc="http://purl.org/dc/elements/1.1/" xmlns:dcterms="http://purl.org/dc/terms/" xmlns:vCard="http://www.w3.org/2001/vcard-rdf/3.0#" xmlns:bqbiol="http://biomodels.net/biology-qualifiers/" xmlns:bqmodel="http://biomodels.net/model-qualifiers/">
            <rdf:Description rdf:about="#meta_sce_YER055C">
              <bqbiol:isEncodedBy>
                <rdf:Bag>
                  <rdf:li rdf:resource="urn:miriam:kegg.genes:sce%3AYER055C"/>
                </rdf:Bag>
              </bqbiol:isEncodedBy>
              <bqbiol:isDescribedBy>
                <rdf:Bag>
                  <rdf:li rdf:resource="urn:miriam:pubmed:9847135"/>
                </rdf:Bag>
              </bqbiol:isDescribedBy>
              <bqbiol:is>
                <rdf:Bag>
                  <rdf:li rdf:resource="urn:miriam:uniprot:P00498"/>
                </rdf:Bag>
              </bqbiol:is>
            </rdf:Description>
          </rdf:RDF>
        </annotation>
      </species>
      <species metaid="meta_C02739" id="C02739" name="1-(5-phospho-D-ribosyl)-ATP" compartment="c" sboTerm="SBO:0000247">
        <annotation>
          <rdf:RDF xmlns:rdf="http://www.w3.org/1999/02/22-rdf-syntax-ns#" xmlns:dc="http://purl.org/dc/elements/1.1/" xmlns:dcterms="http://purl.org/dc/terms/" xmlns:vCard="http://www.w3.org/2001/vcard-rdf/3.0#" xmlns:bqbiol="http://biomodels.net/biology-qualifiers/" xmlns:bqmodel="http://biomodels.net/model-qualifiers/">
            <rdf:Description rdf:about="#meta_C02739">
              <bqbiol:is>
                <rdf:Bag>
                  <rdf:li rdf:resource="urn:miriam:obo.chebi:CHEBI%3A18263"/>
                </rdf:Bag>
              </bqbiol:is>
              <bqbiol:isDescribedBy>
                <rdf:Bag>
                  <rdf:li rdf:resource="urn:miriam:pubmed:9847135"/>
                </rdf:Bag>
              </bqbiol:isDescribedBy>
            </rdf:Description>
          </rdf:RDF>
        </annotation>
      </species>
      <species metaid="meta_C00013" id="C00013" name="diphosphate(4-)" compartment="c" sboTerm="SBO:0000247">
        <annotation>
          <rdf:RDF xmlns:rdf="http://www.w3.org/1999/02/22-rdf-syntax-ns#" xmlns:dc="http://purl.org/dc/elements/1.1/" xmlns:dcterms="http://purl.org/dc/terms/" xmlns:vCard="http://www.w3.org/2001/vcard-rdf/3.0#" xmlns:bqbiol="http://biomodels.net/biology-qualifiers/" xmlns:bqmodel="http://biomodels.net/model-qualifiers/">
            <rdf:Description rdf:about="#meta_C00013">
              <bqbiol:is>
                <rdf:Bag>
                  <rdf:li rdf:resource="urn:miriam:obo.chebi:CHEBI%3A18361"/>
                  <rdf:li rdf:resource="urn:miriam:obo.chebi:CHEBI%3A29888"/>
                </rdf:Bag>
              </bqbiol:is>
              <bqbiol:isDescribedBy>
                <rdf:Bag>
                  <rdf:li rdf:resource="urn:miriam:pubmed:9847135"/>
                </rdf:Bag>
              </bqbiol:isDescribedBy>
            </rdf:Description>
          </rdf:RDF>
        </annotation>
      </species>
      <species metaid="meta_C00002" id="C00002" name="ATP" compartment="c" sboTerm="SBO:0000247">
        <annotation>
          <rdf:RDF xmlns:rdf="http://www.w3.org/1999/02/22-rdf-syntax-ns#" xmlns:dc="http://purl.org/dc/elements/1.1/" xmlns:dcterms="http://purl.org/dc/terms/" xmlns:vCard="http://www.w3.org/2001/vcard-rdf/3.0#" xmlns:bqbiol="http://biomodels.net/biology-qualifiers/" xmlns:bqmodel="http://biomodels.net/model-qualifiers/">
            <rdf:Description rdf:about="#meta_C00002">
              <bqbiol:is>
                <rdf:Bag>
                  <rdf:li rdf:resource="urn:miriam:obo.chebi:CHEBI%3A15422"/>
                </rdf:Bag>
              </bqbiol:is>
              <bqbiol:isDescribedBy>
                <rdf:Bag>
                  <rdf:li rdf:resource="urn:miriam:pubmed:9847135"/>
                </rdf:Bag>
              </bqbiol:isDescribedBy>
            </rdf:Description>
          </rdf:RDF>
        </annotation>
      </species>
      <species metaid="meta_C00119" id="C00119" name="5-O-phosphono-alpha-D-ribofuranosyl diphosphate" compartment="c" sboTerm="SBO:0000247">
        <annotation>
          <rdf:RDF xmlns:rdf="http://www.w3.org/1999/02/22-rdf-syntax-ns#" xmlns:dc="http://purl.org/dc/elements/1.1/" xmlns:dcterms="http://purl.org/dc/terms/" xmlns:vCard="http://www.w3.org/2001/vcard-rdf/3.0#" xmlns:bqbiol="http://biomodels.net/biology-qualifiers/" xmlns:bqmodel="http://biomodels.net/model-qualifiers/">
            <rdf:Description rdf:about="#meta_C00119">
              <bqbiol:is>
                <rdf:Bag>
                  <rdf:li rdf:resource="urn:miriam:obo.chebi:CHEBI%3A17111"/>
                </rdf:Bag>
              </bqbiol:is>
              <bqbiol:isDescribedBy>
                <rdf:Bag>
                  <rdf:li rdf:resource="urn:miriam:pubmed:9847135"/>
                </rdf:Bag>
              </bqbiol:isDescribedBy>
            </rdf:Description>
          </rdf:RDF>
        </annotation>
      </species>
      <species metaid="meta_sce_YCL030C" id="sce_YCL030C" name="sce:YCL030C" compartment="c" boundaryCondition="true" sboTerm="SBO:0000252">
        <annotation>
          <rdf:RDF xmlns:rdf="http://www.w3.org/1999/02/22-rdf-syntax-ns#" xmlns:dc="http://purl.org/dc/elements/1.1/" xmlns:dcterms="http://purl.org/dc/terms/" xmlns:vCard="http://www.w3.org/2001/vcard-rdf/3.0#" xmlns:bqbiol="http://biomodels.net/biology-qualifiers/" xmlns:bqmodel="http://biomodels.net/model-qualifiers/">
            <rdf:Description rdf:about="#meta_sce_YCL030C">
              <bqbiol:isEncodedBy>
                <rdf:Bag>
                  <rdf:li rdf:resource="urn:miriam:kegg.genes:sce%3AYCL030C"/>
                </rdf:Bag>
              </bqbiol:isEncodedBy>
              <bqbiol:isDescribedBy>
                <rdf:Bag>
                  <rdf:li rdf:resource="urn:miriam:pubmed:9847135"/>
                </rdf:Bag>
              </bqbiol:isDescribedBy>
              <bqbiol:is>
                <rdf:Bag>
                  <rdf:li rdf:resource="urn:miriam:uniprot:P00815"/>
                </rdf:Bag>
              </bqbiol:is>
            </rdf:Description>
          </rdf:RDF>
        </annotation>
      </species>
      <species metaid="meta_C01929" id="C01929" name="L-Histidinal" compartment="c" sboTerm="SBO:0000247">
        <annotation>
          <rdf:RDF xmlns:rdf="http://www.w3.org/1999/02/22-rdf-syntax-ns#" xmlns:dc="http://purl.org/dc/elements/1.1/" xmlns:dcterms="http://purl.org/dc/terms/" xmlns:vCard="http://www.w3.org/2001/vcard-rdf/3.0#" xmlns:bqbiol="http://biomodels.net/biology-qualifiers/" xmlns:bqmodel="http://biomodels.net/model-qualifiers/">
            <rdf:Description rdf:about="#meta_C01929">
              <bqbiol:is>
                <rdf:Bag>
                  <rdf:li rdf:resource="urn:miriam:kegg.compound:C01929"/>
                </rdf:Bag>
              </bqbiol:is>
              <bqbiol:isDescribedBy>
                <rdf:Bag>
                  <rdf:li rdf:resource="urn:miriam:pubmed:9847135"/>
                </rdf:Bag>
              </bqbiol:isDescribedBy>
            </rdf:Description>
          </rdf:RDF>
        </annotation>
      </species>
      <species metaid="meta_C00135" id="C00135" name="L-histidine" compartment="c" sboTerm="SBO:0000247">
        <annotation>
          <rdf:RDF xmlns:rdf="http://www.w3.org/1999/02/22-rdf-syntax-ns#" xmlns:dc="http://purl.org/dc/elements/1.1/" xmlns:dcterms="http://purl.org/dc/terms/" xmlns:vCard="http://www.w3.org/2001/vcard-rdf/3.0#" xmlns:bqbiol="http://biomodels.net/biology-qualifiers/" xmlns:bqmodel="http://biomodels.net/model-qualifiers/">
            <rdf:Description rdf:about="#meta_C00135">
              <bqbiol:is>
                <rdf:Bag>
                  <rdf:li rdf:resource="urn:miriam:obo.chebi:CHEBI%3A15971"/>
                </rdf:Bag>
              </bqbiol:is>
              <bqbiol:isDescribedBy>
                <rdf:Bag>
                  <rdf:li rdf:resource="urn:miriam:pubmed:9847135"/>
                </rdf:Bag>
              </bqbiol:isDescribedBy>
            </rdf:Description>
          </rdf:RDF>
        </annotation>
      </species>
      <species metaid="meta_C00860" id="C00860" name="L-histidinol" compartment="c" sboTerm="SBO:0000247">
        <annotation>
          <rdf:RDF xmlns:rdf="http://www.w3.org/1999/02/22-rdf-syntax-ns#" xmlns:dc="http://purl.org/dc/elements/1.1/" xmlns:dcterms="http://purl.org/dc/terms/" xmlns:vCard="http://www.w3.org/2001/vcard-rdf/3.0#" xmlns:bqbiol="http://biomodels.net/biology-qualifiers/" xmlns:bqmodel="http://biomodels.net/model-qualifiers/">
            <rdf:Description rdf:about="#meta_C00860">
              <bqbiol:is>
                <rdf:Bag>
                  <rdf:li rdf:resource="urn:miriam:obo.chebi:CHEBI%3A16255"/>
                </rdf:Bag>
              </bqbiol:is>
              <bqbiol:isDescribedBy>
                <rdf:Bag>
                  <rdf:li rdf:resource="urn:miriam:pubmed:9847135"/>
                </rdf:Bag>
              </bqbiol:isDescribedBy>
            </rdf:Description>
          </rdf:RDF>
        </annotation>
      </species>
      <species metaid="meta_sce_YFR025C" id="sce_YFR025C" name="sce:YFR025C" compartment="c" boundaryCondition="true" sboTerm="SBO:0000252">
        <annotation>
          <rdf:RDF xmlns:rdf="http://www.w3.org/1999/02/22-rdf-syntax-ns#" xmlns:dc="http://purl.org/dc/elements/1.1/" xmlns:dcterms="http://purl.org/dc/terms/" xmlns:vCard="http://www.w3.org/2001/vcard-rdf/3.0#" xmlns:bqbiol="http://biomodels.net/biology-qualifiers/" xmlns:bqmodel="http://biomodels.net/model-qualifiers/">
            <rdf:Description rdf:about="#meta_sce_YFR025C">
              <bqbiol:isEncodedBy>
                <rdf:Bag>
                  <rdf:li rdf:resource="urn:miriam:kegg.genes:sce%3AYFR025C"/>
                </rdf:Bag>
              </bqbiol:isEncodedBy>
              <bqbiol:isDescribedBy>
                <rdf:Bag>
                  <rdf:li rdf:resource="urn:miriam:pubmed:9847135"/>
                </rdf:Bag>
              </bqbiol:isDescribedBy>
              <bqbiol:is>
                <rdf:Bag>
                  <rdf:li rdf:resource="urn:miriam:uniprot:P38635"/>
                </rdf:Bag>
              </bqbiol:is>
            </rdf:Description>
          </rdf:RDF>
        </annotation>
      </species>
      <species metaid="meta_C01100" id="C01100" name="L-histidinol phosphate" compartment="c" sboTerm="SBO:0000247">
        <annotation>
          <rdf:RDF xmlns:rdf="http://www.w3.org/1999/02/22-rdf-syntax-ns#" xmlns:dc="http://purl.org/dc/elements/1.1/" xmlns:dcterms="http://purl.org/dc/terms/" xmlns:vCard="http://www.w3.org/2001/vcard-rdf/3.0#" xmlns:bqbiol="http://biomodels.net/biology-qualifiers/" xmlns:bqmodel="http://biomodels.net/model-qualifiers/">
            <rdf:Description rdf:about="#meta_C01100">
              <bqbiol:is>
                <rdf:Bag>
                  <rdf:li rdf:resource="urn:miriam:obo.chebi:CHEBI%3A16996"/>
                </rdf:Bag>
              </bqbiol:is>
              <bqbiol:isDescribedBy>
                <rdf:Bag>
                  <rdf:li rdf:resource="urn:miriam:pubmed:9847135"/>
                </rdf:Bag>
              </bqbiol:isDescribedBy>
            </rdf:Description>
          </rdf:RDF>
        </annotation>
      </species>
      <species metaid="meta_C00009" id="C00009" name="phosphate(3-)" compartment="c" sboTerm="SBO:0000247">
        <annotation>
          <rdf:RDF xmlns:rdf="http://www.w3.org/1999/02/22-rdf-syntax-ns#" xmlns:dc="http://purl.org/dc/elements/1.1/" xmlns:dcterms="http://purl.org/dc/terms/" xmlns:vCard="http://www.w3.org/2001/vcard-rdf/3.0#" xmlns:bqbiol="http://biomodels.net/biology-qualifiers/" xmlns:bqmodel="http://biomodels.net/model-qualifiers/">
            <rdf:Description rdf:about="#meta_C00009">
              <bqbiol:is>
                <rdf:Bag>
                  <rdf:li rdf:resource="urn:miriam:obo.chebi:CHEBI%3A18367"/>
                </rdf:Bag>
              </bqbiol:is>
              <bqbiol:isDescribedBy>
                <rdf:Bag>
                  <rdf:li rdf:resource="urn:miriam:pubmed:9847135"/>
                </rdf:Bag>
              </bqbiol:isDescribedBy>
            </rdf:Description>
          </rdf:RDF>
        </annotation>
      </species>
      <species metaid="meta_sce_YIL116W" id="sce_YIL116W" name="sce:YIL116W" compartment="c" boundaryCondition="true" sboTerm="SBO:0000252">
        <annotation>
          <rdf:RDF xmlns:rdf="http://www.w3.org/1999/02/22-rdf-syntax-ns#" xmlns:dc="http://purl.org/dc/elements/1.1/" xmlns:dcterms="http://purl.org/dc/terms/" xmlns:vCard="http://www.w3.org/2001/vcard-rdf/3.0#" xmlns:bqbiol="http://biomodels.net/biology-qualifiers/" xmlns:bqmodel="http://biomodels.net/model-qualifiers/">
            <rdf:Description rdf:about="#meta_sce_YIL116W">
              <bqbiol:isEncodedBy>
                <rdf:Bag>
                  <rdf:li rdf:resource="urn:miriam:kegg.genes:sce%3AYIL116W"/>
                </rdf:Bag>
              </bqbiol:isEncodedBy>
              <bqbiol:isDescribedBy>
                <rdf:Bag>
                  <rdf:li rdf:resource="urn:miriam:pubmed:9847135"/>
                </rdf:Bag>
              </bqbiol:isDescribedBy>
              <bqbiol:is>
                <rdf:Bag>
                  <rdf:li rdf:resource="urn:miriam:uniprot:P07172"/>
                </rdf:Bag>
              </bqbiol:is>
            </rdf:Description>
          </rdf:RDF>
        </annotation>
      </species>
      <species metaid="meta_C00026" id="C00026" name="2-oxoglutaric acid" compartment="c" sboTerm="SBO:0000247">
        <annotation>
          <rdf:RDF xmlns:rdf="http://www.w3.org/1999/02/22-rdf-syntax-ns#" xmlns:dc="http://purl.org/dc/elements/1.1/" xmlns:dcterms="http://purl.org/dc/terms/" xmlns:vCard="http://www.w3.org/2001/vcard-rdf/3.0#" xmlns:bqbiol="http://biomodels.net/biology-qualifiers/" xmlns:bqmodel="http://biomodels.net/model-qualifiers/">
            <rdf:Description rdf:about="#meta_C00026">
              <bqbiol:is>
                <rdf:Bag>
                  <rdf:li rdf:resource="urn:miriam:obo.chebi:CHEBI%3A30915"/>
                </rdf:Bag>
              </bqbiol:is>
              <bqbiol:isDescribedBy>
                <rdf:Bag>
                  <rdf:li rdf:resource="urn:miriam:pubmed:9847135"/>
                </rdf:Bag>
              </bqbiol:isDescribedBy>
            </rdf:Description>
          </rdf:RDF>
        </annotation>
      </species>
      <species metaid="meta_C01267" id="C01267" name="3-(imidazol-4-yl)-2-oxopropyl dihydrogen phosphate" compartment="c" sboTerm="SBO:0000247">
        <annotation>
          <rdf:RDF xmlns:rdf="http://www.w3.org/1999/02/22-rdf-syntax-ns#" xmlns:dc="http://purl.org/dc/elements/1.1/" xmlns:dcterms="http://purl.org/dc/terms/" xmlns:vCard="http://www.w3.org/2001/vcard-rdf/3.0#" xmlns:bqbiol="http://biomodels.net/biology-qualifiers/" xmlns:bqmodel="http://biomodels.net/model-qualifiers/">
            <rdf:Description rdf:about="#meta_C01267">
              <bqbiol:is>
                <rdf:Bag>
                  <rdf:li rdf:resource="urn:miriam:obo.chebi:CHEBI%3A16426"/>
                </rdf:Bag>
              </bqbiol:is>
              <bqbiol:isDescribedBy>
                <rdf:Bag>
                  <rdf:li rdf:resource="urn:miriam:pubmed:9847135"/>
                </rdf:Bag>
              </bqbiol:isDescribedBy>
            </rdf:Description>
          </rdf:RDF>
        </annotation>
      </species>
      <species metaid="meta_C00025" id="C00025" name="L-glutamic acid" compartment="c" sboTerm="SBO:0000247">
        <annotation>
          <rdf:RDF xmlns:rdf="http://www.w3.org/1999/02/22-rdf-syntax-ns#" xmlns:dc="http://purl.org/dc/elements/1.1/" xmlns:dcterms="http://purl.org/dc/terms/" xmlns:vCard="http://www.w3.org/2001/vcard-rdf/3.0#" xmlns:bqbiol="http://biomodels.net/biology-qualifiers/" xmlns:bqmodel="http://biomodels.net/model-qualifiers/">
            <rdf:Description rdf:about="#meta_C00025">
              <bqbiol:is>
                <rdf:Bag>
                  <rdf:li rdf:resource="urn:miriam:obo.chebi:CHEBI%3A16015"/>
                </rdf:Bag>
              </bqbiol:is>
              <bqbiol:isDescribedBy>
                <rdf:Bag>
                  <rdf:li rdf:resource="urn:miriam:pubmed:9847135"/>
                </rdf:Bag>
              </bqbiol:isDescribedBy>
            </rdf:Description>
          </rdf:RDF>
        </annotation>
      </species>
      <species metaid="meta_sce_YOR202W" id="sce_YOR202W" name="sce:YOR202W" compartment="c" boundaryCondition="true" sboTerm="SBO:0000252">
        <annotation>
          <rdf:RDF xmlns:rdf="http://www.w3.org/1999/02/22-rdf-syntax-ns#" xmlns:dc="http://purl.org/dc/elements/1.1/" xmlns:dcterms="http://purl.org/dc/terms/" xmlns:vCard="http://www.w3.org/2001/vcard-rdf/3.0#" xmlns:bqbiol="http://biomodels.net/biology-qualifiers/" xmlns:bqmodel="http://biomodels.net/model-qualifiers/">
            <rdf:Description rdf:about="#meta_sce_YOR202W">
              <bqbiol:isEncodedBy>
                <rdf:Bag>
                  <rdf:li rdf:resource="urn:miriam:kegg.genes:sce%3AYOR202W"/>
                </rdf:Bag>
              </bqbiol:isEncodedBy>
              <bqbiol:isDescribedBy>
                <rdf:Bag>
                  <rdf:li rdf:resource="urn:miriam:pubmed:9847135"/>
                </rdf:Bag>
              </bqbiol:isDescribedBy>
              <bqbiol:is>
                <rdf:Bag>
                  <rdf:li rdf:resource="urn:miriam:uniprot:P06633"/>
                </rdf:Bag>
              </bqbiol:is>
            </rdf:Description>
          </rdf:RDF>
        </annotation>
      </species>
      <species metaid="meta_C04666" id="C04666" name="D-erythro-1-(imidazol-4-yl)glycerol 3-phosphate" compartment="c" sboTerm="SBO:0000247">
        <annotation>
          <rdf:RDF xmlns:rdf="http://www.w3.org/1999/02/22-rdf-syntax-ns#" xmlns:dc="http://purl.org/dc/elements/1.1/" xmlns:dcterms="http://purl.org/dc/terms/" xmlns:vCard="http://www.w3.org/2001/vcard-rdf/3.0#" xmlns:bqbiol="http://biomodels.net/biology-qualifiers/" xmlns:bqmodel="http://biomodels.net/model-qualifiers/">
            <rdf:Description rdf:about="#meta_C04666">
              <bqbiol:is>
                <rdf:Bag>
                  <rdf:li rdf:resource="urn:miriam:obo.chebi:CHEBI%3A17805"/>
                </rdf:Bag>
              </bqbiol:is>
              <bqbiol:isDescribedBy>
                <rdf:Bag>
                  <rdf:li rdf:resource="urn:miriam:pubmed:9847135"/>
                </rdf:Bag>
              </bqbiol:isDescribedBy>
            </rdf:Description>
          </rdf:RDF>
        </annotation>
      </species>
      <species metaid="meta_sce_YIL020C" id="sce_YIL020C" name="sce:YIL020C" compartment="c" boundaryCondition="true" sboTerm="SBO:0000252">
        <annotation>
          <rdf:RDF xmlns:rdf="http://www.w3.org/1999/02/22-rdf-syntax-ns#" xmlns:dc="http://purl.org/dc/elements/1.1/" xmlns:dcterms="http://purl.org/dc/terms/" xmlns:vCard="http://www.w3.org/2001/vcard-rdf/3.0#" xmlns:bqbiol="http://biomodels.net/biology-qualifiers/" xmlns:bqmodel="http://biomodels.net/model-qualifiers/">
            <rdf:Description rdf:about="#meta_sce_YIL020C">
              <bqbiol:isEncodedBy>
                <rdf:Bag>
                  <rdf:li rdf:resource="urn:miriam:kegg.genes:sce%3AYIL020C"/>
                </rdf:Bag>
              </bqbiol:isEncodedBy>
              <bqbiol:isDescribedBy>
                <rdf:Bag>
                  <rdf:li rdf:resource="urn:miriam:pubmed:9847135"/>
                </rdf:Bag>
              </bqbiol:isDescribedBy>
              <bqbiol:is>
                <rdf:Bag>
                  <rdf:li rdf:resource="urn:miriam:uniprot:P40545"/>
                </rdf:Bag>
              </bqbiol:is>
            </rdf:Description>
          </rdf:RDF>
        </annotation>
      </species>
      <species metaid="meta_C04896" id="C04896" name="1-(5-phospho-D-ribosyl)-5-[(5-phospho-D-ribosylamino)methylideneamino]imidazole-4-carboxamide" compartment="c" sboTerm="SBO:0000247">
        <annotation>
          <rdf:RDF xmlns:rdf="http://www.w3.org/1999/02/22-rdf-syntax-ns#" xmlns:dc="http://purl.org/dc/elements/1.1/" xmlns:dcterms="http://purl.org/dc/terms/" xmlns:vCard="http://www.w3.org/2001/vcard-rdf/3.0#" xmlns:bqbiol="http://biomodels.net/biology-qualifiers/" xmlns:bqmodel="http://biomodels.net/model-qualifiers/">
            <rdf:Description rdf:about="#meta_C04896">
              <bqbiol:is>
                <rdf:Bag>
                  <rdf:li rdf:resource="urn:miriam:obo.chebi:CHEBI%3A18302"/>
                </rdf:Bag>
              </bqbiol:is>
              <bqbiol:isDescribedBy>
                <rdf:Bag>
                  <rdf:li rdf:resource="urn:miriam:pubmed:9847135"/>
                </rdf:Bag>
              </bqbiol:isDescribedBy>
            </rdf:Description>
          </rdf:RDF>
        </annotation>
      </species>
      <species metaid="meta_C04916" id="C04916" name="5-[(5-phospho-1-deoxy-D-ribulos-1-ylimino)methylamino]-1-(5-phospho-D-ribosyl)imidazole-4-carboxamide" compartment="c" sboTerm="SBO:0000247">
        <annotation>
          <rdf:RDF xmlns:rdf="http://www.w3.org/1999/02/22-rdf-syntax-ns#" xmlns:dc="http://purl.org/dc/elements/1.1/" xmlns:dcterms="http://purl.org/dc/terms/" xmlns:vCard="http://www.w3.org/2001/vcard-rdf/3.0#" xmlns:bqbiol="http://biomodels.net/biology-qualifiers/" xmlns:bqmodel="http://biomodels.net/model-qualifiers/">
            <rdf:Description rdf:about="#meta_C04916">
              <bqbiol:is>
                <rdf:Bag>
                  <rdf:li rdf:resource="urn:miriam:obo.chebi:CHEBI%3A27735"/>
                </rdf:Bag>
              </bqbiol:is>
              <bqbiol:isDescribedBy>
                <rdf:Bag>
                  <rdf:li rdf:resource="urn:miriam:pubmed:9847135"/>
                </rdf:Bag>
              </bqbiol:isDescribedBy>
            </rdf:Description>
          </rdf:RDF>
        </annotation>
      </species>
      <species metaid="meta_C02741" id="C02741" name="1-(5-phosphoribosyl)-5&apos;-AMP" compartment="c" sboTerm="SBO:0000247">
        <annotation>
          <rdf:RDF xmlns:rdf="http://www.w3.org/1999/02/22-rdf-syntax-ns#" xmlns:dc="http://purl.org/dc/elements/1.1/" xmlns:dcterms="http://purl.org/dc/terms/" xmlns:vCard="http://www.w3.org/2001/vcard-rdf/3.0#" xmlns:bqbiol="http://biomodels.net/biology-qualifiers/" xmlns:bqmodel="http://biomodels.net/model-qualifiers/">
            <rdf:Description rdf:about="#meta_C02741">
              <bqbiol:is>
                <rdf:Bag>
                  <rdf:li rdf:resource="urn:miriam:obo.chebi:CHEBI%3A18374"/>
                </rdf:Bag>
              </bqbiol:is>
              <bqbiol:isDescribedBy>
                <rdf:Bag>
                  <rdf:li rdf:resource="urn:miriam:pubmed:9847135"/>
                </rdf:Bag>
              </bqbiol:isDescribedBy>
            </rdf:Description>
          </rdf:RDF>
        </annotation>
      </species>
      <species metaid="meta_sce_YBR248C" id="sce_YBR248C" name="sce:YBR248C" compartment="c" boundaryCondition="true" sboTerm="SBO:0000252">
        <annotation>
          <rdf:RDF xmlns:rdf="http://www.w3.org/1999/02/22-rdf-syntax-ns#" xmlns:dc="http://purl.org/dc/elements/1.1/" xmlns:dcterms="http://purl.org/dc/terms/" xmlns:vCard="http://www.w3.org/2001/vcard-rdf/3.0#" xmlns:bqbiol="http://biomodels.net/biology-qualifiers/" xmlns:bqmodel="http://biomodels.net/model-qualifiers/">
            <rdf:Description rdf:about="#meta_sce_YBR248C">
              <bqbiol:isEncodedBy>
                <rdf:Bag>
                  <rdf:li rdf:resource="urn:miriam:kegg.genes:sce%3AYBR248C"/>
                </rdf:Bag>
              </bqbiol:isEncodedBy>
              <bqbiol:isDescribedBy>
                <rdf:Bag>
                  <rdf:li rdf:resource="urn:miriam:pubmed:9847135"/>
                </rdf:Bag>
              </bqbiol:isDescribedBy>
              <bqbiol:is>
                <rdf:Bag>
                  <rdf:li rdf:resource="urn:miriam:uniprot:P33734"/>
                </rdf:Bag>
              </bqbiol:is>
            </rdf:Description>
          </rdf:RDF>
        </annotation>
      </species>
      <species metaid="meta_C00064" id="C00064" name="L-glutamine" compartment="c" sboTerm="SBO:0000247">
        <annotation>
          <rdf:RDF xmlns:rdf="http://www.w3.org/1999/02/22-rdf-syntax-ns#" xmlns:dc="http://purl.org/dc/elements/1.1/" xmlns:dcterms="http://purl.org/dc/terms/" xmlns:vCard="http://www.w3.org/2001/vcard-rdf/3.0#" xmlns:bqbiol="http://biomodels.net/biology-qualifiers/" xmlns:bqmodel="http://biomodels.net/model-qualifiers/">
            <rdf:Description rdf:about="#meta_C00064">
              <bqbiol:is>
                <rdf:Bag>
                  <rdf:li rdf:resource="urn:miriam:obo.chebi:CHEBI%3A18050"/>
                </rdf:Bag>
              </bqbiol:is>
              <bqbiol:isDescribedBy>
                <rdf:Bag>
                  <rdf:li rdf:resource="urn:miriam:pubmed:9847135"/>
                </rdf:Bag>
              </bqbiol:isDescribedBy>
            </rdf:Description>
          </rdf:RDF>
        </annotation>
      </species>
      <species metaid="meta_C04677" id="C04677" name="5-amino-1-(5-phospho-D-ribosyl)imidazole-4-carboxamide" compartment="c" sboTerm="SBO:0000247">
        <annotation>
          <rdf:RDF xmlns:rdf="http://www.w3.org/1999/02/22-rdf-syntax-ns#" xmlns:dc="http://purl.org/dc/elements/1.1/" xmlns:dcterms="http://purl.org/dc/terms/" xmlns:vCard="http://www.w3.org/2001/vcard-rdf/3.0#" xmlns:bqbiol="http://biomodels.net/biology-qualifiers/" xmlns:bqmodel="http://biomodels.net/model-qualifiers/">
            <rdf:Description rdf:about="#meta_C04677">
              <bqbiol:is>
                <rdf:Bag>
                  <rdf:li rdf:resource="urn:miriam:obo.chebi:CHEBI%3A18406"/>
                </rdf:Bag>
              </bqbiol:is>
              <bqbiol:isDescribedBy>
                <rdf:Bag>
                  <rdf:li rdf:resource="urn:miriam:pubmed:9847135"/>
                </rdf:Bag>
              </bqbiol:isDescribedBy>
            </rdf:Description>
          </rdf:RDF>
        </annotation>
      </species>
      <species metaid="meta_sce_YDR465C" id="sce_YDR465C" name="sce:YDR465C" compartment="c" boundaryCondition="true" sboTerm="SBO:0000252">
        <annotation>
          <rdf:RDF xmlns:rdf="http://www.w3.org/1999/02/22-rdf-syntax-ns#" xmlns:dc="http://purl.org/dc/elements/1.1/" xmlns:dcterms="http://purl.org/dc/terms/" xmlns:vCard="http://www.w3.org/2001/vcard-rdf/3.0#" xmlns:bqbiol="http://biomodels.net/biology-qualifiers/" xmlns:bqmodel="http://biomodels.net/model-qualifiers/">
            <rdf:Description rdf:about="#meta_sce_YDR465C">
              <bqbiol:isEncodedBy>
                <rdf:Bag>
                  <rdf:li rdf:resource="urn:miriam:kegg.genes:sce%3AYDR465C"/>
                </rdf:Bag>
              </bqbiol:isEncodedBy>
              <bqbiol:isDescribedBy>
                <rdf:Bag>
                  <rdf:li rdf:resource="urn:miriam:pubmed:9847135"/>
                </rdf:Bag>
              </bqbiol:isDescribedBy>
              <bqbiol:is>
                <rdf:Bag>
                  <rdf:li rdf:resource="urn:miriam:uniprot:Q03305"/>
                </rdf:Bag>
              </bqbiol:is>
            </rdf:Description>
          </rdf:RDF>
        </annotation>
      </species>
      <species metaid="meta_C00019" id="C00019" name="S-adenosyl-L-methionine" compartment="c" sboTerm="SBO:0000247">
        <annotation>
          <rdf:RDF xmlns:rdf="http://www.w3.org/1999/02/22-rdf-syntax-ns#" xmlns:dc="http://purl.org/dc/elements/1.1/" xmlns:dcterms="http://purl.org/dc/terms/" xmlns:vCard="http://www.w3.org/2001/vcard-rdf/3.0#" xmlns:bqbiol="http://biomodels.net/biology-qualifiers/" xmlns:bqmodel="http://biomodels.net/model-qualifiers/">
            <rdf:Description rdf:about="#meta_C00019">
              <bqbiol:is>
                <rdf:Bag>
                  <rdf:li rdf:resource="urn:miriam:obo.chebi:CHEBI%3A15414"/>
                </rdf:Bag>
              </bqbiol:is>
              <bqbiol:isDescribedBy>
                <rdf:Bag>
                  <rdf:li rdf:resource="urn:miriam:pubmed:9847135"/>
                </rdf:Bag>
              </bqbiol:isDescribedBy>
            </rdf:Description>
          </rdf:RDF>
        </annotation>
      </species>
      <species metaid="meta_C01152" id="C01152" name="N(pros)-methyl-L-histidine" compartment="c" sboTerm="SBO:0000247">
        <annotation>
          <rdf:RDF xmlns:rdf="http://www.w3.org/1999/02/22-rdf-syntax-ns#" xmlns:dc="http://purl.org/dc/elements/1.1/" xmlns:dcterms="http://purl.org/dc/terms/" xmlns:vCard="http://www.w3.org/2001/vcard-rdf/3.0#" xmlns:bqbiol="http://biomodels.net/biology-qualifiers/" xmlns:bqmodel="http://biomodels.net/model-qualifiers/">
            <rdf:Description rdf:about="#meta_C01152">
              <bqbiol:is>
                <rdf:Bag>
                  <rdf:li rdf:resource="urn:miriam:obo.chebi:CHEBI%3A27596"/>
                </rdf:Bag>
              </bqbiol:is>
              <bqbiol:isDescribedBy>
                <rdf:Bag>
                  <rdf:li rdf:resource="urn:miriam:pubmed:9847135"/>
                </rdf:Bag>
              </bqbiol:isDescribedBy>
            </rdf:Description>
          </rdf:RDF>
        </annotation>
      </species>
      <species metaid="meta_C00021" id="C00021" name="S-adenosyl-L-homocysteine" compartment="c" sboTerm="SBO:0000247">
        <annotation>
          <rdf:RDF xmlns:rdf="http://www.w3.org/1999/02/22-rdf-syntax-ns#" xmlns:dc="http://purl.org/dc/elements/1.1/" xmlns:dcterms="http://purl.org/dc/terms/" xmlns:vCard="http://www.w3.org/2001/vcard-rdf/3.0#" xmlns:bqbiol="http://biomodels.net/biology-qualifiers/" xmlns:bqmodel="http://biomodels.net/model-qualifiers/">
            <rdf:Description rdf:about="#meta_C00021">
              <bqbiol:is>
                <rdf:Bag>
                  <rdf:li rdf:resource="urn:miriam:obo.chebi:CHEBI%3A16680"/>
                </rdf:Bag>
              </bqbiol:is>
              <bqbiol:isDescribedBy>
                <rdf:Bag>
                  <rdf:li rdf:resource="urn:miriam:pubmed:9847135"/>
                </rdf:Bag>
              </bqbiol:isDescribedBy>
            </rdf:Description>
          </rdf:RDF>
        </annotation>
      </species>
    </listOfSpecies>
    <listOfReactions>
      <reaction metaid="meta_R04065" id="R04065" name="Imidazole acetaldehyde:NAD+ oxidoreductase" reversible="false" sboTerm="SBO:0000176">
        <annotation>
          <rdf:RDF xmlns:rdf="http://www.w3.org/1999/02/22-rdf-syntax-ns#" xmlns:dc="http://purl.org/dc/elements/1.1/" xmlns:dcterms="http://purl.org/dc/terms/" xmlns:vCard="http://www.w3.org/2001/vcard-rdf/3.0#" xmlns:bqbiol="http://biomodels.net/biology-qualifiers/" xmlns:bqmodel="http://biomodels.net/model-qualifiers/">
            <rdf:Description rdf:about="#meta_R04065">
              <bqbiol:isVersionOf>
                <rdf:Bag>
                  <rdf:li rdf:resource="urn:miriam:ec-code:1.2.1.3"/>
                </rdf:Bag>
              </bqbiol:isVersionOf>
              <bqbiol:isPartOf>
                <rdf:Bag>
                  <rdf:li rdf:resource="urn:miriam:kegg.pathway:rn00340"/>
                </rdf:Bag>
              </bqbiol:isPartOf>
              <bqbiol:is>
                <rdf:Bag>
                  <rdf:li rdf:resource="urn:miriam:kegg.reaction:R04065"/>
                </rdf:Bag>
              </bqbiol:is>
              <bqbiol:isDescribedBy>
                <rdf:Bag>
                  <rdf:li rdf:resource="urn:miriam:pubmed:9847135"/>
                </rdf:Bag>
              </bqbiol:isDescribedBy>
            </rdf:Description>
          </rdf:RDF>
        </annotation>
        <listOfReactants>
          <speciesReference species="C05130"/>
          <speciesReference species="C00003"/>
          <speciesReference species="C00001"/>
        </listOfReactants>
        <listOfProducts>
          <speciesReference species="C02835"/>
          <speciesReference species="C00004"/>
          <speciesReference species="C00080"/>
        </listOfProducts>
        <listOfModifiers>
          <modifierSpeciesReference species="sce_YER073W"/>
          <modifierSpeciesReference species="sce_YOR374W"/>
          <modifierSpeciesReference species="sce_YPL061W"/>
        </listOfModifiers>
      </reaction>
      <reaction metaid="meta_R04996" id="R04996" name="3-Methylimidazole acetaldehyde:NAD+ oxidoreductase" reversible="false" sboTerm="SBO:0000176">
        <annotation>
          <rdf:RDF xmlns:rdf="http://www.w3.org/1999/02/22-rdf-syntax-ns#" xmlns:dc="http://purl.org/dc/elements/1.1/" xmlns:dcterms="http://purl.org/dc/terms/" xmlns:vCard="http://www.w3.org/2001/vcard-rdf/3.0#" xmlns:bqbiol="http://biomodels.net/biology-qualifiers/" xmlns:bqmodel="http://biomodels.net/model-qualifiers/">
            <rdf:Description rdf:about="#meta_R04996">
              <bqbiol:isVersionOf>
                <rdf:Bag>
                  <rdf:li rdf:resource="urn:miriam:ec-code:1.2.1.5"/>
                </rdf:Bag>
              </bqbiol:isVersionOf>
              <bqbiol:isPartOf>
                <rdf:Bag>
                  <rdf:li rdf:resource="urn:miriam:kegg.pathway:rn00340"/>
                </rdf:Bag>
              </bqbiol:isPartOf>
              <bqbiol:is>
                <rdf:Bag>
                  <rdf:li rdf:resource="urn:miriam:kegg.reaction:R04996"/>
                </rdf:Bag>
              </bqbiol:is>
              <bqbiol:isDescribedBy>
                <rdf:Bag>
                  <rdf:li rdf:resource="urn:miriam:pubmed:9847135"/>
                </rdf:Bag>
              </bqbiol:isDescribedBy>
            </rdf:Description>
          </rdf:RDF>
        </annotation>
        <listOfReactants>
          <speciesReference species="C05827"/>
          <speciesReference species="C00003"/>
          <speciesReference species="C00001"/>
        </listOfReactants>
        <listOfProducts>
          <speciesReference species="C05828"/>
          <speciesReference species="C00004"/>
          <speciesReference species="C00080"/>
        </listOfProducts>
        <listOfModifiers>
          <modifierSpeciesReference species="sce_YMR169C"/>
          <modifierSpeciesReference species="sce_YMR170C"/>
        </listOfModifiers>
      </reaction>
      <reaction metaid="meta_R01071" id="R01071" name="1-(5-phospho-D-ribosyl)-ATP:diphosphate phospho-alpha-D-ribosyl-transferase" sboTerm="SBO:0000176">
        <annotation>
          <rdf:RDF xmlns:rdf="http://www.w3.org/1999/02/22-rdf-syntax-ns#" xmlns:dc="http://purl.org/dc/elements/1.1/" xmlns:dcterms="http://purl.org/dc/terms/" xmlns:vCard="http://www.w3.org/2001/vcard-rdf/3.0#" xmlns:bqbiol="http://biomodels.net/biology-qualifiers/" xmlns:bqmodel="http://biomodels.net/model-qualifiers/">
            <rdf:Description rdf:about="#meta_R01071">
              <bqbiol:isVersionOf>
                <rdf:Bag>
                  <rdf:li rdf:resource="urn:miriam:ec-code:2.4.2.17"/>
                </rdf:Bag>
              </bqbiol:isVersionOf>
              <bqbiol:isPartOf>
                <rdf:Bag>
                  <rdf:li rdf:resource="urn:miriam:kegg.pathway:rn00340"/>
                  <rdf:li rdf:resource="urn:miriam:kegg.pathway:rn01100"/>
                  <rdf:li rdf:resource="urn:miriam:kegg.pathway:rn01110"/>
                </rdf:Bag>
              </bqbiol:isPartOf>
              <bqbiol:is>
                <rdf:Bag>
                  <rdf:li rdf:resource="urn:miriam:kegg.reaction:R01071"/>
                </rdf:Bag>
              </bqbiol:is>
              <bqbiol:isDescribedBy>
                <rdf:Bag>
                  <rdf:li rdf:resource="urn:miriam:pubmed:9847135"/>
                </rdf:Bag>
              </bqbiol:isDescribedBy>
            </rdf:Description>
          </rdf:RDF>
        </annotation>
        <listOfReactants>
          <speciesReference species="C02739"/>
          <speciesReference species="C00013"/>
        </listOfReactants>
        <listOfProducts>
          <speciesReference species="C00002"/>
          <speciesReference species="C00119"/>
        </listOfProducts>
        <listOfModifiers>
          <modifierSpeciesReference species="sce_YER055C"/>
        </listOfModifiers>
      </reaction>
      <reaction metaid="meta_R01163" id="R01163" name="L-histidinal:NAD+ oxidoreductase" reversible="false" sboTerm="SBO:0000176">
        <annotation>
          <rdf:RDF xmlns:rdf="http://www.w3.org/1999/02/22-rdf-syntax-ns#" xmlns:dc="http://purl.org/dc/elements/1.1/" xmlns:dcterms="http://purl.org/dc/terms/" xmlns:vCard="http://www.w3.org/2001/vcard-rdf/3.0#" xmlns:bqbiol="http://biomodels.net/biology-qualifiers/" xmlns:bqmodel="http://biomodels.net/model-qualifiers/">
            <rdf:Description rdf:about="#meta_R01163">
              <bqbiol:isVersionOf>
                <rdf:Bag>
                  <rdf:li rdf:resource="urn:miriam:ec-code:1.1.1.23"/>
                </rdf:Bag>
              </bqbiol:isVersionOf>
              <bqbiol:isPartOf>
                <rdf:Bag>
                  <rdf:li rdf:resource="urn:miriam:kegg.pathway:rn00340"/>
                  <rdf:li rdf:resource="urn:miriam:kegg.pathway:rn01110"/>
                </rdf:Bag>
              </bqbiol:isPartOf>
              <bqbiol:is>
                <rdf:Bag>
                  <rdf:li rdf:resource="urn:miriam:kegg.reaction:R01163"/>
                </rdf:Bag>
              </bqbiol:is>
              <bqbiol:isDescribedBy>
                <rdf:Bag>
                  <rdf:li rdf:resource="urn:miriam:pubmed:9847135"/>
                </rdf:Bag>
              </bqbiol:isDescribedBy>
            </rdf:Description>
          </rdf:RDF>
        </annotation>
        <listOfReactants>
          <speciesReference species="C01929"/>
          <speciesReference species="C00001"/>
          <speciesReference species="C00003"/>
        </listOfReactants>
        <listOfProducts>
          <speciesReference species="C00135"/>
          <speciesReference species="C00004"/>
          <speciesReference species="C00080"/>
        </listOfProducts>
        <listOfModifiers>
          <modifierSpeciesReference species="sce_YCL030C"/>
        </listOfModifiers>
      </reaction>
      <reaction metaid="meta_R03012" id="R03012" name="L-Histidinol:NAD+ oxidoreductase" reversible="false" sboTerm="SBO:0000176">
        <annotation>
          <rdf:RDF xmlns:rdf="http://www.w3.org/1999/02/22-rdf-syntax-ns#" xmlns:dc="http://purl.org/dc/elements/1.1/" xmlns:dcterms="http://purl.org/dc/terms/" xmlns:vCard="http://www.w3.org/2001/vcard-rdf/3.0#" xmlns:bqbiol="http://biomodels.net/biology-qualifiers/" xmlns:bqmodel="http://biomodels.net/model-qualifiers/">
            <rdf:Description rdf:about="#meta_R03012">
              <bqbiol:isVersionOf>
                <rdf:Bag>
                  <rdf:li rdf:resource="urn:miriam:ec-code:1.1.1.23"/>
                </rdf:Bag>
              </bqbiol:isVersionOf>
              <bqbiol:isPartOf>
                <rdf:Bag>
                  <rdf:li rdf:resource="urn:miriam:kegg.pathway:rn00340"/>
                  <rdf:li rdf:resource="urn:miriam:kegg.pathway:rn01110"/>
                </rdf:Bag>
              </bqbiol:isPartOf>
              <bqbiol:is>
                <rdf:Bag>
                  <rdf:li rdf:resource="urn:miriam:kegg.reaction:R03012"/>
                </rdf:Bag>
              </bqbiol:is>
              <bqbiol:isDescribedBy>
                <rdf:Bag>
                  <rdf:li rdf:resource="urn:miriam:pubmed:9847135"/>
                </rdf:Bag>
              </bqbiol:isDescribedBy>
            </rdf:Description>
          </rdf:RDF>
        </annotation>
        <listOfReactants>
          <speciesReference species="C00860"/>
          <speciesReference species="C00003"/>
        </listOfReactants>
        <listOfProducts>
          <speciesReference species="C01929"/>
          <speciesReference species="C00004"/>
          <speciesReference species="C00080"/>
        </listOfProducts>
        <listOfModifiers>
          <modifierSpeciesReference species="sce_YCL030C"/>
        </listOfModifiers>
      </reaction>
      <reaction metaid="meta_R03013" id="R03013" name="L-Histidinol-phosphate phosphohydrolase" reversible="false" sboTerm="SBO:0000176">
        <annotation>
          <rdf:RDF xmlns:rdf="http://www.w3.org/1999/02/22-rdf-syntax-ns#" xmlns:dc="http://purl.org/dc/elements/1.1/" xmlns:dcterms="http://purl.org/dc/terms/" xmlns:vCard="http://www.w3.org/2001/vcard-rdf/3.0#" xmlns:bqbiol="http://biomodels.net/biology-qualifiers/" xmlns:bqmodel="http://biomodels.net/model-qualifiers/">
            <rdf:Description rdf:about="#meta_R03013">
              <bqbiol:isVersionOf>
                <rdf:Bag>
                  <rdf:li rdf:resource="urn:miriam:ec-code:3.1.3.15"/>
                </rdf:Bag>
              </bqbiol:isVersionOf>
              <bqbiol:isPartOf>
                <rdf:Bag>
                  <rdf:li rdf:resource="urn:miriam:kegg.pathway:rn00340"/>
                  <rdf:li rdf:resource="urn:miriam:kegg.pathway:rn01100"/>
                  <rdf:li rdf:resource="urn:miriam:kegg.pathway:rn01110"/>
                </rdf:Bag>
              </bqbiol:isPartOf>
              <bqbiol:is>
                <rdf:Bag>
                  <rdf:li rdf:resource="urn:miriam:kegg.reaction:R03013"/>
                </rdf:Bag>
              </bqbiol:is>
              <bqbiol:isDescribedBy>
                <rdf:Bag>
                  <rdf:li rdf:resource="urn:miriam:pubmed:9847135"/>
                </rdf:Bag>
              </bqbiol:isDescribedBy>
            </rdf:Description>
          </rdf:RDF>
        </annotation>
        <listOfReactants>
          <speciesReference species="C01100"/>
          <speciesReference species="C00001"/>
        </listOfReactants>
        <listOfProducts>
          <speciesReference species="C00860"/>
          <speciesReference species="C00009"/>
        </listOfProducts>
        <listOfModifiers>
          <modifierSpeciesReference species="sce_YFR025C"/>
        </listOfModifiers>
      </reaction>
      <reaction metaid="meta_R03243" id="R03243" name="5-Amino-2-oxopentanoate:2-oxoglutarate aminotransferase" sboTerm="SBO:0000176">
        <annotation>
          <rdf:RDF xmlns:rdf="http://www.w3.org/1999/02/22-rdf-syntax-ns#" xmlns:dc="http://purl.org/dc/elements/1.1/" xmlns:dcterms="http://purl.org/dc/terms/" xmlns:vCard="http://www.w3.org/2001/vcard-rdf/3.0#" xmlns:bqbiol="http://biomodels.net/biology-qualifiers/" xmlns:bqmodel="http://biomodels.net/model-qualifiers/">
            <rdf:Description rdf:about="#meta_R03243">
              <bqbiol:isVersionOf>
                <rdf:Bag>
                  <rdf:li rdf:resource="urn:miriam:ec-code:2.6.1.9"/>
                </rdf:Bag>
              </bqbiol:isVersionOf>
              <bqbiol:isPartOf>
                <rdf:Bag>
                  <rdf:li rdf:resource="urn:miriam:kegg.pathway:rn00340"/>
                  <rdf:li rdf:resource="urn:miriam:kegg.pathway:rn01100"/>
                  <rdf:li rdf:resource="urn:miriam:kegg.pathway:rn01110"/>
                </rdf:Bag>
              </bqbiol:isPartOf>
              <bqbiol:is>
                <rdf:Bag>
                  <rdf:li rdf:resource="urn:miriam:kegg.reaction:R03243"/>
                </rdf:Bag>
              </bqbiol:is>
              <bqbiol:isDescribedBy>
                <rdf:Bag>
                  <rdf:li rdf:resource="urn:miriam:pubmed:9847135"/>
                </rdf:Bag>
              </bqbiol:isDescribedBy>
            </rdf:Description>
          </rdf:RDF>
        </annotation>
        <listOfReactants>
          <speciesReference species="C01100"/>
          <speciesReference species="C00026"/>
        </listOfReactants>
        <listOfProducts>
          <speciesReference species="C01267"/>
          <speciesReference species="C00025"/>
        </listOfProducts>
        <listOfModifiers>
          <modifierSpeciesReference species="sce_YIL116W"/>
        </listOfModifiers>
      </reaction>
      <reaction metaid="meta_R03457" id="R03457" name="D-erythro-1-(Imidazol-4-yl)glycerol 3-phosphate hydro-lyase" reversible="false" sboTerm="SBO:0000176">
        <annotation>
          <rdf:RDF xmlns:rdf="http://www.w3.org/1999/02/22-rdf-syntax-ns#" xmlns:dc="http://purl.org/dc/elements/1.1/" xmlns:dcterms="http://purl.org/dc/terms/" xmlns:vCard="http://www.w3.org/2001/vcard-rdf/3.0#" xmlns:bqbiol="http://biomodels.net/biology-qualifiers/" xmlns:bqmodel="http://biomodels.net/model-qualifiers/">
            <rdf:Description rdf:about="#meta_R03457">
              <bqbiol:isVersionOf>
                <rdf:Bag>
                  <rdf:li rdf:resource="urn:miriam:ec-code:4.2.1.19"/>
                </rdf:Bag>
              </bqbiol:isVersionOf>
              <bqbiol:isPartOf>
                <rdf:Bag>
                  <rdf:li rdf:resource="urn:miriam:kegg.pathway:rn00340"/>
                  <rdf:li rdf:resource="urn:miriam:kegg.pathway:rn01100"/>
                  <rdf:li rdf:resource="urn:miriam:kegg.pathway:rn01110"/>
                </rdf:Bag>
              </bqbiol:isPartOf>
              <bqbiol:is>
                <rdf:Bag>
                  <rdf:li rdf:resource="urn:miriam:kegg.reaction:R03457"/>
                </rdf:Bag>
              </bqbiol:is>
              <bqbiol:isDescribedBy>
                <rdf:Bag>
                  <rdf:li rdf:resource="urn:miriam:pubmed:9847135"/>
                </rdf:Bag>
              </bqbiol:isDescribedBy>
            </rdf:Description>
          </rdf:RDF>
        </annotation>
        <listOfReactants>
          <speciesReference species="C04666"/>
        </listOfReactants>
        <listOfProducts>
          <speciesReference species="C01267"/>
          <speciesReference species="C00001"/>
        </listOfProducts>
        <listOfModifiers>
          <modifierSpeciesReference species="sce_YOR202W"/>
        </listOfModifiers>
      </reaction>
      <reaction metaid="meta_R04640" id="R04640" name="N-(5&apos;-Phospho-D-ribosylformimino)-5-amino-1- (5&apos;&apos;-phospho-D-ribosyl)-4-imidazolecarboxamide ketol-isomerase" reversible="false" sboTerm="SBO:0000176">
        <annotation>
          <rdf:RDF xmlns:rdf="http://www.w3.org/1999/02/22-rdf-syntax-ns#" xmlns:dc="http://purl.org/dc/elements/1.1/" xmlns:dcterms="http://purl.org/dc/terms/" xmlns:vCard="http://www.w3.org/2001/vcard-rdf/3.0#" xmlns:bqbiol="http://biomodels.net/biology-qualifiers/" xmlns:bqmodel="http://biomodels.net/model-qualifiers/">
            <rdf:Description rdf:about="#meta_R04640">
              <bqbiol:isVersionOf>
                <rdf:Bag>
                  <rdf:li rdf:resource="urn:miriam:ec-code:5.3.1.16"/>
                </rdf:Bag>
              </bqbiol:isVersionOf>
              <bqbiol:isPartOf>
                <rdf:Bag>
                  <rdf:li rdf:resource="urn:miriam:kegg.pathway:rn00340"/>
                  <rdf:li rdf:resource="urn:miriam:kegg.pathway:rn01100"/>
                  <rdf:li rdf:resource="urn:miriam:kegg.pathway:rn01110"/>
                </rdf:Bag>
              </bqbiol:isPartOf>
              <bqbiol:is>
                <rdf:Bag>
                  <rdf:li rdf:resource="urn:miriam:kegg.reaction:R04640"/>
                </rdf:Bag>
              </bqbiol:is>
              <bqbiol:isDescribedBy>
                <rdf:Bag>
                  <rdf:li rdf:resource="urn:miriam:pubmed:9847135"/>
                </rdf:Bag>
              </bqbiol:isDescribedBy>
            </rdf:Description>
          </rdf:RDF>
        </annotation>
        <listOfReactants>
          <speciesReference species="C04896"/>
        </listOfReactants>
        <listOfProducts>
          <speciesReference species="C04916"/>
        </listOfProducts>
        <listOfModifiers>
          <modifierSpeciesReference species="sce_YIL020C"/>
        </listOfModifiers>
      </reaction>
      <reaction metaid="meta_R04037" id="R04037" name="1-(5-phospho-D-ribosyl)-AMP 1,6-hydrolase" reversible="false" sboTerm="SBO:0000176">
        <annotation>
          <rdf:RDF xmlns:rdf="http://www.w3.org/1999/02/22-rdf-syntax-ns#" xmlns:dc="http://purl.org/dc/elements/1.1/" xmlns:dcterms="http://purl.org/dc/terms/" xmlns:vCard="http://www.w3.org/2001/vcard-rdf/3.0#" xmlns:bqbiol="http://biomodels.net/biology-qualifiers/" xmlns:bqmodel="http://biomodels.net/model-qualifiers/">
            <rdf:Description rdf:about="#meta_R04037">
              <bqbiol:isVersionOf>
                <rdf:Bag>
                  <rdf:li rdf:resource="urn:miriam:ec-code:3.5.4.19"/>
                </rdf:Bag>
              </bqbiol:isVersionOf>
              <bqbiol:isPartOf>
                <rdf:Bag>
                  <rdf:li rdf:resource="urn:miriam:kegg.pathway:rn00340"/>
                  <rdf:li rdf:resource="urn:miriam:kegg.pathway:rn01100"/>
                  <rdf:li rdf:resource="urn:miriam:kegg.pathway:rn01110"/>
                </rdf:Bag>
              </bqbiol:isPartOf>
              <bqbiol:is>
                <rdf:Bag>
                  <rdf:li rdf:resource="urn:miriam:kegg.reaction:R04037"/>
                </rdf:Bag>
              </bqbiol:is>
              <bqbiol:isDescribedBy>
                <rdf:Bag>
                  <rdf:li rdf:resource="urn:miriam:pubmed:9847135"/>
                </rdf:Bag>
              </bqbiol:isDescribedBy>
            </rdf:Description>
          </rdf:RDF>
        </annotation>
        <listOfReactants>
          <speciesReference species="C02741"/>
          <speciesReference species="C00001"/>
        </listOfReactants>
        <listOfProducts>
          <speciesReference species="C04896"/>
        </listOfProducts>
        <listOfModifiers>
          <modifierSpeciesReference species="sce_YCL030C"/>
        </listOfModifiers>
      </reaction>
      <reaction metaid="meta_R04035" id="R04035" name="Phosphoribosyl-ATP pyrophosphohydrolase" reversible="false" sboTerm="SBO:0000176">
        <annotation>
          <rdf:RDF xmlns:rdf="http://www.w3.org/1999/02/22-rdf-syntax-ns#" xmlns:dc="http://purl.org/dc/elements/1.1/" xmlns:dcterms="http://purl.org/dc/terms/" xmlns:vCard="http://www.w3.org/2001/vcard-rdf/3.0#" xmlns:bqbiol="http://biomodels.net/biology-qualifiers/" xmlns:bqmodel="http://biomodels.net/model-qualifiers/">
            <rdf:Description rdf:about="#meta_R04035">
              <bqbiol:isVersionOf>
                <rdf:Bag>
                  <rdf:li rdf:resource="urn:miriam:ec-code:3.6.1.31"/>
                </rdf:Bag>
              </bqbiol:isVersionOf>
              <bqbiol:isPartOf>
                <rdf:Bag>
                  <rdf:li rdf:resource="urn:miriam:kegg.pathway:rn00340"/>
                  <rdf:li rdf:resource="urn:miriam:kegg.pathway:rn01100"/>
                  <rdf:li rdf:resource="urn:miriam:kegg.pathway:rn01110"/>
                </rdf:Bag>
              </bqbiol:isPartOf>
              <bqbiol:is>
                <rdf:Bag>
                  <rdf:li rdf:resource="urn:miriam:kegg.reaction:R04035"/>
                </rdf:Bag>
              </bqbiol:is>
              <bqbiol:isDescribedBy>
                <rdf:Bag>
                  <rdf:li rdf:resource="urn:miriam:pubmed:9847135"/>
                </rdf:Bag>
              </bqbiol:isDescribedBy>
            </rdf:Description>
          </rdf:RDF>
        </annotation>
        <listOfReactants>
          <speciesReference species="C02739"/>
          <speciesReference species="C00001"/>
        </listOfReactants>
        <listOfProducts>
          <speciesReference species="C02741"/>
          <speciesReference species="C00013"/>
        </listOfProducts>
        <listOfModifiers>
          <modifierSpeciesReference species="sce_YCL030C"/>
        </listOfModifiers>
      </reaction>
      <reaction metaid="meta_R04558" id="R04558" name="R04558" reversible="false" sboTerm="SBO:0000176">
        <annotation>
          <rdf:RDF xmlns:rdf="http://www.w3.org/1999/02/22-rdf-syntax-ns#" xmlns:dc="http://purl.org/dc/elements/1.1/" xmlns:dcterms="http://purl.org/dc/terms/" xmlns:vCard="http://www.w3.org/2001/vcard-rdf/3.0#" xmlns:bqbiol="http://biomodels.net/biology-qualifiers/" xmlns:bqmodel="http://biomodels.net/model-qualifiers/">
            <rdf:Description rdf:about="#meta_R04558">
              <bqbiol:isPartOf>
                <rdf:Bag>
                  <rdf:li rdf:resource="urn:miriam:kegg.pathway:rn00340"/>
                  <rdf:li rdf:resource="urn:miriam:kegg.pathway:rn01100"/>
                  <rdf:li rdf:resource="urn:miriam:kegg.pathway:rn01110"/>
                </rdf:Bag>
              </bqbiol:isPartOf>
              <bqbiol:is>
                <rdf:Bag>
                  <rdf:li rdf:resource="urn:miriam:kegg.reaction:R04558"/>
                </rdf:Bag>
              </bqbiol:is>
              <bqbiol:isDescribedBy>
                <rdf:Bag>
                  <rdf:li rdf:resource="urn:miriam:pubmed:9847135"/>
                </rdf:Bag>
              </bqbiol:isDescribedBy>
            </rdf:Description>
          </rdf:RDF>
        </annotation>
        <listOfReactants>
          <speciesReference species="C04916"/>
          <speciesReference species="C00064"/>
        </listOfReactants>
        <listOfProducts>
          <speciesReference species="C04666"/>
          <speciesReference species="C04677"/>
          <speciesReference species="C00025"/>
        </listOfProducts>
        <listOfModifiers>
          <modifierSpeciesReference species="sce_YBR248C"/>
        </listOfModifiers>
      </reaction>
      <reaction metaid="meta_R01159" id="R01159" name="S-adenosyl-L-methionine:L-histidine N-methyltransferase" reversible="false" sboTerm="SBO:0000176">
        <annotation>
          <rdf:RDF xmlns:rdf="http://www.w3.org/1999/02/22-rdf-syntax-ns#" xmlns:dc="http://purl.org/dc/elements/1.1/" xmlns:dcterms="http://purl.org/dc/terms/" xmlns:vCard="http://www.w3.org/2001/vcard-rdf/3.0#" xmlns:bqbiol="http://biomodels.net/biology-qualifiers/" xmlns:bqmodel="http://biomodels.net/model-qualifiers/">
            <rdf:Description rdf:about="#meta_R01159">
              <bqbiol:isPartOf>
                <rdf:Bag>
                  <rdf:li rdf:resource="urn:miriam:kegg.pathway:rn00340"/>
                </rdf:Bag>
              </bqbiol:isPartOf>
              <bqbiol:is>
                <rdf:Bag>
                  <rdf:li rdf:resource="urn:miriam:kegg.reaction:R01159"/>
                </rdf:Bag>
              </bqbiol:is>
              <bqbiol:isDescribedBy>
                <rdf:Bag>
                  <rdf:li rdf:resource="urn:miriam:pubmed:9847135"/>
                </rdf:Bag>
              </bqbiol:isDescribedBy>
            </rdf:Description>
          </rdf:RDF>
        </annotation>
        <listOfReactants>
          <speciesReference species="C00135"/>
          <speciesReference species="C00019"/>
        </listOfReactants>
        <listOfProducts>
          <speciesReference species="C01152"/>
          <speciesReference species="C00021"/>
        </listOfProducts>
        <listOfModifiers>
          <modifierSpeciesReference species="sce_YDR465C"/>
        </listOfModifiers>
      </reaction>
    </listOfReactions>
  </model>
</sbml>
