<?xml version="1.0" encoding="UTF-8"?>
<sbml xmlns="http://www.sbml.org/sbml/level2/version4" level="2" version="4">
  <model metaid="_2462fe60_3a5b_414f_86ef_c1eb44972c87">
    <annotation>
      <rdf:RDF xmlns:rdf="http://www.w3.org/1999/02/22-rdf-syntax-ns#" xmlns:dc="http://purl.org/dc/elements/1.1/" xmlns:dcterms="http://purl.org/dc/terms/" xmlns:vCard="http://www.w3.org/2001/vcard-rdf/3.0#" xmlns:bqbiol="http://biomodels.net/biology-qualifiers/" xmlns:bqmodel="http://biomodels.net/model-qualifiers/">
        <rdf:Description rdf:about="#_2462fe60_3a5b_414f_86ef_c1eb44972c87">
          <bqbiol:is>
            <rdf:Bag>
              <rdf:li rdf:resource="urn:miriam:taxonomy:559292"/>
            </rdf:Bag>
          </bqbiol:is>
          <bqbiol:isDescribedBy>
            <rdf:Bag>
              <rdf:li rdf:resource="urn:miriam:pubmed:9847135"/>
            </rdf:Bag>
          </bqbiol:isDescribedBy>
        </rdf:Description>
      </rdf:RDF>
    </annotation>
    <listOfCompartments>
      <compartment metaid="meta_c" id="c" name="cytosol" size="1" sboTerm="SBO:0000290">
        <annotation>
          <rdf:RDF xmlns:rdf="http://www.w3.org/1999/02/22-rdf-syntax-ns#" xmlns:dc="http://purl.org/dc/elements/1.1/" xmlns:dcterms="http://purl.org/dc/terms/" xmlns:vCard="http://www.w3.org/2001/vcard-rdf/3.0#" xmlns:bqbiol="http://biomodels.net/biology-qualifiers/" xmlns:bqmodel="http://biomodels.net/model-qualifiers/">
            <rdf:Description rdf:about="#meta_c">
              <bqbiol:is>
                <rdf:Bag>
                  <rdf:li rdf:resource="urn:miriam:obo.go:GO%3A0005829"/>
                </rdf:Bag>
              </bqbiol:is>
            </rdf:Description>
          </rdf:RDF>
        </annotation>
      </compartment>
    </listOfCompartments>
    <listOfSpecies>
      <species metaid="meta_sce_YDR044W" id="sce_YDR044W" name="sce:YDR044W" compartment="c" boundaryCondition="true" sboTerm="SBO:0000252">
        <annotation>
          <rdf:RDF xmlns:rdf="http://www.w3.org/1999/02/22-rdf-syntax-ns#" xmlns:dc="http://purl.org/dc/elements/1.1/" xmlns:dcterms="http://purl.org/dc/terms/" xmlns:vCard="http://www.w3.org/2001/vcard-rdf/3.0#" xmlns:bqbiol="http://biomodels.net/biology-qualifiers/" xmlns:bqmodel="http://biomodels.net/model-qualifiers/">
            <rdf:Description rdf:about="#meta_sce_YDR044W">
              <bqbiol:isEncodedBy>
                <rdf:Bag>
                  <rdf:li rdf:resource="urn:miriam:kegg.genes:sce%3AYDR044W"/>
                </rdf:Bag>
              </bqbiol:isEncodedBy>
              <bqbiol:isDescribedBy>
                <rdf:Bag>
                  <rdf:li rdf:resource="urn:miriam:pubmed:9847135"/>
                </rdf:Bag>
              </bqbiol:isDescribedBy>
              <bqbiol:is>
                <rdf:Bag>
                  <rdf:li rdf:resource="urn:miriam:uniprot:P11353"/>
                </rdf:Bag>
              </bqbiol:is>
            </rdf:Description>
          </rdf:RDF>
        </annotation>
      </species>
      <species metaid="meta_C03263" id="C03263" name="coproporphyrinogen III" compartment="c" sboTerm="SBO:0000247">
        <annotation>
          <rdf:RDF xmlns:rdf="http://www.w3.org/1999/02/22-rdf-syntax-ns#" xmlns:dc="http://purl.org/dc/elements/1.1/" xmlns:dcterms="http://purl.org/dc/terms/" xmlns:vCard="http://www.w3.org/2001/vcard-rdf/3.0#" xmlns:bqbiol="http://biomodels.net/biology-qualifiers/" xmlns:bqmodel="http://biomodels.net/model-qualifiers/">
            <rdf:Description rdf:about="#meta_C03263">
              <bqbiol:is>
                <rdf:Bag>
                  <rdf:li rdf:resource="urn:miriam:obo.chebi:CHEBI%3A15439"/>
                </rdf:Bag>
              </bqbiol:is>
              <bqbiol:isDescribedBy>
                <rdf:Bag>
                  <rdf:li rdf:resource="urn:miriam:pubmed:9847135"/>
                </rdf:Bag>
              </bqbiol:isDescribedBy>
            </rdf:Description>
          </rdf:RDF>
        </annotation>
      </species>
      <species metaid="meta_C00007" id="C00007" name="dioxygen" compartment="c" sboTerm="SBO:0000247">
        <annotation>
          <rdf:RDF xmlns:rdf="http://www.w3.org/1999/02/22-rdf-syntax-ns#" xmlns:dc="http://purl.org/dc/elements/1.1/" xmlns:dcterms="http://purl.org/dc/terms/" xmlns:vCard="http://www.w3.org/2001/vcard-rdf/3.0#" xmlns:bqbiol="http://biomodels.net/biology-qualifiers/" xmlns:bqmodel="http://biomodels.net/model-qualifiers/">
            <rdf:Description rdf:about="#meta_C00007">
              <bqbiol:is>
                <rdf:Bag>
                  <rdf:li rdf:resource="urn:miriam:obo.chebi:CHEBI%3A15379"/>
                </rdf:Bag>
              </bqbiol:is>
              <bqbiol:isDescribedBy>
                <rdf:Bag>
                  <rdf:li rdf:resource="urn:miriam:pubmed:9847135"/>
                </rdf:Bag>
              </bqbiol:isDescribedBy>
            </rdf:Description>
          </rdf:RDF>
        </annotation>
      </species>
      <species metaid="meta_C01079" id="C01079" name="protoporphyrinogen" compartment="c" sboTerm="SBO:0000247">
        <annotation>
          <rdf:RDF xmlns:rdf="http://www.w3.org/1999/02/22-rdf-syntax-ns#" xmlns:dc="http://purl.org/dc/elements/1.1/" xmlns:dcterms="http://purl.org/dc/terms/" xmlns:vCard="http://www.w3.org/2001/vcard-rdf/3.0#" xmlns:bqbiol="http://biomodels.net/biology-qualifiers/" xmlns:bqmodel="http://biomodels.net/model-qualifiers/">
            <rdf:Description rdf:about="#meta_C01079">
              <bqbiol:is>
                <rdf:Bag>
                  <rdf:li rdf:resource="urn:miriam:obo.chebi:CHEBI%3A15435"/>
                </rdf:Bag>
              </bqbiol:is>
              <bqbiol:isDescribedBy>
                <rdf:Bag>
                  <rdf:li rdf:resource="urn:miriam:pubmed:9847135"/>
                </rdf:Bag>
              </bqbiol:isDescribedBy>
            </rdf:Description>
          </rdf:RDF>
        </annotation>
      </species>
      <species metaid="meta_C00011" id="C00011" name="carbon dioxide" compartment="c" sboTerm="SBO:0000247">
        <annotation>
          <rdf:RDF xmlns:rdf="http://www.w3.org/1999/02/22-rdf-syntax-ns#" xmlns:dc="http://purl.org/dc/elements/1.1/" xmlns:dcterms="http://purl.org/dc/terms/" xmlns:vCard="http://www.w3.org/2001/vcard-rdf/3.0#" xmlns:bqbiol="http://biomodels.net/biology-qualifiers/" xmlns:bqmodel="http://biomodels.net/model-qualifiers/">
            <rdf:Description rdf:about="#meta_C00011">
              <bqbiol:is>
                <rdf:Bag>
                  <rdf:li rdf:resource="urn:miriam:obo.chebi:CHEBI%3A16526"/>
                </rdf:Bag>
              </bqbiol:is>
              <bqbiol:isDescribedBy>
                <rdf:Bag>
                  <rdf:li rdf:resource="urn:miriam:pubmed:9847135"/>
                </rdf:Bag>
              </bqbiol:isDescribedBy>
            </rdf:Description>
          </rdf:RDF>
        </annotation>
      </species>
      <species metaid="meta_C00001" id="C00001" name="water" compartment="c" sboTerm="SBO:0000247">
        <annotation>
          <rdf:RDF xmlns:rdf="http://www.w3.org/1999/02/22-rdf-syntax-ns#" xmlns:dc="http://purl.org/dc/elements/1.1/" xmlns:dcterms="http://purl.org/dc/terms/" xmlns:vCard="http://www.w3.org/2001/vcard-rdf/3.0#" xmlns:bqbiol="http://biomodels.net/biology-qualifiers/" xmlns:bqmodel="http://biomodels.net/model-qualifiers/">
            <rdf:Description rdf:about="#meta_C00001">
              <bqbiol:is>
                <rdf:Bag>
                  <rdf:li rdf:resource="urn:miriam:obo.chebi:CHEBI%3A15377"/>
                </rdf:Bag>
              </bqbiol:is>
              <bqbiol:isDescribedBy>
                <rdf:Bag>
                  <rdf:li rdf:resource="urn:miriam:pubmed:9847135"/>
                </rdf:Bag>
              </bqbiol:isDescribedBy>
            </rdf:Description>
          </rdf:RDF>
        </annotation>
      </species>
      <species metaid="meta_sce_YAL039C" id="sce_YAL039C" name="sce:YAL039C" compartment="c" boundaryCondition="true" sboTerm="SBO:0000252">
        <annotation>
          <rdf:RDF xmlns:rdf="http://www.w3.org/1999/02/22-rdf-syntax-ns#" xmlns:dc="http://purl.org/dc/elements/1.1/" xmlns:dcterms="http://purl.org/dc/terms/" xmlns:vCard="http://www.w3.org/2001/vcard-rdf/3.0#" xmlns:bqbiol="http://biomodels.net/biology-qualifiers/" xmlns:bqmodel="http://biomodels.net/model-qualifiers/">
            <rdf:Description rdf:about="#meta_sce_YAL039C">
              <bqbiol:isEncodedBy>
                <rdf:Bag>
                  <rdf:li rdf:resource="urn:miriam:kegg.genes:sce%3AYAL039C"/>
                </rdf:Bag>
              </bqbiol:isEncodedBy>
              <bqbiol:isDescribedBy>
                <rdf:Bag>
                  <rdf:li rdf:resource="urn:miriam:pubmed:9847135"/>
                </rdf:Bag>
              </bqbiol:isDescribedBy>
              <bqbiol:is>
                <rdf:Bag>
                  <rdf:li rdf:resource="urn:miriam:uniprot:P06182"/>
                </rdf:Bag>
              </bqbiol:is>
            </rdf:Description>
          </rdf:RDF>
        </annotation>
      </species>
      <species metaid="meta_sce_YKL087C" id="sce_YKL087C" name="sce:YKL087C" compartment="c" boundaryCondition="true" sboTerm="SBO:0000252">
        <annotation>
          <rdf:RDF xmlns:rdf="http://www.w3.org/1999/02/22-rdf-syntax-ns#" xmlns:dc="http://purl.org/dc/elements/1.1/" xmlns:dcterms="http://purl.org/dc/terms/" xmlns:vCard="http://www.w3.org/2001/vcard-rdf/3.0#" xmlns:bqbiol="http://biomodels.net/biology-qualifiers/" xmlns:bqmodel="http://biomodels.net/model-qualifiers/">
            <rdf:Description rdf:about="#meta_sce_YKL087C">
              <bqbiol:isEncodedBy>
                <rdf:Bag>
                  <rdf:li rdf:resource="urn:miriam:kegg.genes:sce%3AYKL087C"/>
                </rdf:Bag>
              </bqbiol:isEncodedBy>
              <bqbiol:isDescribedBy>
                <rdf:Bag>
                  <rdf:li rdf:resource="urn:miriam:pubmed:9847135"/>
                </rdf:Bag>
              </bqbiol:isDescribedBy>
              <bqbiol:is>
                <rdf:Bag>
                  <rdf:li rdf:resource="urn:miriam:uniprot:Q00873"/>
                </rdf:Bag>
              </bqbiol:is>
            </rdf:Description>
          </rdf:RDF>
        </annotation>
      </species>
      <species metaid="meta_C00524" id="C00524" name="cytochrome c" compartment="c" sboTerm="SBO:0000247">
        <annotation>
          <rdf:RDF xmlns:rdf="http://www.w3.org/1999/02/22-rdf-syntax-ns#" xmlns:dc="http://purl.org/dc/elements/1.1/" xmlns:dcterms="http://purl.org/dc/terms/" xmlns:vCard="http://www.w3.org/2001/vcard-rdf/3.0#" xmlns:bqbiol="http://biomodels.net/biology-qualifiers/" xmlns:bqmodel="http://biomodels.net/model-qualifiers/">
            <rdf:Description rdf:about="#meta_C00524">
              <bqbiol:is>
                <rdf:Bag>
                  <rdf:li rdf:resource="urn:miriam:obo.chebi:CHEBI%3A18070"/>
                </rdf:Bag>
              </bqbiol:is>
              <bqbiol:isDescribedBy>
                <rdf:Bag>
                  <rdf:li rdf:resource="urn:miriam:pubmed:9847135"/>
                </rdf:Bag>
              </bqbiol:isDescribedBy>
            </rdf:Description>
          </rdf:RDF>
        </annotation>
      </species>
      <species metaid="meta_C02248" id="C02248" name="Apocytochrome c" compartment="c" sboTerm="SBO:0000247">
        <annotation>
          <rdf:RDF xmlns:rdf="http://www.w3.org/1999/02/22-rdf-syntax-ns#" xmlns:dc="http://purl.org/dc/elements/1.1/" xmlns:dcterms="http://purl.org/dc/terms/" xmlns:vCard="http://www.w3.org/2001/vcard-rdf/3.0#" xmlns:bqbiol="http://biomodels.net/biology-qualifiers/" xmlns:bqmodel="http://biomodels.net/model-qualifiers/">
            <rdf:Description rdf:about="#meta_C02248">
              <bqbiol:is>
                <rdf:Bag>
                  <rdf:li rdf:resource="urn:miriam:kegg.compound:C02248"/>
                </rdf:Bag>
              </bqbiol:is>
              <bqbiol:isDescribedBy>
                <rdf:Bag>
                  <rdf:li rdf:resource="urn:miriam:pubmed:9847135"/>
                </rdf:Bag>
              </bqbiol:isDescribedBy>
            </rdf:Description>
          </rdf:RDF>
        </annotation>
      </species>
      <species metaid="meta_C00032" id="C00032" name="ferroheme b" compartment="c" sboTerm="SBO:0000247">
        <annotation>
          <rdf:RDF xmlns:rdf="http://www.w3.org/1999/02/22-rdf-syntax-ns#" xmlns:dc="http://purl.org/dc/elements/1.1/" xmlns:dcterms="http://purl.org/dc/terms/" xmlns:vCard="http://www.w3.org/2001/vcard-rdf/3.0#" xmlns:bqbiol="http://biomodels.net/biology-qualifiers/" xmlns:bqmodel="http://biomodels.net/model-qualifiers/">
            <rdf:Description rdf:about="#meta_C00032">
              <bqbiol:is>
                <rdf:Bag>
                  <rdf:li rdf:resource="urn:miriam:obo.chebi:CHEBI%3A17627"/>
                </rdf:Bag>
              </bqbiol:is>
              <bqbiol:isDescribedBy>
                <rdf:Bag>
                  <rdf:li rdf:resource="urn:miriam:pubmed:9847135"/>
                </rdf:Bag>
              </bqbiol:isDescribedBy>
            </rdf:Description>
          </rdf:RDF>
        </annotation>
      </species>
      <species metaid="meta_sce_YPL172C" id="sce_YPL172C" name="sce:YPL172C" compartment="c" boundaryCondition="true" sboTerm="SBO:0000252">
        <annotation>
          <rdf:RDF xmlns:rdf="http://www.w3.org/1999/02/22-rdf-syntax-ns#" xmlns:dc="http://purl.org/dc/elements/1.1/" xmlns:dcterms="http://purl.org/dc/terms/" xmlns:vCard="http://www.w3.org/2001/vcard-rdf/3.0#" xmlns:bqbiol="http://biomodels.net/biology-qualifiers/" xmlns:bqmodel="http://biomodels.net/model-qualifiers/">
            <rdf:Description rdf:about="#meta_sce_YPL172C">
              <bqbiol:isEncodedBy>
                <rdf:Bag>
                  <rdf:li rdf:resource="urn:miriam:kegg.genes:sce%3AYPL172C"/>
                </rdf:Bag>
              </bqbiol:isEncodedBy>
              <bqbiol:isDescribedBy>
                <rdf:Bag>
                  <rdf:li rdf:resource="urn:miriam:pubmed:9847135"/>
                </rdf:Bag>
              </bqbiol:isDescribedBy>
              <bqbiol:is>
                <rdf:Bag>
                  <rdf:li rdf:resource="urn:miriam:uniprot:P21592"/>
                </rdf:Bag>
              </bqbiol:is>
            </rdf:Description>
          </rdf:RDF>
        </annotation>
      </species>
      <species metaid="meta_C00448" id="C00448" name="2-trans,6-trans-farnesyl diphosphate" compartment="c" sboTerm="SBO:0000247">
        <annotation>
          <rdf:RDF xmlns:rdf="http://www.w3.org/1999/02/22-rdf-syntax-ns#" xmlns:dc="http://purl.org/dc/elements/1.1/" xmlns:dcterms="http://purl.org/dc/terms/" xmlns:vCard="http://www.w3.org/2001/vcard-rdf/3.0#" xmlns:bqbiol="http://biomodels.net/biology-qualifiers/" xmlns:bqmodel="http://biomodels.net/model-qualifiers/">
            <rdf:Description rdf:about="#meta_C00448">
              <bqbiol:is>
                <rdf:Bag>
                  <rdf:li rdf:resource="urn:miriam:obo.chebi:CHEBI%3A17407"/>
                </rdf:Bag>
              </bqbiol:is>
              <bqbiol:isDescribedBy>
                <rdf:Bag>
                  <rdf:li rdf:resource="urn:miriam:pubmed:9847135"/>
                </rdf:Bag>
              </bqbiol:isDescribedBy>
            </rdf:Description>
          </rdf:RDF>
        </annotation>
      </species>
      <species metaid="meta_C15672" id="C15672" name="heme o" compartment="c" sboTerm="SBO:0000247">
        <annotation>
          <rdf:RDF xmlns:rdf="http://www.w3.org/1999/02/22-rdf-syntax-ns#" xmlns:dc="http://purl.org/dc/elements/1.1/" xmlns:dcterms="http://purl.org/dc/terms/" xmlns:vCard="http://www.w3.org/2001/vcard-rdf/3.0#" xmlns:bqbiol="http://biomodels.net/biology-qualifiers/" xmlns:bqmodel="http://biomodels.net/model-qualifiers/">
            <rdf:Description rdf:about="#meta_C15672">
              <bqbiol:is>
                <rdf:Bag>
                  <rdf:li rdf:resource="urn:miriam:obo.chebi:CHEBI%3A24480"/>
                </rdf:Bag>
              </bqbiol:is>
              <bqbiol:isDescribedBy>
                <rdf:Bag>
                  <rdf:li rdf:resource="urn:miriam:pubmed:9847135"/>
                </rdf:Bag>
              </bqbiol:isDescribedBy>
            </rdf:Description>
          </rdf:RDF>
        </annotation>
      </species>
      <species metaid="meta_C00013" id="C00013" name="diphosphate(4-)" compartment="c" sboTerm="SBO:0000247">
        <annotation>
          <rdf:RDF xmlns:rdf="http://www.w3.org/1999/02/22-rdf-syntax-ns#" xmlns:dc="http://purl.org/dc/elements/1.1/" xmlns:dcterms="http://purl.org/dc/terms/" xmlns:vCard="http://www.w3.org/2001/vcard-rdf/3.0#" xmlns:bqbiol="http://biomodels.net/biology-qualifiers/" xmlns:bqmodel="http://biomodels.net/model-qualifiers/">
            <rdf:Description rdf:about="#meta_C00013">
              <bqbiol:is>
                <rdf:Bag>
                  <rdf:li rdf:resource="urn:miriam:obo.chebi:CHEBI%3A18361"/>
                  <rdf:li rdf:resource="urn:miriam:obo.chebi:CHEBI%3A29888"/>
                </rdf:Bag>
              </bqbiol:is>
              <bqbiol:isDescribedBy>
                <rdf:Bag>
                  <rdf:li rdf:resource="urn:miriam:pubmed:9847135"/>
                </rdf:Bag>
              </bqbiol:isDescribedBy>
            </rdf:Description>
          </rdf:RDF>
        </annotation>
      </species>
      <species metaid="meta_sce_YOR176W" id="sce_YOR176W" name="sce:YOR176W" compartment="c" boundaryCondition="true" sboTerm="SBO:0000252">
        <annotation>
          <rdf:RDF xmlns:rdf="http://www.w3.org/1999/02/22-rdf-syntax-ns#" xmlns:dc="http://purl.org/dc/elements/1.1/" xmlns:dcterms="http://purl.org/dc/terms/" xmlns:vCard="http://www.w3.org/2001/vcard-rdf/3.0#" xmlns:bqbiol="http://biomodels.net/biology-qualifiers/" xmlns:bqmodel="http://biomodels.net/model-qualifiers/">
            <rdf:Description rdf:about="#meta_sce_YOR176W">
              <bqbiol:isEncodedBy>
                <rdf:Bag>
                  <rdf:li rdf:resource="urn:miriam:kegg.genes:sce%3AYOR176W"/>
                </rdf:Bag>
              </bqbiol:isEncodedBy>
              <bqbiol:isDescribedBy>
                <rdf:Bag>
                  <rdf:li rdf:resource="urn:miriam:pubmed:9847135"/>
                </rdf:Bag>
              </bqbiol:isDescribedBy>
              <bqbiol:is>
                <rdf:Bag>
                  <rdf:li rdf:resource="urn:miriam:uniprot:P16622"/>
                </rdf:Bag>
              </bqbiol:is>
            </rdf:Description>
          </rdf:RDF>
        </annotation>
      </species>
      <species metaid="meta_C02191" id="C02191" name="protoporphyrin" compartment="c" sboTerm="SBO:0000247">
        <annotation>
          <rdf:RDF xmlns:rdf="http://www.w3.org/1999/02/22-rdf-syntax-ns#" xmlns:dc="http://purl.org/dc/elements/1.1/" xmlns:dcterms="http://purl.org/dc/terms/" xmlns:vCard="http://www.w3.org/2001/vcard-rdf/3.0#" xmlns:bqbiol="http://biomodels.net/biology-qualifiers/" xmlns:bqmodel="http://biomodels.net/model-qualifiers/">
            <rdf:Description rdf:about="#meta_C02191">
              <bqbiol:is>
                <rdf:Bag>
                  <rdf:li rdf:resource="urn:miriam:obo.chebi:CHEBI%3A15430"/>
                </rdf:Bag>
              </bqbiol:is>
              <bqbiol:isDescribedBy>
                <rdf:Bag>
                  <rdf:li rdf:resource="urn:miriam:pubmed:9847135"/>
                </rdf:Bag>
              </bqbiol:isDescribedBy>
            </rdf:Description>
          </rdf:RDF>
        </annotation>
      </species>
      <species metaid="meta_C14818" id="C14818" name="iron(2+)" compartment="c" sboTerm="SBO:0000247">
        <annotation>
          <rdf:RDF xmlns:rdf="http://www.w3.org/1999/02/22-rdf-syntax-ns#" xmlns:dc="http://purl.org/dc/elements/1.1/" xmlns:dcterms="http://purl.org/dc/terms/" xmlns:vCard="http://www.w3.org/2001/vcard-rdf/3.0#" xmlns:bqbiol="http://biomodels.net/biology-qualifiers/" xmlns:bqmodel="http://biomodels.net/model-qualifiers/">
            <rdf:Description rdf:about="#meta_C14818">
              <bqbiol:is>
                <rdf:Bag>
                  <rdf:li rdf:resource="urn:miriam:obo.chebi:CHEBI%3A29033"/>
                </rdf:Bag>
              </bqbiol:is>
              <bqbiol:isDescribedBy>
                <rdf:Bag>
                  <rdf:li rdf:resource="urn:miriam:pubmed:9847135"/>
                </rdf:Bag>
              </bqbiol:isDescribedBy>
            </rdf:Description>
          </rdf:RDF>
        </annotation>
      </species>
      <species metaid="meta_C00080" id="C00080" name="hydron" compartment="c" sboTerm="SBO:0000247">
        <annotation>
          <rdf:RDF xmlns:rdf="http://www.w3.org/1999/02/22-rdf-syntax-ns#" xmlns:dc="http://purl.org/dc/elements/1.1/" xmlns:dcterms="http://purl.org/dc/terms/" xmlns:vCard="http://www.w3.org/2001/vcard-rdf/3.0#" xmlns:bqbiol="http://biomodels.net/biology-qualifiers/" xmlns:bqmodel="http://biomodels.net/model-qualifiers/">
            <rdf:Description rdf:about="#meta_C00080">
              <bqbiol:is>
                <rdf:Bag>
                  <rdf:li rdf:resource="urn:miriam:obo.chebi:CHEBI%3A15378"/>
                </rdf:Bag>
              </bqbiol:is>
              <bqbiol:isDescribedBy>
                <rdf:Bag>
                  <rdf:li rdf:resource="urn:miriam:pubmed:9847135"/>
                </rdf:Bag>
              </bqbiol:isDescribedBy>
            </rdf:Description>
          </rdf:RDF>
        </annotation>
      </species>
      <species metaid="meta_sce_YER014W" id="sce_YER014W" name="sce:YER014W" compartment="c" boundaryCondition="true" sboTerm="SBO:0000252">
        <annotation>
          <rdf:RDF xmlns:rdf="http://www.w3.org/1999/02/22-rdf-syntax-ns#" xmlns:dc="http://purl.org/dc/elements/1.1/" xmlns:dcterms="http://purl.org/dc/terms/" xmlns:vCard="http://www.w3.org/2001/vcard-rdf/3.0#" xmlns:bqbiol="http://biomodels.net/biology-qualifiers/" xmlns:bqmodel="http://biomodels.net/model-qualifiers/">
            <rdf:Description rdf:about="#meta_sce_YER014W">
              <bqbiol:isEncodedBy>
                <rdf:Bag>
                  <rdf:li rdf:resource="urn:miriam:kegg.genes:sce%3AYER014W"/>
                </rdf:Bag>
              </bqbiol:isEncodedBy>
              <bqbiol:isDescribedBy>
                <rdf:Bag>
                  <rdf:li rdf:resource="urn:miriam:pubmed:9847135"/>
                </rdf:Bag>
              </bqbiol:isDescribedBy>
              <bqbiol:is>
                <rdf:Bag>
                  <rdf:li rdf:resource="urn:miriam:uniprot:P40012"/>
                </rdf:Bag>
              </bqbiol:is>
            </rdf:Description>
          </rdf:RDF>
        </annotation>
      </species>
      <species metaid="meta_C00027" id="C00027" name="hydrogen peroxide" compartment="c" sboTerm="SBO:0000247">
        <annotation>
          <rdf:RDF xmlns:rdf="http://www.w3.org/1999/02/22-rdf-syntax-ns#" xmlns:dc="http://purl.org/dc/elements/1.1/" xmlns:dcterms="http://purl.org/dc/terms/" xmlns:vCard="http://www.w3.org/2001/vcard-rdf/3.0#" xmlns:bqbiol="http://biomodels.net/biology-qualifiers/" xmlns:bqmodel="http://biomodels.net/model-qualifiers/">
            <rdf:Description rdf:about="#meta_C00027">
              <bqbiol:is>
                <rdf:Bag>
                  <rdf:li rdf:resource="urn:miriam:obo.chebi:CHEBI%3A16240"/>
                </rdf:Bag>
              </bqbiol:is>
              <bqbiol:isDescribedBy>
                <rdf:Bag>
                  <rdf:li rdf:resource="urn:miriam:pubmed:9847135"/>
                </rdf:Bag>
              </bqbiol:isDescribedBy>
            </rdf:Description>
          </rdf:RDF>
        </annotation>
      </species>
      <species metaid="meta_sce_YDR047W" id="sce_YDR047W" name="sce:YDR047W" compartment="c" boundaryCondition="true" sboTerm="SBO:0000252">
        <annotation>
          <rdf:RDF xmlns:rdf="http://www.w3.org/1999/02/22-rdf-syntax-ns#" xmlns:dc="http://purl.org/dc/elements/1.1/" xmlns:dcterms="http://purl.org/dc/terms/" xmlns:vCard="http://www.w3.org/2001/vcard-rdf/3.0#" xmlns:bqbiol="http://biomodels.net/biology-qualifiers/" xmlns:bqmodel="http://biomodels.net/model-qualifiers/">
            <rdf:Description rdf:about="#meta_sce_YDR047W">
              <bqbiol:isEncodedBy>
                <rdf:Bag>
                  <rdf:li rdf:resource="urn:miriam:kegg.genes:sce%3AYDR047W"/>
                </rdf:Bag>
              </bqbiol:isEncodedBy>
              <bqbiol:isDescribedBy>
                <rdf:Bag>
                  <rdf:li rdf:resource="urn:miriam:pubmed:9847135"/>
                </rdf:Bag>
              </bqbiol:isDescribedBy>
              <bqbiol:is>
                <rdf:Bag>
                  <rdf:li rdf:resource="urn:miriam:uniprot:P32347"/>
                </rdf:Bag>
              </bqbiol:is>
            </rdf:Description>
          </rdf:RDF>
        </annotation>
      </species>
      <species metaid="meta_C01051" id="C01051" name="uroporphyrinogen III" compartment="c" sboTerm="SBO:0000247">
        <annotation>
          <rdf:RDF xmlns:rdf="http://www.w3.org/1999/02/22-rdf-syntax-ns#" xmlns:dc="http://purl.org/dc/elements/1.1/" xmlns:dcterms="http://purl.org/dc/terms/" xmlns:vCard="http://www.w3.org/2001/vcard-rdf/3.0#" xmlns:bqbiol="http://biomodels.net/biology-qualifiers/" xmlns:bqmodel="http://biomodels.net/model-qualifiers/">
            <rdf:Description rdf:about="#meta_C01051">
              <bqbiol:is>
                <rdf:Bag>
                  <rdf:li rdf:resource="urn:miriam:obo.chebi:CHEBI%3A15437"/>
                </rdf:Bag>
              </bqbiol:is>
              <bqbiol:isDescribedBy>
                <rdf:Bag>
                  <rdf:li rdf:resource="urn:miriam:pubmed:9847135"/>
                </rdf:Bag>
              </bqbiol:isDescribedBy>
            </rdf:Description>
          </rdf:RDF>
        </annotation>
      </species>
      <species metaid="meta_sce_YOR278W" id="sce_YOR278W" name="sce:YOR278W" compartment="c" boundaryCondition="true" sboTerm="SBO:0000252">
        <annotation>
          <rdf:RDF xmlns:rdf="http://www.w3.org/1999/02/22-rdf-syntax-ns#" xmlns:dc="http://purl.org/dc/elements/1.1/" xmlns:dcterms="http://purl.org/dc/terms/" xmlns:vCard="http://www.w3.org/2001/vcard-rdf/3.0#" xmlns:bqbiol="http://biomodels.net/biology-qualifiers/" xmlns:bqmodel="http://biomodels.net/model-qualifiers/">
            <rdf:Description rdf:about="#meta_sce_YOR278W">
              <bqbiol:isEncodedBy>
                <rdf:Bag>
                  <rdf:li rdf:resource="urn:miriam:kegg.genes:sce%3AYOR278W"/>
                </rdf:Bag>
              </bqbiol:isEncodedBy>
              <bqbiol:isDescribedBy>
                <rdf:Bag>
                  <rdf:li rdf:resource="urn:miriam:pubmed:9847135"/>
                </rdf:Bag>
              </bqbiol:isDescribedBy>
              <bqbiol:is>
                <rdf:Bag>
                  <rdf:li rdf:resource="urn:miriam:uniprot:P06174"/>
                </rdf:Bag>
              </bqbiol:is>
            </rdf:Description>
          </rdf:RDF>
        </annotation>
      </species>
      <species metaid="meta_C01024" id="C01024" name="preuroporphyrinogen" compartment="c" sboTerm="SBO:0000247">
        <annotation>
          <rdf:RDF xmlns:rdf="http://www.w3.org/1999/02/22-rdf-syntax-ns#" xmlns:dc="http://purl.org/dc/elements/1.1/" xmlns:dcterms="http://purl.org/dc/terms/" xmlns:vCard="http://www.w3.org/2001/vcard-rdf/3.0#" xmlns:bqbiol="http://biomodels.net/biology-qualifiers/" xmlns:bqmodel="http://biomodels.net/model-qualifiers/">
            <rdf:Description rdf:about="#meta_C01024">
              <bqbiol:is>
                <rdf:Bag>
                  <rdf:li rdf:resource="urn:miriam:obo.chebi:CHEBI%3A16645"/>
                </rdf:Bag>
              </bqbiol:is>
              <bqbiol:isDescribedBy>
                <rdf:Bag>
                  <rdf:li rdf:resource="urn:miriam:pubmed:9847135"/>
                </rdf:Bag>
              </bqbiol:isDescribedBy>
            </rdf:Description>
          </rdf:RDF>
        </annotation>
      </species>
      <species metaid="meta_sce_YKR069W" id="sce_YKR069W" name="sce:YKR069W" compartment="c" boundaryCondition="true" sboTerm="SBO:0000252">
        <annotation>
          <rdf:RDF xmlns:rdf="http://www.w3.org/1999/02/22-rdf-syntax-ns#" xmlns:dc="http://purl.org/dc/elements/1.1/" xmlns:dcterms="http://purl.org/dc/terms/" xmlns:vCard="http://www.w3.org/2001/vcard-rdf/3.0#" xmlns:bqbiol="http://biomodels.net/biology-qualifiers/" xmlns:bqmodel="http://biomodels.net/model-qualifiers/">
            <rdf:Description rdf:about="#meta_sce_YKR069W">
              <bqbiol:isEncodedBy>
                <rdf:Bag>
                  <rdf:li rdf:resource="urn:miriam:kegg.genes:sce%3AYKR069W"/>
                </rdf:Bag>
              </bqbiol:isEncodedBy>
              <bqbiol:isDescribedBy>
                <rdf:Bag>
                  <rdf:li rdf:resource="urn:miriam:pubmed:9847135"/>
                </rdf:Bag>
              </bqbiol:isDescribedBy>
              <bqbiol:is>
                <rdf:Bag>
                  <rdf:li rdf:resource="urn:miriam:uniprot:P36150"/>
                </rdf:Bag>
              </bqbiol:is>
            </rdf:Description>
          </rdf:RDF>
        </annotation>
      </species>
      <species metaid="meta_C00019" id="C00019" name="S-adenosyl-L-methionine" compartment="c" sboTerm="SBO:0000247">
        <annotation>
          <rdf:RDF xmlns:rdf="http://www.w3.org/1999/02/22-rdf-syntax-ns#" xmlns:dc="http://purl.org/dc/elements/1.1/" xmlns:dcterms="http://purl.org/dc/terms/" xmlns:vCard="http://www.w3.org/2001/vcard-rdf/3.0#" xmlns:bqbiol="http://biomodels.net/biology-qualifiers/" xmlns:bqmodel="http://biomodels.net/model-qualifiers/">
            <rdf:Description rdf:about="#meta_C00019">
              <bqbiol:is>
                <rdf:Bag>
                  <rdf:li rdf:resource="urn:miriam:obo.chebi:CHEBI%3A15414"/>
                </rdf:Bag>
              </bqbiol:is>
              <bqbiol:isDescribedBy>
                <rdf:Bag>
                  <rdf:li rdf:resource="urn:miriam:pubmed:9847135"/>
                </rdf:Bag>
              </bqbiol:isDescribedBy>
            </rdf:Description>
          </rdf:RDF>
        </annotation>
      </species>
      <species metaid="meta_C00021" id="C00021" name="S-adenosyl-L-homocysteine" compartment="c" sboTerm="SBO:0000247">
        <annotation>
          <rdf:RDF xmlns:rdf="http://www.w3.org/1999/02/22-rdf-syntax-ns#" xmlns:dc="http://purl.org/dc/elements/1.1/" xmlns:dcterms="http://purl.org/dc/terms/" xmlns:vCard="http://www.w3.org/2001/vcard-rdf/3.0#" xmlns:bqbiol="http://biomodels.net/biology-qualifiers/" xmlns:bqmodel="http://biomodels.net/model-qualifiers/">
            <rdf:Description rdf:about="#meta_C00021">
              <bqbiol:is>
                <rdf:Bag>
                  <rdf:li rdf:resource="urn:miriam:obo.chebi:CHEBI%3A16680"/>
                </rdf:Bag>
              </bqbiol:is>
              <bqbiol:isDescribedBy>
                <rdf:Bag>
                  <rdf:li rdf:resource="urn:miriam:pubmed:9847135"/>
                </rdf:Bag>
              </bqbiol:isDescribedBy>
            </rdf:Description>
          </rdf:RDF>
        </annotation>
      </species>
      <species metaid="meta_C02463" id="C02463" name="precorrin-2" compartment="c" sboTerm="SBO:0000247">
        <annotation>
          <rdf:RDF xmlns:rdf="http://www.w3.org/1999/02/22-rdf-syntax-ns#" xmlns:dc="http://purl.org/dc/elements/1.1/" xmlns:dcterms="http://purl.org/dc/terms/" xmlns:vCard="http://www.w3.org/2001/vcard-rdf/3.0#" xmlns:bqbiol="http://biomodels.net/biology-qualifiers/" xmlns:bqmodel="http://biomodels.net/model-qualifiers/">
            <rdf:Description rdf:about="#meta_C02463">
              <bqbiol:is>
                <rdf:Bag>
                  <rdf:li rdf:resource="urn:miriam:obo.chebi:CHEBI%3A50602"/>
                </rdf:Bag>
              </bqbiol:is>
              <bqbiol:isDescribedBy>
                <rdf:Bag>
                  <rdf:li rdf:resource="urn:miriam:pubmed:9847135"/>
                </rdf:Bag>
              </bqbiol:isDescribedBy>
            </rdf:Description>
          </rdf:RDF>
        </annotation>
      </species>
      <species metaid="meta_C05766" id="C05766" name="uroporphyrinogen I" compartment="c" sboTerm="SBO:0000247">
        <annotation>
          <rdf:RDF xmlns:rdf="http://www.w3.org/1999/02/22-rdf-syntax-ns#" xmlns:dc="http://purl.org/dc/elements/1.1/" xmlns:dcterms="http://purl.org/dc/terms/" xmlns:vCard="http://www.w3.org/2001/vcard-rdf/3.0#" xmlns:bqbiol="http://biomodels.net/biology-qualifiers/" xmlns:bqmodel="http://biomodels.net/model-qualifiers/">
            <rdf:Description rdf:about="#meta_C05766">
              <bqbiol:is>
                <rdf:Bag>
                  <rdf:li rdf:resource="urn:miriam:obo.chebi:CHEBI%3A28766"/>
                </rdf:Bag>
              </bqbiol:is>
              <bqbiol:isDescribedBy>
                <rdf:Bag>
                  <rdf:li rdf:resource="urn:miriam:pubmed:9847135"/>
                </rdf:Bag>
              </bqbiol:isDescribedBy>
            </rdf:Description>
          </rdf:RDF>
        </annotation>
      </species>
      <species metaid="meta_C05768" id="C05768" name="coproporphyrinogen I" compartment="c" sboTerm="SBO:0000247">
        <annotation>
          <rdf:RDF xmlns:rdf="http://www.w3.org/1999/02/22-rdf-syntax-ns#" xmlns:dc="http://purl.org/dc/elements/1.1/" xmlns:dcterms="http://purl.org/dc/terms/" xmlns:vCard="http://www.w3.org/2001/vcard-rdf/3.0#" xmlns:bqbiol="http://biomodels.net/biology-qualifiers/" xmlns:bqmodel="http://biomodels.net/model-qualifiers/">
            <rdf:Description rdf:about="#meta_C05768">
              <bqbiol:is>
                <rdf:Bag>
                  <rdf:li rdf:resource="urn:miriam:obo.chebi:CHEBI%3A28607"/>
                </rdf:Bag>
              </bqbiol:is>
              <bqbiol:isDescribedBy>
                <rdf:Bag>
                  <rdf:li rdf:resource="urn:miriam:pubmed:9847135"/>
                </rdf:Bag>
              </bqbiol:isDescribedBy>
            </rdf:Description>
          </rdf:RDF>
        </annotation>
      </species>
      <species metaid="meta_sce_YDL205C" id="sce_YDL205C" name="sce:YDL205C" compartment="c" boundaryCondition="true" sboTerm="SBO:0000252">
        <annotation>
          <rdf:RDF xmlns:rdf="http://www.w3.org/1999/02/22-rdf-syntax-ns#" xmlns:dc="http://purl.org/dc/elements/1.1/" xmlns:dcterms="http://purl.org/dc/terms/" xmlns:vCard="http://www.w3.org/2001/vcard-rdf/3.0#" xmlns:bqbiol="http://biomodels.net/biology-qualifiers/" xmlns:bqmodel="http://biomodels.net/model-qualifiers/">
            <rdf:Description rdf:about="#meta_sce_YDL205C">
              <bqbiol:isEncodedBy>
                <rdf:Bag>
                  <rdf:li rdf:resource="urn:miriam:kegg.genes:sce%3AYDL205C"/>
                </rdf:Bag>
              </bqbiol:isEncodedBy>
              <bqbiol:isDescribedBy>
                <rdf:Bag>
                  <rdf:li rdf:resource="urn:miriam:pubmed:9847135"/>
                </rdf:Bag>
              </bqbiol:isDescribedBy>
              <bqbiol:is>
                <rdf:Bag>
                  <rdf:li rdf:resource="urn:miriam:uniprot:P28789"/>
                </rdf:Bag>
              </bqbiol:is>
            </rdf:Description>
          </rdf:RDF>
        </annotation>
      </species>
      <species metaid="meta_C00931" id="C00931" name="porphobilinogen" compartment="c" sboTerm="SBO:0000247">
        <annotation>
          <rdf:RDF xmlns:rdf="http://www.w3.org/1999/02/22-rdf-syntax-ns#" xmlns:dc="http://purl.org/dc/elements/1.1/" xmlns:dcterms="http://purl.org/dc/terms/" xmlns:vCard="http://www.w3.org/2001/vcard-rdf/3.0#" xmlns:bqbiol="http://biomodels.net/biology-qualifiers/" xmlns:bqmodel="http://biomodels.net/model-qualifiers/">
            <rdf:Description rdf:about="#meta_C00931">
              <bqbiol:is>
                <rdf:Bag>
                  <rdf:li rdf:resource="urn:miriam:obo.chebi:CHEBI%3A17381"/>
                </rdf:Bag>
              </bqbiol:is>
              <bqbiol:isDescribedBy>
                <rdf:Bag>
                  <rdf:li rdf:resource="urn:miriam:pubmed:9847135"/>
                </rdf:Bag>
              </bqbiol:isDescribedBy>
            </rdf:Description>
          </rdf:RDF>
        </annotation>
      </species>
      <species metaid="meta_C00014" id="C00014" name="ammonia" compartment="c" sboTerm="SBO:0000247">
        <annotation>
          <rdf:RDF xmlns:rdf="http://www.w3.org/1999/02/22-rdf-syntax-ns#" xmlns:dc="http://purl.org/dc/elements/1.1/" xmlns:dcterms="http://purl.org/dc/terms/" xmlns:vCard="http://www.w3.org/2001/vcard-rdf/3.0#" xmlns:bqbiol="http://biomodels.net/biology-qualifiers/" xmlns:bqmodel="http://biomodels.net/model-qualifiers/">
            <rdf:Description rdf:about="#meta_C00014">
              <bqbiol:is>
                <rdf:Bag>
                  <rdf:li rdf:resource="urn:miriam:obo.chebi:CHEBI%3A16134"/>
                </rdf:Bag>
              </bqbiol:is>
              <bqbiol:isDescribedBy>
                <rdf:Bag>
                  <rdf:li rdf:resource="urn:miriam:pubmed:9847135"/>
                </rdf:Bag>
              </bqbiol:isDescribedBy>
            </rdf:Description>
          </rdf:RDF>
        </annotation>
      </species>
      <species metaid="meta_sce_YGL040C" id="sce_YGL040C" name="sce:YGL040C" compartment="c" boundaryCondition="true" sboTerm="SBO:0000252">
        <annotation>
          <rdf:RDF xmlns:rdf="http://www.w3.org/1999/02/22-rdf-syntax-ns#" xmlns:dc="http://purl.org/dc/elements/1.1/" xmlns:dcterms="http://purl.org/dc/terms/" xmlns:vCard="http://www.w3.org/2001/vcard-rdf/3.0#" xmlns:bqbiol="http://biomodels.net/biology-qualifiers/" xmlns:bqmodel="http://biomodels.net/model-qualifiers/">
            <rdf:Description rdf:about="#meta_sce_YGL040C">
              <bqbiol:isEncodedBy>
                <rdf:Bag>
                  <rdf:li rdf:resource="urn:miriam:kegg.genes:sce%3AYGL040C"/>
                </rdf:Bag>
              </bqbiol:isEncodedBy>
              <bqbiol:isDescribedBy>
                <rdf:Bag>
                  <rdf:li rdf:resource="urn:miriam:pubmed:9847135"/>
                </rdf:Bag>
              </bqbiol:isDescribedBy>
              <bqbiol:is>
                <rdf:Bag>
                  <rdf:li rdf:resource="urn:miriam:uniprot:P05373"/>
                </rdf:Bag>
              </bqbiol:is>
            </rdf:Description>
          </rdf:RDF>
        </annotation>
      </species>
      <species metaid="meta_C00430" id="C00430" name="5-aminolevulinic acid" compartment="c" sboTerm="SBO:0000247">
        <annotation>
          <rdf:RDF xmlns:rdf="http://www.w3.org/1999/02/22-rdf-syntax-ns#" xmlns:dc="http://purl.org/dc/elements/1.1/" xmlns:dcterms="http://purl.org/dc/terms/" xmlns:vCard="http://www.w3.org/2001/vcard-rdf/3.0#" xmlns:bqbiol="http://biomodels.net/biology-qualifiers/" xmlns:bqmodel="http://biomodels.net/model-qualifiers/">
            <rdf:Description rdf:about="#meta_C00430">
              <bqbiol:is>
                <rdf:Bag>
                  <rdf:li rdf:resource="urn:miriam:obo.chebi:CHEBI%3A17549"/>
                </rdf:Bag>
              </bqbiol:is>
              <bqbiol:isDescribedBy>
                <rdf:Bag>
                  <rdf:li rdf:resource="urn:miriam:pubmed:9847135"/>
                </rdf:Bag>
              </bqbiol:isDescribedBy>
            </rdf:Description>
          </rdf:RDF>
        </annotation>
      </species>
      <species metaid="meta_sce_YDR232W" id="sce_YDR232W" name="sce:YDR232W" compartment="c" boundaryCondition="true" sboTerm="SBO:0000252">
        <annotation>
          <rdf:RDF xmlns:rdf="http://www.w3.org/1999/02/22-rdf-syntax-ns#" xmlns:dc="http://purl.org/dc/elements/1.1/" xmlns:dcterms="http://purl.org/dc/terms/" xmlns:vCard="http://www.w3.org/2001/vcard-rdf/3.0#" xmlns:bqbiol="http://biomodels.net/biology-qualifiers/" xmlns:bqmodel="http://biomodels.net/model-qualifiers/">
            <rdf:Description rdf:about="#meta_sce_YDR232W">
              <bqbiol:isEncodedBy>
                <rdf:Bag>
                  <rdf:li rdf:resource="urn:miriam:kegg.genes:sce%3AYDR232W"/>
                </rdf:Bag>
              </bqbiol:isEncodedBy>
              <bqbiol:isDescribedBy>
                <rdf:Bag>
                  <rdf:li rdf:resource="urn:miriam:pubmed:9847135"/>
                </rdf:Bag>
              </bqbiol:isDescribedBy>
              <bqbiol:is>
                <rdf:Bag>
                  <rdf:li rdf:resource="urn:miriam:uniprot:P09950"/>
                </rdf:Bag>
              </bqbiol:is>
            </rdf:Description>
          </rdf:RDF>
        </annotation>
      </species>
      <species metaid="meta_C00091" id="C00091" name="succinyl-CoA" compartment="c" sboTerm="SBO:0000247">
        <annotation>
          <rdf:RDF xmlns:rdf="http://www.w3.org/1999/02/22-rdf-syntax-ns#" xmlns:dc="http://purl.org/dc/elements/1.1/" xmlns:dcterms="http://purl.org/dc/terms/" xmlns:vCard="http://www.w3.org/2001/vcard-rdf/3.0#" xmlns:bqbiol="http://biomodels.net/biology-qualifiers/" xmlns:bqmodel="http://biomodels.net/model-qualifiers/">
            <rdf:Description rdf:about="#meta_C00091">
              <bqbiol:is>
                <rdf:Bag>
                  <rdf:li rdf:resource="urn:miriam:obo.chebi:CHEBI%3A15380"/>
                </rdf:Bag>
              </bqbiol:is>
              <bqbiol:isDescribedBy>
                <rdf:Bag>
                  <rdf:li rdf:resource="urn:miriam:pubmed:9847135"/>
                </rdf:Bag>
              </bqbiol:isDescribedBy>
            </rdf:Description>
          </rdf:RDF>
        </annotation>
      </species>
      <species metaid="meta_C00037" id="C00037" name="glycine" compartment="c" sboTerm="SBO:0000247">
        <annotation>
          <rdf:RDF xmlns:rdf="http://www.w3.org/1999/02/22-rdf-syntax-ns#" xmlns:dc="http://purl.org/dc/elements/1.1/" xmlns:dcterms="http://purl.org/dc/terms/" xmlns:vCard="http://www.w3.org/2001/vcard-rdf/3.0#" xmlns:bqbiol="http://biomodels.net/biology-qualifiers/" xmlns:bqmodel="http://biomodels.net/model-qualifiers/">
            <rdf:Description rdf:about="#meta_C00037">
              <bqbiol:is>
                <rdf:Bag>
                  <rdf:li rdf:resource="urn:miriam:obo.chebi:CHEBI%3A15428"/>
                </rdf:Bag>
              </bqbiol:is>
              <bqbiol:isDescribedBy>
                <rdf:Bag>
                  <rdf:li rdf:resource="urn:miriam:pubmed:9847135"/>
                </rdf:Bag>
              </bqbiol:isDescribedBy>
            </rdf:Description>
          </rdf:RDF>
        </annotation>
      </species>
      <species metaid="meta_C00010" id="C00010" name="coenzyme A" compartment="c" sboTerm="SBO:0000247">
        <annotation>
          <rdf:RDF xmlns:rdf="http://www.w3.org/1999/02/22-rdf-syntax-ns#" xmlns:dc="http://purl.org/dc/elements/1.1/" xmlns:dcterms="http://purl.org/dc/terms/" xmlns:vCard="http://www.w3.org/2001/vcard-rdf/3.0#" xmlns:bqbiol="http://biomodels.net/biology-qualifiers/" xmlns:bqmodel="http://biomodels.net/model-qualifiers/">
            <rdf:Description rdf:about="#meta_C00010">
              <bqbiol:is>
                <rdf:Bag>
                  <rdf:li rdf:resource="urn:miriam:obo.chebi:CHEBI%3A15346"/>
                </rdf:Bag>
              </bqbiol:is>
              <bqbiol:isDescribedBy>
                <rdf:Bag>
                  <rdf:li rdf:resource="urn:miriam:pubmed:9847135"/>
                </rdf:Bag>
              </bqbiol:isDescribedBy>
            </rdf:Description>
          </rdf:RDF>
        </annotation>
      </species>
      <species metaid="meta_sce_YGL245W" id="sce_YGL245W" name="sce:YGL245W" compartment="c" boundaryCondition="true" sboTerm="SBO:0000252">
        <annotation>
          <rdf:RDF xmlns:rdf="http://www.w3.org/1999/02/22-rdf-syntax-ns#" xmlns:dc="http://purl.org/dc/elements/1.1/" xmlns:dcterms="http://purl.org/dc/terms/" xmlns:vCard="http://www.w3.org/2001/vcard-rdf/3.0#" xmlns:bqbiol="http://biomodels.net/biology-qualifiers/" xmlns:bqmodel="http://biomodels.net/model-qualifiers/">
            <rdf:Description rdf:about="#meta_sce_YGL245W">
              <bqbiol:isEncodedBy>
                <rdf:Bag>
                  <rdf:li rdf:resource="urn:miriam:kegg.genes:sce%3AYGL245W"/>
                </rdf:Bag>
              </bqbiol:isEncodedBy>
              <bqbiol:isDescribedBy>
                <rdf:Bag>
                  <rdf:li rdf:resource="urn:miriam:pubmed:9847135"/>
                </rdf:Bag>
              </bqbiol:isDescribedBy>
              <bqbiol:is>
                <rdf:Bag>
                  <rdf:li rdf:resource="urn:miriam:uniprot:P46655"/>
                </rdf:Bag>
              </bqbiol:is>
            </rdf:Description>
          </rdf:RDF>
        </annotation>
      </species>
      <species metaid="meta_sce_YOL033W" id="sce_YOL033W" name="sce:YOL033W" compartment="c" boundaryCondition="true" sboTerm="SBO:0000252">
        <annotation>
          <rdf:RDF xmlns:rdf="http://www.w3.org/1999/02/22-rdf-syntax-ns#" xmlns:dc="http://purl.org/dc/elements/1.1/" xmlns:dcterms="http://purl.org/dc/terms/" xmlns:vCard="http://www.w3.org/2001/vcard-rdf/3.0#" xmlns:bqbiol="http://biomodels.net/biology-qualifiers/" xmlns:bqmodel="http://biomodels.net/model-qualifiers/">
            <rdf:Description rdf:about="#meta_sce_YOL033W">
              <bqbiol:isEncodedBy>
                <rdf:Bag>
                  <rdf:li rdf:resource="urn:miriam:kegg.genes:sce%3AYOL033W"/>
                </rdf:Bag>
              </bqbiol:isEncodedBy>
              <bqbiol:isDescribedBy>
                <rdf:Bag>
                  <rdf:li rdf:resource="urn:miriam:pubmed:9847135"/>
                </rdf:Bag>
              </bqbiol:isDescribedBy>
              <bqbiol:is>
                <rdf:Bag>
                  <rdf:li rdf:resource="urn:miriam:uniprot:P48525"/>
                </rdf:Bag>
              </bqbiol:is>
            </rdf:Description>
          </rdf:RDF>
        </annotation>
      </species>
      <species metaid="meta_C01641" id="C01641" name="tRNA(Glu)" compartment="c" sboTerm="SBO:0000247">
        <annotation>
          <rdf:RDF xmlns:rdf="http://www.w3.org/1999/02/22-rdf-syntax-ns#" xmlns:dc="http://purl.org/dc/elements/1.1/" xmlns:dcterms="http://purl.org/dc/terms/" xmlns:vCard="http://www.w3.org/2001/vcard-rdf/3.0#" xmlns:bqbiol="http://biomodels.net/biology-qualifiers/" xmlns:bqmodel="http://biomodels.net/model-qualifiers/">
            <rdf:Description rdf:about="#meta_C01641">
              <bqbiol:is>
                <rdf:Bag>
                  <rdf:li rdf:resource="urn:miriam:obo.chebi:CHEBI%3A29175"/>
                </rdf:Bag>
              </bqbiol:is>
              <bqbiol:isDescribedBy>
                <rdf:Bag>
                  <rdf:li rdf:resource="urn:miriam:pubmed:9847135"/>
                </rdf:Bag>
              </bqbiol:isDescribedBy>
            </rdf:Description>
          </rdf:RDF>
        </annotation>
      </species>
      <species metaid="meta_C00025" id="C00025" name="L-glutamic acid" compartment="c" sboTerm="SBO:0000247">
        <annotation>
          <rdf:RDF xmlns:rdf="http://www.w3.org/1999/02/22-rdf-syntax-ns#" xmlns:dc="http://purl.org/dc/elements/1.1/" xmlns:dcterms="http://purl.org/dc/terms/" xmlns:vCard="http://www.w3.org/2001/vcard-rdf/3.0#" xmlns:bqbiol="http://biomodels.net/biology-qualifiers/" xmlns:bqmodel="http://biomodels.net/model-qualifiers/">
            <rdf:Description rdf:about="#meta_C00025">
              <bqbiol:is>
                <rdf:Bag>
                  <rdf:li rdf:resource="urn:miriam:obo.chebi:CHEBI%3A16015"/>
                </rdf:Bag>
              </bqbiol:is>
              <bqbiol:isDescribedBy>
                <rdf:Bag>
                  <rdf:li rdf:resource="urn:miriam:pubmed:9847135"/>
                </rdf:Bag>
              </bqbiol:isDescribedBy>
            </rdf:Description>
          </rdf:RDF>
        </annotation>
      </species>
      <species metaid="meta_C00002" id="C00002" name="ATP" compartment="c" sboTerm="SBO:0000247">
        <annotation>
          <rdf:RDF xmlns:rdf="http://www.w3.org/1999/02/22-rdf-syntax-ns#" xmlns:dc="http://purl.org/dc/elements/1.1/" xmlns:dcterms="http://purl.org/dc/terms/" xmlns:vCard="http://www.w3.org/2001/vcard-rdf/3.0#" xmlns:bqbiol="http://biomodels.net/biology-qualifiers/" xmlns:bqmodel="http://biomodels.net/model-qualifiers/">
            <rdf:Description rdf:about="#meta_C00002">
              <bqbiol:is>
                <rdf:Bag>
                  <rdf:li rdf:resource="urn:miriam:obo.chebi:CHEBI%3A15422"/>
                </rdf:Bag>
              </bqbiol:is>
              <bqbiol:isDescribedBy>
                <rdf:Bag>
                  <rdf:li rdf:resource="urn:miriam:pubmed:9847135"/>
                </rdf:Bag>
              </bqbiol:isDescribedBy>
            </rdf:Description>
          </rdf:RDF>
        </annotation>
      </species>
      <species metaid="meta_C02987" id="C02987" name="Glu-tRNA(Glu)" compartment="c" sboTerm="SBO:0000247">
        <annotation>
          <rdf:RDF xmlns:rdf="http://www.w3.org/1999/02/22-rdf-syntax-ns#" xmlns:dc="http://purl.org/dc/elements/1.1/" xmlns:dcterms="http://purl.org/dc/terms/" xmlns:vCard="http://www.w3.org/2001/vcard-rdf/3.0#" xmlns:bqbiol="http://biomodels.net/biology-qualifiers/" xmlns:bqmodel="http://biomodels.net/model-qualifiers/">
            <rdf:Description rdf:about="#meta_C02987">
              <bqbiol:is>
                <rdf:Bag>
                  <rdf:li rdf:resource="urn:miriam:obo.chebi:CHEBI%3A29157"/>
                </rdf:Bag>
              </bqbiol:is>
              <bqbiol:isDescribedBy>
                <rdf:Bag>
                  <rdf:li rdf:resource="urn:miriam:pubmed:9847135"/>
                </rdf:Bag>
              </bqbiol:isDescribedBy>
            </rdf:Description>
          </rdf:RDF>
        </annotation>
      </species>
      <species metaid="meta_C00020" id="C00020" name="AMP" compartment="c" sboTerm="SBO:0000247">
        <annotation>
          <rdf:RDF xmlns:rdf="http://www.w3.org/1999/02/22-rdf-syntax-ns#" xmlns:dc="http://purl.org/dc/elements/1.1/" xmlns:dcterms="http://purl.org/dc/terms/" xmlns:vCard="http://www.w3.org/2001/vcard-rdf/3.0#" xmlns:bqbiol="http://biomodels.net/biology-qualifiers/" xmlns:bqmodel="http://biomodels.net/model-qualifiers/">
            <rdf:Description rdf:about="#meta_C00020">
              <bqbiol:is>
                <rdf:Bag>
                  <rdf:li rdf:resource="urn:miriam:obo.chebi:CHEBI%3A16027"/>
                </rdf:Bag>
              </bqbiol:is>
              <bqbiol:isDescribedBy>
                <rdf:Bag>
                  <rdf:li rdf:resource="urn:miriam:pubmed:9847135"/>
                </rdf:Bag>
              </bqbiol:isDescribedBy>
            </rdf:Description>
          </rdf:RDF>
        </annotation>
      </species>
      <species metaid="meta_sce_YBR213W" id="sce_YBR213W" name="sce:YBR213W" compartment="c" boundaryCondition="true" sboTerm="SBO:0000252">
        <annotation>
          <rdf:RDF xmlns:rdf="http://www.w3.org/1999/02/22-rdf-syntax-ns#" xmlns:dc="http://purl.org/dc/elements/1.1/" xmlns:dcterms="http://purl.org/dc/terms/" xmlns:vCard="http://www.w3.org/2001/vcard-rdf/3.0#" xmlns:bqbiol="http://biomodels.net/biology-qualifiers/" xmlns:bqmodel="http://biomodels.net/model-qualifiers/">
            <rdf:Description rdf:about="#meta_sce_YBR213W">
              <bqbiol:isEncodedBy>
                <rdf:Bag>
                  <rdf:li rdf:resource="urn:miriam:kegg.genes:sce%3AYBR213W"/>
                </rdf:Bag>
              </bqbiol:isEncodedBy>
              <bqbiol:isDescribedBy>
                <rdf:Bag>
                  <rdf:li rdf:resource="urn:miriam:pubmed:9847135"/>
                </rdf:Bag>
              </bqbiol:isDescribedBy>
              <bqbiol:is>
                <rdf:Bag>
                  <rdf:li rdf:resource="urn:miriam:uniprot:P15807"/>
                </rdf:Bag>
              </bqbiol:is>
            </rdf:Description>
          </rdf:RDF>
        </annotation>
      </species>
      <species metaid="meta_C00748" id="C00748" name="siroheme" compartment="c" sboTerm="SBO:0000247">
        <annotation>
          <rdf:RDF xmlns:rdf="http://www.w3.org/1999/02/22-rdf-syntax-ns#" xmlns:dc="http://purl.org/dc/elements/1.1/" xmlns:dcterms="http://purl.org/dc/terms/" xmlns:vCard="http://www.w3.org/2001/vcard-rdf/3.0#" xmlns:bqbiol="http://biomodels.net/biology-qualifiers/" xmlns:bqmodel="http://biomodels.net/model-qualifiers/">
            <rdf:Description rdf:about="#meta_C00748">
              <bqbiol:is>
                <rdf:Bag>
                  <rdf:li rdf:resource="urn:miriam:obo.chebi:CHEBI%3A28599"/>
                </rdf:Bag>
              </bqbiol:is>
              <bqbiol:isDescribedBy>
                <rdf:Bag>
                  <rdf:li rdf:resource="urn:miriam:pubmed:9847135"/>
                </rdf:Bag>
              </bqbiol:isDescribedBy>
            </rdf:Description>
          </rdf:RDF>
        </annotation>
      </species>
      <species metaid="meta_C05778" id="C05778" name="sirohydrochlorin" compartment="c" sboTerm="SBO:0000247">
        <annotation>
          <rdf:RDF xmlns:rdf="http://www.w3.org/1999/02/22-rdf-syntax-ns#" xmlns:dc="http://purl.org/dc/elements/1.1/" xmlns:dcterms="http://purl.org/dc/terms/" xmlns:vCard="http://www.w3.org/2001/vcard-rdf/3.0#" xmlns:bqbiol="http://biomodels.net/biology-qualifiers/" xmlns:bqmodel="http://biomodels.net/model-qualifiers/">
            <rdf:Description rdf:about="#meta_C05778">
              <bqbiol:is>
                <rdf:Bag>
                  <rdf:li rdf:resource="urn:miriam:obo.chebi:CHEBI%3A18023"/>
                </rdf:Bag>
              </bqbiol:is>
              <bqbiol:isDescribedBy>
                <rdf:Bag>
                  <rdf:li rdf:resource="urn:miriam:pubmed:9847135"/>
                </rdf:Bag>
              </bqbiol:isDescribedBy>
            </rdf:Description>
          </rdf:RDF>
        </annotation>
      </species>
      <species metaid="meta_C00003" id="C00003" name="NAD(+)" compartment="c" sboTerm="SBO:0000247">
        <annotation>
          <rdf:RDF xmlns:rdf="http://www.w3.org/1999/02/22-rdf-syntax-ns#" xmlns:dc="http://purl.org/dc/elements/1.1/" xmlns:dcterms="http://purl.org/dc/terms/" xmlns:vCard="http://www.w3.org/2001/vcard-rdf/3.0#" xmlns:bqbiol="http://biomodels.net/biology-qualifiers/" xmlns:bqmodel="http://biomodels.net/model-qualifiers/">
            <rdf:Description rdf:about="#meta_C00003">
              <bqbiol:is>
                <rdf:Bag>
                  <rdf:li rdf:resource="urn:miriam:obo.chebi:CHEBI%3A15846"/>
                </rdf:Bag>
              </bqbiol:is>
              <bqbiol:isDescribedBy>
                <rdf:Bag>
                  <rdf:li rdf:resource="urn:miriam:pubmed:9847135"/>
                </rdf:Bag>
              </bqbiol:isDescribedBy>
            </rdf:Description>
          </rdf:RDF>
        </annotation>
      </species>
      <species metaid="meta_C00004" id="C00004" name="NADH" compartment="c" sboTerm="SBO:0000247">
        <annotation>
          <rdf:RDF xmlns:rdf="http://www.w3.org/1999/02/22-rdf-syntax-ns#" xmlns:dc="http://purl.org/dc/elements/1.1/" xmlns:dcterms="http://purl.org/dc/terms/" xmlns:vCard="http://www.w3.org/2001/vcard-rdf/3.0#" xmlns:bqbiol="http://biomodels.net/biology-qualifiers/" xmlns:bqmodel="http://biomodels.net/model-qualifiers/">
            <rdf:Description rdf:about="#meta_C00004">
              <bqbiol:is>
                <rdf:Bag>
                  <rdf:li rdf:resource="urn:miriam:obo.chebi:CHEBI%3A16908"/>
                </rdf:Bag>
              </bqbiol:is>
              <bqbiol:isDescribedBy>
                <rdf:Bag>
                  <rdf:li rdf:resource="urn:miriam:pubmed:9847135"/>
                </rdf:Bag>
              </bqbiol:isDescribedBy>
            </rdf:Description>
          </rdf:RDF>
        </annotation>
      </species>
      <species metaid="meta_sce_YER141W" id="sce_YER141W" name="sce:YER141W" compartment="c" boundaryCondition="true" sboTerm="SBO:0000252">
        <annotation>
          <rdf:RDF xmlns:rdf="http://www.w3.org/1999/02/22-rdf-syntax-ns#" xmlns:dc="http://purl.org/dc/elements/1.1/" xmlns:dcterms="http://purl.org/dc/terms/" xmlns:vCard="http://www.w3.org/2001/vcard-rdf/3.0#" xmlns:bqbiol="http://biomodels.net/biology-qualifiers/" xmlns:bqmodel="http://biomodels.net/model-qualifiers/">
            <rdf:Description rdf:about="#meta_sce_YER141W">
              <bqbiol:isEncodedBy>
                <rdf:Bag>
                  <rdf:li rdf:resource="urn:miriam:kegg.genes:sce%3AYER141W"/>
                </rdf:Bag>
              </bqbiol:isEncodedBy>
              <bqbiol:isDescribedBy>
                <rdf:Bag>
                  <rdf:li rdf:resource="urn:miriam:pubmed:9847135"/>
                </rdf:Bag>
              </bqbiol:isDescribedBy>
              <bqbiol:is>
                <rdf:Bag>
                  <rdf:li rdf:resource="urn:miriam:uniprot:P40086"/>
                </rdf:Bag>
              </bqbiol:is>
            </rdf:Description>
          </rdf:RDF>
        </annotation>
      </species>
      <species metaid="meta_C15670" id="C15670" name="Heme A" compartment="c" sboTerm="SBO:0000247">
        <annotation>
          <rdf:RDF xmlns:rdf="http://www.w3.org/1999/02/22-rdf-syntax-ns#" xmlns:dc="http://purl.org/dc/elements/1.1/" xmlns:dcterms="http://purl.org/dc/terms/" xmlns:vCard="http://www.w3.org/2001/vcard-rdf/3.0#" xmlns:bqbiol="http://biomodels.net/biology-qualifiers/" xmlns:bqmodel="http://biomodels.net/model-qualifiers/">
            <rdf:Description rdf:about="#meta_C15670">
              <bqbiol:is>
                <rdf:Bag>
                  <rdf:li rdf:resource="urn:miriam:kegg.compound:C15670"/>
                </rdf:Bag>
              </bqbiol:is>
              <bqbiol:isDescribedBy>
                <rdf:Bag>
                  <rdf:li rdf:resource="urn:miriam:pubmed:9847135"/>
                </rdf:Bag>
              </bqbiol:isDescribedBy>
            </rdf:Description>
          </rdf:RDF>
        </annotation>
      </species>
    </listOfSpecies>
    <listOfReactions>
      <reaction metaid="meta_R03220" id="R03220" name="Coproporphyrinogen:oxygen oxidoreductase(decarboxylating)" reversible="false" sboTerm="SBO:0000176">
        <annotation>
          <rdf:RDF xmlns:rdf="http://www.w3.org/1999/02/22-rdf-syntax-ns#" xmlns:dc="http://purl.org/dc/elements/1.1/" xmlns:dcterms="http://purl.org/dc/terms/" xmlns:vCard="http://www.w3.org/2001/vcard-rdf/3.0#" xmlns:bqbiol="http://biomodels.net/biology-qualifiers/" xmlns:bqmodel="http://biomodels.net/model-qualifiers/">
            <rdf:Description rdf:about="#meta_R03220">
              <bqbiol:isVersionOf>
                <rdf:Bag>
                  <rdf:li rdf:resource="urn:miriam:ec-code:1.3.3.3"/>
                </rdf:Bag>
              </bqbiol:isVersionOf>
              <bqbiol:isPartOf>
                <rdf:Bag>
                  <rdf:li rdf:resource="urn:miriam:kegg.pathway:rn00860"/>
                  <rdf:li rdf:resource="urn:miriam:kegg.pathway:rn01100"/>
                  <rdf:li rdf:resource="urn:miriam:kegg.pathway:rn01110"/>
                </rdf:Bag>
              </bqbiol:isPartOf>
              <bqbiol:is>
                <rdf:Bag>
                  <rdf:li rdf:resource="urn:miriam:kegg.reaction:R03220"/>
                </rdf:Bag>
              </bqbiol:is>
              <bqbiol:isDescribedBy>
                <rdf:Bag>
                  <rdf:li rdf:resource="urn:miriam:pubmed:9847135"/>
                </rdf:Bag>
              </bqbiol:isDescribedBy>
            </rdf:Description>
          </rdf:RDF>
        </annotation>
        <listOfReactants>
          <speciesReference species="C03263"/>
          <speciesReference species="C00007"/>
        </listOfReactants>
        <listOfProducts>
          <speciesReference species="C01079"/>
          <speciesReference species="C00011" stoichiometry="2"/>
          <speciesReference species="C00001" stoichiometry="2"/>
        </listOfProducts>
        <listOfModifiers>
          <modifierSpeciesReference species="sce_YDR044W"/>
        </listOfModifiers>
      </reaction>
      <reaction metaid="meta_R02480" id="R02480" name="Cytochrome c apocytochrome-c-lyase" reversible="false" sboTerm="SBO:0000176">
        <annotation>
          <rdf:RDF xmlns:rdf="http://www.w3.org/1999/02/22-rdf-syntax-ns#" xmlns:dc="http://purl.org/dc/elements/1.1/" xmlns:dcterms="http://purl.org/dc/terms/" xmlns:vCard="http://www.w3.org/2001/vcard-rdf/3.0#" xmlns:bqbiol="http://biomodels.net/biology-qualifiers/" xmlns:bqmodel="http://biomodels.net/model-qualifiers/">
            <rdf:Description rdf:about="#meta_R02480">
              <bqbiol:isVersionOf>
                <rdf:Bag>
                  <rdf:li rdf:resource="urn:miriam:ec-code:4.4.1.17"/>
                </rdf:Bag>
              </bqbiol:isVersionOf>
              <bqbiol:isPartOf>
                <rdf:Bag>
                  <rdf:li rdf:resource="urn:miriam:kegg.pathway:rn00860"/>
                </rdf:Bag>
              </bqbiol:isPartOf>
              <bqbiol:is>
                <rdf:Bag>
                  <rdf:li rdf:resource="urn:miriam:kegg.reaction:R02480"/>
                </rdf:Bag>
              </bqbiol:is>
              <bqbiol:isDescribedBy>
                <rdf:Bag>
                  <rdf:li rdf:resource="urn:miriam:pubmed:9847135"/>
                </rdf:Bag>
              </bqbiol:isDescribedBy>
            </rdf:Description>
          </rdf:RDF>
        </annotation>
        <listOfReactants>
          <speciesReference species="C02248"/>
          <speciesReference species="C00032"/>
        </listOfReactants>
        <listOfProducts>
          <speciesReference species="C00524"/>
        </listOfProducts>
        <listOfModifiers>
          <modifierSpeciesReference species="sce_YAL039C"/>
          <modifierSpeciesReference species="sce_YKL087C"/>
        </listOfModifiers>
      </reaction>
      <reaction metaid="meta_R07411" id="R07411" name="protoheme IX farnesyltransferase" reversible="false" sboTerm="SBO:0000176">
        <annotation>
          <rdf:RDF xmlns:rdf="http://www.w3.org/1999/02/22-rdf-syntax-ns#" xmlns:dc="http://purl.org/dc/elements/1.1/" xmlns:dcterms="http://purl.org/dc/terms/" xmlns:vCard="http://www.w3.org/2001/vcard-rdf/3.0#" xmlns:bqbiol="http://biomodels.net/biology-qualifiers/" xmlns:bqmodel="http://biomodels.net/model-qualifiers/">
            <rdf:Description rdf:about="#meta_R07411">
              <bqbiol:isPartOf>
                <rdf:Bag>
                  <rdf:li rdf:resource="urn:miriam:kegg.pathway:rn00860"/>
                  <rdf:li rdf:resource="urn:miriam:kegg.pathway:rn01110"/>
                </rdf:Bag>
              </bqbiol:isPartOf>
              <bqbiol:is>
                <rdf:Bag>
                  <rdf:li rdf:resource="urn:miriam:kegg.reaction:R07411"/>
                </rdf:Bag>
              </bqbiol:is>
              <bqbiol:isDescribedBy>
                <rdf:Bag>
                  <rdf:li rdf:resource="urn:miriam:pubmed:9847135"/>
                </rdf:Bag>
              </bqbiol:isDescribedBy>
            </rdf:Description>
          </rdf:RDF>
        </annotation>
        <listOfReactants>
          <speciesReference species="C00032"/>
          <speciesReference species="C00001"/>
          <speciesReference species="C00448"/>
        </listOfReactants>
        <listOfProducts>
          <speciesReference species="C15672"/>
          <speciesReference species="C00013"/>
        </listOfProducts>
        <listOfModifiers>
          <modifierSpeciesReference species="sce_YPL172C"/>
        </listOfModifiers>
      </reaction>
      <reaction metaid="meta_R00310" id="R00310" name="protoheme ferro-lyase (protoporphyrin-forming)" reversible="false" sboTerm="SBO:0000176">
        <annotation>
          <rdf:RDF xmlns:rdf="http://www.w3.org/1999/02/22-rdf-syntax-ns#" xmlns:dc="http://purl.org/dc/elements/1.1/" xmlns:dcterms="http://purl.org/dc/terms/" xmlns:vCard="http://www.w3.org/2001/vcard-rdf/3.0#" xmlns:bqbiol="http://biomodels.net/biology-qualifiers/" xmlns:bqmodel="http://biomodels.net/model-qualifiers/">
            <rdf:Description rdf:about="#meta_R00310">
              <bqbiol:isVersionOf>
                <rdf:Bag>
                  <rdf:li rdf:resource="urn:miriam:ec-code:4.99.1.1"/>
                </rdf:Bag>
              </bqbiol:isVersionOf>
              <bqbiol:isPartOf>
                <rdf:Bag>
                  <rdf:li rdf:resource="urn:miriam:kegg.pathway:rn00860"/>
                  <rdf:li rdf:resource="urn:miriam:kegg.pathway:rn01100"/>
                  <rdf:li rdf:resource="urn:miriam:kegg.pathway:rn01110"/>
                </rdf:Bag>
              </bqbiol:isPartOf>
              <bqbiol:is>
                <rdf:Bag>
                  <rdf:li rdf:resource="urn:miriam:kegg.reaction:R00310"/>
                </rdf:Bag>
              </bqbiol:is>
              <bqbiol:isDescribedBy>
                <rdf:Bag>
                  <rdf:li rdf:resource="urn:miriam:pubmed:9847135"/>
                </rdf:Bag>
              </bqbiol:isDescribedBy>
            </rdf:Description>
          </rdf:RDF>
        </annotation>
        <listOfReactants>
          <speciesReference species="C02191"/>
          <speciesReference species="C14818"/>
        </listOfReactants>
        <listOfProducts>
          <speciesReference species="C00032"/>
          <speciesReference species="C00080" stoichiometry="2"/>
        </listOfProducts>
        <listOfModifiers>
          <modifierSpeciesReference species="sce_YOR176W"/>
        </listOfModifiers>
      </reaction>
      <reaction metaid="meta_R03222" id="R03222" name="protoporphyrinogen-IX:oxygen oxidoreductase" reversible="false" sboTerm="SBO:0000176">
        <annotation>
          <rdf:RDF xmlns:rdf="http://www.w3.org/1999/02/22-rdf-syntax-ns#" xmlns:dc="http://purl.org/dc/elements/1.1/" xmlns:dcterms="http://purl.org/dc/terms/" xmlns:vCard="http://www.w3.org/2001/vcard-rdf/3.0#" xmlns:bqbiol="http://biomodels.net/biology-qualifiers/" xmlns:bqmodel="http://biomodels.net/model-qualifiers/">
            <rdf:Description rdf:about="#meta_R03222">
              <bqbiol:isVersionOf>
                <rdf:Bag>
                  <rdf:li rdf:resource="urn:miriam:ec-code:1.3.3.4"/>
                </rdf:Bag>
              </bqbiol:isVersionOf>
              <bqbiol:isPartOf>
                <rdf:Bag>
                  <rdf:li rdf:resource="urn:miriam:kegg.pathway:rn00860"/>
                  <rdf:li rdf:resource="urn:miriam:kegg.pathway:rn01100"/>
                  <rdf:li rdf:resource="urn:miriam:kegg.pathway:rn01110"/>
                </rdf:Bag>
              </bqbiol:isPartOf>
              <bqbiol:is>
                <rdf:Bag>
                  <rdf:li rdf:resource="urn:miriam:kegg.reaction:R03222"/>
                </rdf:Bag>
              </bqbiol:is>
              <bqbiol:isDescribedBy>
                <rdf:Bag>
                  <rdf:li rdf:resource="urn:miriam:pubmed:9847135"/>
                </rdf:Bag>
              </bqbiol:isDescribedBy>
            </rdf:Description>
          </rdf:RDF>
        </annotation>
        <listOfReactants>
          <speciesReference species="C01079"/>
          <speciesReference species="C00007" stoichiometry="3"/>
        </listOfReactants>
        <listOfProducts>
          <speciesReference species="C02191"/>
          <speciesReference species="C00027" stoichiometry="3"/>
        </listOfProducts>
        <listOfModifiers>
          <modifierSpeciesReference species="sce_YER014W"/>
        </listOfModifiers>
      </reaction>
      <reaction metaid="meta_R03197" id="R03197" name="Uroporphyrinogen-III carboxy-lyase" reversible="false" sboTerm="SBO:0000176">
        <annotation>
          <rdf:RDF xmlns:rdf="http://www.w3.org/1999/02/22-rdf-syntax-ns#" xmlns:dc="http://purl.org/dc/elements/1.1/" xmlns:dcterms="http://purl.org/dc/terms/" xmlns:vCard="http://www.w3.org/2001/vcard-rdf/3.0#" xmlns:bqbiol="http://biomodels.net/biology-qualifiers/" xmlns:bqmodel="http://biomodels.net/model-qualifiers/">
            <rdf:Description rdf:about="#meta_R03197">
              <bqbiol:isVersionOf>
                <rdf:Bag>
                  <rdf:li rdf:resource="urn:miriam:ec-code:4.1.1.37"/>
                </rdf:Bag>
              </bqbiol:isVersionOf>
              <bqbiol:isPartOf>
                <rdf:Bag>
                  <rdf:li rdf:resource="urn:miriam:kegg.pathway:rn00860"/>
                  <rdf:li rdf:resource="urn:miriam:kegg.pathway:rn01100"/>
                  <rdf:li rdf:resource="urn:miriam:kegg.pathway:rn01110"/>
                </rdf:Bag>
              </bqbiol:isPartOf>
              <bqbiol:is>
                <rdf:Bag>
                  <rdf:li rdf:resource="urn:miriam:kegg.reaction:R03197"/>
                </rdf:Bag>
              </bqbiol:is>
              <bqbiol:isDescribedBy>
                <rdf:Bag>
                  <rdf:li rdf:resource="urn:miriam:pubmed:9847135"/>
                </rdf:Bag>
              </bqbiol:isDescribedBy>
            </rdf:Description>
          </rdf:RDF>
        </annotation>
        <listOfReactants>
          <speciesReference species="C01051"/>
        </listOfReactants>
        <listOfProducts>
          <speciesReference species="C03263"/>
          <speciesReference species="C00011" stoichiometry="4"/>
        </listOfProducts>
        <listOfModifiers>
          <modifierSpeciesReference species="sce_YDR047W"/>
        </listOfModifiers>
      </reaction>
      <reaction metaid="meta_R03165" id="R03165" name="Hydroxymethylbilane hydro-lyase(cyclizing)" reversible="false" sboTerm="SBO:0000176">
        <annotation>
          <rdf:RDF xmlns:rdf="http://www.w3.org/1999/02/22-rdf-syntax-ns#" xmlns:dc="http://purl.org/dc/elements/1.1/" xmlns:dcterms="http://purl.org/dc/terms/" xmlns:vCard="http://www.w3.org/2001/vcard-rdf/3.0#" xmlns:bqbiol="http://biomodels.net/biology-qualifiers/" xmlns:bqmodel="http://biomodels.net/model-qualifiers/">
            <rdf:Description rdf:about="#meta_R03165">
              <bqbiol:isVersionOf>
                <rdf:Bag>
                  <rdf:li rdf:resource="urn:miriam:ec-code:4.2.1.75"/>
                </rdf:Bag>
              </bqbiol:isVersionOf>
              <bqbiol:isPartOf>
                <rdf:Bag>
                  <rdf:li rdf:resource="urn:miriam:kegg.pathway:rn00860"/>
                  <rdf:li rdf:resource="urn:miriam:kegg.pathway:rn01100"/>
                  <rdf:li rdf:resource="urn:miriam:kegg.pathway:rn01110"/>
                </rdf:Bag>
              </bqbiol:isPartOf>
              <bqbiol:is>
                <rdf:Bag>
                  <rdf:li rdf:resource="urn:miriam:kegg.reaction:R03165"/>
                </rdf:Bag>
              </bqbiol:is>
              <bqbiol:isDescribedBy>
                <rdf:Bag>
                  <rdf:li rdf:resource="urn:miriam:pubmed:9847135"/>
                </rdf:Bag>
              </bqbiol:isDescribedBy>
            </rdf:Description>
          </rdf:RDF>
        </annotation>
        <listOfReactants>
          <speciesReference species="C01024"/>
        </listOfReactants>
        <listOfProducts>
          <speciesReference species="C01051"/>
          <speciesReference species="C00001"/>
        </listOfProducts>
        <listOfModifiers>
          <modifierSpeciesReference species="sce_YOR278W"/>
        </listOfModifiers>
      </reaction>
      <reaction metaid="meta_R03194" id="R03194" name="S-adenosyl-L-methionine:uroporphyrin-III C-methyltransferase" reversible="false" sboTerm="SBO:0000176">
        <annotation>
          <rdf:RDF xmlns:rdf="http://www.w3.org/1999/02/22-rdf-syntax-ns#" xmlns:dc="http://purl.org/dc/elements/1.1/" xmlns:dcterms="http://purl.org/dc/terms/" xmlns:vCard="http://www.w3.org/2001/vcard-rdf/3.0#" xmlns:bqbiol="http://biomodels.net/biology-qualifiers/" xmlns:bqmodel="http://biomodels.net/model-qualifiers/">
            <rdf:Description rdf:about="#meta_R03194">
              <bqbiol:isVersionOf>
                <rdf:Bag>
                  <rdf:li rdf:resource="urn:miriam:ec-code:2.1.1.107"/>
                </rdf:Bag>
              </bqbiol:isVersionOf>
              <bqbiol:isPartOf>
                <rdf:Bag>
                  <rdf:li rdf:resource="urn:miriam:kegg.pathway:rn00860"/>
                  <rdf:li rdf:resource="urn:miriam:kegg.pathway:rn01100"/>
                  <rdf:li rdf:resource="urn:miriam:kegg.pathway:rn01110"/>
                </rdf:Bag>
              </bqbiol:isPartOf>
              <bqbiol:is>
                <rdf:Bag>
                  <rdf:li rdf:resource="urn:miriam:kegg.reaction:R03194"/>
                </rdf:Bag>
              </bqbiol:is>
              <bqbiol:isDescribedBy>
                <rdf:Bag>
                  <rdf:li rdf:resource="urn:miriam:pubmed:9847135"/>
                </rdf:Bag>
              </bqbiol:isDescribedBy>
            </rdf:Description>
          </rdf:RDF>
        </annotation>
        <listOfReactants>
          <speciesReference species="C00019" stoichiometry="2"/>
          <speciesReference species="C01051"/>
        </listOfReactants>
        <listOfProducts>
          <speciesReference species="C00021" stoichiometry="2"/>
          <speciesReference species="C02463"/>
        </listOfProducts>
        <listOfModifiers>
          <modifierSpeciesReference species="sce_YKR069W"/>
        </listOfModifiers>
      </reaction>
      <reaction metaid="meta_R04972" id="R04972" name="Uroporphyrinogen I carboxy-lyase" reversible="false" sboTerm="SBO:0000176">
        <annotation>
          <rdf:RDF xmlns:rdf="http://www.w3.org/1999/02/22-rdf-syntax-ns#" xmlns:dc="http://purl.org/dc/elements/1.1/" xmlns:dcterms="http://purl.org/dc/terms/" xmlns:vCard="http://www.w3.org/2001/vcard-rdf/3.0#" xmlns:bqbiol="http://biomodels.net/biology-qualifiers/" xmlns:bqmodel="http://biomodels.net/model-qualifiers/">
            <rdf:Description rdf:about="#meta_R04972">
              <bqbiol:isVersionOf>
                <rdf:Bag>
                  <rdf:li rdf:resource="urn:miriam:ec-code:4.1.1.37"/>
                </rdf:Bag>
              </bqbiol:isVersionOf>
              <bqbiol:isPartOf>
                <rdf:Bag>
                  <rdf:li rdf:resource="urn:miriam:kegg.pathway:rn00860"/>
                </rdf:Bag>
              </bqbiol:isPartOf>
              <bqbiol:is>
                <rdf:Bag>
                  <rdf:li rdf:resource="urn:miriam:kegg.reaction:R04972"/>
                </rdf:Bag>
              </bqbiol:is>
              <bqbiol:isDescribedBy>
                <rdf:Bag>
                  <rdf:li rdf:resource="urn:miriam:pubmed:9847135"/>
                </rdf:Bag>
              </bqbiol:isDescribedBy>
            </rdf:Description>
          </rdf:RDF>
        </annotation>
        <listOfReactants>
          <speciesReference species="C05766"/>
        </listOfReactants>
        <listOfProducts>
          <speciesReference species="C05768"/>
          <speciesReference species="C00011" stoichiometry="4"/>
        </listOfProducts>
        <listOfModifiers>
          <modifierSpeciesReference species="sce_YDR047W"/>
        </listOfModifiers>
      </reaction>
      <reaction metaid="meta_R00084" id="R00084" name="porphobilinogen:(4-[2-carboxyethyl]-3-[carboxymethyl]pyrrol-2-yl)methyltransferase (hydrolysing)" reversible="false" sboTerm="SBO:0000176">
        <annotation>
          <rdf:RDF xmlns:rdf="http://www.w3.org/1999/02/22-rdf-syntax-ns#" xmlns:dc="http://purl.org/dc/elements/1.1/" xmlns:dcterms="http://purl.org/dc/terms/" xmlns:vCard="http://www.w3.org/2001/vcard-rdf/3.0#" xmlns:bqbiol="http://biomodels.net/biology-qualifiers/" xmlns:bqmodel="http://biomodels.net/model-qualifiers/">
            <rdf:Description rdf:about="#meta_R00084">
              <bqbiol:isVersionOf>
                <rdf:Bag>
                  <rdf:li rdf:resource="urn:miriam:ec-code:2.5.1.61"/>
                </rdf:Bag>
              </bqbiol:isVersionOf>
              <bqbiol:isPartOf>
                <rdf:Bag>
                  <rdf:li rdf:resource="urn:miriam:kegg.pathway:rn00860"/>
                  <rdf:li rdf:resource="urn:miriam:kegg.pathway:rn01100"/>
                  <rdf:li rdf:resource="urn:miriam:kegg.pathway:rn01110"/>
                </rdf:Bag>
              </bqbiol:isPartOf>
              <bqbiol:is>
                <rdf:Bag>
                  <rdf:li rdf:resource="urn:miriam:kegg.reaction:R00084"/>
                </rdf:Bag>
              </bqbiol:is>
              <bqbiol:isDescribedBy>
                <rdf:Bag>
                  <rdf:li rdf:resource="urn:miriam:pubmed:9847135"/>
                </rdf:Bag>
              </bqbiol:isDescribedBy>
            </rdf:Description>
          </rdf:RDF>
        </annotation>
        <listOfReactants>
          <speciesReference species="C00931" stoichiometry="4"/>
          <speciesReference species="C00001"/>
        </listOfReactants>
        <listOfProducts>
          <speciesReference species="C01024"/>
          <speciesReference species="C00014" stoichiometry="4"/>
        </listOfProducts>
        <listOfModifiers>
          <modifierSpeciesReference species="sce_YDL205C"/>
        </listOfModifiers>
      </reaction>
      <reaction metaid="meta_R00036" id="R00036" name="5-aminolevulinate hydro-lyase (adding 5-aminolevulinate and cyclizing porphobilinogen-forming)" reversible="false" sboTerm="SBO:0000176">
        <annotation>
          <rdf:RDF xmlns:rdf="http://www.w3.org/1999/02/22-rdf-syntax-ns#" xmlns:dc="http://purl.org/dc/elements/1.1/" xmlns:dcterms="http://purl.org/dc/terms/" xmlns:vCard="http://www.w3.org/2001/vcard-rdf/3.0#" xmlns:bqbiol="http://biomodels.net/biology-qualifiers/" xmlns:bqmodel="http://biomodels.net/model-qualifiers/">
            <rdf:Description rdf:about="#meta_R00036">
              <bqbiol:isVersionOf>
                <rdf:Bag>
                  <rdf:li rdf:resource="urn:miriam:ec-code:4.2.1.24"/>
                </rdf:Bag>
              </bqbiol:isVersionOf>
              <bqbiol:isPartOf>
                <rdf:Bag>
                  <rdf:li rdf:resource="urn:miriam:kegg.pathway:rn00860"/>
                  <rdf:li rdf:resource="urn:miriam:kegg.pathway:rn01100"/>
                  <rdf:li rdf:resource="urn:miriam:kegg.pathway:rn01110"/>
                </rdf:Bag>
              </bqbiol:isPartOf>
              <bqbiol:is>
                <rdf:Bag>
                  <rdf:li rdf:resource="urn:miriam:kegg.reaction:R00036"/>
                </rdf:Bag>
              </bqbiol:is>
              <bqbiol:isDescribedBy>
                <rdf:Bag>
                  <rdf:li rdf:resource="urn:miriam:pubmed:9847135"/>
                </rdf:Bag>
              </bqbiol:isDescribedBy>
            </rdf:Description>
          </rdf:RDF>
        </annotation>
        <listOfReactants>
          <speciesReference species="C00430" stoichiometry="2"/>
        </listOfReactants>
        <listOfProducts>
          <speciesReference species="C00931"/>
          <speciesReference species="C00001" stoichiometry="2"/>
        </listOfProducts>
        <listOfModifiers>
          <modifierSpeciesReference species="sce_YGL040C"/>
        </listOfModifiers>
      </reaction>
      <reaction metaid="meta_R00830" id="R00830" name="succinyl-CoA:glycine C-succinyltransferase (decarboxylating)" reversible="false" sboTerm="SBO:0000176">
        <annotation>
          <rdf:RDF xmlns:rdf="http://www.w3.org/1999/02/22-rdf-syntax-ns#" xmlns:dc="http://purl.org/dc/elements/1.1/" xmlns:dcterms="http://purl.org/dc/terms/" xmlns:vCard="http://www.w3.org/2001/vcard-rdf/3.0#" xmlns:bqbiol="http://biomodels.net/biology-qualifiers/" xmlns:bqmodel="http://biomodels.net/model-qualifiers/">
            <rdf:Description rdf:about="#meta_R00830">
              <bqbiol:isVersionOf>
                <rdf:Bag>
                  <rdf:li rdf:resource="urn:miriam:ec-code:2.3.1.37"/>
                </rdf:Bag>
              </bqbiol:isVersionOf>
              <bqbiol:isPartOf>
                <rdf:Bag>
                  <rdf:li rdf:resource="urn:miriam:kegg.pathway:rn00260"/>
                  <rdf:li rdf:resource="urn:miriam:kegg.pathway:rn00860"/>
                  <rdf:li rdf:resource="urn:miriam:kegg.pathway:rn01100"/>
                </rdf:Bag>
              </bqbiol:isPartOf>
              <bqbiol:is>
                <rdf:Bag>
                  <rdf:li rdf:resource="urn:miriam:kegg.reaction:R00830"/>
                </rdf:Bag>
              </bqbiol:is>
              <bqbiol:isDescribedBy>
                <rdf:Bag>
                  <rdf:li rdf:resource="urn:miriam:pubmed:9847135"/>
                </rdf:Bag>
              </bqbiol:isDescribedBy>
            </rdf:Description>
          </rdf:RDF>
        </annotation>
        <listOfReactants>
          <speciesReference species="C00091"/>
          <speciesReference species="C00037"/>
        </listOfReactants>
        <listOfProducts>
          <speciesReference species="C00430"/>
          <speciesReference species="C00010"/>
          <speciesReference species="C00011"/>
        </listOfProducts>
        <listOfModifiers>
          <modifierSpeciesReference species="sce_YDR232W"/>
        </listOfModifiers>
      </reaction>
      <reaction metaid="meta_R05578" id="R05578" name="L-glutamate:tRNA(Glu) ligase (AMP-forming)" reversible="false" sboTerm="SBO:0000176">
        <annotation>
          <rdf:RDF xmlns:rdf="http://www.w3.org/1999/02/22-rdf-syntax-ns#" xmlns:dc="http://purl.org/dc/elements/1.1/" xmlns:dcterms="http://purl.org/dc/terms/" xmlns:vCard="http://www.w3.org/2001/vcard-rdf/3.0#" xmlns:bqbiol="http://biomodels.net/biology-qualifiers/" xmlns:bqmodel="http://biomodels.net/model-qualifiers/">
            <rdf:Description rdf:about="#meta_R05578">
              <bqbiol:isVersionOf>
                <rdf:Bag>
                  <rdf:li rdf:resource="urn:miriam:ec-code:6.1.1.17"/>
                </rdf:Bag>
              </bqbiol:isVersionOf>
              <bqbiol:isPartOf>
                <rdf:Bag>
                  <rdf:li rdf:resource="urn:miriam:kegg.pathway:rn00860"/>
                  <rdf:li rdf:resource="urn:miriam:kegg.pathway:rn00970"/>
                  <rdf:li rdf:resource="urn:miriam:kegg.pathway:rn01100"/>
                  <rdf:li rdf:resource="urn:miriam:kegg.pathway:rn01110"/>
                </rdf:Bag>
              </bqbiol:isPartOf>
              <bqbiol:is>
                <rdf:Bag>
                  <rdf:li rdf:resource="urn:miriam:kegg.reaction:R05578"/>
                </rdf:Bag>
              </bqbiol:is>
              <bqbiol:isDescribedBy>
                <rdf:Bag>
                  <rdf:li rdf:resource="urn:miriam:pubmed:9847135"/>
                </rdf:Bag>
              </bqbiol:isDescribedBy>
            </rdf:Description>
          </rdf:RDF>
        </annotation>
        <listOfReactants>
          <speciesReference species="C01641"/>
          <speciesReference species="C00025"/>
          <speciesReference species="C00002"/>
        </listOfReactants>
        <listOfProducts>
          <speciesReference species="C02987"/>
          <speciesReference species="C00013"/>
          <speciesReference species="C00020"/>
        </listOfProducts>
        <listOfModifiers>
          <modifierSpeciesReference species="sce_YGL245W"/>
          <modifierSpeciesReference species="sce_YOL033W"/>
        </listOfModifiers>
      </reaction>
      <reaction metaid="meta_R02864" id="R02864" name="S-Adenosyl-L-methionine:uroporphyrin-III C-methyltransferase" reversible="false" sboTerm="SBO:0000176">
        <annotation>
          <rdf:RDF xmlns:rdf="http://www.w3.org/1999/02/22-rdf-syntax-ns#" xmlns:dc="http://purl.org/dc/elements/1.1/" xmlns:dcterms="http://purl.org/dc/terms/" xmlns:vCard="http://www.w3.org/2001/vcard-rdf/3.0#" xmlns:bqbiol="http://biomodels.net/biology-qualifiers/" xmlns:bqmodel="http://biomodels.net/model-qualifiers/">
            <rdf:Description rdf:about="#meta_R02864">
              <bqbiol:isVersionOf>
                <rdf:Bag>
                  <rdf:li rdf:resource="urn:miriam:ec-code:4.99.1.4"/>
                </rdf:Bag>
              </bqbiol:isVersionOf>
              <bqbiol:isPartOf>
                <rdf:Bag>
                  <rdf:li rdf:resource="urn:miriam:kegg.pathway:rn00860"/>
                  <rdf:li rdf:resource="urn:miriam:kegg.pathway:rn01100"/>
                  <rdf:li rdf:resource="urn:miriam:kegg.pathway:rn01110"/>
                </rdf:Bag>
              </bqbiol:isPartOf>
              <bqbiol:is>
                <rdf:Bag>
                  <rdf:li rdf:resource="urn:miriam:kegg.reaction:R02864"/>
                </rdf:Bag>
              </bqbiol:is>
              <bqbiol:isDescribedBy>
                <rdf:Bag>
                  <rdf:li rdf:resource="urn:miriam:pubmed:9847135"/>
                </rdf:Bag>
              </bqbiol:isDescribedBy>
            </rdf:Description>
          </rdf:RDF>
        </annotation>
        <listOfReactants>
          <speciesReference species="C14818"/>
          <speciesReference species="C05778"/>
        </listOfReactants>
        <listOfProducts>
          <speciesReference species="C00748"/>
          <speciesReference species="C00080" stoichiometry="2"/>
        </listOfProducts>
        <listOfModifiers>
          <modifierSpeciesReference species="sce_YBR213W"/>
        </listOfModifiers>
      </reaction>
      <reaction metaid="meta_R03947" id="R03947" name="S-Adenosyl-L-methionine:uroporphyrin-III C-methyltransferase" reversible="false" sboTerm="SBO:0000176">
        <annotation>
          <rdf:RDF xmlns:rdf="http://www.w3.org/1999/02/22-rdf-syntax-ns#" xmlns:dc="http://purl.org/dc/elements/1.1/" xmlns:dcterms="http://purl.org/dc/terms/" xmlns:vCard="http://www.w3.org/2001/vcard-rdf/3.0#" xmlns:bqbiol="http://biomodels.net/biology-qualifiers/" xmlns:bqmodel="http://biomodels.net/model-qualifiers/">
            <rdf:Description rdf:about="#meta_R03947">
              <bqbiol:isVersionOf>
                <rdf:Bag>
                  <rdf:li rdf:resource="urn:miriam:ec-code:1.3.1.76"/>
                </rdf:Bag>
              </bqbiol:isVersionOf>
              <bqbiol:isPartOf>
                <rdf:Bag>
                  <rdf:li rdf:resource="urn:miriam:kegg.pathway:rn00860"/>
                  <rdf:li rdf:resource="urn:miriam:kegg.pathway:rn01100"/>
                  <rdf:li rdf:resource="urn:miriam:kegg.pathway:rn01110"/>
                </rdf:Bag>
              </bqbiol:isPartOf>
              <bqbiol:is>
                <rdf:Bag>
                  <rdf:li rdf:resource="urn:miriam:kegg.reaction:R03947"/>
                </rdf:Bag>
              </bqbiol:is>
              <bqbiol:isDescribedBy>
                <rdf:Bag>
                  <rdf:li rdf:resource="urn:miriam:pubmed:9847135"/>
                </rdf:Bag>
              </bqbiol:isDescribedBy>
            </rdf:Description>
          </rdf:RDF>
        </annotation>
        <listOfReactants>
          <speciesReference species="C02463"/>
          <speciesReference species="C00003"/>
        </listOfReactants>
        <listOfProducts>
          <speciesReference species="C05778"/>
          <speciesReference species="C00004"/>
          <speciesReference species="C00080"/>
        </listOfProducts>
        <listOfModifiers>
          <modifierSpeciesReference species="sce_YBR213W"/>
        </listOfModifiers>
      </reaction>
      <reaction metaid="meta_R07412" id="R07412" name="R07412" reversible="false" sboTerm="SBO:0000176">
        <annotation>
          <rdf:RDF xmlns:rdf="http://www.w3.org/1999/02/22-rdf-syntax-ns#" xmlns:dc="http://purl.org/dc/elements/1.1/" xmlns:dcterms="http://purl.org/dc/terms/" xmlns:vCard="http://www.w3.org/2001/vcard-rdf/3.0#" xmlns:bqbiol="http://biomodels.net/biology-qualifiers/" xmlns:bqmodel="http://biomodels.net/model-qualifiers/">
            <rdf:Description rdf:about="#meta_R07412">
              <bqbiol:isPartOf>
                <rdf:Bag>
                  <rdf:li rdf:resource="urn:miriam:kegg.pathway:rn00860"/>
                  <rdf:li rdf:resource="urn:miriam:kegg.pathway:rn01110"/>
                </rdf:Bag>
              </bqbiol:isPartOf>
              <bqbiol:is>
                <rdf:Bag>
                  <rdf:li rdf:resource="urn:miriam:kegg.reaction:R07412"/>
                </rdf:Bag>
              </bqbiol:is>
              <bqbiol:isDescribedBy>
                <rdf:Bag>
                  <rdf:li rdf:resource="urn:miriam:pubmed:9847135"/>
                </rdf:Bag>
              </bqbiol:isDescribedBy>
            </rdf:Description>
          </rdf:RDF>
        </annotation>
        <listOfReactants>
          <speciesReference species="C15672"/>
        </listOfReactants>
        <listOfProducts>
          <speciesReference species="C15670"/>
        </listOfProducts>
        <listOfModifiers>
          <modifierSpeciesReference species="sce_YER141W"/>
        </listOfModifiers>
      </reaction>
    </listOfReactions>
  </model>
</sbml>
