<?xml version='1.0' encoding='UTF-8' standalone='no'?>
<!-- Created by KEGGtranslator version 1.2.0 on 2011-11-09 18:53 with jsbml version 0.8-rc1. -->
<sbml xmlns="http://www.sbml.org/sbml/level2/version4" level="2" version="4">
  <model id="path_efa00430" name="Taurine and hypotaurine metabolism" metaid="meta_path_efa00430">
<notes><body xmlns="http://www.w3.org/1999/xhtml"><h1>Model of “Taurine and hypotaurine metabolism” in “Enterococcus faecalis V583, vancomycin-resistant clinical isolate”</h1>
<a href="http://www.genome.jp/kegg/pathway/efa/efa00430.png"><img src="http://www.genome.jp/kegg/pathway/efa/efa00430.png" alt="http://www.genome.jp/kegg-bin/show_pathway?efa00430"/></a><br/>
<a href="http://www.genome.jp/kegg-bin/show_pathway?efa00430">Original Entry</a><br/>
<p>KGML comment: “Creation date: May 27, 2011 17:48:06 +0900 (GMT+09:00)”<br/>
KGML version was: 0.71<br/>
</p><div align="right"><i><small>This file has been generated by KEGGtranslator version 1.2.0</small></i></div><br/>
</body></notes>
    <annotation>
      <rdf:RDF xmlns:rdf="http://www.w3.org/1999/02/22-rdf-syntax-ns#" xmlns:bqmodel="http://biomodels.net/model-qualifiers/" xmlns:bqbiol="http://biomodels.net/biology-qualifiers/">
        <rdf:Description rdf:about="#meta_path_efa00430">
          <creator>
            <rdf:Bag>
              <rdf:li rdf:parseType="Resource">                <ORG rdf:parseType="Resource">
                  <Orgname>ZBIT, University of Tübingen, WSI-CogSys</Orgname>
                </ORG>
              </rdf:li>
            </rdf:Bag>
          </creator>
          <created rdf:parseType="Resource">
            <W3CDTF>2011-11-09T17:53:53Z</W3CDTF>
          </created>
          <modified rdf:parseType="Resource">
            <W3CDTF>2011-11-09T17:53:52Z</W3CDTF>
          </modified>
          <modified rdf:parseType="Resource">
            <W3CDTF>2011-11-09T17:53:53Z</W3CDTF>
          </modified>
          <bqmodel:is>
            <rdf:Bag>
              <rdf:li rdf:resource="urn:miriam:kegg.pathway:efa00430"/>
            </rdf:Bag>
          </bqmodel:is>
          <bqbiol:occursIn>
            <rdf:Bag>
              <rdf:li rdf:resource="urn:miriam:taxonomy:226185"/>
            </rdf:Bag>
          </bqbiol:occursIn>
          <bqbiol:isDescribedBy>
            <rdf:Bag>
              <rdf:li rdf:resource="urn:miriam:obo.go:GO:0019530"/>
            </rdf:Bag>
          </bqbiol:isDescribedBy>
        </rdf:Description>
      </rdf:RDF>
    </annotation>
      <listOfCompartments>
      <compartment id="default" name="Taurine and hypotaurine metabolism" units="volume" size="1"/>
    </listOfCompartments>
    <listOfSpecies>
      <species id="tauD" initialAmount="1" name="tauD" metaid="meta_tauD" sboTerm="SBO:0000354" substanceUnits="substance" compartment="default">
<notes><body xmlns="http://www.w3.org/1999/xhtml"><a href="http://www.kegg.jp/dbget-bin/www_bget?K03119">Original Kegg Entry</a><br/>
<p><b>Description for “tauD”:</b> taurine dioxygenase [EC:1.14.11.17]</p>
</body></notes>
        <annotation>
          <rdf:RDF xmlns:rdf="http://www.w3.org/1999/02/22-rdf-syntax-ns#" xmlns:bqbiol="http://biomodels.net/biology-qualifiers/">
            <rdf:Description rdf:about="#meta_tauD">
              <bqbiol:is>
                <rdf:Bag>
                  <rdf:li rdf:resource="urn:miriam:kegg.orthology:K03119"/>
                </rdf:Bag>
              </bqbiol:is>
              <bqbiol:isEncodedBy>
                <rdf:Bag>
                  <rdf:li rdf:resource="urn:miriam:entrez.gene:100209105"/>
                </rdf:Bag>
              </bqbiol:isEncodedBy>
              <bqbiol:isDescribedBy>
                <rdf:Bag>
                  <rdf:li rdf:resource="urn:miriam:obo.go:GO:0000908"/>
                </rdf:Bag>
              </bqbiol:isDescribedBy>
              <bqbiol:occursIn>
                <rdf:Bag>
                  <rdf:li rdf:resource="urn:miriam:kegg.reaction:R05320"/>
                </rdf:Bag>
              </bqbiol:occursIn>
              <bqbiol:hasProperty>
                <rdf:Bag>
                  <rdf:li rdf:resource="urn:miriam:ec-code:1.14.11.17"/>
                </rdf:Bag>
              </bqbiol:hasProperty>
              <bqbiol:unknownQualifier>
                <rdf:Bag>
                  <rdf:li rdf:resource="urn:miriam:obo.eco:ECO%3A0000313"/>
                </rdf:Bag>
              </bqbiol:unknownQualifier>
            </rdf:Description>
          </rdf:RDF>
        </annotation>
      </species>
      <species id="Sulfur_metabolism" initialAmount="1" name="Sulfur metabolism" metaid="meta_Sulfur_metabolism" sboTerm="SBO:0000552" substanceUnits="substance" compartment="default">
<notes><body xmlns="http://www.w3.org/1999/xhtml"><a href="http://www.kegg.jp/dbget-bin/www_bget?efa00920">Original Kegg Entry</a><br/>
<p><b>Sulfur metabolism - Enterococcus faecalis</b></p>
<img src="http://www.kegg.jp/kegg/misc/thumbnail/map00920.gif"/><br/>
</body></notes>
        <annotation>
          <rdf:RDF xmlns:rdf="http://www.w3.org/1999/02/22-rdf-syntax-ns#" xmlns:bqbiol="http://biomodels.net/biology-qualifiers/">
            <rdf:Description rdf:about="#meta_Sulfur_metabolism">
              <bqbiol:is>
                <rdf:Bag>
                  <rdf:li rdf:resource="urn:miriam:kegg.pathway:efa00920"/>
                </rdf:Bag>
              </bqbiol:is>
              <bqbiol:unknownQualifier>
                <rdf:Bag>
                  <rdf:li rdf:resource="urn:miriam:obo.eco:ECO%3A0000313"/>
                </rdf:Bag>
              </bqbiol:unknownQualifier>
            </rdf:Description>
          </rdf:RDF>
        </annotation>
      </species>
      <species id="E112" initialAmount="1" name="E1.1.2.-" metaid="meta_E112" sboTerm="SBO:0000354" substanceUnits="substance" compartment="default">
<notes><body xmlns="http://www.w3.org/1999/xhtml"><a href="http://www.kegg.jp/dbget-bin/www_bget?K05888">Original Kegg Entry</a><br/>
<p><b>E1.1.2.-</b></p>
</body></notes>
        <annotation>
          <rdf:RDF xmlns:rdf="http://www.w3.org/1999/02/22-rdf-syntax-ns#" xmlns:bqbiol="http://biomodels.net/biology-qualifiers/">
            <rdf:Description rdf:about="#meta_E112">
              <bqbiol:is>
                <rdf:Bag>
                  <rdf:li rdf:resource="urn:miriam:kegg.orthology:K05888"/>
                </rdf:Bag>
              </bqbiol:is>
              <bqbiol:occursIn>
                <rdf:Bag>
                  <rdf:li rdf:resource="urn:miriam:kegg.reaction:R06981"/>
                </rdf:Bag>
              </bqbiol:occursIn>
              <bqbiol:unknownQualifier>
                <rdf:Bag>
                  <rdf:li rdf:resource="urn:miriam:obo.eco:ECO%3A0000313"/>
                </rdf:Bag>
              </bqbiol:unknownQualifier>
            </rdf:Description>
          </rdf:RDF>
        </annotation>
      </species>
      <species id="ald" initialAmount="1" name="ald" metaid="meta_ald" sboTerm="SBO:0000354" substanceUnits="substance" compartment="default">
<notes><body xmlns="http://www.w3.org/1999/xhtml"><a href="http://www.kegg.jp/dbget-bin/www_bget?K00259">Original Kegg Entry</a><br/>
<p><b>Description for “ald”:</b> alanine dehydrogenase [EC:1.4.1.1]</p>
</body></notes>
        <annotation>
          <rdf:RDF xmlns:rdf="http://www.w3.org/1999/02/22-rdf-syntax-ns#" xmlns:bqbiol="http://biomodels.net/biology-qualifiers/">
            <rdf:Description rdf:about="#meta_ald">
              <bqbiol:is>
                <rdf:Bag>
                  <rdf:li rdf:resource="urn:miriam:kegg.orthology:K00259"/>
                </rdf:Bag>
              </bqbiol:is>
              <bqbiol:isDescribedBy>
                <rdf:Bag>
                  <rdf:li rdf:resource="urn:miriam:obo.go:GO:0000286"/>
                </rdf:Bag>
              </bqbiol:isDescribedBy>
              <bqbiol:occursIn>
                <rdf:Bag>
                  <rdf:li rdf:resource="urn:miriam:kegg.reaction:R00396"/>
                </rdf:Bag>
              </bqbiol:occursIn>
              <bqbiol:hasProperty>
                <rdf:Bag>
                  <rdf:li rdf:resource="urn:miriam:ec-code:1.4.1.1"/>
                </rdf:Bag>
              </bqbiol:hasProperty>
              <bqbiol:unknownQualifier>
                <rdf:Bag>
                  <rdf:li rdf:resource="urn:miriam:obo.eco:ECO%3A0000313"/>
                </rdf:Bag>
              </bqbiol:unknownQualifier>
            </rdf:Description>
          </rdf:RDF>
        </annotation>
      </species>
      <species id="H2SO3" initialAmount="1" name="H2SO3" metaid="meta_H2SO3" sboTerm="SBO:0000247" substanceUnits="substance" compartment="default">
<notes><body xmlns="http://www.w3.org/1999/xhtml"><a href="http://www.kegg.jp/dbget-bin/www_bget?C00094">Original Kegg Entry</a><br/>
<p><b>Sulfurous acid</b></p>
<p><b>All given names:</b><br/>Sulfite<br/>Sulfurous acid</p>
<p><b>Formula:</b> H2SO3</p>
<img src="http://www.kegg.jp/Fig/compound/C00094.gif"/><br/>
</body></notes>
        <annotation>
          <rdf:RDF xmlns:rdf="http://www.w3.org/1999/02/22-rdf-syntax-ns#" xmlns:bqbiol="http://biomodels.net/biology-qualifiers/">
            <rdf:Description rdf:about="#meta_H2SO3">
              <bqbiol:is>
                <rdf:Bag>
                  <rdf:li rdf:resource="urn:miriam:kegg.compound:C00094"/>
                </rdf:Bag>
              </bqbiol:is>
              <bqbiol:is>
                <rdf:Bag>
                  <rdf:li rdf:resource="urn:miriam:obo.chebi:CHEBI%3A48854"/>
                </rdf:Bag>
              </bqbiol:is>
              <bqbiol:hasProperty>
                <rdf:Bag>
                  <rdf:li rdf:resource="urn:miriam:3dmet:B00024"/>
                </rdf:Bag>
              </bqbiol:hasProperty>
              <bqbiol:unknownQualifier>
                <rdf:Bag>
                  <rdf:li rdf:resource="urn:miriam:obo.eco:ECO%3A0000313"/>
                </rdf:Bag>
              </bqbiol:unknownQualifier>
            </rdf:Description>
          </rdf:RDF>
        </annotation>
      </species>
      <species id="C2H5NO" initialAmount="1" name="C2H5NO" metaid="meta_C2H5NO" sboTerm="SBO:0000247" substanceUnits="substance" compartment="default">
<notes><body xmlns="http://www.w3.org/1999/xhtml"><a href="http://www.kegg.jp/dbget-bin/www_bget?C06735">Original Kegg Entry</a><br/>
<p><b>2-Aminoacetaldehyde</b></p>
<p><b>All given names:</b><br/>Aminoacetaldehyde<br/>2-Aminoacetaldehyde</p>
<p><b>Formula:</b> C2H5NO</p>
<img src="http://www.kegg.jp/Fig/compound/C06735.gif"/><br/>
</body></notes>
        <annotation>
          <rdf:RDF xmlns:rdf="http://www.w3.org/1999/02/22-rdf-syntax-ns#" xmlns:bqbiol="http://biomodels.net/biology-qualifiers/">
            <rdf:Description rdf:about="#meta_C2H5NO">
              <bqbiol:is>
                <rdf:Bag>
                  <rdf:li rdf:resource="urn:miriam:kegg.compound:C06735"/>
                </rdf:Bag>
              </bqbiol:is>
              <bqbiol:is>
                <rdf:Bag>
                  <rdf:li rdf:resource="urn:miriam:obo.chebi:CHEBI%3A17628"/>
                </rdf:Bag>
              </bqbiol:is>
              <bqbiol:hasProperty>
                <rdf:Bag>
                  <rdf:li rdf:resource="urn:miriam:pubchem.substance:8957"/>
                </rdf:Bag>
              </bqbiol:hasProperty>
              <bqbiol:hasProperty>
                <rdf:Bag>
                  <rdf:li rdf:resource="urn:miriam:3dmet:B01038"/>
                </rdf:Bag>
              </bqbiol:hasProperty>
              <bqbiol:unknownQualifier>
                <rdf:Bag>
                  <rdf:li rdf:resource="urn:miriam:obo.eco:ECO%3A0000313"/>
                </rdf:Bag>
              </bqbiol:unknownQualifier>
            </rdf:Description>
          </rdf:RDF>
        </annotation>
      </species>
      <species id="C3H7NO2" initialAmount="1" name="C3H7NO2" metaid="meta_C3H7NO2" sboTerm="SBO:0000247" substanceUnits="substance" compartment="default">
<notes><body xmlns="http://www.w3.org/1999/xhtml"><a href="http://www.kegg.jp/dbget-bin/www_bget?C00041">Original Kegg Entry</a><br/>
<p><b>L-alpha-Alanine</b></p>
<p><b>All given names:</b><br/>L-Alanine<br/>L-2-Aminopropionic acid<br/>L-alpha-Alanine</p>
<p><b>Formula:</b> C3H7NO2</p>
<img src="http://www.kegg.jp/Fig/compound/C00041.gif"/><br/>
</body></notes>
        <annotation>
          <rdf:RDF xmlns:rdf="http://www.w3.org/1999/02/22-rdf-syntax-ns#" xmlns:bqbiol="http://biomodels.net/biology-qualifiers/">
            <rdf:Description rdf:about="#meta_C3H7NO2">
              <bqbiol:is>
                <rdf:Bag>
                  <rdf:li rdf:resource="urn:miriam:kegg.compound:C00041"/>
                </rdf:Bag>
              </bqbiol:is>
              <bqbiol:is>
                <rdf:Bag>
                  <rdf:li rdf:resource="urn:miriam:obo.chebi:CHEBI%3A16977"/>
                </rdf:Bag>
              </bqbiol:is>
              <bqbiol:hasProperty>
                <rdf:Bag>
                  <rdf:li rdf:resource="urn:miriam:pubchem.substance:3343"/>
                </rdf:Bag>
              </bqbiol:hasProperty>
              <bqbiol:hasProperty>
                <rdf:Bag>
                  <rdf:li rdf:resource="urn:miriam:3dmet:B00011"/>
                </rdf:Bag>
              </bqbiol:hasProperty>
              <bqbiol:unknownQualifier>
                <rdf:Bag>
                  <rdf:li rdf:resource="urn:miriam:obo.eco:ECO%3A0000313"/>
                </rdf:Bag>
              </bqbiol:unknownQualifier>
            </rdf:Description>
          </rdf:RDF>
        </annotation>
      </species>
      <species id="C3H4O3" initialAmount="1" name="C3H4O3" metaid="meta_C3H4O3" sboTerm="SBO:0000247" substanceUnits="substance" compartment="default">
<notes><body xmlns="http://www.w3.org/1999/xhtml"><a href="http://www.kegg.jp/dbget-bin/www_bget?C00022">Original Kegg Entry</a><br/>
<p><b>Pyroracemic acid</b></p>
<p><b>All given names:</b><br/>Pyruvate<br/>Pyruvic acid<br/>2-Oxopropanoate<br/>2-Oxopropanoic acid<br/>Pyroracemic acid</p>
<p><b>Formula:</b> C3H4O3</p>
<img src="http://www.kegg.jp/Fig/compound/C00022.gif"/><br/>
</body></notes>
        <annotation>
          <rdf:RDF xmlns:rdf="http://www.w3.org/1999/02/22-rdf-syntax-ns#" xmlns:bqbiol="http://biomodels.net/biology-qualifiers/">
            <rdf:Description rdf:about="#meta_C3H4O3">
              <bqbiol:is>
                <rdf:Bag>
                  <rdf:li rdf:resource="urn:miriam:kegg.compound:C00022"/>
                </rdf:Bag>
              </bqbiol:is>
              <bqbiol:is>
                <rdf:Bag>
                  <rdf:li rdf:resource="urn:miriam:obo.chebi:CHEBI%3A32816"/>
                </rdf:Bag>
              </bqbiol:is>
              <bqbiol:hasProperty>
                <rdf:Bag>
                  <rdf:li rdf:resource="urn:miriam:pubchem.substance:3324"/>
                </rdf:Bag>
              </bqbiol:hasProperty>
              <bqbiol:hasProperty>
                <rdf:Bag>
                  <rdf:li rdf:resource="urn:miriam:3dmet:B00006"/>
                </rdf:Bag>
              </bqbiol:hasProperty>
              <bqbiol:hasProperty>
                <rdf:Bag>
                  <rdf:li rdf:resource="urn:miriam:lipidbank:DFA0385"/>
                </rdf:Bag>
              </bqbiol:hasProperty>
              <bqbiol:unknownQualifier>
                <rdf:Bag>
                  <rdf:li rdf:resource="urn:miriam:obo.eco:ECO%3A0000313"/>
                </rdf:Bag>
              </bqbiol:unknownQualifier>
            </rdf:Description>
          </rdf:RDF>
        </annotation>
      </species>
      <species id="C2H4O5S" initialAmount="1" name="C2H4O5S" metaid="meta_C2H4O5S" sboTerm="SBO:0000247" substanceUnits="substance" compartment="default">
<notes><body xmlns="http://www.w3.org/1999/xhtml"><a href="http://www.kegg.jp/dbget-bin/www_bget?C14179">Original Kegg Entry</a><br/>
<p><b>Sulfoacetic acid</b></p>
<p><b>All given names:</b><br/>Sulfoacetate<br/>Sulfoacetic acid</p>
<p><b>Formula:</b> C2H4O5S</p>
<img src="http://www.kegg.jp/Fig/compound/C14179.gif"/><br/>
</body></notes>
        <annotation>
          <rdf:RDF xmlns:rdf="http://www.w3.org/1999/02/22-rdf-syntax-ns#" xmlns:bqbiol="http://biomodels.net/biology-qualifiers/">
            <rdf:Description rdf:about="#meta_C2H4O5S">
              <bqbiol:is>
                <rdf:Bag>
                  <rdf:li rdf:resource="urn:miriam:kegg.compound:C14179"/>
                </rdf:Bag>
              </bqbiol:is>
              <bqbiol:is>
                <rdf:Bag>
                  <rdf:li rdf:resource="urn:miriam:obo.chebi:CHEBI%3A50519"/>
                </rdf:Bag>
              </bqbiol:is>
              <bqbiol:hasProperty>
                <rdf:Bag>
                  <rdf:li rdf:resource="urn:miriam:pubchem.substance:7846991"/>
                </rdf:Bag>
              </bqbiol:hasProperty>
              <bqbiol:unknownQualifier>
                <rdf:Bag>
                  <rdf:li rdf:resource="urn:miriam:obo.eco:ECO%3A0000313"/>
                </rdf:Bag>
              </bqbiol:unknownQualifier>
            </rdf:Description>
          </rdf:RDF>
        </annotation>
      </species>
      <species id="eutD" initialAmount="1" name="eutD" metaid="meta_eutD" sboTerm="SBO:0000354" substanceUnits="substance" compartment="default">
<notes><body xmlns="http://www.w3.org/1999/xhtml"><a href="http://www.kegg.jp/dbget-bin/www_bget?efa:EF0949">Original Kegg Entry</a><br/>
<p><b>Description for “eutD”:</b> phosphotransacetylase</p>
</body></notes>
        <annotation>
          <rdf:RDF xmlns:rdf="http://www.w3.org/1999/02/22-rdf-syntax-ns#" xmlns:bqbiol="http://biomodels.net/biology-qualifiers/">
            <rdf:Description rdf:about="#meta_eutD">
              <bqbiol:is>
                <rdf:Bag>
                  <rdf:li rdf:resource="urn:miriam:kegg.genes:efa%3AEF0949"/>
                </rdf:Bag>
              </bqbiol:is>
              <bqbiol:isEncodedBy>
                <rdf:Bag>
                  <rdf:li rdf:resource="urn:miriam:entrez.gene:1199838"/>
                </rdf:Bag>
              </bqbiol:isEncodedBy>
              <bqbiol:is>
                <rdf:Bag>
                  <rdf:li rdf:resource="urn:miriam:uniprot:Q836Z4"/>
                </rdf:Bag>
              </bqbiol:is>
              <bqbiol:occursIn>
                <rdf:Bag>
                  <rdf:li rdf:resource="urn:miriam:kegg.reaction:R00230"/>
                </rdf:Bag>
              </bqbiol:occursIn>
              <bqbiol:hasProperty>
                <rdf:Bag>
                  <rdf:li rdf:resource="urn:miriam:ec-code:2.3.1.8"/>
                </rdf:Bag>
              </bqbiol:hasProperty>
              <bqbiol:unknownQualifier>
                <rdf:Bag>
                  <rdf:li rdf:resource="urn:miriam:obo.eco:ECO%3A0000313"/>
                </rdf:Bag>
              </bqbiol:unknownQualifier>
            </rdf:Description>
          </rdf:RDF>
        </annotation>
      </species>
      <species id="C2H5O5P" initialAmount="1" name="C2H5O5P" metaid="meta_C2H5O5P" sboTerm="SBO:0000247" substanceUnits="substance" compartment="default">
<notes><body xmlns="http://www.w3.org/1999/xhtml"><a href="http://www.kegg.jp/dbget-bin/www_bget?C00227">Original Kegg Entry</a><br/>
<p><b>Acetyl phosphate</b></p>
<p><b>Formula:</b> C2H5O5P</p>
<img src="http://www.kegg.jp/Fig/compound/C00227.gif"/><br/>
</body></notes>
        <annotation>
          <rdf:RDF xmlns:rdf="http://www.w3.org/1999/02/22-rdf-syntax-ns#" xmlns:bqbiol="http://biomodels.net/biology-qualifiers/">
            <rdf:Description rdf:about="#meta_C2H5O5P">
              <bqbiol:is>
                <rdf:Bag>
                  <rdf:li rdf:resource="urn:miriam:kegg.compound:C00227"/>
                </rdf:Bag>
              </bqbiol:is>
              <bqbiol:is>
                <rdf:Bag>
                  <rdf:li rdf:resource="urn:miriam:obo.chebi:CHEBI%3A15350"/>
                </rdf:Bag>
              </bqbiol:is>
              <bqbiol:hasProperty>
                <rdf:Bag>
                  <rdf:li rdf:resource="urn:miriam:3dmet:B00063"/>
                </rdf:Bag>
              </bqbiol:hasProperty>
              <bqbiol:occursIn>
                <rdf:Bag>
                  <rdf:li rdf:resource="urn:miriam:kegg.reaction:R00230"/>
                  <rdf:li rdf:resource="urn:miriam:kegg.reaction:R00315"/>
                </rdf:Bag>
              </bqbiol:occursIn>
              <bqbiol:unknownQualifier>
                <rdf:Bag>
                  <rdf:li rdf:resource="urn:miriam:obo.eco:ECO%3A0000313"/>
                </rdf:Bag>
              </bqbiol:unknownQualifier>
            </rdf:Description>
          </rdf:RDF>
        </annotation>
      </species>
      <species id="xsc" initialAmount="1" name="xsc" metaid="meta_xsc" sboTerm="SBO:0000354" substanceUnits="substance" compartment="default">
<notes><body xmlns="http://www.w3.org/1999/xhtml"><a href="http://www.kegg.jp/dbget-bin/www_bget?K03852">Original Kegg Entry</a><br/>
<p><b>Description for “xsc”:</b> sulfoacetaldehyde acetyltransferase [EC:2.3.3.15]</p>
</body></notes>
        <annotation>
          <rdf:RDF xmlns:rdf="http://www.w3.org/1999/02/22-rdf-syntax-ns#" xmlns:bqbiol="http://biomodels.net/biology-qualifiers/">
            <rdf:Description rdf:about="#meta_xsc">
              <bqbiol:is>
                <rdf:Bag>
                  <rdf:li rdf:resource="urn:miriam:kegg.orthology:K03852"/>
                </rdf:Bag>
              </bqbiol:is>
              <bqbiol:isDescribedBy>
                <rdf:Bag>
                  <rdf:li rdf:resource="urn:miriam:obo.go:GO:0050487"/>
                </rdf:Bag>
              </bqbiol:isDescribedBy>
              <bqbiol:occursIn>
                <rdf:Bag>
                  <rdf:li rdf:resource="urn:miriam:kegg.reaction:R05651"/>
                </rdf:Bag>
              </bqbiol:occursIn>
              <bqbiol:hasProperty>
                <rdf:Bag>
                  <rdf:li rdf:resource="urn:miriam:ec-code:2.3.3.15"/>
                </rdf:Bag>
              </bqbiol:hasProperty>
              <bqbiol:unknownQualifier>
                <rdf:Bag>
                  <rdf:li rdf:resource="urn:miriam:obo.eco:ECO%3A0000313"/>
                </rdf:Bag>
              </bqbiol:unknownQualifier>
            </rdf:Description>
          </rdf:RDF>
        </annotation>
      </species>
      <species id="Pyruvate_metabolism" initialAmount="1" name="Pyruvate metabolism" metaid="meta_Pyruvate_metabolism" sboTerm="SBO:0000552" substanceUnits="substance" compartment="default">
<notes><body xmlns="http://www.w3.org/1999/xhtml"><a href="http://www.kegg.jp/dbget-bin/www_bget?efa00620">Original Kegg Entry</a><br/>
<p><b>Pyruvate metabolism - Enterococcus faecalis</b></p>
<img src="http://www.kegg.jp/kegg/misc/thumbnail/map00620.gif"/><br/>
</body></notes>
        <annotation>
          <rdf:RDF xmlns:rdf="http://www.w3.org/1999/02/22-rdf-syntax-ns#" xmlns:bqbiol="http://biomodels.net/biology-qualifiers/">
            <rdf:Description rdf:about="#meta_Pyruvate_metabolism">
              <bqbiol:is>
                <rdf:Bag>
                  <rdf:li rdf:resource="urn:miriam:kegg.pathway:efa00620"/>
                </rdf:Bag>
              </bqbiol:is>
              <bqbiol:isDescribedBy>
                <rdf:Bag>
                  <rdf:li rdf:resource="urn:miriam:obo.go:GO:0006090"/>
                </rdf:Bag>
              </bqbiol:isDescribedBy>
              <bqbiol:unknownQualifier>
                <rdf:Bag>
                  <rdf:li rdf:resource="urn:miriam:obo.eco:ECO%3A0000313"/>
                </rdf:Bag>
              </bqbiol:unknownQualifier>
            </rdf:Description>
          </rdf:RDF>
        </annotation>
      </species>
      <species id="C23H38N7O17P3S" initialAmount="1" name="C23H38N7O17P3S" metaid="meta_C23H38N7O17P3S" sboTerm="SBO:0000247" substanceUnits="substance" compartment="default">
<notes><body xmlns="http://www.w3.org/1999/xhtml"><a href="http://www.kegg.jp/dbget-bin/www_bget?C00024">Original Kegg Entry</a><br/>
<p><b>Acetyl coenzyme A</b></p>
<p><b>All given names:</b><br/>Acetyl-CoA<br/>Acetyl coenzyme A</p>
<p><b>Formula:</b> C23H38N7O17P3S</p>
<img src="http://www.kegg.jp/Fig/compound/C00024.gif"/><br/>
</body></notes>
        <annotation>
          <rdf:RDF xmlns:rdf="http://www.w3.org/1999/02/22-rdf-syntax-ns#" xmlns:bqbiol="http://biomodels.net/biology-qualifiers/">
            <rdf:Description rdf:about="#meta_C23H38N7O17P3S">
              <bqbiol:is>
                <rdf:Bag>
                  <rdf:li rdf:resource="urn:miriam:kegg.compound:C00024"/>
                </rdf:Bag>
              </bqbiol:is>
              <bqbiol:is>
                <rdf:Bag>
                  <rdf:li rdf:resource="urn:miriam:obo.chebi:CHEBI%3A15351"/>
                </rdf:Bag>
              </bqbiol:is>
              <bqbiol:hasProperty>
                <rdf:Bag>
                  <rdf:li rdf:resource="urn:miriam:pubchem.substance:3326"/>
                </rdf:Bag>
              </bqbiol:hasProperty>
              <bqbiol:hasProperty>
                <rdf:Bag>
                  <rdf:li rdf:resource="urn:miriam:3dmet:B04621"/>
                </rdf:Bag>
              </bqbiol:hasProperty>
              <bqbiol:occursIn>
                <rdf:Bag>
                  <rdf:li rdf:resource="urn:miriam:kegg.reaction:R00230"/>
                </rdf:Bag>
              </bqbiol:occursIn>
              <bqbiol:unknownQualifier>
                <rdf:Bag>
                  <rdf:li rdf:resource="urn:miriam:obo.eco:ECO%3A0000313"/>
                </rdf:Bag>
              </bqbiol:unknownQualifier>
            </rdf:Description>
          </rdf:RDF>
        </annotation>
      </species>
      <species id="tpa" initialAmount="1" name="tpa" metaid="meta_tpa" sboTerm="SBO:0000354" substanceUnits="substance" compartment="default">
<notes><body xmlns="http://www.w3.org/1999/xhtml"><a href="http://www.kegg.jp/dbget-bin/www_bget?K03851">Original Kegg Entry</a><br/>
<p><b>Description for “tpa”:</b> taurine-pyruvate aminotransferase [EC:2.6.1.77]</p>
</body></notes>
        <annotation>
          <rdf:RDF xmlns:rdf="http://www.w3.org/1999/02/22-rdf-syntax-ns#" xmlns:bqbiol="http://biomodels.net/biology-qualifiers/">
            <rdf:Description rdf:about="#meta_tpa">
              <bqbiol:is>
                <rdf:Bag>
                  <rdf:li rdf:resource="urn:miriam:kegg.orthology:K03851"/>
                </rdf:Bag>
              </bqbiol:is>
              <bqbiol:isDescribedBy>
                <rdf:Bag>
                  <rdf:li rdf:resource="urn:miriam:obo.go:GO:0031299"/>
                </rdf:Bag>
              </bqbiol:isDescribedBy>
              <bqbiol:occursIn>
                <rdf:Bag>
                  <rdf:li rdf:resource="urn:miriam:kegg.reaction:R05652"/>
                </rdf:Bag>
              </bqbiol:occursIn>
              <bqbiol:hasProperty>
                <rdf:Bag>
                  <rdf:li rdf:resource="urn:miriam:ec-code:2.6.1.77"/>
                </rdf:Bag>
              </bqbiol:hasProperty>
              <bqbiol:unknownQualifier>
                <rdf:Bag>
                  <rdf:li rdf:resource="urn:miriam:obo.eco:ECO%3A0000313"/>
                </rdf:Bag>
              </bqbiol:unknownQualifier>
            </rdf:Description>
          </rdf:RDF>
        </annotation>
      </species>
      <species id="Glutathione_metabolism" initialAmount="1" name="Glutathione metabolism" metaid="meta_Glutathione_metabolism" sboTerm="SBO:0000552" substanceUnits="substance" compartment="default">
<notes><body xmlns="http://www.w3.org/1999/xhtml"><a href="http://www.kegg.jp/dbget-bin/www_bget?efa00480">Original Kegg Entry</a><br/>
<p><b>Glutathione metabolism - Enterococcus faecalis</b></p>
<img src="http://www.kegg.jp/kegg/misc/thumbnail/map00480.gif"/><br/>
</body></notes>
        <annotation>
          <rdf:RDF xmlns:rdf="http://www.w3.org/1999/02/22-rdf-syntax-ns#" xmlns:bqbiol="http://biomodels.net/biology-qualifiers/">
            <rdf:Description rdf:about="#meta_Glutathione_metabolism">
              <bqbiol:is>
                <rdf:Bag>
                  <rdf:li rdf:resource="urn:miriam:kegg.pathway:efa00480"/>
                </rdf:Bag>
              </bqbiol:is>
              <bqbiol:isDescribedBy>
                <rdf:Bag>
                  <rdf:li rdf:resource="urn:miriam:obo.go:GO:0006749"/>
                </rdf:Bag>
              </bqbiol:isDescribedBy>
              <bqbiol:unknownQualifier>
                <rdf:Bag>
                  <rdf:li rdf:resource="urn:miriam:obo.eco:ECO%3A0000313"/>
                </rdf:Bag>
              </bqbiol:unknownQualifier>
            </rdf:Description>
          </rdf:RDF>
        </annotation>
      </species>
      <species id="Cyanoamino_acid_metabolism" initialAmount="1" name="Cyanoamino acid metabolism" metaid="meta_Cyanoamino_acid_metabolism" sboTerm="SBO:0000552" substanceUnits="substance" compartment="default">
<notes><body xmlns="http://www.w3.org/1999/xhtml"><a href="http://www.kegg.jp/dbget-bin/www_bget?efa00460">Original Kegg Entry</a><br/>
<p><b>Cyanoamino acid metabolism - Enterococcus faecalis</b></p>
<img src="http://www.kegg.jp/kegg/misc/thumbnail/map00460.gif"/><br/>
</body></notes>
        <annotation>
          <rdf:RDF xmlns:rdf="http://www.w3.org/1999/02/22-rdf-syntax-ns#" xmlns:bqbiol="http://biomodels.net/biology-qualifiers/">
            <rdf:Description rdf:about="#meta_Cyanoamino_acid_metabolism">
              <bqbiol:is>
                <rdf:Bag>
                  <rdf:li rdf:resource="urn:miriam:kegg.pathway:efa00460"/>
                </rdf:Bag>
              </bqbiol:is>
              <bqbiol:isDescribedBy>
                <rdf:Bag>
                  <rdf:li rdf:resource="urn:miriam:obo.go:GO:0033052"/>
                  <rdf:li rdf:resource="urn:miriam:obo.go:GO:0019756"/>
                </rdf:Bag>
              </bqbiol:isDescribedBy>
              <bqbiol:unknownQualifier>
                <rdf:Bag>
                  <rdf:li rdf:resource="urn:miriam:obo.eco:ECO%3A0000313"/>
                </rdf:Bag>
              </bqbiol:unknownQualifier>
            </rdf:Description>
          </rdf:RDF>
        </annotation>
      </species>
      <species id="Cysteine_and_methionine_metabolism" initialAmount="1" name="Cysteine and methionine metabolism" metaid="meta_Cysteine_and_methionine_metabolism" sboTerm="SBO:0000552" substanceUnits="substance" compartment="default">
<notes><body xmlns="http://www.w3.org/1999/xhtml"><a href="http://www.kegg.jp/dbget-bin/www_bget?efa00270">Original Kegg Entry</a><br/>
<p><b>Cysteine and methionine metabolism - Enterococcus faecalis</b></p>
<img src="http://www.kegg.jp/kegg/misc/thumbnail/map00270.gif"/><br/>
</body></notes>
        <annotation>
          <rdf:RDF xmlns:rdf="http://www.w3.org/1999/02/22-rdf-syntax-ns#" xmlns:bqbiol="http://biomodels.net/biology-qualifiers/">
            <rdf:Description rdf:about="#meta_Cysteine_and_methionine_metabolism">
              <bqbiol:is>
                <rdf:Bag>
                  <rdf:li rdf:resource="urn:miriam:kegg.pathway:efa00270"/>
                </rdf:Bag>
              </bqbiol:is>
              <bqbiol:isDescribedBy>
                <rdf:Bag>
                  <rdf:li rdf:resource="urn:miriam:obo.go:GO:0006534"/>
                  <rdf:li rdf:resource="urn:miriam:obo.go:GO:0006555"/>
                </rdf:Bag>
              </bqbiol:isDescribedBy>
              <bqbiol:unknownQualifier>
                <rdf:Bag>
                  <rdf:li rdf:resource="urn:miriam:obo.eco:ECO%3A0000313"/>
                </rdf:Bag>
              </bqbiol:unknownQualifier>
            </rdf:Description>
          </rdf:RDF>
        </annotation>
      </species>
      <species id="tau" initialAmount="1" name="tau" metaid="meta_tau" sboTerm="SBO:0000354" substanceUnits="substance" compartment="default">
<notes><body xmlns="http://www.w3.org/1999/xhtml"><a href="http://www.kegg.jp/dbget-bin/www_bget?K07255+K07256">Original Kegg Entry</a><br/>
<p><b>Description for “tauX”:</b> taurine dehydrogenase small subunit [EC:1.4.2.-]</p>
<p><b>Description for “tauY”:</b> taurine dehydrogenase large subunit [EC:1.4.2.-]</p>
</body></notes>
        <annotation>
          <rdf:RDF xmlns:rdf="http://www.w3.org/1999/02/22-rdf-syntax-ns#" xmlns:bqbiol="http://biomodels.net/biology-qualifiers/">
            <rdf:Description rdf:about="#meta_tau">
              <bqbiol:hasVersion>
                <rdf:Bag>
                  <rdf:li rdf:resource="urn:miriam:kegg.orthology:K07255"/>
                  <rdf:li rdf:resource="urn:miriam:kegg.orthology:K07256"/>
                </rdf:Bag>
              </bqbiol:hasVersion>
              <bqbiol:occursIn>
                <rdf:Bag>
                  <rdf:li rdf:resource="urn:miriam:kegg.reaction:R01685"/>
                </rdf:Bag>
              </bqbiol:occursIn>
              <bqbiol:hasProperty>
                <rdf:Bag>
                  <rdf:li rdf:resource="urn:miriam:ec-code:1.4.2.-"/>
                </rdf:Bag>
              </bqbiol:hasProperty>
              <bqbiol:unknownQualifier>
                <rdf:Bag>
                  <rdf:li rdf:resource="urn:miriam:obo.eco:ECO%3A0000313"/>
                </rdf:Bag>
              </bqbiol:unknownQualifier>
            </rdf:Description>
          </rdf:RDF>
        </annotation>
      </species>
      <species id="CSAD" initialAmount="1" name="CSAD" metaid="meta_CSAD" sboTerm="SBO:0000354" substanceUnits="substance" compartment="default">
<notes><body xmlns="http://www.w3.org/1999/xhtml"><a href="http://www.kegg.jp/dbget-bin/www_bget?K01594">Original Kegg Entry</a><br/>
<p><b>Description for “CSAD”:</b> sulfinoalanine decarboxylase [EC:4.1.1.29]</p>
</body></notes>
        <annotation>
          <rdf:RDF xmlns:rdf="http://www.w3.org/1999/02/22-rdf-syntax-ns#" xmlns:bqbiol="http://biomodels.net/biology-qualifiers/">
            <rdf:Description rdf:about="#meta_CSAD">
              <bqbiol:is>
                <rdf:Bag>
                  <rdf:li rdf:resource="urn:miriam:kegg.orthology:K01594"/>
                </rdf:Bag>
              </bqbiol:is>
              <bqbiol:isEncodedBy>
                <rdf:Bag>
                  <rdf:li rdf:resource="urn:miriam:entrez.gene:51380"/>
                  <rdf:li rdf:resource="urn:miriam:entrez.gene:100443784"/>
                  <rdf:li rdf:resource="urn:miriam:entrez.gene:701290"/>
                  <rdf:li rdf:resource="urn:miriam:entrez.gene:246277"/>
                  <rdf:li rdf:resource="urn:miriam:entrez.gene:60356"/>
                  <rdf:li rdf:resource="urn:miriam:entrez.gene:100473959"/>
                  <rdf:li rdf:resource="urn:miriam:entrez.gene:100515377"/>
                  <rdf:li rdf:resource="urn:miriam:entrez.gene:100061989"/>
                  <rdf:li rdf:resource="urn:miriam:entrez.gene:100010648"/>
                  <rdf:li rdf:resource="urn:miriam:entrez.gene:100486477"/>
                  <rdf:li rdf:resource="urn:miriam:entrez.gene:492476"/>
                  <rdf:li rdf:resource="urn:miriam:entrez.gene:575490"/>
                </rdf:Bag>
              </bqbiol:isEncodedBy>
              <bqbiol:isDescribedBy>
                <rdf:Bag>
                  <rdf:li rdf:resource="urn:miriam:obo.go:GO:0004782"/>
                </rdf:Bag>
              </bqbiol:isDescribedBy>
              <bqbiol:occursIn>
                <rdf:Bag>
                  <rdf:li rdf:resource="urn:miriam:kegg.reaction:R01682"/>
                </rdf:Bag>
              </bqbiol:occursIn>
              <bqbiol:hasProperty>
                <rdf:Bag>
                  <rdf:li rdf:resource="urn:miriam:ec-code:4.1.1.29"/>
                </rdf:Bag>
              </bqbiol:hasProperty>
              <bqbiol:unknownQualifier>
                <rdf:Bag>
                  <rdf:li rdf:resource="urn:miriam:obo.eco:ECO%3A0000313"/>
                </rdf:Bag>
              </bqbiol:unknownQualifier>
            </rdf:Description>
          </rdf:RDF>
        </annotation>
      </species>
      <species id="E41115" initialAmount="1" name="E4.1.1.15" metaid="meta_E41115" sboTerm="SBO:0000354" substanceUnits="substance" compartment="default">
<notes><body xmlns="http://www.w3.org/1999/xhtml"><a href="http://www.kegg.jp/dbget-bin/www_bget?K01580">Original Kegg Entry</a><br/>
<p><b>Description for “E4.1.1.15, gadB, gadA, GAD”:</b> glutamate decarboxylase [EC:4.1.1.15]</p>
</body></notes>
        <annotation>
          <rdf:RDF xmlns:rdf="http://www.w3.org/1999/02/22-rdf-syntax-ns#" xmlns:bqbiol="http://biomodels.net/biology-qualifiers/">
            <rdf:Description rdf:about="#meta_E41115">
              <bqbiol:is>
                <rdf:Bag>
                  <rdf:li rdf:resource="urn:miriam:kegg.orthology:K01580"/>
                </rdf:Bag>
              </bqbiol:is>
              <bqbiol:isEncodedBy>
                <rdf:Bag>
                  <rdf:li rdf:resource="urn:miriam:entrez.gene:2571"/>
                  <rdf:li rdf:resource="urn:miriam:entrez.gene:466026"/>
                  <rdf:li rdf:resource="urn:miriam:entrez.gene:100173252"/>
                  <rdf:li rdf:resource="urn:miriam:entrez.gene:613029"/>
                  <rdf:li rdf:resource="urn:miriam:entrez.gene:14415"/>
                  <rdf:li rdf:resource="urn:miriam:entrez.gene:24379"/>
                  <rdf:li rdf:resource="urn:miriam:entrez.gene:478794"/>
                  <rdf:li rdf:resource="urn:miriam:entrez.gene:100463588"/>
                  <rdf:li rdf:resource="urn:miriam:entrez.gene:512459"/>
                  <rdf:li rdf:resource="urn:miriam:entrez.gene:396928"/>
                  <rdf:li rdf:resource="urn:miriam:entrez.gene:100052860"/>
                  <rdf:li rdf:resource="urn:miriam:entrez.gene:100017915"/>
                  <rdf:li rdf:resource="urn:miriam:entrez.gene:100075098"/>
                  <rdf:li rdf:resource="urn:miriam:entrez.gene:395395"/>
                  <rdf:li rdf:resource="urn:miriam:entrez.gene:100542323"/>
                  <rdf:li rdf:resource="urn:miriam:entrez.gene:778442"/>
                  <rdf:li rdf:resource="urn:miriam:entrez.gene:100557248"/>
                  <rdf:li rdf:resource="urn:miriam:entrez.gene:378551"/>
                  <rdf:li rdf:resource="urn:miriam:entrez.gene:100145511"/>
                  <rdf:li rdf:resource="urn:miriam:entrez.gene:378441"/>
                  <rdf:li rdf:resource="urn:miriam:entrez.gene:448951"/>
                  <rdf:li rdf:resource="urn:miriam:entrez.gene:579659"/>
                  <rdf:li rdf:resource="urn:miriam:entrez.gene:408432"/>
                  <rdf:li rdf:resource="urn:miriam:entrez.gene:100117822"/>
                  <rdf:li rdf:resource="urn:miriam:entrez.gene:100124592"/>
                  <rdf:li rdf:resource="urn:miriam:entrez.gene:100169332"/>
                  <rdf:li rdf:resource="urn:miriam:entrez.gene:100199858"/>
                  <rdf:li rdf:resource="urn:miriam:entrez.gene:100256481"/>
                  <rdf:li rdf:resource="urn:miriam:entrez.gene:4332184"/>
                  <rdf:li rdf:resource="urn:miriam:entrez.gene:100191549"/>
                </rdf:Bag>
              </bqbiol:isEncodedBy>
              <bqbiol:isDescribedBy>
                <rdf:Bag>
                  <rdf:li rdf:resource="urn:miriam:obo.go:GO:0004351"/>
                </rdf:Bag>
              </bqbiol:isDescribedBy>
              <bqbiol:occursIn>
                <rdf:Bag>
                  <rdf:li rdf:resource="urn:miriam:kegg.reaction:R01682"/>
                </rdf:Bag>
              </bqbiol:occursIn>
              <bqbiol:hasProperty>
                <rdf:Bag>
                  <rdf:li rdf:resource="urn:miriam:ec-code:4.1.1.15"/>
                </rdf:Bag>
              </bqbiol:hasProperty>
              <bqbiol:unknownQualifier>
                <rdf:Bag>
                  <rdf:li rdf:resource="urn:miriam:obo.eco:ECO%3A0000313"/>
                </rdf:Bag>
              </bqbiol:unknownQualifier>
            </rdf:Description>
          </rdf:RDF>
        </annotation>
      </species>
      <species id="CDO1" initialAmount="1" name="CDO1" metaid="meta_CDO1" sboTerm="SBO:0000354" substanceUnits="substance" compartment="default">
<notes><body xmlns="http://www.w3.org/1999/xhtml"><a href="http://www.kegg.jp/dbget-bin/www_bget?K00456">Original Kegg Entry</a><br/>
<p><b>Description for “CDO1”:</b> cysteine dioxygenase [EC:1.13.11.20]</p>
</body></notes>
        <annotation>
          <rdf:RDF xmlns:rdf="http://www.w3.org/1999/02/22-rdf-syntax-ns#" xmlns:bqbiol="http://biomodels.net/biology-qualifiers/">
            <rdf:Description rdf:about="#meta_CDO1">
              <bqbiol:is>
                <rdf:Bag>
                  <rdf:li rdf:resource="urn:miriam:kegg.orthology:K00456"/>
                </rdf:Bag>
              </bqbiol:is>
              <bqbiol:isEncodedBy>
                <rdf:Bag>
                  <rdf:li rdf:resource="urn:miriam:entrez.gene:1036"/>
                  <rdf:li rdf:resource="urn:miriam:entrez.gene:462010"/>
                  <rdf:li rdf:resource="urn:miriam:entrez.gene:100174398"/>
                  <rdf:li rdf:resource="urn:miriam:entrez.gene:696387"/>
                  <rdf:li rdf:resource="urn:miriam:entrez.gene:12583"/>
                  <rdf:li rdf:resource="urn:miriam:entrez.gene:81718"/>
                  <rdf:li rdf:resource="urn:miriam:entrez.gene:474637"/>
                  <rdf:li rdf:resource="urn:miriam:entrez.gene:100469964"/>
                  <rdf:li rdf:resource="urn:miriam:entrez.gene:514462"/>
                  <rdf:li rdf:resource="urn:miriam:entrez.gene:100312964"/>
                  <rdf:li rdf:resource="urn:miriam:entrez.gene:100015236"/>
                  <rdf:li rdf:resource="urn:miriam:entrez.gene:100086382"/>
                  <rdf:li rdf:resource="urn:miriam:entrez.gene:427391"/>
                  <rdf:li rdf:resource="urn:miriam:entrez.gene:100546165"/>
                  <rdf:li rdf:resource="urn:miriam:entrez.gene:100226707"/>
                  <rdf:li rdf:resource="urn:miriam:entrez.gene:100562760"/>
                  <rdf:li rdf:resource="urn:miriam:entrez.gene:398963"/>
                  <rdf:li rdf:resource="urn:miriam:entrez.gene:394737"/>
                  <rdf:li rdf:resource="urn:miriam:entrez.gene:393714"/>
                  <rdf:li rdf:resource="urn:miriam:entrez.gene:575999"/>
                  <rdf:li rdf:resource="urn:miriam:entrez.gene:726371"/>
                  <rdf:li rdf:resource="urn:miriam:entrez.gene:100120916"/>
                  <rdf:li rdf:resource="urn:miriam:entrez.gene:663314"/>
                  <rdf:li rdf:resource="urn:miriam:entrez.gene:100166473"/>
                  <rdf:li rdf:resource="urn:miriam:entrez.gene:100204586"/>
                </rdf:Bag>
              </bqbiol:isEncodedBy>
              <bqbiol:isDescribedBy>
                <rdf:Bag>
                  <rdf:li rdf:resource="urn:miriam:obo.go:GO:0017172"/>
                </rdf:Bag>
              </bqbiol:isDescribedBy>
              <bqbiol:occursIn>
                <rdf:Bag>
                  <rdf:li rdf:resource="urn:miriam:kegg.reaction:R00893"/>
                </rdf:Bag>
              </bqbiol:occursIn>
              <bqbiol:hasProperty>
                <rdf:Bag>
                  <rdf:li rdf:resource="urn:miriam:ec-code:1.13.11.20"/>
                </rdf:Bag>
              </bqbiol:hasProperty>
              <bqbiol:unknownQualifier>
                <rdf:Bag>
                  <rdf:li rdf:resource="urn:miriam:obo.eco:ECO%3A0000313"/>
                </rdf:Bag>
              </bqbiol:unknownQualifier>
            </rdf:Description>
          </rdf:RDF>
        </annotation>
      </species>
      <species id="ADO" initialAmount="1" name="ADO" metaid="meta_ADO" sboTerm="SBO:0000354" substanceUnits="substance" compartment="default">
<notes><body xmlns="http://www.w3.org/1999/xhtml"><a href="http://www.kegg.jp/dbget-bin/www_bget?K10712">Original Kegg Entry</a><br/>
<p><b>Description for “ADO”:</b> cysteamine dioxygenase [EC:1.13.11.19]</p>
</body></notes>
        <annotation>
          <rdf:RDF xmlns:rdf="http://www.w3.org/1999/02/22-rdf-syntax-ns#" xmlns:bqbiol="http://biomodels.net/biology-qualifiers/">
            <rdf:Description rdf:about="#meta_ADO">
              <bqbiol:is>
                <rdf:Bag>
                  <rdf:li rdf:resource="urn:miriam:kegg.orthology:K10712"/>
                </rdf:Bag>
              </bqbiol:is>
              <bqbiol:isEncodedBy>
                <rdf:Bag>
                  <rdf:li rdf:resource="urn:miriam:entrez.gene:84890"/>
                  <rdf:li rdf:resource="urn:miriam:entrez.gene:748534"/>
                  <rdf:li rdf:resource="urn:miriam:entrez.gene:100452250"/>
                  <rdf:li rdf:resource="urn:miriam:entrez.gene:698259"/>
                  <rdf:li rdf:resource="urn:miriam:entrez.gene:211488"/>
                  <rdf:li rdf:resource="urn:miriam:entrez.gene:309732"/>
                  <rdf:li rdf:resource="urn:miriam:entrez.gene:489003"/>
                  <rdf:li rdf:resource="urn:miriam:entrez.gene:100479309"/>
                  <rdf:li rdf:resource="urn:miriam:entrez.gene:100297937"/>
                  <rdf:li rdf:resource="urn:miriam:entrez.gene:100153304"/>
                  <rdf:li rdf:resource="urn:miriam:entrez.gene:100017045"/>
                  <rdf:li rdf:resource="urn:miriam:entrez.gene:100079506"/>
                  <rdf:li rdf:resource="urn:miriam:entrez.gene:494774"/>
                  <rdf:li rdf:resource="urn:miriam:entrez.gene:100485786"/>
                  <rdf:li rdf:resource="urn:miriam:entrez.gene:406474"/>
                  <rdf:li rdf:resource="urn:miriam:entrez.gene:582096"/>
                  <rdf:li rdf:resource="urn:miriam:entrez.gene:100123227"/>
                  <rdf:li rdf:resource="urn:miriam:entrez.gene:663771"/>
                  <rdf:li rdf:resource="urn:miriam:entrez.gene:100163420"/>
                  <rdf:li rdf:resource="urn:miriam:entrez.gene:100208908"/>
                  <rdf:li rdf:resource="urn:miriam:entrez.gene:100250622"/>
                  <rdf:li rdf:resource="urn:miriam:entrez.gene:4335026"/>
                  <rdf:li rdf:resource="urn:miriam:entrez.gene:100191278"/>
                </rdf:Bag>
              </bqbiol:isEncodedBy>
              <bqbiol:isDescribedBy>
                <rdf:Bag>
                  <rdf:li rdf:resource="urn:miriam:obo.go:GO:0047800"/>
                </rdf:Bag>
              </bqbiol:isDescribedBy>
              <bqbiol:occursIn>
                <rdf:Bag>
                  <rdf:li rdf:resource="urn:miriam:kegg.reaction:R02467"/>
                </rdf:Bag>
              </bqbiol:occursIn>
              <bqbiol:hasProperty>
                <rdf:Bag>
                  <rdf:li rdf:resource="urn:miriam:ec-code:1.13.11.19"/>
                </rdf:Bag>
              </bqbiol:hasProperty>
              <bqbiol:unknownQualifier>
                <rdf:Bag>
                  <rdf:li rdf:resource="urn:miriam:obo.eco:ECO%3A0000313"/>
                </rdf:Bag>
              </bqbiol:unknownQualifier>
            </rdf:Description>
          </rdf:RDF>
        </annotation>
      </species>
      <species id="ggt" initialAmount="1" name="ggt" metaid="meta_ggt" sboTerm="SBO:0000354" substanceUnits="substance" compartment="default">
<notes><body xmlns="http://www.w3.org/1999/xhtml"><a href="http://www.kegg.jp/dbget-bin/www_bget?K00681">Original Kegg Entry</a><br/>
<p><b>Description for “ggt”:</b> gamma-glutamyltranspeptidase [EC:2.3.2.2]</p>
</body></notes>
        <annotation>
          <rdf:RDF xmlns:rdf="http://www.w3.org/1999/02/22-rdf-syntax-ns#" xmlns:bqbiol="http://biomodels.net/biology-qualifiers/">
            <rdf:Description rdf:about="#meta_ggt">
              <bqbiol:is>
                <rdf:Bag>
                  <rdf:li rdf:resource="urn:miriam:kegg.orthology:K00681"/>
                </rdf:Bag>
              </bqbiol:is>
              <bqbiol:isEncodedBy>
                <rdf:Bag>
                  <rdf:li rdf:resource="urn:miriam:entrez.gene:124975"/>
                  <rdf:li rdf:resource="urn:miriam:entrez.gene:458194"/>
                  <rdf:li rdf:resource="urn:miriam:entrez.gene:100441042"/>
                  <rdf:li rdf:resource="urn:miriam:entrez.gene:700936"/>
                  <rdf:li rdf:resource="urn:miriam:entrez.gene:14598"/>
                  <rdf:li rdf:resource="urn:miriam:entrez.gene:116568"/>
                  <rdf:li rdf:resource="urn:miriam:entrez.gene:485847"/>
                  <rdf:li rdf:resource="urn:miriam:entrez.gene:100469157"/>
                  <rdf:li rdf:resource="urn:miriam:entrez.gene:613919"/>
                  <rdf:li rdf:resource="urn:miriam:entrez.gene:100157523"/>
                  <rdf:li rdf:resource="urn:miriam:entrez.gene:100050188"/>
                  <rdf:li rdf:resource="urn:miriam:entrez.gene:100011908"/>
                  <rdf:li rdf:resource="urn:miriam:entrez.gene:100081657"/>
                  <rdf:li rdf:resource="urn:miriam:entrez.gene:416943"/>
                  <rdf:li rdf:resource="urn:miriam:entrez.gene:100539371"/>
                  <rdf:li rdf:resource="urn:miriam:entrez.gene:100224250"/>
                  <rdf:li rdf:resource="urn:miriam:entrez.gene:100554005"/>
                  <rdf:li rdf:resource="urn:miriam:entrez.gene:100036796"/>
                  <rdf:li rdf:resource="urn:miriam:entrez.gene:100493771"/>
                  <rdf:li rdf:resource="urn:miriam:entrez.gene:100002145"/>
                  <rdf:li rdf:resource="urn:miriam:entrez.gene:100180342"/>
                  <rdf:li rdf:resource="urn:miriam:entrez.gene:583278"/>
                  <rdf:li rdf:resource="urn:miriam:entrez.gene:410096"/>
                  <rdf:li rdf:resource="urn:miriam:entrez.gene:100117584"/>
                  <rdf:li rdf:resource="urn:miriam:entrez.gene:659110"/>
                  <rdf:li rdf:resource="urn:miriam:entrez.gene:100159801"/>
                  <rdf:li rdf:resource="urn:miriam:entrez.gene:100198343"/>
                  <rdf:li rdf:resource="urn:miriam:entrez.gene:100247429"/>
                  <rdf:li rdf:resource="urn:miriam:entrez.gene:4324525"/>
                  <rdf:li rdf:resource="urn:miriam:entrez.gene:100281180"/>
                </rdf:Bag>
              </bqbiol:isEncodedBy>
              <bqbiol:isDescribedBy>
                <rdf:Bag>
                  <rdf:li rdf:resource="urn:miriam:obo.go:GO:0003840"/>
                </rdf:Bag>
              </bqbiol:isDescribedBy>
              <bqbiol:occursIn>
                <rdf:Bag>
                  <rdf:li rdf:resource="urn:miriam:kegg.reaction:R01687"/>
                </rdf:Bag>
              </bqbiol:occursIn>
              <bqbiol:hasProperty>
                <rdf:Bag>
                  <rdf:li rdf:resource="urn:miriam:ec-code:2.3.2.2"/>
                </rdf:Bag>
              </bqbiol:hasProperty>
              <bqbiol:unknownQualifier>
                <rdf:Bag>
                  <rdf:li rdf:resource="urn:miriam:obo.eco:ECO%3A0000313"/>
                </rdf:Bag>
              </bqbiol:unknownQualifier>
            </rdf:Description>
          </rdf:RDF>
        </annotation>
      </species>
      <species id="BAAT" initialAmount="1" name="BAAT" metaid="meta_BAAT" sboTerm="SBO:0000354" substanceUnits="substance" compartment="default">
<notes><body xmlns="http://www.w3.org/1999/xhtml"><a href="http://www.kegg.jp/dbget-bin/www_bget?K00659">Original Kegg Entry</a><br/>
<p><b>Description for “BAAT”:</b> bile acid-CoA:amino acid N-acyltransferase [EC:2.3.1.65 3.1.2.2]</p>
</body></notes>
        <annotation>
          <rdf:RDF xmlns:rdf="http://www.w3.org/1999/02/22-rdf-syntax-ns#" xmlns:bqbiol="http://biomodels.net/biology-qualifiers/">
            <rdf:Description rdf:about="#meta_BAAT">
              <bqbiol:is>
                <rdf:Bag>
                  <rdf:li rdf:resource="urn:miriam:kegg.orthology:K00659"/>
                </rdf:Bag>
              </bqbiol:is>
              <bqbiol:isEncodedBy>
                <rdf:Bag>
                  <rdf:li rdf:resource="urn:miriam:entrez.gene:570"/>
                  <rdf:li rdf:resource="urn:miriam:entrez.gene:100431907"/>
                  <rdf:li rdf:resource="urn:miriam:entrez.gene:100429419"/>
                  <rdf:li rdf:resource="urn:miriam:entrez.gene:12012"/>
                  <rdf:li rdf:resource="urn:miriam:entrez.gene:29725"/>
                  <rdf:li rdf:resource="urn:miriam:entrez.gene:481635"/>
                  <rdf:li rdf:resource="urn:miriam:entrez.gene:100476252"/>
                  <rdf:li rdf:resource="urn:miriam:entrez.gene:530653"/>
                  <rdf:li rdf:resource="urn:miriam:entrez.gene:100054567"/>
                  <rdf:li rdf:resource="urn:miriam:entrez.gene:100023136"/>
                  <rdf:li rdf:resource="urn:miriam:entrez.gene:100137716"/>
                  <rdf:li rdf:resource="urn:miriam:entrez.gene:100125079"/>
                  <rdf:li rdf:resource="urn:miriam:entrez.gene:100175018"/>
                </rdf:Bag>
              </bqbiol:isEncodedBy>
              <bqbiol:isDescribedBy>
                <rdf:Bag>
                  <rdf:li rdf:resource="urn:miriam:obo.go:GO:0047963"/>
                  <rdf:li rdf:resource="urn:miriam:obo.go:GO:0016290"/>
                </rdf:Bag>
              </bqbiol:isDescribedBy>
              <bqbiol:occursIn>
                <rdf:Bag>
                  <rdf:li rdf:resource="urn:miriam:kegg.reaction:R03720"/>
                </rdf:Bag>
              </bqbiol:occursIn>
              <bqbiol:hasProperty>
                <rdf:Bag>
                  <rdf:li rdf:resource="urn:miriam:ec-code:3.1.2.2"/>
                  <rdf:li rdf:resource="urn:miriam:ec-code:2.3.1.65"/>
                </rdf:Bag>
              </bqbiol:hasProperty>
              <bqbiol:unknownQualifier>
                <rdf:Bag>
                  <rdf:li rdf:resource="urn:miriam:obo.eco:ECO%3A0000313"/>
                </rdf:Bag>
              </bqbiol:unknownQualifier>
            </rdf:Description>
          </rdf:RDF>
        </annotation>
      </species>
      <species id="ackA" initialAmount="1" name="ackA" metaid="meta_ackA" sboTerm="SBO:0000354" substanceUnits="substance" compartment="default">
<notes><body xmlns="http://www.w3.org/1999/xhtml"><a href="http://www.kegg.jp/dbget-bin/www_bget?efa:EF1983">Original Kegg Entry</a><br/>
<p><b>Description for “ackA”:</b> acetate kinase</p>
</body></notes>
        <annotation>
          <rdf:RDF xmlns:rdf="http://www.w3.org/1999/02/22-rdf-syntax-ns#" xmlns:bqbiol="http://biomodels.net/biology-qualifiers/">
            <rdf:Description rdf:about="#meta_ackA">
              <bqbiol:is>
                <rdf:Bag>
                  <rdf:li rdf:resource="urn:miriam:kegg.genes:efa%3AEF1983"/>
                </rdf:Bag>
              </bqbiol:is>
              <bqbiol:isEncodedBy>
                <rdf:Bag>
                  <rdf:li rdf:resource="urn:miriam:entrez.gene:1200858"/>
                </rdf:Bag>
              </bqbiol:isEncodedBy>
              <bqbiol:is>
                <rdf:Bag>
                  <rdf:li rdf:resource="urn:miriam:uniprot:Q833H0"/>
                </rdf:Bag>
              </bqbiol:is>
              <bqbiol:occursIn>
                <rdf:Bag>
                  <rdf:li rdf:resource="urn:miriam:kegg.reaction:R00315"/>
                </rdf:Bag>
              </bqbiol:occursIn>
              <bqbiol:hasProperty>
                <rdf:Bag>
                  <rdf:li rdf:resource="urn:miriam:ec-code:2.7.2.1"/>
                </rdf:Bag>
              </bqbiol:hasProperty>
              <bqbiol:unknownQualifier>
                <rdf:Bag>
                  <rdf:li rdf:resource="urn:miriam:obo.eco:ECO%3A0000313"/>
                </rdf:Bag>
              </bqbiol:unknownQualifier>
            </rdf:Description>
          </rdf:RDF>
        </annotation>
      </species>
      <species id="C3H7NO4S" initialAmount="1" name="C3H7NO4S" metaid="meta_C3H7NO4S" sboTerm="SBO:0000247" substanceUnits="substance" compartment="default">
<notes><body xmlns="http://www.w3.org/1999/xhtml"><a href="http://www.kegg.jp/dbget-bin/www_bget?C00606">Original Kegg Entry</a><br/>
<p><b>3-Sulfinoalanine</b></p>
<p><b>All given names:</b><br/>3-Sulfino-L-alanine<br/>L-Cysteinesulfinic acid<br/>3-Sulphino-L-alanine<br/>3-Sulfinoalanine</p>
<p><b>Formula:</b> C3H7NO4S</p>
<img src="http://www.kegg.jp/Fig/compound/C00606.gif"/><br/>
</body></notes>
        <annotation>
          <rdf:RDF xmlns:rdf="http://www.w3.org/1999/02/22-rdf-syntax-ns#" xmlns:bqbiol="http://biomodels.net/biology-qualifiers/">
            <rdf:Description rdf:about="#meta_C3H7NO4S">
              <bqbiol:is>
                <rdf:Bag>
                  <rdf:li rdf:resource="urn:miriam:kegg.compound:C00606"/>
                </rdf:Bag>
              </bqbiol:is>
              <bqbiol:is>
                <rdf:Bag>
                  <rdf:li rdf:resource="urn:miriam:obo.chebi:CHEBI%3A16345"/>
                </rdf:Bag>
              </bqbiol:is>
              <bqbiol:hasProperty>
                <rdf:Bag>
                  <rdf:li rdf:resource="urn:miriam:pubchem.substance:3881"/>
                </rdf:Bag>
              </bqbiol:hasProperty>
              <bqbiol:hasProperty>
                <rdf:Bag>
                  <rdf:li rdf:resource="urn:miriam:3dmet:B01293"/>
                </rdf:Bag>
              </bqbiol:hasProperty>
              <bqbiol:unknownQualifier>
                <rdf:Bag>
                  <rdf:li rdf:resource="urn:miriam:obo.eco:ECO%3A0000313"/>
                </rdf:Bag>
              </bqbiol:unknownQualifier>
            </rdf:Description>
          </rdf:RDF>
        </annotation>
      </species>
      <species id="C2H7NO2S" initialAmount="1" name="C2H7NO2S" metaid="meta_C2H7NO2S" sboTerm="SBO:0000247" substanceUnits="substance" compartment="default">
<notes><body xmlns="http://www.w3.org/1999/xhtml"><a href="http://www.kegg.jp/dbget-bin/www_bget?C00519">Original Kegg Entry</a><br/>
<p><b>2-Aminoethanesulfinic acid</b></p>
<p><b>All given names:</b><br/>Hypotaurine<br/>2-Aminoethanesulfinic acid</p>
<p><b>Formula:</b> C2H7NO2S</p>
<img src="http://www.kegg.jp/Fig/compound/C00519.gif"/><br/>
</body></notes>
        <annotation>
          <rdf:RDF xmlns:rdf="http://www.w3.org/1999/02/22-rdf-syntax-ns#" xmlns:bqbiol="http://biomodels.net/biology-qualifiers/">
            <rdf:Description rdf:about="#meta_C2H7NO2S">
              <bqbiol:is>
                <rdf:Bag>
                  <rdf:li rdf:resource="urn:miriam:kegg.compound:C00519"/>
                </rdf:Bag>
              </bqbiol:is>
              <bqbiol:is>
                <rdf:Bag>
                  <rdf:li rdf:resource="urn:miriam:obo.chebi:CHEBI%3A16668"/>
                </rdf:Bag>
              </bqbiol:is>
              <bqbiol:hasProperty>
                <rdf:Bag>
                  <rdf:li rdf:resource="urn:miriam:pubchem.substance:3802"/>
                </rdf:Bag>
              </bqbiol:hasProperty>
              <bqbiol:hasProperty>
                <rdf:Bag>
                  <rdf:li rdf:resource="urn:miriam:3dmet:B01277"/>
                </rdf:Bag>
              </bqbiol:hasProperty>
              <bqbiol:unknownQualifier>
                <rdf:Bag>
                  <rdf:li rdf:resource="urn:miriam:obo.eco:ECO%3A0000313"/>
                </rdf:Bag>
              </bqbiol:unknownQualifier>
            </rdf:Description>
          </rdf:RDF>
        </annotation>
      </species>
      <species id="C2H7NS" initialAmount="1" name="C2H7NS" metaid="meta_C2H7NS" sboTerm="SBO:0000247" substanceUnits="substance" compartment="default">
<notes><body xmlns="http://www.w3.org/1999/xhtml"><a href="http://www.kegg.jp/dbget-bin/www_bget?C01678">Original Kegg Entry</a><br/>
<p><b>Thioethanolamine</b></p>
<p><b>All given names:</b><br/>Cysteamine<br/>2-Aminoethanethiol<br/>beta-Aminoethanethiol<br/>beta-Mercaptoethylamine<br/>Mercaptamine<br/>Thioethanolamine</p>
<p><b>Formula:</b> C2H7NS</p>
<img src="http://www.kegg.jp/Fig/compound/C01678.gif"/><br/>
</body></notes>
        <annotation>
          <rdf:RDF xmlns:rdf="http://www.w3.org/1999/02/22-rdf-syntax-ns#" xmlns:bqbiol="http://biomodels.net/biology-qualifiers/">
            <rdf:Description rdf:about="#meta_C2H7NS">
              <bqbiol:is>
                <rdf:Bag>
                  <rdf:li rdf:resource="urn:miriam:kegg.compound:C01678"/>
                </rdf:Bag>
              </bqbiol:is>
              <bqbiol:is>
                <rdf:Bag>
                  <rdf:li rdf:resource="urn:miriam:obo.chebi:CHEBI%3A17141"/>
                </rdf:Bag>
              </bqbiol:is>
              <bqbiol:hasProperty>
                <rdf:Bag>
                  <rdf:li rdf:resource="urn:miriam:pubchem.substance:4821"/>
                </rdf:Bag>
              </bqbiol:hasProperty>
              <bqbiol:hasProperty>
                <rdf:Bag>
                  <rdf:li rdf:resource="urn:miriam:3dmet:B00335"/>
                </rdf:Bag>
              </bqbiol:hasProperty>
              <bqbiol:unknownQualifier>
                <rdf:Bag>
                  <rdf:li rdf:resource="urn:miriam:obo.eco:ECO%3A0000313"/>
                </rdf:Bag>
              </bqbiol:unknownQualifier>
            </rdf:Description>
          </rdf:RDF>
        </annotation>
      </species>
      <species id="C3H7NO2S" initialAmount="1" name="C3H7NO2S" metaid="meta_C3H7NO2S" sboTerm="SBO:0000247" substanceUnits="substance" compartment="default">
<notes><body xmlns="http://www.w3.org/1999/xhtml"><a href="http://www.kegg.jp/dbget-bin/www_bget?C00097">Original Kegg Entry</a><br/>
<p><b>L-2-Amino-3-mercaptopropionic acid</b></p>
<p><b>All given names:</b><br/>L-Cysteine<br/>L-2-Amino-3-mercaptopropionic acid</p>
<p><b>Formula:</b> C3H7NO2S</p>
<img src="http://www.kegg.jp/Fig/compound/C00097.gif"/><br/>
</body></notes>
        <annotation>
          <rdf:RDF xmlns:rdf="http://www.w3.org/1999/02/22-rdf-syntax-ns#" xmlns:bqbiol="http://biomodels.net/biology-qualifiers/">
            <rdf:Description rdf:about="#meta_C3H7NO2S">
              <bqbiol:is>
                <rdf:Bag>
                  <rdf:li rdf:resource="urn:miriam:kegg.compound:C00097"/>
                </rdf:Bag>
              </bqbiol:is>
              <bqbiol:is>
                <rdf:Bag>
                  <rdf:li rdf:resource="urn:miriam:obo.chebi:CHEBI%3A17561"/>
                </rdf:Bag>
              </bqbiol:is>
              <bqbiol:hasProperty>
                <rdf:Bag>
                  <rdf:li rdf:resource="urn:miriam:pubchem.substance:3397"/>
                </rdf:Bag>
              </bqbiol:hasProperty>
              <bqbiol:hasProperty>
                <rdf:Bag>
                  <rdf:li rdf:resource="urn:miriam:3dmet:B01159"/>
                </rdf:Bag>
              </bqbiol:hasProperty>
              <bqbiol:unknownQualifier>
                <rdf:Bag>
                  <rdf:li rdf:resource="urn:miriam:obo.eco:ECO%3A0000313"/>
                </rdf:Bag>
              </bqbiol:unknownQualifier>
            </rdf:Description>
          </rdf:RDF>
        </annotation>
      </species>
      <species id="C3H7NO5S" initialAmount="1" name="C3H7NO5S" metaid="meta_C3H7NO5S" sboTerm="SBO:0000247" substanceUnits="substance" compartment="default">
<notes><body xmlns="http://www.w3.org/1999/xhtml"><a href="http://www.kegg.jp/dbget-bin/www_bget?C00506">Original Kegg Entry</a><br/>
<p><b>2-Amino-3-sulfopropionic acid</b></p>
<p><b>All given names:</b><br/>L-Cysteate<br/>L-Cysteic acid<br/>3-Sulfoalanine<br/>2-Amino-3-sulfopropionic acid</p>
<p><b>Formula:</b> C3H7NO5S</p>
<img src="http://www.kegg.jp/Fig/compound/C00506.gif"/><br/>
</body></notes>
        <annotation>
          <rdf:RDF xmlns:rdf="http://www.w3.org/1999/02/22-rdf-syntax-ns#" xmlns:bqbiol="http://biomodels.net/biology-qualifiers/">
            <rdf:Description rdf:about="#meta_C3H7NO5S">
              <bqbiol:is>
                <rdf:Bag>
                  <rdf:li rdf:resource="urn:miriam:kegg.compound:C00506"/>
                </rdf:Bag>
              </bqbiol:is>
              <bqbiol:is>
                <rdf:Bag>
                  <rdf:li rdf:resource="urn:miriam:obo.chebi:CHEBI%3A17285"/>
                </rdf:Bag>
              </bqbiol:is>
              <bqbiol:hasProperty>
                <rdf:Bag>
                  <rdf:li rdf:resource="urn:miriam:pubchem.substance:3789"/>
                </rdf:Bag>
              </bqbiol:hasProperty>
              <bqbiol:hasProperty>
                <rdf:Bag>
                  <rdf:li rdf:resource="urn:miriam:3dmet:B01274"/>
                </rdf:Bag>
              </bqbiol:hasProperty>
              <bqbiol:unknownQualifier>
                <rdf:Bag>
                  <rdf:li rdf:resource="urn:miriam:obo.eco:ECO%3A0000313"/>
                </rdf:Bag>
              </bqbiol:unknownQualifier>
            </rdf:Description>
          </rdf:RDF>
        </annotation>
      </species>
      <species id="C2H7NO3S" initialAmount="1" name="C2H7NO3S" metaid="meta_C2H7NO3S" sboTerm="SBO:0000247" substanceUnits="substance" compartment="default">
<notes><body xmlns="http://www.w3.org/1999/xhtml"><a href="http://www.kegg.jp/dbget-bin/www_bget?C00245">Original Kegg Entry</a><br/>
<p><b>Aminoethylsulfonic acid</b></p>
<p><b>All given names:</b><br/>Taurine<br/>2-Aminoethanesulfonic acid<br/>Aminoethylsulfonic acid</p>
<p><b>Formula:</b> C2H7NO3S</p>
<img src="http://www.kegg.jp/Fig/compound/C00245.gif"/><br/>
</body></notes>
        <annotation>
          <rdf:RDF xmlns:rdf="http://www.w3.org/1999/02/22-rdf-syntax-ns#" xmlns:bqbiol="http://biomodels.net/biology-qualifiers/">
            <rdf:Description rdf:about="#meta_C2H7NO3S">
              <bqbiol:is>
                <rdf:Bag>
                  <rdf:li rdf:resource="urn:miriam:kegg.compound:C00245"/>
                </rdf:Bag>
              </bqbiol:is>
              <bqbiol:is>
                <rdf:Bag>
                  <rdf:li rdf:resource="urn:miriam:obo.chebi:CHEBI%3A15891"/>
                </rdf:Bag>
              </bqbiol:is>
              <bqbiol:hasProperty>
                <rdf:Bag>
                  <rdf:li rdf:resource="urn:miriam:pubchem.substance:3544"/>
                </rdf:Bag>
              </bqbiol:hasProperty>
              <bqbiol:hasProperty>
                <rdf:Bag>
                  <rdf:li rdf:resource="urn:miriam:3dmet:B00069"/>
                </rdf:Bag>
              </bqbiol:hasProperty>
              <bqbiol:unknownQualifier>
                <rdf:Bag>
                  <rdf:li rdf:resource="urn:miriam:obo.eco:ECO%3A0000313"/>
                </rdf:Bag>
              </bqbiol:unknownQualifier>
            </rdf:Description>
          </rdf:RDF>
        </annotation>
      </species>
      <species id="C2H4O4S" initialAmount="1" name="C2H4O4S" metaid="meta_C2H4O4S" sboTerm="SBO:0000247" substanceUnits="substance" compartment="default">
<notes><body xmlns="http://www.w3.org/1999/xhtml"><a href="http://www.kegg.jp/dbget-bin/www_bget?C00593">Original Kegg Entry</a><br/>
<p><b>2-Sulfoacetaldehyde</b></p>
<p><b>All given names:</b><br/>Sulfoacetaldehyde<br/>2-Sulfoacetaldehyde</p>
<p><b>Formula:</b> C2H4O4S</p>
<img src="http://www.kegg.jp/Fig/compound/C00593.gif"/><br/>
</body></notes>
        <annotation>
          <rdf:RDF xmlns:rdf="http://www.w3.org/1999/02/22-rdf-syntax-ns#" xmlns:bqbiol="http://biomodels.net/biology-qualifiers/">
            <rdf:Description rdf:about="#meta_C2H4O4S">
              <bqbiol:is>
                <rdf:Bag>
                  <rdf:li rdf:resource="urn:miriam:kegg.compound:C00593"/>
                </rdf:Bag>
              </bqbiol:is>
              <bqbiol:is>
                <rdf:Bag>
                  <rdf:li rdf:resource="urn:miriam:obo.chebi:CHEBI%3A17717"/>
                </rdf:Bag>
              </bqbiol:is>
              <bqbiol:hasProperty>
                <rdf:Bag>
                  <rdf:li rdf:resource="urn:miriam:pubchem.substance:3872"/>
                </rdf:Bag>
              </bqbiol:hasProperty>
              <bqbiol:hasProperty>
                <rdf:Bag>
                  <rdf:li rdf:resource="urn:miriam:3dmet:B00143"/>
                </rdf:Bag>
              </bqbiol:hasProperty>
              <bqbiol:unknownQualifier>
                <rdf:Bag>
                  <rdf:li rdf:resource="urn:miriam:obo.eco:ECO%3A0000313"/>
                </rdf:Bag>
              </bqbiol:unknownQualifier>
            </rdf:Description>
          </rdf:RDF>
        </annotation>
      </species>
      <species id="C2H6O4S" initialAmount="1" name="C2H6O4S" metaid="meta_C2H6O4S" sboTerm="SBO:0000247" substanceUnits="substance" compartment="default">
<notes><body xmlns="http://www.w3.org/1999/xhtml"><a href="http://www.kegg.jp/dbget-bin/www_bget?C05123">Original Kegg Entry</a><br/>
<p><b>Isethionate</b></p>
<p><b>All given names:</b><br/>2-Hydroxyethanesulfonate<br/>2-Hydroxyethanesulfonic acid<br/>2-Hydroxyethane-1-sulfonic acid<br/>Isethionic acid<br/>Isethionate</p>
<p><b>Formula:</b> C2H6O4S</p>
<img src="http://www.kegg.jp/Fig/compound/C05123.gif"/><br/>
</body></notes>
        <annotation>
          <rdf:RDF xmlns:rdf="http://www.w3.org/1999/02/22-rdf-syntax-ns#" xmlns:bqbiol="http://biomodels.net/biology-qualifiers/">
            <rdf:Description rdf:about="#meta_C2H6O4S">
              <bqbiol:is>
                <rdf:Bag>
                  <rdf:li rdf:resource="urn:miriam:kegg.compound:C05123"/>
                </rdf:Bag>
              </bqbiol:is>
              <bqbiol:is>
                <rdf:Bag>
                  <rdf:li rdf:resource="urn:miriam:obo.chebi:CHEBI%3A1157"/>
                </rdf:Bag>
              </bqbiol:is>
              <bqbiol:hasProperty>
                <rdf:Bag>
                  <rdf:li rdf:resource="urn:miriam:pubchem.substance:7545"/>
                </rdf:Bag>
              </bqbiol:hasProperty>
              <bqbiol:hasProperty>
                <rdf:Bag>
                  <rdf:li rdf:resource="urn:miriam:3dmet:B00752"/>
                </rdf:Bag>
              </bqbiol:hasProperty>
              <bqbiol:unknownQualifier>
                <rdf:Bag>
                  <rdf:li rdf:resource="urn:miriam:obo.eco:ECO%3A0000313"/>
                </rdf:Bag>
              </bqbiol:unknownQualifier>
            </rdf:Description>
          </rdf:RDF>
        </annotation>
      </species>
      <species id="C3H9N3O3S" initialAmount="1" name="C3H9N3O3S" metaid="meta_C3H9N3O3S" sboTerm="SBO:0000247" substanceUnits="substance" compartment="default">
<notes><body xmlns="http://www.w3.org/1999/xhtml"><a href="http://www.kegg.jp/dbget-bin/www_bget?C01959">Original Kegg Entry</a><br/>
<p><b>Taurocyamine</b></p>
<p><b>Formula:</b> C3H9N3O3S</p>
<img src="http://www.kegg.jp/Fig/compound/C01959.gif"/><br/>
</body></notes>
        <annotation>
          <rdf:RDF xmlns:rdf="http://www.w3.org/1999/02/22-rdf-syntax-ns#" xmlns:bqbiol="http://biomodels.net/biology-qualifiers/">
            <rdf:Description rdf:about="#meta_C3H9N3O3S">
              <bqbiol:is>
                <rdf:Bag>
                  <rdf:li rdf:resource="urn:miriam:kegg.compound:C01959"/>
                </rdf:Bag>
              </bqbiol:is>
              <bqbiol:is>
                <rdf:Bag>
                  <rdf:li rdf:resource="urn:miriam:obo.chebi:CHEBI%3A17228"/>
                </rdf:Bag>
              </bqbiol:is>
              <bqbiol:hasProperty>
                <rdf:Bag>
                  <rdf:li rdf:resource="urn:miriam:pubchem.substance:5060"/>
                </rdf:Bag>
              </bqbiol:hasProperty>
              <bqbiol:hasProperty>
                <rdf:Bag>
                  <rdf:li rdf:resource="urn:miriam:3dmet:B00373"/>
                </rdf:Bag>
              </bqbiol:hasProperty>
              <bqbiol:unknownQualifier>
                <rdf:Bag>
                  <rdf:li rdf:resource="urn:miriam:obo.eco:ECO%3A0000313"/>
                </rdf:Bag>
              </bqbiol:unknownQualifier>
            </rdf:Description>
          </rdf:RDF>
        </annotation>
      </species>
      <species id="C3H10N3O6PS" initialAmount="1" name="C3H10N3O6PS" metaid="meta_C3H10N3O6PS" sboTerm="SBO:0000247" substanceUnits="substance" compartment="default">
<notes><body xmlns="http://www.w3.org/1999/xhtml"><a href="http://www.kegg.jp/dbget-bin/www_bget?C03149">Original Kegg Entry</a><br/>
<p><b>N(omega)-Phosphotaurocyamine</b></p>
<p><b>All given names:</b><br/>N-Phosphotaurocyamine<br/>Taurocyamine phosphate<br/>N(omega)-Phosphotaurocyamine</p>
<p><b>Formula:</b> C3H10N3O6PS</p>
<img src="http://www.kegg.jp/Fig/compound/C03149.gif"/><br/>
</body></notes>
        <annotation>
          <rdf:RDF xmlns:rdf="http://www.w3.org/1999/02/22-rdf-syntax-ns#" xmlns:bqbiol="http://biomodels.net/biology-qualifiers/">
            <rdf:Description rdf:about="#meta_C3H10N3O6PS">
              <bqbiol:is>
                <rdf:Bag>
                  <rdf:li rdf:resource="urn:miriam:kegg.compound:C03149"/>
                </rdf:Bag>
              </bqbiol:is>
              <bqbiol:is>
                <rdf:Bag>
                  <rdf:li rdf:resource="urn:miriam:obo.chebi:CHEBI%3A16621"/>
                </rdf:Bag>
              </bqbiol:is>
              <bqbiol:hasProperty>
                <rdf:Bag>
                  <rdf:li rdf:resource="urn:miriam:3dmet:B00549"/>
                </rdf:Bag>
              </bqbiol:hasProperty>
              <bqbiol:unknownQualifier>
                <rdf:Bag>
                  <rdf:li rdf:resource="urn:miriam:obo.eco:ECO%3A0000313"/>
                </rdf:Bag>
              </bqbiol:unknownQualifier>
            </rdf:Description>
          </rdf:RDF>
        </annotation>
      </species>
      <species id="C7H14N2O6S" initialAmount="1" name="C7H14N2O6S" metaid="meta_C7H14N2O6S" sboTerm="SBO:0000247" substanceUnits="substance" compartment="default">
<notes><body xmlns="http://www.w3.org/1999/xhtml"><a href="http://www.kegg.jp/dbget-bin/www_bget?C05844">Original Kegg Entry</a><br/>
<p><b>Glutaurine</b></p>
<p><b>All given names:</b><br/>5-L-Glutamyl-taurine<br/>5-Glutamyl-taurine<br/>Glutaurine</p>
<p><b>Formula:</b> C7H14N2O6S</p>
<img src="http://www.kegg.jp/Fig/compound/C05844.gif"/><br/>
</body></notes>
        <annotation>
          <rdf:RDF xmlns:rdf="http://www.w3.org/1999/02/22-rdf-syntax-ns#" xmlns:bqbiol="http://biomodels.net/biology-qualifiers/">
            <rdf:Description rdf:about="#meta_C7H14N2O6S">
              <bqbiol:is>
                <rdf:Bag>
                  <rdf:li rdf:resource="urn:miriam:kegg.compound:C05844"/>
                </rdf:Bag>
              </bqbiol:is>
              <bqbiol:hasProperty>
                <rdf:Bag>
                  <rdf:li rdf:resource="urn:miriam:pubchem.substance:8137"/>
                </rdf:Bag>
              </bqbiol:hasProperty>
              <bqbiol:hasProperty>
                <rdf:Bag>
                  <rdf:li rdf:resource="urn:miriam:3dmet:B01903"/>
                </rdf:Bag>
              </bqbiol:hasProperty>
              <bqbiol:unknownQualifier>
                <rdf:Bag>
                  <rdf:li rdf:resource="urn:miriam:obo.eco:ECO%3A0000313"/>
                </rdf:Bag>
              </bqbiol:unknownQualifier>
            </rdf:Description>
          </rdf:RDF>
        </annotation>
      </species>
      <species id="C26H45NO8S" initialAmount="1" name="C26H45NO8S" metaid="meta_C26H45NO8S" sboTerm="SBO:0000247" substanceUnits="substance" compartment="default">
<notes><body xmlns="http://www.w3.org/1999/xhtml"><a href="http://www.kegg.jp/dbget-bin/www_bget?C05122">Original Kegg Entry</a><br/>
<p><b>Cholyltaurine</b></p>
<p><b>All given names:</b><br/>Taurocholate<br/>Taurocholic acid<br/>Cholyltaurine</p>
<p><b>Formula:</b> C26H45NO8S</p>
<img src="http://www.kegg.jp/Fig/compound/C05122.gif"/><br/>
</body></notes>
        <annotation>
          <rdf:RDF xmlns:rdf="http://www.w3.org/1999/02/22-rdf-syntax-ns#" xmlns:bqbiol="http://biomodels.net/biology-qualifiers/">
            <rdf:Description rdf:about="#meta_C26H45NO8S">
              <bqbiol:is>
                <rdf:Bag>
                  <rdf:li rdf:resource="urn:miriam:kegg.compound:C05122"/>
                </rdf:Bag>
              </bqbiol:is>
              <bqbiol:is>
                <rdf:Bag>
                  <rdf:li rdf:resource="urn:miriam:obo.chebi:CHEBI%3A28865"/>
                </rdf:Bag>
              </bqbiol:is>
              <bqbiol:hasProperty>
                <rdf:Bag>
                  <rdf:li rdf:resource="urn:miriam:pubchem.substance:7544"/>
                </rdf:Bag>
              </bqbiol:hasProperty>
              <bqbiol:hasProperty>
                <rdf:Bag>
                  <rdf:li rdf:resource="urn:miriam:3dmet:B04981"/>
                </rdf:Bag>
              </bqbiol:hasProperty>
              <bqbiol:unknownQualifier>
                <rdf:Bag>
                  <rdf:li rdf:resource="urn:miriam:obo.eco:ECO%3A0000313"/>
                </rdf:Bag>
              </bqbiol:unknownQualifier>
            </rdf:Description>
          </rdf:RDF>
        </annotation>
      </species>
      <species id="C2H4O2" initialAmount="1" name="C2H4O2" metaid="meta_C2H4O2" sboTerm="SBO:0000247" substanceUnits="substance" compartment="default">
<notes><body xmlns="http://www.w3.org/1999/xhtml"><a href="http://www.kegg.jp/dbget-bin/www_bget?C00033">Original Kegg Entry</a><br/>
<p><b>Ethanoic acid</b></p>
<p><b>All given names:</b><br/>Acetate<br/>Acetic acid<br/>Ethanoic acid</p>
<p><b>Formula:</b> C2H4O2</p>
<img src="http://www.kegg.jp/Fig/compound/C00033.gif"/><br/>
</body></notes>
        <annotation>
          <rdf:RDF xmlns:rdf="http://www.w3.org/1999/02/22-rdf-syntax-ns#" xmlns:bqbiol="http://biomodels.net/biology-qualifiers/">
            <rdf:Description rdf:about="#meta_C2H4O2">
              <bqbiol:is>
                <rdf:Bag>
                  <rdf:li rdf:resource="urn:miriam:kegg.compound:C00033"/>
                </rdf:Bag>
              </bqbiol:is>
              <bqbiol:is>
                <rdf:Bag>
                  <rdf:li rdf:resource="urn:miriam:obo.chebi:CHEBI%3A15366"/>
                </rdf:Bag>
              </bqbiol:is>
              <bqbiol:hasProperty>
                <rdf:Bag>
                  <rdf:li rdf:resource="urn:miriam:pubchem.substance:3335"/>
                </rdf:Bag>
              </bqbiol:hasProperty>
              <bqbiol:hasProperty>
                <rdf:Bag>
                  <rdf:li rdf:resource="urn:miriam:3dmet:B00009"/>
                </rdf:Bag>
              </bqbiol:hasProperty>
              <bqbiol:occursIn>
                <rdf:Bag>
                  <rdf:li rdf:resource="urn:miriam:kegg.reaction:R00315"/>
                </rdf:Bag>
              </bqbiol:occursIn>
              <bqbiol:hasProperty>
                <rdf:Bag>
                  <rdf:li rdf:resource="urn:miriam:lipidbank:DFA0002"/>
                </rdf:Bag>
              </bqbiol:hasProperty>
              <bqbiol:unknownQualifier>
                <rdf:Bag>
                  <rdf:li rdf:resource="urn:miriam:obo.eco:ECO%3A0000313"/>
                </rdf:Bag>
              </bqbiol:unknownQualifier>
            </rdf:Description>
          </rdf:RDF>
        </annotation>
      </species>
      <species id="H3PO4" initialAmount="1" name="H3PO4" metaid="meta_H3PO4" sboTerm="SBO:0000247" substanceUnits="substance" compartment="default">
<notes><body xmlns="http://www.w3.org/1999/xhtml"><a href="http://www.kegg.jp/dbget-bin/www_bget?cpd:C00009">Original Kegg Entry</a><br/>
<p><b>Orthophosphoric acid</b></p>
<p><b>All given names:</b><br/>Orthophosphate<br/>Phosphate<br/>Phosphoric acid<br/>Orthophosphoric acid</p>
<p><b>Formula:</b> H3PO4</p>
<img src="http://www.kegg.jp/Fig/compound/C00009.gif"/><br/>
</body></notes>
        <annotation>
          <rdf:RDF xmlns:rdf="http://www.w3.org/1999/02/22-rdf-syntax-ns#" xmlns:bqbiol="http://biomodels.net/biology-qualifiers/">
            <rdf:Description rdf:about="#meta_H3PO4">
              <bqbiol:is>
                <rdf:Bag>
                  <rdf:li rdf:resource="urn:miriam:kegg.compound:C00009"/>
                </rdf:Bag>
              </bqbiol:is>
              <bqbiol:is>
                <rdf:Bag>
                  <rdf:li rdf:resource="urn:miriam:obo.chebi:CHEBI%3A18367"/>
                </rdf:Bag>
              </bqbiol:is>
              <bqbiol:hasProperty>
                <rdf:Bag>
                  <rdf:li rdf:resource="urn:miriam:pubchem.substance:3311"/>
                </rdf:Bag>
              </bqbiol:hasProperty>
              <bqbiol:hasProperty>
                <rdf:Bag>
                  <rdf:li rdf:resource="urn:miriam:3dmet:B00002"/>
                </rdf:Bag>
              </bqbiol:hasProperty>
              <bqbiol:occursIn>
                <rdf:Bag>
                  <rdf:li rdf:resource="urn:miriam:kegg.reaction:R00230"/>
                </rdf:Bag>
              </bqbiol:occursIn>
              <bqbiol:unknownQualifier>
                <rdf:Bag>
                  <rdf:li rdf:resource="urn:miriam:obo.eco:ECO%3A0000313"/>
                </rdf:Bag>
              </bqbiol:unknownQualifier>
            </rdf:Description>
          </rdf:RDF>
        </annotation>
      </species>
      <species id="C21H36N7O16P3S" initialAmount="1" name="C21H36N7O16P3S" metaid="meta_C21H36N7O16P3S" sboTerm="SBO:0000247" substanceUnits="substance" compartment="default">
<notes><body xmlns="http://www.w3.org/1999/xhtml"><a href="http://www.kegg.jp/dbget-bin/www_bget?cpd:C00010">Original Kegg Entry</a><br/>
<p><b>CoA-SH</b></p>
<p><b>All given names:</b><br/>CoA<br/>Coenzyme A<br/>CoA-SH</p>
<p><b>Formula:</b> C21H36N7O16P3S</p>
<img src="http://www.kegg.jp/Fig/compound/C00010.gif"/><br/>
</body></notes>
        <annotation>
          <rdf:RDF xmlns:rdf="http://www.w3.org/1999/02/22-rdf-syntax-ns#" xmlns:bqbiol="http://biomodels.net/biology-qualifiers/">
            <rdf:Description rdf:about="#meta_C21H36N7O16P3S">
              <bqbiol:is>
                <rdf:Bag>
                  <rdf:li rdf:resource="urn:miriam:kegg.compound:C00010"/>
                </rdf:Bag>
              </bqbiol:is>
              <bqbiol:is>
                <rdf:Bag>
                  <rdf:li rdf:resource="urn:miriam:obo.chebi:CHEBI%3A15346"/>
                </rdf:Bag>
              </bqbiol:is>
              <bqbiol:hasProperty>
                <rdf:Bag>
                  <rdf:li rdf:resource="urn:miriam:pubchem.substance:3312"/>
                </rdf:Bag>
              </bqbiol:hasProperty>
              <bqbiol:hasProperty>
                <rdf:Bag>
                  <rdf:li rdf:resource="urn:miriam:3dmet:B04618"/>
                </rdf:Bag>
              </bqbiol:hasProperty>
              <bqbiol:occursIn>
                <rdf:Bag>
                  <rdf:li rdf:resource="urn:miriam:kegg.reaction:R00230"/>
                </rdf:Bag>
              </bqbiol:occursIn>
              <bqbiol:unknownQualifier>
                <rdf:Bag>
                  <rdf:li rdf:resource="urn:miriam:obo.eco:ECO%3A0000313"/>
                </rdf:Bag>
              </bqbiol:unknownQualifier>
            </rdf:Description>
          </rdf:RDF>
        </annotation>
      </species>
      <species id="C10H16N5O13P3" initialAmount="1" name="C10H16N5O13P3" metaid="meta_C10H16N5O13P3" sboTerm="SBO:0000247" substanceUnits="substance" compartment="default">
<notes><body xmlns="http://www.w3.org/1999/xhtml"><a href="http://www.kegg.jp/dbget-bin/www_bget?cpd:C00002">Original Kegg Entry</a><br/>
<p><b>Adenosine 5'-triphosphate</b></p>
<p><b>All given names:</b><br/>ATP<br/>Adenosine 5'-triphosphate</p>
<p><b>Formula:</b> C10H16N5O13P3</p>
<img src="http://www.kegg.jp/Fig/compound/C00002.gif"/><br/>
</body></notes>
        <annotation>
          <rdf:RDF xmlns:rdf="http://www.w3.org/1999/02/22-rdf-syntax-ns#" xmlns:bqbiol="http://biomodels.net/biology-qualifiers/">
            <rdf:Description rdf:about="#meta_C10H16N5O13P3">
              <bqbiol:is>
                <rdf:Bag>
                  <rdf:li rdf:resource="urn:miriam:kegg.compound:C00002"/>
                </rdf:Bag>
              </bqbiol:is>
              <bqbiol:is>
                <rdf:Bag>
                  <rdf:li rdf:resource="urn:miriam:obo.chebi:CHEBI%3A15422"/>
                </rdf:Bag>
              </bqbiol:is>
              <bqbiol:hasProperty>
                <rdf:Bag>
                  <rdf:li rdf:resource="urn:miriam:pubchem.substance:3304"/>
                </rdf:Bag>
              </bqbiol:hasProperty>
              <bqbiol:hasProperty>
                <rdf:Bag>
                  <rdf:li rdf:resource="urn:miriam:3dmet:B01125"/>
                </rdf:Bag>
              </bqbiol:hasProperty>
              <bqbiol:occursIn>
                <rdf:Bag>
                  <rdf:li rdf:resource="urn:miriam:kegg.reaction:R00315"/>
                </rdf:Bag>
              </bqbiol:occursIn>
              <bqbiol:unknownQualifier>
                <rdf:Bag>
                  <rdf:li rdf:resource="urn:miriam:obo.eco:ECO%3A0000313"/>
                </rdf:Bag>
              </bqbiol:unknownQualifier>
            </rdf:Description>
          </rdf:RDF>
        </annotation>
      </species>
      <species id="C10H15N5O10P2" initialAmount="1" name="C10H15N5O10P2" metaid="meta_C10H15N5O10P2" sboTerm="SBO:0000247" substanceUnits="substance" compartment="default">
<notes><body xmlns="http://www.w3.org/1999/xhtml"><a href="http://www.kegg.jp/dbget-bin/www_bget?cpd:C00008">Original Kegg Entry</a><br/>
<p><b>Adenosine 5'-diphosphate</b></p>
<p><b>All given names:</b><br/>ADP<br/>Adenosine 5'-diphosphate</p>
<p><b>Formula:</b> C10H15N5O10P2</p>
<img src="http://www.kegg.jp/Fig/compound/C00008.gif"/><br/>
</body></notes>
        <annotation>
          <rdf:RDF xmlns:rdf="http://www.w3.org/1999/02/22-rdf-syntax-ns#" xmlns:bqbiol="http://biomodels.net/biology-qualifiers/">
            <rdf:Description rdf:about="#meta_C10H15N5O10P2">
              <bqbiol:is>
                <rdf:Bag>
                  <rdf:li rdf:resource="urn:miriam:kegg.compound:C00008"/>
                </rdf:Bag>
              </bqbiol:is>
              <bqbiol:is>
                <rdf:Bag>
                  <rdf:li rdf:resource="urn:miriam:obo.chebi:CHEBI%3A16761"/>
                </rdf:Bag>
              </bqbiol:is>
              <bqbiol:hasProperty>
                <rdf:Bag>
                  <rdf:li rdf:resource="urn:miriam:pubchem.substance:3310"/>
                </rdf:Bag>
              </bqbiol:hasProperty>
              <bqbiol:hasProperty>
                <rdf:Bag>
                  <rdf:li rdf:resource="urn:miriam:3dmet:B01130"/>
                </rdf:Bag>
              </bqbiol:hasProperty>
              <bqbiol:occursIn>
                <rdf:Bag>
                  <rdf:li rdf:resource="urn:miriam:kegg.reaction:R00315"/>
                </rdf:Bag>
              </bqbiol:occursIn>
              <bqbiol:unknownQualifier>
                <rdf:Bag>
                  <rdf:li rdf:resource="urn:miriam:obo.eco:ECO%3A0000313"/>
                </rdf:Bag>
              </bqbiol:unknownQualifier>
            </rdf:Description>
          </rdf:RDF>
        </annotation>
      </species>
      <species id="propionate_kinase" initialAmount="1" name="propionate kinase" metaid="meta_propionate_kinase" sboTerm="SBO:0000245" substanceUnits="substance" compartment="default">
<notes><body xmlns="http://www.w3.org/1999/xhtml"><a href="http://www.kegg.jp/dbget-bin/www_bget?EC:2.7.2.15">Original Kegg Entry</a><br/>
<p><b>propionate/acetate kinase</b></p>
<p><b>All given names:</b><br/>propionate kinase<br/>PduW<br/>TdcD<br/>propionate/acetate kinase</p>
<p><b>CAS number:</b> 39369-28-3</p>
</body></notes>
        <annotation>
          <rdf:RDF xmlns:rdf="http://www.w3.org/1999/02/22-rdf-syntax-ns#" xmlns:bqbiol="http://biomodels.net/biology-qualifiers/">
            <rdf:Description rdf:about="#meta_propionate_kinase">
              <bqbiol:is>
                <rdf:Bag>
                  <rdf:li rdf:resource="urn:miriam:ec-code:2.7.2.15"/>
                </rdf:Bag>
              </bqbiol:is>
              <bqbiol:occursIn>
                <rdf:Bag>
                  <rdf:li rdf:resource="urn:miriam:kegg.reaction:R00315"/>
                </rdf:Bag>
              </bqbiol:occursIn>
              <bqbiol:hasProperty>
                <rdf:Bag>
                  <rdf:li rdf:resource="urn:miriam:ec-code:2.7.2.15"/>
                </rdf:Bag>
              </bqbiol:hasProperty>
              <bqbiol:unknownQualifier>
                <rdf:Bag>
                  <rdf:li rdf:resource="urn:miriam:obo.eco:ECO%3A0000313"/>
                </rdf:Bag>
              </bqbiol:unknownQualifier>
            </rdf:Description>
          </rdf:RDF>
        </annotation>
      </species>
    </listOfSpecies>
    <listOfReactions>
      <reaction id="rnR00230" name="rn:R00230" metaid="meta_rnR00230" reversible="true" sboTerm="SBO:0000176">
<notes><body xmlns="http://www.w3.org/1999/xhtml"><p><b>Definition of “RN:R00230”:</b> Acetyl-CoA + Orthophosphate &lt;=> CoA + Acetyl phosphate<br/>
<b>Equation for “RN:R00230”:</b> C00024 + C00009 &lt;=> C00010 + C00227<br/>
<a href="http://www.genome.jp/Fig/reaction/R00230.gif"><img src="http://www.genome.jp/Fig/reaction/R00230.gif"/></a>
<br/>
<b>Occurs in:</b><br/>
<ul>
<li>Taurine and hypotaurine metabolism</li>
<li>Pyruvate metabolism</li>
<li>Methane metabolism</li>
<li>Carbon fixation pathways in prokaryotes</li>
<li>Metabolic pathways</li>
<li>Microbial metabolism in diverse environments</li>
</ul><br/>
</p></body></notes>
        <annotation>
          <rdf:RDF xmlns:rdf="http://www.w3.org/1999/02/22-rdf-syntax-ns#" xmlns:bqbiol="http://biomodels.net/biology-qualifiers/">
            <rdf:Description rdf:about="#meta_rnR00230">
              <bqbiol:is>
                <rdf:Bag>
                  <rdf:li rdf:resource="urn:miriam:kegg.reaction:R00230"/>
                </rdf:Bag>
              </bqbiol:is>
              <bqbiol:occursIn>
                <rdf:Bag>
                  <rdf:li rdf:resource="urn:miriam:kegg.pathway:rn00430"/>
                  <rdf:li rdf:resource="urn:miriam:kegg.pathway:rn00620"/>
                  <rdf:li rdf:resource="urn:miriam:kegg.pathway:rn00680"/>
                  <rdf:li rdf:resource="urn:miriam:kegg.pathway:rn00720"/>
                  <rdf:li rdf:resource="urn:miriam:kegg.pathway:rn01100"/>
                  <rdf:li rdf:resource="urn:miriam:kegg.pathway:rn01120"/>
                </rdf:Bag>
              </bqbiol:occursIn>
            </rdf:Description>
          </rdf:RDF>
        </annotation>
              <listOfReactants>
          <speciesReference id="cpdC00024" species="C23H38N7O17P3S" name="cpd:C00024" metaid="meta_cpdC00024" sboTerm="SBO:0000015"/>
          <speciesReference id="cpdC00009" species="H3PO4" name="cpd:C00009" metaid="meta_cpdC00009" sboTerm="SBO:0000015"/>
        </listOfReactants>
        <listOfProducts>
          <speciesReference id="cpdC00227" species="C2H5O5P" name="cpd:C00227" metaid="meta_cpdC00227" sboTerm="SBO:0000011"/>
          <speciesReference id="cpdC00010" species="C21H36N7O16P3S" name="cpd:C00010" metaid="meta_cpdC00010" sboTerm="SBO:0000011"/>
        </listOfProducts>
        <listOfModifiers>
          <modifierSpeciesReference id="mod_rnR00230" species="eutD" name="mod_rnR00230" metaid="meta_mod_rnR00230" sboTerm="SBO:0000460"/>
        </listOfModifiers>
      </reaction>
      <reaction id="rnR00315" name="rn:R00315" metaid="meta_rnR00315" reversible="true" sboTerm="SBO:0000176">
<notes><body xmlns="http://www.w3.org/1999/xhtml"><p><b>Definition of “RN:R00315”:</b> ATP + Acetate &lt;=> ADP + Acetyl phosphate<br/>
<b>Equation for “RN:R00315”:</b> C00002 + C00033 &lt;=> C00008 + C00227<br/>
<a href="http://www.genome.jp/Fig/reaction/R00315.gif"><img src="http://www.genome.jp/Fig/reaction/R00315.gif"/></a>
<br/>
<b>Occurs in:</b><br/>
<ul>
<li>Taurine and hypotaurine metabolism</li>
<li>Pyruvate metabolism</li>
<li>Methane metabolism</li>
<li>Carbon fixation pathways in prokaryotes</li>
<li>Metabolic pathways</li>
<li>Microbial metabolism in diverse environments</li>
</ul><br/>
</p></body></notes>
        <annotation>
          <rdf:RDF xmlns:rdf="http://www.w3.org/1999/02/22-rdf-syntax-ns#" xmlns:bqbiol="http://biomodels.net/biology-qualifiers/">
            <rdf:Description rdf:about="#meta_rnR00315">
              <bqbiol:is>
                <rdf:Bag>
                  <rdf:li rdf:resource="urn:miriam:kegg.reaction:R00315"/>
                </rdf:Bag>
              </bqbiol:is>
              <bqbiol:occursIn>
                <rdf:Bag>
                  <rdf:li rdf:resource="urn:miriam:kegg.pathway:rn00430"/>
                  <rdf:li rdf:resource="urn:miriam:kegg.pathway:rn00620"/>
                  <rdf:li rdf:resource="urn:miriam:kegg.pathway:rn00680"/>
                  <rdf:li rdf:resource="urn:miriam:kegg.pathway:rn00720"/>
                  <rdf:li rdf:resource="urn:miriam:kegg.pathway:rn01100"/>
                  <rdf:li rdf:resource="urn:miriam:kegg.pathway:rn01120"/>
                </rdf:Bag>
              </bqbiol:occursIn>
            </rdf:Description>
          </rdf:RDF>
        </annotation>
              <listOfReactants>
          <speciesReference id="cpdC00033" species="C2H4O2" name="cpd:C00033" metaid="meta_cpdC00033" sboTerm="SBO:0000015"/>
          <speciesReference id="cpdC00002" species="C10H16N5O13P3" name="cpd:C00002" metaid="meta_cpdC00002" sboTerm="SBO:0000015"/>
        </listOfReactants>
        <listOfProducts>
          <speciesReference id="cpdC00227_1" species="C2H5O5P" name="cpd:C00227" metaid="meta_cpdC00227_1" sboTerm="SBO:0000011"/>
          <speciesReference id="cpdC00008" species="C10H15N5O10P2" name="cpd:C00008" metaid="meta_cpdC00008" sboTerm="SBO:0000011"/>
        </listOfProducts>
        <listOfModifiers>
          <modifierSpeciesReference id="mod_rnR00315_1" species="propionate_kinase" name="mod_rnR00315_1" metaid="meta_mod_rnR00315_1" sboTerm="SBO:0000460"/>
          <modifierSpeciesReference id="mod_rnR00315" species="ackA" name="mod_rnR00315" metaid="meta_mod_rnR00315" sboTerm="SBO:0000460"/>
        </listOfModifiers>
      </reaction>
    </listOfReactions>
  </model>
</sbml>