<?xml version='1.0' encoding='UTF-8' standalone='no'?>
<!-- Created by KEGGtranslator version 1.2.0 on 2011-11-09 18:54 with jsbml version 0.8-rc1. -->
<sbml xmlns="http://www.sbml.org/sbml/level2/version4" level="2" version="4">
  <model id="path_efa00511" name="Other glycan degradation" metaid="meta_path_efa00511">
<notes><body xmlns="http://www.w3.org/1999/xhtml"><h1>Model of “Other glycan degradation” in “Enterococcus faecalis V583, vancomycin-resistant clinical isolate”</h1>
<a href="http://www.genome.jp/kegg/pathway/efa/efa00511.png"><img src="http://www.genome.jp/kegg/pathway/efa/efa00511.png" alt="http://www.genome.jp/kegg-bin/show_pathway?efa00511"/></a><br/>
<a href="http://www.genome.jp/kegg-bin/show_pathway?efa00511">Original Entry</a><br/>
<p>KGML comment: “Creation date: Feb 1, 2011 17:36:51 +0900 (GMT+09:00)”<br/>
KGML version was: 0.71<br/>
</p><div align="right"><i><small>This file has been generated by KEGGtranslator version 1.2.0</small></i></div><br/>
</body></notes>
    <annotation>
      <rdf:RDF xmlns:rdf="http://www.w3.org/1999/02/22-rdf-syntax-ns#" xmlns:bqmodel="http://biomodels.net/model-qualifiers/" xmlns:bqbiol="http://biomodels.net/biology-qualifiers/">
        <rdf:Description rdf:about="#meta_path_efa00511">
          <creator>
            <rdf:Bag>
              <rdf:li rdf:parseType="Resource">                <ORG rdf:parseType="Resource">
                  <Orgname>ZBIT, University of Tübingen, WSI-CogSys</Orgname>
                </ORG>
              </rdf:li>
            </rdf:Bag>
          </creator>
          <created rdf:parseType="Resource">
            <W3CDTF>2011-11-09T17:54:34Z</W3CDTF>
          </created>
          <modified rdf:parseType="Resource">
            <W3CDTF>2011-11-09T17:54:34Z</W3CDTF>
          </modified>
          <modified rdf:parseType="Resource">
            <W3CDTF>2011-11-09T17:54:34Z</W3CDTF>
          </modified>
          <bqmodel:is>
            <rdf:Bag>
              <rdf:li rdf:resource="urn:miriam:kegg.pathway:efa00511"/>
            </rdf:Bag>
          </bqmodel:is>
          <bqbiol:occursIn>
            <rdf:Bag>
              <rdf:li rdf:resource="urn:miriam:taxonomy:226185"/>
            </rdf:Bag>
          </bqbiol:occursIn>
        </rdf:Description>
      </rdf:RDF>
    </annotation>
      <listOfCompartments>
      <compartment id="default" name="Other glycan degradation" units="volume" size="1"/>
    </listOfCompartments>
    <listOfSpecies>
      <species id="NEU" initialAmount="1" name="NEU" metaid="meta_NEU" sboTerm="SBO:0000354" substanceUnits="substance" compartment="default">
<notes><body xmlns="http://www.w3.org/1999/xhtml"><a href="http://www.kegg.jp/dbget-bin/www_bget?K01186+K12357">Original Kegg Entry</a><br/>
<p><b>Description for “NEU1”:</b> sialidase-1 [EC:3.2.1.18]</p>
<p><b>Description for “NEU2_3_4”:</b> sialidase-2/3/4 [EC:3.2.1.18]</p>
</body></notes>
        <annotation>
          <rdf:RDF xmlns:rdf="http://www.w3.org/1999/02/22-rdf-syntax-ns#" xmlns:bqbiol="http://biomodels.net/biology-qualifiers/">
            <rdf:Description rdf:about="#meta_NEU">
              <bqbiol:hasVersion>
                <rdf:Bag>
                  <rdf:li rdf:resource="urn:miriam:kegg.orthology:K01186"/>
                  <rdf:li rdf:resource="urn:miriam:kegg.orthology:K12357"/>
                </rdf:Bag>
              </bqbiol:hasVersion>
              <bqbiol:isEncodedBy>
                <rdf:Bag>
                  <rdf:li rdf:resource="urn:miriam:entrez.gene:4758"/>
                  <rdf:li rdf:resource="urn:miriam:entrez.gene:471968"/>
                  <rdf:li rdf:resource="urn:miriam:entrez.gene:100172668"/>
                  <rdf:li rdf:resource="urn:miriam:entrez.gene:716740"/>
                  <rdf:li rdf:resource="urn:miriam:entrez.gene:18010"/>
                  <rdf:li rdf:resource="urn:miriam:entrez.gene:24591"/>
                  <rdf:li rdf:resource="urn:miriam:entrez.gene:481717"/>
                  <rdf:li rdf:resource="urn:miriam:entrez.gene:100469046"/>
                  <rdf:li rdf:resource="urn:miriam:entrez.gene:505554"/>
                  <rdf:li rdf:resource="urn:miriam:entrez.gene:100124381"/>
                  <rdf:li rdf:resource="urn:miriam:entrez.gene:100059083"/>
                  <rdf:li rdf:resource="urn:miriam:entrez.gene:100025319"/>
                  <rdf:li rdf:resource="urn:miriam:entrez.gene:444511"/>
                  <rdf:li rdf:resource="urn:miriam:entrez.gene:100485853"/>
                  <rdf:li rdf:resource="urn:miriam:entrez.gene:559850"/>
                  <rdf:li rdf:resource="urn:miriam:entrez.gene:585449"/>
                  <rdf:li rdf:resource="urn:miriam:entrez.gene:10825"/>
                  <rdf:li rdf:resource="urn:miriam:entrez.gene:100171663"/>
                  <rdf:li rdf:resource="urn:miriam:entrez.gene:694310"/>
                  <rdf:li rdf:resource="urn:miriam:entrez.gene:23956"/>
                  <rdf:li rdf:resource="urn:miriam:entrez.gene:117185"/>
                  <rdf:li rdf:resource="urn:miriam:entrez.gene:485195"/>
                  <rdf:li rdf:resource="urn:miriam:entrez.gene:100464404"/>
                  <rdf:li rdf:resource="urn:miriam:entrez.gene:281349"/>
                  <rdf:li rdf:resource="urn:miriam:entrez.gene:100057378"/>
                  <rdf:li rdf:resource="urn:miriam:entrez.gene:100012303"/>
                  <rdf:li rdf:resource="urn:miriam:entrez.gene:100082341"/>
                  <rdf:li rdf:resource="urn:miriam:entrez.gene:430542"/>
                  <rdf:li rdf:resource="urn:miriam:entrez.gene:100542483"/>
                  <rdf:li rdf:resource="urn:miriam:entrez.gene:100220481"/>
                  <rdf:li rdf:resource="urn:miriam:entrez.gene:100557782"/>
                  <rdf:li rdf:resource="urn:miriam:entrez.gene:100145410"/>
                  <rdf:li rdf:resource="urn:miriam:entrez.gene:100000684"/>
                  <rdf:li rdf:resource="urn:miriam:entrez.gene:583431"/>
                </rdf:Bag>
              </bqbiol:isEncodedBy>
              <bqbiol:isDescribedBy>
                <rdf:Bag>
                  <rdf:li rdf:resource="urn:miriam:obo.go:GO:0004308"/>
                </rdf:Bag>
              </bqbiol:isDescribedBy>
              <bqbiol:hasProperty>
                <rdf:Bag>
                  <rdf:li rdf:resource="urn:miriam:ec-code:3.2.1.18"/>
                </rdf:Bag>
              </bqbiol:hasProperty>
              <bqbiol:unknownQualifier>
                <rdf:Bag>
                  <rdf:li rdf:resource="urn:miriam:obo.eco:ECO%3A0000313"/>
                </rdf:Bag>
              </bqbiol:unknownQualifier>
            </rdf:Description>
          </rdf:RDF>
        </annotation>
      </species>
      <species id="ebgA" initialAmount="1" name="ebgA" metaid="meta_ebgA" sboTerm="SBO:0000354" substanceUnits="substance" compartment="default">
<notes><body xmlns="http://www.w3.org/1999/xhtml"><a href="http://www.kegg.jp/dbget-bin/www_bget?efa:EF0813+efa:EF1851+efa:EF2709">Original Kegg Entry</a><br/>
<p><b>Description for “ebgA”:</b> cryptic beta-D-galactosidase subunit alpha</p>
</body></notes>
        <annotation>
          <rdf:RDF xmlns:rdf="http://www.w3.org/1999/02/22-rdf-syntax-ns#" xmlns:bqbiol="http://biomodels.net/biology-qualifiers/">
            <rdf:Description rdf:about="#meta_ebgA">
              <bqbiol:hasVersion>
                <rdf:Bag>
                  <rdf:li rdf:resource="urn:miriam:kegg.genes:efa%3AEF0813"/>
                  <rdf:li rdf:resource="urn:miriam:kegg.genes:efa%3AEF1851"/>
                  <rdf:li rdf:resource="urn:miriam:kegg.genes:efa%3AEF2709"/>
                </rdf:Bag>
              </bqbiol:hasVersion>
              <bqbiol:isEncodedBy>
                <rdf:Bag>
                  <rdf:li rdf:resource="urn:miriam:entrez.gene:1199706"/>
                  <rdf:li rdf:resource="urn:miriam:entrez.gene:1200733"/>
                  <rdf:li rdf:resource="urn:miriam:entrez.gene:1201565"/>
                </rdf:Bag>
              </bqbiol:isEncodedBy>
              <bqbiol:hasVersion>
                <rdf:Bag>
                  <rdf:li rdf:resource="urn:miriam:uniprot:Q837M3"/>
                  <rdf:li rdf:resource="urn:miriam:uniprot:Q833T0"/>
                  <rdf:li rdf:resource="urn:miriam:uniprot:Q830R3"/>
                </rdf:Bag>
              </bqbiol:hasVersion>
              <bqbiol:hasProperty>
                <rdf:Bag>
                  <rdf:li rdf:resource="urn:miriam:ec-code:3.2.1.23"/>
                </rdf:Bag>
              </bqbiol:hasProperty>
              <bqbiol:unknownQualifier>
                <rdf:Bag>
                  <rdf:li rdf:resource="urn:miriam:obo.eco:ECO%3A0000313"/>
                </rdf:Bag>
              </bqbiol:unknownQualifier>
            </rdf:Description>
          </rdf:RDF>
        </annotation>
      </species>
      <species id="EF1707" initialAmount="1" name="EF1707" metaid="meta_EF1707" sboTerm="SBO:0000354" substanceUnits="substance" compartment="default">
<notes><body xmlns="http://www.w3.org/1999/xhtml"><a href="http://www.kegg.jp/dbget-bin/www_bget?efa:EF1707">Original Kegg Entry</a><br/>
</body></notes>
        <annotation>
          <rdf:RDF xmlns:rdf="http://www.w3.org/1999/02/22-rdf-syntax-ns#" xmlns:bqbiol="http://biomodels.net/biology-qualifiers/">
            <rdf:Description rdf:about="#meta_EF1707">
              <bqbiol:is>
                <rdf:Bag>
                  <rdf:li rdf:resource="urn:miriam:kegg.genes:efa%3AEF1707"/>
                </rdf:Bag>
              </bqbiol:is>
              <bqbiol:isEncodedBy>
                <rdf:Bag>
                  <rdf:li rdf:resource="urn:miriam:entrez.gene:1200599"/>
                </rdf:Bag>
              </bqbiol:isEncodedBy>
              <bqbiol:is>
                <rdf:Bag>
                  <rdf:li rdf:resource="urn:miriam:uniprot:Q834E8"/>
                </rdf:Bag>
              </bqbiol:is>
              <bqbiol:hasProperty>
                <rdf:Bag>
                  <rdf:li rdf:resource="urn:miriam:ec-code:3.2.1.24"/>
                </rdf:Bag>
              </bqbiol:hasProperty>
              <bqbiol:unknownQualifier>
                <rdf:Bag>
                  <rdf:li rdf:resource="urn:miriam:obo.eco:ECO%3A0000313"/>
                </rdf:Bag>
              </bqbiol:unknownQualifier>
            </rdf:Description>
          </rdf:RDF>
        </annotation>
      </species>
      <species id="E32151" initialAmount="1" name="E3.2.1.51" metaid="meta_E32151" sboTerm="SBO:0000354" substanceUnits="substance" compartment="default">
<notes><body xmlns="http://www.w3.org/1999/xhtml"><a href="http://www.kegg.jp/dbget-bin/www_bget?K01206">Original Kegg Entry</a><br/>
<p><b>Description for “E3.2.1.51, FUCA”:</b> alpha-L-fucosidase [EC:3.2.1.51]</p>
</body></notes>
        <annotation>
          <rdf:RDF xmlns:rdf="http://www.w3.org/1999/02/22-rdf-syntax-ns#" xmlns:bqbiol="http://biomodels.net/biology-qualifiers/">
            <rdf:Description rdf:about="#meta_E32151">
              <bqbiol:is>
                <rdf:Bag>
                  <rdf:li rdf:resource="urn:miriam:kegg.orthology:K01206"/>
                </rdf:Bag>
              </bqbiol:is>
              <bqbiol:isEncodedBy>
                <rdf:Bag>
                  <rdf:li rdf:resource="urn:miriam:entrez.gene:2517"/>
                  <rdf:li rdf:resource="urn:miriam:entrez.gene:463039"/>
                  <rdf:li rdf:resource="urn:miriam:entrez.gene:100174203"/>
                  <rdf:li rdf:resource="urn:miriam:entrez.gene:700611"/>
                  <rdf:li rdf:resource="urn:miriam:entrez.gene:66848"/>
                  <rdf:li rdf:resource="urn:miriam:entrez.gene:24375"/>
                  <rdf:li rdf:resource="urn:miriam:entrez.gene:403929"/>
                  <rdf:li rdf:resource="urn:miriam:entrez.gene:100476024"/>
                  <rdf:li rdf:resource="urn:miriam:entrez.gene:509522"/>
                  <rdf:li rdf:resource="urn:miriam:entrez.gene:100154940"/>
                  <rdf:li rdf:resource="urn:miriam:entrez.gene:100067102"/>
                  <rdf:li rdf:resource="urn:miriam:entrez.gene:100010723"/>
                  <rdf:li rdf:resource="urn:miriam:entrez.gene:100075754"/>
                  <rdf:li rdf:resource="urn:miriam:entrez.gene:419687"/>
                  <rdf:li rdf:resource="urn:miriam:entrez.gene:100547873"/>
                  <rdf:li rdf:resource="urn:miriam:entrez.gene:100227568"/>
                  <rdf:li rdf:resource="urn:miriam:entrez.gene:100561871"/>
                  <rdf:li rdf:resource="urn:miriam:entrez.gene:398801"/>
                  <rdf:li rdf:resource="urn:miriam:entrez.gene:496744"/>
                  <rdf:li rdf:resource="urn:miriam:entrez.gene:335494"/>
                  <rdf:li rdf:resource="urn:miriam:entrez.gene:100180536"/>
                  <rdf:li rdf:resource="urn:miriam:entrez.gene:590798"/>
                  <rdf:li rdf:resource="urn:miriam:entrez.gene:412394"/>
                  <rdf:li rdf:resource="urn:miriam:entrez.gene:100119875"/>
                  <rdf:li rdf:resource="urn:miriam:entrez.gene:660163"/>
                  <rdf:li rdf:resource="urn:miriam:entrez.gene:100164884"/>
                  <rdf:li rdf:resource="urn:miriam:entrez.gene:100202379"/>
                </rdf:Bag>
              </bqbiol:isEncodedBy>
              <bqbiol:isDescribedBy>
                <rdf:Bag>
                  <rdf:li rdf:resource="urn:miriam:obo.go:GO:0004560"/>
                </rdf:Bag>
              </bqbiol:isDescribedBy>
              <bqbiol:hasProperty>
                <rdf:Bag>
                  <rdf:li rdf:resource="urn:miriam:ec-code:3.2.1.51"/>
                </rdf:Bag>
              </bqbiol:hasProperty>
              <bqbiol:unknownQualifier>
                <rdf:Bag>
                  <rdf:li rdf:resource="urn:miriam:obo.eco:ECO%3A0000313"/>
                </rdf:Bag>
              </bqbiol:unknownQualifier>
            </rdf:Description>
          </rdf:RDF>
        </annotation>
      </species>
      <species id="E35126" initialAmount="1" name="E3.5.1.26" metaid="meta_E35126" sboTerm="SBO:0000354" substanceUnits="substance" compartment="default">
<notes><body xmlns="http://www.w3.org/1999/xhtml"><a href="http://www.kegg.jp/dbget-bin/www_bget?K01444">Original Kegg Entry</a><br/>
<p><b>Description for “E3.5.1.26”:</b> N4-(beta-N-acetylglucosaminyl)-L-asparaginase [EC:3.5.1.26]</p>
</body></notes>
        <annotation>
          <rdf:RDF xmlns:rdf="http://www.w3.org/1999/02/22-rdf-syntax-ns#" xmlns:bqbiol="http://biomodels.net/biology-qualifiers/">
            <rdf:Description rdf:about="#meta_E35126">
              <bqbiol:is>
                <rdf:Bag>
                  <rdf:li rdf:resource="urn:miriam:kegg.orthology:K01444"/>
                </rdf:Bag>
              </bqbiol:is>
              <bqbiol:isEncodedBy>
                <rdf:Bag>
                  <rdf:li rdf:resource="urn:miriam:entrez.gene:175"/>
                  <rdf:li rdf:resource="urn:miriam:entrez.gene:461616"/>
                  <rdf:li rdf:resource="urn:miriam:entrez.gene:100453921"/>
                  <rdf:li rdf:resource="urn:miriam:entrez.gene:699740"/>
                  <rdf:li rdf:resource="urn:miriam:entrez.gene:11593"/>
                  <rdf:li rdf:resource="urn:miriam:entrez.gene:290923"/>
                  <rdf:li rdf:resource="urn:miriam:entrez.gene:475638"/>
                  <rdf:li rdf:resource="urn:miriam:entrez.gene:100472378"/>
                  <rdf:li rdf:resource="urn:miriam:entrez.gene:511345"/>
                  <rdf:li rdf:resource="urn:miriam:entrez.gene:100152203"/>
                  <rdf:li rdf:resource="urn:miriam:entrez.gene:100060636"/>
                  <rdf:li rdf:resource="urn:miriam:entrez.gene:100017534"/>
                  <rdf:li rdf:resource="urn:miriam:entrez.gene:100087946"/>
                  <rdf:li rdf:resource="urn:miriam:entrez.gene:422558"/>
                  <rdf:li rdf:resource="urn:miriam:entrez.gene:100548334"/>
                  <rdf:li rdf:resource="urn:miriam:entrez.gene:100231883"/>
                  <rdf:li rdf:resource="urn:miriam:entrez.gene:100565704"/>
                  <rdf:li rdf:resource="urn:miriam:entrez.gene:496249"/>
                  <rdf:li rdf:resource="urn:miriam:entrez.gene:100485379"/>
                  <rdf:li rdf:resource="urn:miriam:entrez.gene:566517"/>
                  <rdf:li rdf:resource="urn:miriam:entrez.gene:100177598"/>
                  <rdf:li rdf:resource="urn:miriam:entrez.gene:593612"/>
                  <rdf:li rdf:resource="urn:miriam:entrez.gene:411392"/>
                  <rdf:li rdf:resource="urn:miriam:entrez.gene:100119424"/>
                  <rdf:li rdf:resource="urn:miriam:entrez.gene:663067"/>
                  <rdf:li rdf:resource="urn:miriam:entrez.gene:100164194"/>
                  <rdf:li rdf:resource="urn:miriam:entrez.gene:100205957"/>
                  <rdf:li rdf:resource="urn:miriam:entrez.gene:100242161"/>
                  <rdf:li rdf:resource="urn:miriam:entrez.gene:4336581"/>
                  <rdf:li rdf:resource="urn:miriam:entrez.gene:100280081"/>
                </rdf:Bag>
              </bqbiol:isEncodedBy>
              <bqbiol:hasProperty>
                <rdf:Bag>
                  <rdf:li rdf:resource="urn:miriam:ec-code:3.5.1.26"/>
                </rdf:Bag>
              </bqbiol:hasProperty>
              <bqbiol:unknownQualifier>
                <rdf:Bag>
                  <rdf:li rdf:resource="urn:miriam:obo.eco:ECO%3A0000313"/>
                </rdf:Bag>
              </bqbiol:unknownQualifier>
            </rdf:Description>
          </rdf:RDF>
        </annotation>
      </species>
      <species id="EF0114" initialAmount="1" name="EF0114" metaid="meta_EF0114" sboTerm="SBO:0000354" substanceUnits="substance" compartment="default">
<notes><body xmlns="http://www.w3.org/1999/xhtml"><a href="http://www.kegg.jp/dbget-bin/www_bget?efa:EF0114">Original Kegg Entry</a><br/>
</body></notes>
        <annotation>
          <rdf:RDF xmlns:rdf="http://www.w3.org/1999/02/22-rdf-syntax-ns#" xmlns:bqbiol="http://biomodels.net/biology-qualifiers/">
            <rdf:Description rdf:about="#meta_EF0114">
              <bqbiol:is>
                <rdf:Bag>
                  <rdf:li rdf:resource="urn:miriam:kegg.genes:efa%3AEF0114"/>
                </rdf:Bag>
              </bqbiol:is>
              <bqbiol:isEncodedBy>
                <rdf:Bag>
                  <rdf:li rdf:resource="urn:miriam:entrez.gene:1199015"/>
                </rdf:Bag>
              </bqbiol:isEncodedBy>
              <bqbiol:is>
                <rdf:Bag>
                  <rdf:li rdf:resource="urn:miriam:uniprot:Q839P8"/>
                </rdf:Bag>
              </bqbiol:is>
              <bqbiol:hasProperty>
                <rdf:Bag>
                  <rdf:li rdf:resource="urn:miriam:ec-code:3.2.1.52"/>
                </rdf:Bag>
              </bqbiol:hasProperty>
              <bqbiol:unknownQualifier>
                <rdf:Bag>
                  <rdf:li rdf:resource="urn:miriam:obo.eco:ECO%3A0000313"/>
                </rdf:Bag>
              </bqbiol:unknownQualifier>
            </rdf:Description>
          </rdf:RDF>
        </annotation>
      </species>
      <species id="E32125" initialAmount="1" name="E3.2.1.25" metaid="meta_E32125" sboTerm="SBO:0000354" substanceUnits="substance" compartment="default">
<notes><body xmlns="http://www.w3.org/1999/xhtml"><a href="http://www.kegg.jp/dbget-bin/www_bget?K01192">Original Kegg Entry</a><br/>
<p><b>Description for “E3.2.1.25, MANBA, manB”:</b> beta-mannosidase [EC:3.2.1.25]</p>
</body></notes>
        <annotation>
          <rdf:RDF xmlns:rdf="http://www.w3.org/1999/02/22-rdf-syntax-ns#" xmlns:bqbiol="http://biomodels.net/biology-qualifiers/">
            <rdf:Description rdf:about="#meta_E32125">
              <bqbiol:is>
                <rdf:Bag>
                  <rdf:li rdf:resource="urn:miriam:kegg.orthology:K01192"/>
                </rdf:Bag>
              </bqbiol:is>
              <bqbiol:isEncodedBy>
                <rdf:Bag>
                  <rdf:li rdf:resource="urn:miriam:entrez.gene:4126"/>
                  <rdf:li rdf:resource="urn:miriam:entrez.gene:461407"/>
                  <rdf:li rdf:resource="urn:miriam:entrez.gene:100171985"/>
                  <rdf:li rdf:resource="urn:miriam:entrez.gene:712531"/>
                  <rdf:li rdf:resource="urn:miriam:entrez.gene:110173"/>
                  <rdf:li rdf:resource="urn:miriam:entrez.gene:310864"/>
                  <rdf:li rdf:resource="urn:miriam:entrez.gene:487883"/>
                  <rdf:li rdf:resource="urn:miriam:entrez.gene:100470838"/>
                  <rdf:li rdf:resource="urn:miriam:entrez.gene:281909"/>
                  <rdf:li rdf:resource="urn:miriam:entrez.gene:100524326"/>
                  <rdf:li rdf:resource="urn:miriam:entrez.gene:100067947"/>
                  <rdf:li rdf:resource="urn:miriam:entrez.gene:100014402"/>
                  <rdf:li rdf:resource="urn:miriam:entrez.gene:100073686"/>
                  <rdf:li rdf:resource="urn:miriam:entrez.gene:422712"/>
                  <rdf:li rdf:resource="urn:miriam:entrez.gene:100547783"/>
                  <rdf:li rdf:resource="urn:miriam:entrez.gene:100218699"/>
                  <rdf:li rdf:resource="urn:miriam:entrez.gene:447024"/>
                  <rdf:li rdf:resource="urn:miriam:entrez.gene:100485931"/>
                  <rdf:li rdf:resource="urn:miriam:entrez.gene:100331766"/>
                  <rdf:li rdf:resource="urn:miriam:entrez.gene:100175290"/>
                  <rdf:li rdf:resource="urn:miriam:entrez.gene:586815"/>
                  <rdf:li rdf:resource="urn:miriam:entrez.gene:409334"/>
                  <rdf:li rdf:resource="urn:miriam:entrez.gene:100119202"/>
                  <rdf:li rdf:resource="urn:miriam:entrez.gene:660426"/>
                  <rdf:li rdf:resource="urn:miriam:entrez.gene:100160465"/>
                  <rdf:li rdf:resource="urn:miriam:entrez.gene:100203248"/>
                </rdf:Bag>
              </bqbiol:isEncodedBy>
              <bqbiol:hasProperty>
                <rdf:Bag>
                  <rdf:li rdf:resource="urn:miriam:ec-code:3.2.1.25"/>
                </rdf:Bag>
              </bqbiol:hasProperty>
              <bqbiol:unknownQualifier>
                <rdf:Bag>
                  <rdf:li rdf:resource="urn:miriam:obo.eco:ECO%3A0000313"/>
                </rdf:Bag>
              </bqbiol:unknownQualifier>
            </rdf:Description>
          </rdf:RDF>
        </annotation>
      </species>
      <species id="E32196" initialAmount="1" name="E3.2.1.96" metaid="meta_E32196" sboTerm="SBO:0000354" substanceUnits="substance" compartment="default">
<notes><body xmlns="http://www.w3.org/1999/xhtml"><a href="http://www.kegg.jp/dbget-bin/www_bget?K01227">Original Kegg Entry</a><br/>
<p><b>Description for “E3.2.1.96”:</b> mannosyl-glycoprotein endo-beta-N-acetylglucosaminidase [EC:3.2.1.96]</p>
</body></notes>
        <annotation>
          <rdf:RDF xmlns:rdf="http://www.w3.org/1999/02/22-rdf-syntax-ns#" xmlns:bqbiol="http://biomodels.net/biology-qualifiers/">
            <rdf:Description rdf:about="#meta_E32196">
              <bqbiol:is>
                <rdf:Bag>
                  <rdf:li rdf:resource="urn:miriam:kegg.orthology:K01227"/>
                </rdf:Bag>
              </bqbiol:is>
              <bqbiol:isEncodedBy>
                <rdf:Bag>
                  <rdf:li rdf:resource="urn:miriam:entrez.gene:64772"/>
                  <rdf:li rdf:resource="urn:miriam:entrez.gene:741918"/>
                  <rdf:li rdf:resource="urn:miriam:entrez.gene:217364"/>
                  <rdf:li rdf:resource="urn:miriam:entrez.gene:303702"/>
                  <rdf:li rdf:resource="urn:miriam:entrez.gene:483347"/>
                  <rdf:li rdf:resource="urn:miriam:entrez.gene:100480585"/>
                  <rdf:li rdf:resource="urn:miriam:entrez.gene:100057280"/>
                  <rdf:li rdf:resource="urn:miriam:entrez.gene:100030963"/>
                  <rdf:li rdf:resource="urn:miriam:entrez.gene:430102"/>
                  <rdf:li rdf:resource="urn:miriam:entrez.gene:100496567"/>
                  <rdf:li rdf:resource="urn:miriam:entrez.gene:561239"/>
                  <rdf:li rdf:resource="urn:miriam:entrez.gene:100187187"/>
                  <rdf:li rdf:resource="urn:miriam:entrez.gene:589610"/>
                  <rdf:li rdf:resource="urn:miriam:entrez.gene:725194"/>
                  <rdf:li rdf:resource="urn:miriam:entrez.gene:100123355"/>
                  <rdf:li rdf:resource="urn:miriam:entrez.gene:658146"/>
                  <rdf:li rdf:resource="urn:miriam:entrez.gene:100168559"/>
                  <rdf:li rdf:resource="urn:miriam:entrez.gene:100206857"/>
                  <rdf:li rdf:resource="urn:miriam:entrez.gene:100265715"/>
                  <rdf:li rdf:resource="urn:miriam:entrez.gene:4338487"/>
                  <rdf:li rdf:resource="urn:miriam:entrez.gene:511577"/>
                </rdf:Bag>
              </bqbiol:isEncodedBy>
              <bqbiol:hasProperty>
                <rdf:Bag>
                  <rdf:li rdf:resource="urn:miriam:ec-code:3.2.1.96"/>
                </rdf:Bag>
              </bqbiol:hasProperty>
              <bqbiol:unknownQualifier>
                <rdf:Bag>
                  <rdf:li rdf:resource="urn:miriam:obo.eco:ECO%3A0000313"/>
                </rdf:Bag>
              </bqbiol:unknownQualifier>
            </rdf:Description>
          </rdf:RDF>
        </annotation>
      </species>
      <species id="E32145" initialAmount="1" name="E3.2.1.45" metaid="meta_E32145" sboTerm="SBO:0000354" substanceUnits="substance" compartment="default">
<notes><body xmlns="http://www.w3.org/1999/xhtml"><a href="http://www.kegg.jp/dbget-bin/www_bget?K01201">Original Kegg Entry</a><br/>
<p><b>Description for “E3.2.1.45, GBA, srfJ”:</b> glucosylceramidase [EC:3.2.1.45]</p>
</body></notes>
        <annotation>
          <rdf:RDF xmlns:rdf="http://www.w3.org/1999/02/22-rdf-syntax-ns#" xmlns:bqbiol="http://biomodels.net/biology-qualifiers/">
            <rdf:Description rdf:about="#meta_E32145">
              <bqbiol:is>
                <rdf:Bag>
                  <rdf:li rdf:resource="urn:miriam:kegg.orthology:K01201"/>
                </rdf:Bag>
              </bqbiol:is>
              <bqbiol:isEncodedBy>
                <rdf:Bag>
                  <rdf:li rdf:resource="urn:miriam:entrez.gene:2629"/>
                  <rdf:li rdf:resource="urn:miriam:entrez.gene:449571"/>
                  <rdf:li rdf:resource="urn:miriam:entrez.gene:100174563"/>
                  <rdf:li rdf:resource="urn:miriam:entrez.gene:14466"/>
                  <rdf:li rdf:resource="urn:miriam:entrez.gene:684536"/>
                  <rdf:li rdf:resource="urn:miriam:entrez.gene:612206"/>
                  <rdf:li rdf:resource="urn:miriam:entrez.gene:100477176"/>
                  <rdf:li rdf:resource="urn:miriam:entrez.gene:537087"/>
                  <rdf:li rdf:resource="urn:miriam:entrez.gene:449572"/>
                  <rdf:li rdf:resource="urn:miriam:entrez.gene:100063514"/>
                  <rdf:li rdf:resource="urn:miriam:entrez.gene:100022104"/>
                  <rdf:li rdf:resource="urn:miriam:entrez.gene:100226768"/>
                  <rdf:li rdf:resource="urn:miriam:entrez.gene:100559029"/>
                  <rdf:li rdf:resource="urn:miriam:entrez.gene:447570"/>
                  <rdf:li rdf:resource="urn:miriam:entrez.gene:100487077"/>
                  <rdf:li rdf:resource="urn:miriam:entrez.gene:559072"/>
                  <rdf:li rdf:resource="urn:miriam:entrez.gene:100183961"/>
                  <rdf:li rdf:resource="urn:miriam:entrez.gene:582024"/>
                  <rdf:li rdf:resource="urn:miriam:entrez.gene:409708"/>
                  <rdf:li rdf:resource="urn:miriam:entrez.gene:100122982"/>
                  <rdf:li rdf:resource="urn:miriam:entrez.gene:664516"/>
                  <rdf:li rdf:resource="urn:miriam:entrez.gene:100167276"/>
                </rdf:Bag>
              </bqbiol:isEncodedBy>
              <bqbiol:isDescribedBy>
                <rdf:Bag>
                  <rdf:li rdf:resource="urn:miriam:obo.go:GO:0004348"/>
                </rdf:Bag>
              </bqbiol:isDescribedBy>
              <bqbiol:hasProperty>
                <rdf:Bag>
                  <rdf:li rdf:resource="urn:miriam:ec-code:3.2.1.45"/>
                </rdf:Bag>
              </bqbiol:hasProperty>
              <bqbiol:unknownQualifier>
                <rdf:Bag>
                  <rdf:li rdf:resource="urn:miriam:obo.eco:ECO%3A0000313"/>
                </rdf:Bag>
              </bqbiol:unknownQualifier>
            </rdf:Description>
          </rdf:RDF>
        </annotation>
      </species>
      <species id="NGlycan_biosynthesis" initialAmount="1" name="N-Glycan biosynthesis" metaid="meta_NGlycan_biosynthesis" sboTerm="SBO:0000552" substanceUnits="substance" compartment="default">
<notes><body xmlns="http://www.w3.org/1999/xhtml"><a href="http://www.kegg.jp/dbget-bin/www_bget?map00510">Original Kegg Entry</a><br/>
<p><b>N-Glycan biosynthesis</b></p>
<img src="http://www.kegg.jp/kegg/misc/thumbnail/map00510.gif"/><br/>
</body></notes>
        <annotation>
          <rdf:RDF xmlns:rdf="http://www.w3.org/1999/02/22-rdf-syntax-ns#" xmlns:bqbiol="http://biomodels.net/biology-qualifiers/">
            <rdf:Description rdf:about="#meta_NGlycan_biosynthesis">
              <bqbiol:is>
                <rdf:Bag>
                  <rdf:li rdf:resource="urn:miriam:kegg.pathway:map00510"/>
                </rdf:Bag>
              </bqbiol:is>
              <bqbiol:unknownQualifier>
                <rdf:Bag>
                  <rdf:li rdf:resource="urn:miriam:obo.eco:ECO%3A0000313"/>
                </rdf:Bag>
              </bqbiol:unknownQualifier>
            </rdf:Description>
          </rdf:RDF>
        </annotation>
      </species>
      <species id="Glycosphingolipid_biosynthesis" initialAmount="1" name="Glycosphingolipid biosynthesis" metaid="meta_Glycosphingolipid_biosynthesis" sboTerm="SBO:0000552" substanceUnits="substance" compartment="default">
<notes><body xmlns="http://www.w3.org/1999/xhtml"><a href="http://www.kegg.jp/dbget-bin/www_bget?map00604">Original Kegg Entry</a><br/>
<p><b>Glycosphingolipid biosynthesis - ganglio series</b></p>
<img src="http://www.kegg.jp/kegg/misc/thumbnail/map00604.gif"/><br/>
</body></notes>
        <annotation>
          <rdf:RDF xmlns:rdf="http://www.w3.org/1999/02/22-rdf-syntax-ns#" xmlns:bqbiol="http://biomodels.net/biology-qualifiers/">
            <rdf:Description rdf:about="#meta_Glycosphingolipid_biosynthesis">
              <bqbiol:is>
                <rdf:Bag>
                  <rdf:li rdf:resource="urn:miriam:kegg.pathway:map00604"/>
                </rdf:Bag>
              </bqbiol:is>
              <bqbiol:unknownQualifier>
                <rdf:Bag>
                  <rdf:li rdf:resource="urn:miriam:obo.eco:ECO%3A0000313"/>
                </rdf:Bag>
              </bqbiol:unknownQualifier>
            </rdf:Description>
          </rdf:RDF>
        </annotation>
      </species>
    </listOfSpecies>
  </model>
</sbml>