<?xml version='1.0' encoding='UTF-8' standalone='no'?>
<!-- Created by KEGGtranslator version 1.2.0 on 2011-11-09 18:57 with jsbml version 0.8-rc1. -->
<sbml xmlns="http://www.sbml.org/sbml/level2/version4" level="2" version="4">
  <model id="path_efa00780" name="Biotin metabolism" metaid="meta_path_efa00780">
<notes><body xmlns="http://www.w3.org/1999/xhtml"><h1>Model of “Biotin metabolism” in “Enterococcus faecalis V583, vancomycin-resistant clinical isolate”</h1>
<a href="http://www.genome.jp/kegg/pathway/efa/efa00780.png"><img src="http://www.genome.jp/kegg/pathway/efa/efa00780.png" alt="http://www.genome.jp/kegg-bin/show_pathway?efa00780"/></a><br/>
<a href="http://www.genome.jp/kegg-bin/show_pathway?efa00780">Original Entry</a><br/>
<p>KGML comment: “Creation date: Feb 2, 2011 17:48:50 +0900 (GMT+09:00)”<br/>
KGML version was: 0.71<br/>
</p><div align="right"><i><small>This file has been generated by KEGGtranslator version 1.2.0</small></i></div><br/>
</body></notes>
    <annotation>
      <rdf:RDF xmlns:rdf="http://www.w3.org/1999/02/22-rdf-syntax-ns#" xmlns:bqmodel="http://biomodels.net/model-qualifiers/" xmlns:bqbiol="http://biomodels.net/biology-qualifiers/">
        <rdf:Description rdf:about="#meta_path_efa00780">
          <creator>
            <rdf:Bag>
              <rdf:li rdf:parseType="Resource">                <ORG rdf:parseType="Resource">
                  <Orgname>ZBIT, University of Tübingen, WSI-CogSys</Orgname>
                </ORG>
              </rdf:li>
            </rdf:Bag>
          </creator>
          <created rdf:parseType="Resource">
            <W3CDTF>2011-11-09T17:57:30Z</W3CDTF>
          </created>
          <modified rdf:parseType="Resource">
            <W3CDTF>2011-11-09T17:57:30Z</W3CDTF>
          </modified>
          <modified rdf:parseType="Resource">
            <W3CDTF>2011-11-09T17:57:30Z</W3CDTF>
          </modified>
          <bqmodel:is>
            <rdf:Bag>
              <rdf:li rdf:resource="urn:miriam:kegg.pathway:efa00780"/>
            </rdf:Bag>
          </bqmodel:is>
          <bqbiol:occursIn>
            <rdf:Bag>
              <rdf:li rdf:resource="urn:miriam:taxonomy:226185"/>
            </rdf:Bag>
          </bqbiol:occursIn>
          <bqbiol:isDescribedBy>
            <rdf:Bag>
              <rdf:li rdf:resource="urn:miriam:obo.go:GO:0006768"/>
            </rdf:Bag>
          </bqbiol:isDescribedBy>
        </rdf:Description>
      </rdf:RDF>
    </annotation>
      <listOfCompartments>
      <compartment id="default" name="Biotin metabolism" units="volume" size="1"/>
    </listOfCompartments>
    <listOfSpecies>
      <species id="Tropane_piperidine_and_pyridine_alkaloid_biosynthesis" initialAmount="1" name="Tropane, piperidine and pyridine alkaloid biosynthesis" metaid="meta_Tropane_piperidine_and_pyridine_alkaloid_biosynthesis" sboTerm="SBO:0000552" substanceUnits="substance" compartment="default">
<notes><body xmlns="http://www.w3.org/1999/xhtml"><a href="http://www.kegg.jp/dbget-bin/www_bget?map00960">Original Kegg Entry</a><br/>
<p><b>Tropane, piperidine and pyridine alkaloid biosynthesis</b></p>
<img src="http://www.kegg.jp/kegg/misc/thumbnail/map00960.gif"/><br/>
</body></notes>
        <annotation>
          <rdf:RDF xmlns:rdf="http://www.w3.org/1999/02/22-rdf-syntax-ns#" xmlns:bqbiol="http://biomodels.net/biology-qualifiers/">
            <rdf:Description rdf:about="#meta_Tropane_piperidine_and_pyridine_alkaloid_biosynthesis">
              <bqbiol:is>
                <rdf:Bag>
                  <rdf:li rdf:resource="urn:miriam:kegg.pathway:map00960"/>
                </rdf:Bag>
              </bqbiol:is>
              <bqbiol:unknownQualifier>
                <rdf:Bag>
                  <rdf:li rdf:resource="urn:miriam:obo.eco:ECO%3A0000313"/>
                </rdf:Bag>
              </bqbiol:unknownQualifier>
            </rdf:Description>
          </rdf:RDF>
        </annotation>
      </species>
      <species id="Lysine_degradation" initialAmount="1" name="Lysine degradation" metaid="meta_Lysine_degradation" sboTerm="SBO:0000552" substanceUnits="substance" compartment="default">
<notes><body xmlns="http://www.w3.org/1999/xhtml"><a href="http://www.kegg.jp/dbget-bin/www_bget?map00310">Original Kegg Entry</a><br/>
<p><b>Lysine degradation</b></p>
<img src="http://www.kegg.jp/kegg/misc/thumbnail/map00310.gif"/><br/>
</body></notes>
        <annotation>
          <rdf:RDF xmlns:rdf="http://www.w3.org/1999/02/22-rdf-syntax-ns#" xmlns:bqbiol="http://biomodels.net/biology-qualifiers/">
            <rdf:Description rdf:about="#meta_Lysine_degradation">
              <bqbiol:is>
                <rdf:Bag>
                  <rdf:li rdf:resource="urn:miriam:kegg.pathway:map00310"/>
                </rdf:Bag>
              </bqbiol:is>
              <bqbiol:unknownQualifier>
                <rdf:Bag>
                  <rdf:li rdf:resource="urn:miriam:obo.eco:ECO%3A0000313"/>
                </rdf:Bag>
              </bqbiol:unknownQualifier>
            </rdf:Description>
          </rdf:RDF>
        </annotation>
      </species>
      <species id="C7H12O4" initialAmount="1" name="C7H12O4" metaid="meta_C7H12O4" sboTerm="SBO:0000247" substanceUnits="substance" compartment="default">
<notes><body xmlns="http://www.w3.org/1999/xhtml"><a href="http://www.kegg.jp/dbget-bin/www_bget?C02656">Original Kegg Entry</a><br/>
<p><b>Heptanedioic acid</b></p>
<p><b>All given names:</b><br/>6-Carboxyhexanoate<br/>Pimelate<br/>Pimelic acid<br/>Heptanedioic acid</p>
<p><b>Formula:</b> C7H12O4</p>
<img src="http://www.kegg.jp/Fig/compound/C02656.gif"/><br/>
</body></notes>
        <annotation>
          <rdf:RDF xmlns:rdf="http://www.w3.org/1999/02/22-rdf-syntax-ns#" xmlns:bqbiol="http://biomodels.net/biology-qualifiers/">
            <rdf:Description rdf:about="#meta_C7H12O4">
              <bqbiol:is>
                <rdf:Bag>
                  <rdf:li rdf:resource="urn:miriam:kegg.compound:C02656"/>
                </rdf:Bag>
              </bqbiol:is>
              <bqbiol:is>
                <rdf:Bag>
                  <rdf:li rdf:resource="urn:miriam:obo.chebi:CHEBI%3A30531"/>
                </rdf:Bag>
              </bqbiol:is>
              <bqbiol:hasProperty>
                <rdf:Bag>
                  <rdf:li rdf:resource="urn:miriam:pubchem.substance:5629"/>
                </rdf:Bag>
              </bqbiol:hasProperty>
              <bqbiol:hasProperty>
                <rdf:Bag>
                  <rdf:li rdf:resource="urn:miriam:3dmet:B00476"/>
                </rdf:Bag>
              </bqbiol:hasProperty>
              <bqbiol:unknownQualifier>
                <rdf:Bag>
                  <rdf:li rdf:resource="urn:miriam:obo.eco:ECO%3A0000313"/>
                </rdf:Bag>
              </bqbiol:unknownQualifier>
            </rdf:Description>
          </rdf:RDF>
        </annotation>
      </species>
      <species id="C28H46N7O19P3S" initialAmount="1" name="C28H46N7O19P3S" metaid="meta_C28H46N7O19P3S" sboTerm="SBO:0000247" substanceUnits="substance" compartment="default">
<notes><body xmlns="http://www.w3.org/1999/xhtml"><a href="http://www.kegg.jp/dbget-bin/www_bget?C01063">Original Kegg Entry</a><br/>
<p><b>Pimeloyl-CoA</b></p>
<p><b>All given names:</b><br/>6-Carboxyhexanoyl-CoA<br/>Pimeloyl-CoA</p>
<p><b>Formula:</b> C28H46N7O19P3S</p>
<img src="http://www.kegg.jp/Fig/compound/C01063.gif"/><br/>
</body></notes>
        <annotation>
          <rdf:RDF xmlns:rdf="http://www.w3.org/1999/02/22-rdf-syntax-ns#" xmlns:bqbiol="http://biomodels.net/biology-qualifiers/">
            <rdf:Description rdf:about="#meta_C28H46N7O19P3S">
              <bqbiol:is>
                <rdf:Bag>
                  <rdf:li rdf:resource="urn:miriam:kegg.compound:C01063"/>
                </rdf:Bag>
              </bqbiol:is>
              <bqbiol:is>
                <rdf:Bag>
                  <rdf:li rdf:resource="urn:miriam:obo.chebi:CHEBI%3A15504"/>
                </rdf:Bag>
              </bqbiol:is>
              <bqbiol:hasProperty>
                <rdf:Bag>
                  <rdf:li rdf:resource="urn:miriam:3dmet:B04761"/>
                </rdf:Bag>
              </bqbiol:hasProperty>
              <bqbiol:unknownQualifier>
                <rdf:Bag>
                  <rdf:li rdf:resource="urn:miriam:obo.eco:ECO%3A0000313"/>
                </rdf:Bag>
              </bqbiol:unknownQualifier>
            </rdf:Description>
          </rdf:RDF>
        </annotation>
      </species>
      <species id="C9H17NO3" initialAmount="1" name="C9H17NO3" metaid="meta_C9H17NO3" sboTerm="SBO:0000247" substanceUnits="substance" compartment="default">
<notes><body xmlns="http://www.w3.org/1999/xhtml"><a href="http://www.kegg.jp/dbget-bin/www_bget?C01092">Original Kegg Entry</a><br/>
<p><b>8-Amino-7-oxononanoic acid</b></p>
<p><b>All given names:</b><br/>8-Amino-7-oxononanoate<br/>8-Amino-7-oxononanoic acid</p>
<p><b>Formula:</b> C9H17NO3</p>
<img src="http://www.kegg.jp/Fig/compound/C01092.gif"/><br/>
</body></notes>
        <annotation>
          <rdf:RDF xmlns:rdf="http://www.w3.org/1999/02/22-rdf-syntax-ns#" xmlns:bqbiol="http://biomodels.net/biology-qualifiers/">
            <rdf:Description rdf:about="#meta_C9H17NO3">
              <bqbiol:is>
                <rdf:Bag>
                  <rdf:li rdf:resource="urn:miriam:kegg.compound:C01092"/>
                </rdf:Bag>
              </bqbiol:is>
              <bqbiol:hasVersion>
                <rdf:Bag>
                  <rdf:li rdf:resource="urn:miriam:obo.chebi:CHEBI%3A12266"/>
                  <rdf:li rdf:resource="urn:miriam:obo.chebi:CHEBI%3A15830"/>
                </rdf:Bag>
              </bqbiol:hasVersion>
              <bqbiol:hasProperty>
                <rdf:Bag>
                  <rdf:li rdf:resource="urn:miriam:3dmet:B04764"/>
                </rdf:Bag>
              </bqbiol:hasProperty>
              <bqbiol:unknownQualifier>
                <rdf:Bag>
                  <rdf:li rdf:resource="urn:miriam:obo.eco:ECO%3A0000313"/>
                </rdf:Bag>
              </bqbiol:unknownQualifier>
            </rdf:Description>
          </rdf:RDF>
        </annotation>
      </species>
      <species id="C10H18N2O3" initialAmount="1" name="C10H18N2O3" metaid="meta_C10H18N2O3" sboTerm="SBO:0000247" substanceUnits="substance" compartment="default">
<notes><body xmlns="http://www.w3.org/1999/xhtml"><a href="http://www.kegg.jp/dbget-bin/www_bget?C01909">Original Kegg Entry</a><br/>
<p><b>Desthiobiotin</b></p>
<p><b>All given names:</b><br/>Dethiobiotin<br/>Desthiobiotin</p>
<p><b>Formula:</b> C10H18N2O3</p>
<img src="http://www.kegg.jp/Fig/compound/C01909.gif"/><br/>
</body></notes>
        <annotation>
          <rdf:RDF xmlns:rdf="http://www.w3.org/1999/02/22-rdf-syntax-ns#" xmlns:bqbiol="http://biomodels.net/biology-qualifiers/">
            <rdf:Description rdf:about="#meta_C10H18N2O3">
              <bqbiol:is>
                <rdf:Bag>
                  <rdf:li rdf:resource="urn:miriam:kegg.compound:C01909"/>
                </rdf:Bag>
              </bqbiol:is>
              <bqbiol:is>
                <rdf:Bag>
                  <rdf:li rdf:resource="urn:miriam:obo.chebi:CHEBI%3A16691"/>
                </rdf:Bag>
              </bqbiol:is>
              <bqbiol:hasProperty>
                <rdf:Bag>
                  <rdf:li rdf:resource="urn:miriam:pubchem.substance:5017"/>
                </rdf:Bag>
              </bqbiol:hasProperty>
              <bqbiol:hasProperty>
                <rdf:Bag>
                  <rdf:li rdf:resource="urn:miriam:3dmet:B04822"/>
                </rdf:Bag>
              </bqbiol:hasProperty>
              <bqbiol:unknownQualifier>
                <rdf:Bag>
                  <rdf:li rdf:resource="urn:miriam:obo.eco:ECO%3A0000313"/>
                </rdf:Bag>
              </bqbiol:unknownQualifier>
            </rdf:Description>
          </rdf:RDF>
        </annotation>
      </species>
      <species id="C9H20N2O2" initialAmount="1" name="C9H20N2O2" metaid="meta_C9H20N2O2" sboTerm="SBO:0000247" substanceUnits="substance" compartment="default">
<notes><body xmlns="http://www.w3.org/1999/xhtml"><a href="http://www.kegg.jp/dbget-bin/www_bget?C01037">Original Kegg Entry</a><br/>
<p><b>7,8-Diaminononanoate</b></p>
<p><b>Formula:</b> C9H20N2O2</p>
<img src="http://www.kegg.jp/Fig/compound/C01037.gif"/><br/>
</body></notes>
        <annotation>
          <rdf:RDF xmlns:rdf="http://www.w3.org/1999/02/22-rdf-syntax-ns#" xmlns:bqbiol="http://biomodels.net/biology-qualifiers/">
            <rdf:Description rdf:about="#meta_C9H20N2O2">
              <bqbiol:is>
                <rdf:Bag>
                  <rdf:li rdf:resource="urn:miriam:kegg.compound:C01037"/>
                </rdf:Bag>
              </bqbiol:is>
              <bqbiol:is>
                <rdf:Bag>
                  <rdf:li rdf:resource="urn:miriam:obo.chebi:CHEBI%3A2247"/>
                </rdf:Bag>
              </bqbiol:is>
              <bqbiol:hasProperty>
                <rdf:Bag>
                  <rdf:li rdf:resource="urn:miriam:3dmet:B04758"/>
                </rdf:Bag>
              </bqbiol:hasProperty>
              <bqbiol:unknownQualifier>
                <rdf:Bag>
                  <rdf:li rdf:resource="urn:miriam:obo.eco:ECO%3A0000313"/>
                </rdf:Bag>
              </bqbiol:unknownQualifier>
            </rdf:Description>
          </rdf:RDF>
        </annotation>
      </species>
      <species id="C10H16N2O3S" initialAmount="1" name="C10H16N2O3S" metaid="meta_C10H16N2O3S" sboTerm="SBO:0000247" substanceUnits="substance" compartment="default">
<notes><body xmlns="http://www.w3.org/1999/xhtml"><a href="http://www.kegg.jp/dbget-bin/www_bget?C00120">Original Kegg Entry</a><br/>
<p><b>Coenzyme R</b></p>
<p><b>All given names:</b><br/>Biotin<br/>D-Biotin<br/>Vitamin H<br/>Coenzyme R</p>
<p><b>Formula:</b> C10H16N2O3S</p>
<img src="http://www.kegg.jp/Fig/compound/C00120.gif"/><br/>
</body></notes>
        <annotation>
          <rdf:RDF xmlns:rdf="http://www.w3.org/1999/02/22-rdf-syntax-ns#" xmlns:bqbiol="http://biomodels.net/biology-qualifiers/">
            <rdf:Description rdf:about="#meta_C10H16N2O3S">
              <bqbiol:is>
                <rdf:Bag>
                  <rdf:li rdf:resource="urn:miriam:kegg.compound:C00120"/>
                </rdf:Bag>
              </bqbiol:is>
              <bqbiol:is>
                <rdf:Bag>
                  <rdf:li rdf:resource="urn:miriam:obo.chebi:CHEBI%3A15956"/>
                </rdf:Bag>
              </bqbiol:is>
              <bqbiol:hasProperty>
                <rdf:Bag>
                  <rdf:li rdf:resource="urn:miriam:pubchem.substance:3420"/>
                </rdf:Bag>
              </bqbiol:hasProperty>
              <bqbiol:hasProperty>
                <rdf:Bag>
                  <rdf:li rdf:resource="urn:miriam:3dmet:B01165"/>
                </rdf:Bag>
              </bqbiol:hasProperty>
              <bqbiol:occursIn>
                <rdf:Bag>
                  <rdf:li rdf:resource="urn:miriam:kegg.reaction:R01074"/>
                </rdf:Bag>
              </bqbiol:occursIn>
              <bqbiol:unknownQualifier>
                <rdf:Bag>
                  <rdf:li rdf:resource="urn:miriam:obo.eco:ECO%3A0000313"/>
                </rdf:Bag>
              </bqbiol:unknownQualifier>
            </rdf:Description>
          </rdf:RDF>
        </annotation>
      </species>
      <species id="C6H14N2O2" initialAmount="1" name="C6H14N2O2" metaid="meta_C6H14N2O2" sboTerm="SBO:0000247" substanceUnits="substance" compartment="default">
<notes><body xmlns="http://www.w3.org/1999/xhtml"><a href="http://www.kegg.jp/dbget-bin/www_bget?C00047">Original Kegg Entry</a><br/>
<p><b>2,6-Diaminohexanoic acid</b></p>
<p><b>All given names:</b><br/>L-Lysine<br/>Lysine acid<br/>2,6-Diaminohexanoic acid</p>
<p><b>Formula:</b> C6H14N2O2</p>
<img src="http://www.kegg.jp/Fig/compound/C00047.gif"/><br/>
</body></notes>
        <annotation>
          <rdf:RDF xmlns:rdf="http://www.w3.org/1999/02/22-rdf-syntax-ns#" xmlns:bqbiol="http://biomodels.net/biology-qualifiers/">
            <rdf:Description rdf:about="#meta_C6H14N2O2">
              <bqbiol:is>
                <rdf:Bag>
                  <rdf:li rdf:resource="urn:miriam:kegg.compound:C00047"/>
                </rdf:Bag>
              </bqbiol:is>
              <bqbiol:is>
                <rdf:Bag>
                  <rdf:li rdf:resource="urn:miriam:obo.chebi:CHEBI%3A18019"/>
                </rdf:Bag>
              </bqbiol:is>
              <bqbiol:hasProperty>
                <rdf:Bag>
                  <rdf:li rdf:resource="urn:miriam:pubchem.substance:3349"/>
                </rdf:Bag>
              </bqbiol:hasProperty>
              <bqbiol:hasProperty>
                <rdf:Bag>
                  <rdf:li rdf:resource="urn:miriam:3dmet:B00013"/>
                </rdf:Bag>
              </bqbiol:hasProperty>
              <bqbiol:unknownQualifier>
                <rdf:Bag>
                  <rdf:li rdf:resource="urn:miriam:obo.eco:ECO%3A0000313"/>
                </rdf:Bag>
              </bqbiol:unknownQualifier>
            </rdf:Description>
          </rdf:RDF>
        </annotation>
      </species>
      <species id="C16H28N4O4S" initialAmount="1" name="C16H28N4O4S" metaid="meta_C16H28N4O4S" sboTerm="SBO:0000247" substanceUnits="substance" compartment="default">
<notes><body xmlns="http://www.w3.org/1999/xhtml"><a href="http://www.kegg.jp/dbget-bin/www_bget?C05552">Original Kegg Entry</a><br/>
<p><b>epsilon-N-Biotinyl-L-lysine</b></p>
<p><b>All given names:</b><br/>Biocytin<br/>N6-D-Biotinyl-L-lysine<br/>epsilon-N-Biotinyl-L-lysine</p>
<p><b>Formula:</b> C16H28N4O4S</p>
<img src="http://www.kegg.jp/Fig/compound/C05552.gif"/><br/>
</body></notes>
        <annotation>
          <rdf:RDF xmlns:rdf="http://www.w3.org/1999/02/22-rdf-syntax-ns#" xmlns:bqbiol="http://biomodels.net/biology-qualifiers/">
            <rdf:Description rdf:about="#meta_C16H28N4O4S">
              <bqbiol:is>
                <rdf:Bag>
                  <rdf:li rdf:resource="urn:miriam:kegg.compound:C05552"/>
                </rdf:Bag>
              </bqbiol:is>
              <bqbiol:is>
                <rdf:Bag>
                  <rdf:li rdf:resource="urn:miriam:obo.chebi:CHEBI%3A27870"/>
                </rdf:Bag>
              </bqbiol:is>
              <bqbiol:hasProperty>
                <rdf:Bag>
                  <rdf:li rdf:resource="urn:miriam:pubchem.substance:7886"/>
                </rdf:Bag>
              </bqbiol:hasProperty>
              <bqbiol:hasProperty>
                <rdf:Bag>
                  <rdf:li rdf:resource="urn:miriam:3dmet:B05069"/>
                </rdf:Bag>
              </bqbiol:hasProperty>
              <bqbiol:unknownQualifier>
                <rdf:Bag>
                  <rdf:li rdf:resource="urn:miriam:obo.eco:ECO%3A0000313"/>
                </rdf:Bag>
              </bqbiol:unknownQualifier>
            </rdf:Description>
          </rdf:RDF>
        </annotation>
      </species>
      <species id="C31H50N9O18P3S2" initialAmount="1" name="C31H50N9O18P3S2" metaid="meta_C31H50N9O18P3S2" sboTerm="SBO:0000247" substanceUnits="substance" compartment="default">
<notes><body xmlns="http://www.w3.org/1999/xhtml"><a href="http://www.kegg.jp/dbget-bin/www_bget?C01894">Original Kegg Entry</a><br/>
<p><b>Biotinyl-CoA</b></p>
<p><b>Formula:</b> C31H50N9O18P3S2</p>
<img src="http://www.kegg.jp/Fig/compound/C01894.gif"/><br/>
</body></notes>
        <annotation>
          <rdf:RDF xmlns:rdf="http://www.w3.org/1999/02/22-rdf-syntax-ns#" xmlns:bqbiol="http://biomodels.net/biology-qualifiers/">
            <rdf:Description rdf:about="#meta_C31H50N9O18P3S2">
              <bqbiol:is>
                <rdf:Bag>
                  <rdf:li rdf:resource="urn:miriam:kegg.compound:C01894"/>
                </rdf:Bag>
              </bqbiol:is>
              <bqbiol:is>
                <rdf:Bag>
                  <rdf:li rdf:resource="urn:miriam:obo.chebi:CHEBI%3A15516"/>
                </rdf:Bag>
              </bqbiol:is>
              <bqbiol:hasProperty>
                <rdf:Bag>
                  <rdf:li rdf:resource="urn:miriam:3dmet:B04820"/>
                </rdf:Bag>
              </bqbiol:hasProperty>
              <bqbiol:unknownQualifier>
                <rdf:Bag>
                  <rdf:li rdf:resource="urn:miriam:obo.eco:ECO%3A0000313"/>
                </rdf:Bag>
              </bqbiol:unknownQualifier>
            </rdf:Description>
          </rdf:RDF>
        </annotation>
      </species>
      <species id="C20H28N7O9PS" initialAmount="1" name="C20H28N7O9PS" metaid="meta_C20H28N7O9PS" sboTerm="SBO:0000247" substanceUnits="substance" compartment="default">
<notes><body xmlns="http://www.w3.org/1999/xhtml"><a href="http://www.kegg.jp/dbget-bin/www_bget?C05921">Original Kegg Entry</a><br/>
<p><b>Biotinyl-5'-AMP</b></p>
<p><b>Formula:</b> C20H28N7O9PS</p>
<img src="http://www.kegg.jp/Fig/compound/C05921.gif"/><br/>
</body></notes>
        <annotation>
          <rdf:RDF xmlns:rdf="http://www.w3.org/1999/02/22-rdf-syntax-ns#" xmlns:bqbiol="http://biomodels.net/biology-qualifiers/">
            <rdf:Description rdf:about="#meta_C20H28N7O9PS">
              <bqbiol:is>
                <rdf:Bag>
                  <rdf:li rdf:resource="urn:miriam:kegg.compound:C05921"/>
                </rdf:Bag>
              </bqbiol:is>
              <bqbiol:is>
                <rdf:Bag>
                  <rdf:li rdf:resource="urn:miriam:obo.chebi:CHEBI%3A3110"/>
                </rdf:Bag>
              </bqbiol:is>
              <bqbiol:hasProperty>
                <rdf:Bag>
                  <rdf:li rdf:resource="urn:miriam:3dmet:B05138"/>
                </rdf:Bag>
              </bqbiol:hasProperty>
              <bqbiol:occursIn>
                <rdf:Bag>
                  <rdf:li rdf:resource="urn:miriam:kegg.reaction:R01074"/>
                  <rdf:li rdf:resource="urn:miriam:kegg.reaction:R05145"/>
                </rdf:Bag>
              </bqbiol:occursIn>
              <bqbiol:unknownQualifier>
                <rdf:Bag>
                  <rdf:li rdf:resource="urn:miriam:obo.eco:ECO%3A0000313"/>
                </rdf:Bag>
              </bqbiol:unknownQualifier>
            </rdf:Description>
          </rdf:RDF>
        </annotation>
      </species>
      <species id="C17H27N5O4SR2" initialAmount="1" name="C17H27N5O4SR2" metaid="meta_C17H27N5O4SR2" sboTerm="SBO:0000247" substanceUnits="substance" compartment="default">
<notes><body xmlns="http://www.w3.org/1999/xhtml"><a href="http://www.kegg.jp/dbget-bin/www_bget?C06250">Original Kegg Entry</a><br/>
<p><b>Biotin-carboxyl-carrier protein</b></p>
<p><b>All given names:</b><br/>Holo-[carboxylase]<br/>Biotin-carboxyl-carrier protein</p>
<p><b>Formula:</b> C17H27N5O4SR2</p>
<img src="http://www.kegg.jp/Fig/compound/C06250.gif"/><br/>
</body></notes>
        <annotation>
          <rdf:RDF xmlns:rdf="http://www.w3.org/1999/02/22-rdf-syntax-ns#" xmlns:bqbiol="http://biomodels.net/biology-qualifiers/">
            <rdf:Description rdf:about="#meta_C17H27N5O4SR2">
              <bqbiol:is>
                <rdf:Bag>
                  <rdf:li rdf:resource="urn:miriam:kegg.compound:C06250"/>
                </rdf:Bag>
              </bqbiol:is>
              <bqbiol:occursIn>
                <rdf:Bag>
                  <rdf:li rdf:resource="urn:miriam:kegg.reaction:R05145"/>
                </rdf:Bag>
              </bqbiol:occursIn>
              <bqbiol:unknownQualifier>
                <rdf:Bag>
                  <rdf:li rdf:resource="urn:miriam:obo.eco:ECO%3A0000313"/>
                </rdf:Bag>
              </bqbiol:unknownQualifier>
            </rdf:Description>
          </rdf:RDF>
        </annotation>
      </species>
      <species id="HLCS" initialAmount="1" name="HLCS" metaid="meta_HLCS" sboTerm="SBO:0000354" substanceUnits="substance" compartment="default">
<notes><body xmlns="http://www.w3.org/1999/xhtml"><a href="http://www.kegg.jp/dbget-bin/www_bget?K01942">Original Kegg Entry</a><br/>
<p><b>Description for “HLCS”:</b> biotin--protein ligase [EC:6.3.4.9 6.3.4.10 6.3.4.11 6.3.4.15]</p>
</body></notes>
        <annotation>
          <rdf:RDF xmlns:rdf="http://www.w3.org/1999/02/22-rdf-syntax-ns#" xmlns:bqbiol="http://biomodels.net/biology-qualifiers/">
            <rdf:Description rdf:about="#meta_HLCS">
              <bqbiol:is>
                <rdf:Bag>
                  <rdf:li rdf:resource="urn:miriam:kegg.orthology:K01942"/>
                </rdf:Bag>
              </bqbiol:is>
              <bqbiol:isEncodedBy>
                <rdf:Bag>
                  <rdf:li rdf:resource="urn:miriam:entrez.gene:3141"/>
                  <rdf:li rdf:resource="urn:miriam:entrez.gene:473989"/>
                  <rdf:li rdf:resource="urn:miriam:entrez.gene:100457062"/>
                  <rdf:li rdf:resource="urn:miriam:entrez.gene:694733"/>
                  <rdf:li rdf:resource="urn:miriam:entrez.gene:110948"/>
                  <rdf:li rdf:resource="urn:miriam:entrez.gene:288240"/>
                  <rdf:li rdf:resource="urn:miriam:entrez.gene:478412"/>
                  <rdf:li rdf:resource="urn:miriam:entrez.gene:100464483"/>
                  <rdf:li rdf:resource="urn:miriam:entrez.gene:534247"/>
                  <rdf:li rdf:resource="urn:miriam:entrez.gene:100515056"/>
                  <rdf:li rdf:resource="urn:miriam:entrez.gene:100061132"/>
                  <rdf:li rdf:resource="urn:miriam:entrez.gene:100012694"/>
                  <rdf:li rdf:resource="urn:miriam:entrez.gene:100087267"/>
                  <rdf:li rdf:resource="urn:miriam:entrez.gene:418516"/>
                  <rdf:li rdf:resource="urn:miriam:entrez.gene:100544537"/>
                  <rdf:li rdf:resource="urn:miriam:entrez.gene:100229815"/>
                  <rdf:li rdf:resource="urn:miriam:entrez.gene:100562676"/>
                  <rdf:li rdf:resource="urn:miriam:entrez.gene:100492512"/>
                  <rdf:li rdf:resource="urn:miriam:entrez.gene:337784"/>
                  <rdf:li rdf:resource="urn:miriam:entrez.gene:100179742"/>
                  <rdf:li rdf:resource="urn:miriam:entrez.gene:577740"/>
                  <rdf:li rdf:resource="urn:miriam:entrez.gene:411759"/>
                  <rdf:li rdf:resource="urn:miriam:entrez.gene:100120765"/>
                  <rdf:li rdf:resource="urn:miriam:entrez.gene:100141937"/>
                  <rdf:li rdf:resource="urn:miriam:entrez.gene:100166501"/>
                </rdf:Bag>
              </bqbiol:isEncodedBy>
              <bqbiol:isDescribedBy>
                <rdf:Bag>
                  <rdf:li rdf:resource="urn:miriam:obo.go:GO:0004079"/>
                  <rdf:li rdf:resource="urn:miriam:obo.go:GO:0004080"/>
                  <rdf:li rdf:resource="urn:miriam:obo.go:GO:0004078"/>
                  <rdf:li rdf:resource="urn:miriam:obo.go:GO:0004077"/>
                </rdf:Bag>
              </bqbiol:isDescribedBy>
              <bqbiol:occursIn>
                <rdf:Bag>
                  <rdf:li rdf:resource="urn:miriam:kegg.reaction:R01074"/>
                </rdf:Bag>
              </bqbiol:occursIn>
              <bqbiol:hasProperty>
                <rdf:Bag>
                  <rdf:li rdf:resource="urn:miriam:ec-code:6.3.4.15"/>
                  <rdf:li rdf:resource="urn:miriam:ec-code:6.3.4.11"/>
                  <rdf:li rdf:resource="urn:miriam:ec-code:6.3.4.10"/>
                  <rdf:li rdf:resource="urn:miriam:ec-code:6.3.4.9"/>
                </rdf:Bag>
              </bqbiol:hasProperty>
              <bqbiol:unknownQualifier>
                <rdf:Bag>
                  <rdf:li rdf:resource="urn:miriam:obo.eco:ECO%3A0000313"/>
                </rdf:Bag>
              </bqbiol:unknownQualifier>
            </rdf:Description>
          </rdf:RDF>
        </annotation>
      </species>
      <species id="birA" initialAmount="1" name="birA" metaid="meta_birA" sboTerm="SBO:0000354" substanceUnits="substance" compartment="default">
<notes><body xmlns="http://www.w3.org/1999/xhtml"><a href="http://www.kegg.jp/dbget-bin/www_bget?efa:EF3240">Original Kegg Entry</a><br/>
<p><b>Description for “birA”:</b> BirA bifunctional protein</p>
</body></notes>
        <annotation>
          <rdf:RDF xmlns:rdf="http://www.w3.org/1999/02/22-rdf-syntax-ns#" xmlns:bqbiol="http://biomodels.net/biology-qualifiers/">
            <rdf:Description rdf:about="#meta_birA">
              <bqbiol:is>
                <rdf:Bag>
                  <rdf:li rdf:resource="urn:miriam:kegg.genes:efa%3AEF3240"/>
                </rdf:Bag>
              </bqbiol:is>
              <bqbiol:isEncodedBy>
                <rdf:Bag>
                  <rdf:li rdf:resource="urn:miriam:entrez.gene:1202075"/>
                </rdf:Bag>
              </bqbiol:isEncodedBy>
              <bqbiol:is>
                <rdf:Bag>
                  <rdf:li rdf:resource="urn:miriam:uniprot:Q82Z38"/>
                </rdf:Bag>
              </bqbiol:is>
              <bqbiol:occursIn>
                <rdf:Bag>
                  <rdf:li rdf:resource="urn:miriam:kegg.reaction:R05145"/>
                </rdf:Bag>
              </bqbiol:occursIn>
              <bqbiol:hasProperty>
                <rdf:Bag>
                  <rdf:li rdf:resource="urn:miriam:ec-code:6.3.4.15"/>
                </rdf:Bag>
              </bqbiol:hasProperty>
              <bqbiol:unknownQualifier>
                <rdf:Bag>
                  <rdf:li rdf:resource="urn:miriam:obo.eco:ECO%3A0000313"/>
                </rdf:Bag>
              </bqbiol:unknownQualifier>
            </rdf:Description>
          </rdf:RDF>
        </annotation>
      </species>
      <species id="BTD" initialAmount="1" name="BTD" metaid="meta_BTD" sboTerm="SBO:0000354" substanceUnits="substance" compartment="default">
<notes><body xmlns="http://www.w3.org/1999/xhtml"><a href="http://www.kegg.jp/dbget-bin/www_bget?K01435">Original Kegg Entry</a><br/>
<p><b>Description for “BTD”:</b> biotinidase [EC:3.5.1.12]</p>
</body></notes>
        <annotation>
          <rdf:RDF xmlns:rdf="http://www.w3.org/1999/02/22-rdf-syntax-ns#" xmlns:bqbiol="http://biomodels.net/biology-qualifiers/">
            <rdf:Description rdf:about="#meta_BTD">
              <bqbiol:is>
                <rdf:Bag>
                  <rdf:li rdf:resource="urn:miriam:kegg.orthology:K01435"/>
                </rdf:Bag>
              </bqbiol:is>
              <bqbiol:isEncodedBy>
                <rdf:Bag>
                  <rdf:li rdf:resource="urn:miriam:entrez.gene:686"/>
                  <rdf:li rdf:resource="urn:miriam:entrez.gene:100458389"/>
                  <rdf:li rdf:resource="urn:miriam:entrez.gene:677722"/>
                  <rdf:li rdf:resource="urn:miriam:entrez.gene:26363"/>
                  <rdf:li rdf:resource="urn:miriam:entrez.gene:306262"/>
                  <rdf:li rdf:resource="urn:miriam:entrez.gene:477059"/>
                  <rdf:li rdf:resource="urn:miriam:entrez.gene:100483327"/>
                  <rdf:li rdf:resource="urn:miriam:entrez.gene:537669"/>
                  <rdf:li rdf:resource="urn:miriam:entrez.gene:100063800"/>
                  <rdf:li rdf:resource="urn:miriam:entrez.gene:100030538"/>
                  <rdf:li rdf:resource="urn:miriam:entrez.gene:100084040"/>
                  <rdf:li rdf:resource="urn:miriam:entrez.gene:420639"/>
                  <rdf:li rdf:resource="urn:miriam:entrez.gene:100540232"/>
                  <rdf:li rdf:resource="urn:miriam:entrez.gene:100226458"/>
                  <rdf:li rdf:resource="urn:miriam:entrez.gene:100489727"/>
                  <rdf:li rdf:resource="urn:miriam:entrez.gene:555376"/>
                </rdf:Bag>
              </bqbiol:isEncodedBy>
              <bqbiol:isDescribedBy>
                <rdf:Bag>
                  <rdf:li rdf:resource="urn:miriam:obo.go:GO:0047708"/>
                </rdf:Bag>
              </bqbiol:isDescribedBy>
              <bqbiol:occursIn>
                <rdf:Bag>
                  <rdf:li rdf:resource="urn:miriam:kegg.reaction:R01077"/>
                </rdf:Bag>
              </bqbiol:occursIn>
              <bqbiol:hasProperty>
                <rdf:Bag>
                  <rdf:li rdf:resource="urn:miriam:ec-code:3.5.1.12"/>
                </rdf:Bag>
              </bqbiol:hasProperty>
              <bqbiol:unknownQualifier>
                <rdf:Bag>
                  <rdf:li rdf:resource="urn:miriam:obo.eco:ECO%3A0000313"/>
                </rdf:Bag>
              </bqbiol:unknownQualifier>
            </rdf:Description>
          </rdf:RDF>
        </annotation>
      </species>
      <species id="E2816" initialAmount="1" name="E2.8.1.6" metaid="meta_E2816" sboTerm="SBO:0000354" substanceUnits="substance" compartment="default">
<notes><body xmlns="http://www.w3.org/1999/xhtml"><a href="http://www.kegg.jp/dbget-bin/www_bget?K01012">Original Kegg Entry</a><br/>
<p><b>Description for “E2.8.1.6, bioB”:</b> biotin synthetase [EC:2.8.1.6]</p>
</body></notes>
        <annotation>
          <rdf:RDF xmlns:rdf="http://www.w3.org/1999/02/22-rdf-syntax-ns#" xmlns:bqbiol="http://biomodels.net/biology-qualifiers/">
            <rdf:Description rdf:about="#meta_E2816">
              <bqbiol:is>
                <rdf:Bag>
                  <rdf:li rdf:resource="urn:miriam:kegg.orthology:K01012"/>
                </rdf:Bag>
              </bqbiol:is>
              <bqbiol:isEncodedBy>
                <rdf:Bag>
                  <rdf:li rdf:resource="urn:miriam:entrez.gene:100211202"/>
                  <rdf:li rdf:resource="urn:miriam:entrez.gene:100255986"/>
                  <rdf:li rdf:resource="urn:miriam:entrez.gene:4346185"/>
                  <rdf:li rdf:resource="urn:miriam:entrez.gene:100283818"/>
                </rdf:Bag>
              </bqbiol:isEncodedBy>
              <bqbiol:isDescribedBy>
                <rdf:Bag>
                  <rdf:li rdf:resource="urn:miriam:obo.go:GO:0004076"/>
                </rdf:Bag>
              </bqbiol:isDescribedBy>
              <bqbiol:occursIn>
                <rdf:Bag>
                  <rdf:li rdf:resource="urn:miriam:kegg.reaction:R01078"/>
                </rdf:Bag>
              </bqbiol:occursIn>
              <bqbiol:hasProperty>
                <rdf:Bag>
                  <rdf:li rdf:resource="urn:miriam:ec-code:2.8.1.6"/>
                </rdf:Bag>
              </bqbiol:hasProperty>
              <bqbiol:unknownQualifier>
                <rdf:Bag>
                  <rdf:li rdf:resource="urn:miriam:obo.eco:ECO%3A0000313"/>
                </rdf:Bag>
              </bqbiol:unknownQualifier>
            </rdf:Description>
          </rdf:RDF>
        </annotation>
      </species>
      <species id="bioD" initialAmount="1" name="bioD" metaid="meta_bioD" sboTerm="SBO:0000354" substanceUnits="substance" compartment="default">
<notes><body xmlns="http://www.w3.org/1999/xhtml"><a href="http://www.kegg.jp/dbget-bin/www_bget?K01935">Original Kegg Entry</a><br/>
<p><b>Description for “bioD”:</b> dethiobiotin synthetase [EC:6.3.3.3]</p>
</body></notes>
        <annotation>
          <rdf:RDF xmlns:rdf="http://www.w3.org/1999/02/22-rdf-syntax-ns#" xmlns:bqbiol="http://biomodels.net/biology-qualifiers/">
            <rdf:Description rdf:about="#meta_bioD">
              <bqbiol:is>
                <rdf:Bag>
                  <rdf:li rdf:resource="urn:miriam:kegg.orthology:K01935"/>
                </rdf:Bag>
              </bqbiol:is>
              <bqbiol:isDescribedBy>
                <rdf:Bag>
                  <rdf:li rdf:resource="urn:miriam:obo.go:GO:0004141"/>
                </rdf:Bag>
              </bqbiol:isDescribedBy>
              <bqbiol:occursIn>
                <rdf:Bag>
                  <rdf:li rdf:resource="urn:miriam:kegg.reaction:R03182"/>
                </rdf:Bag>
              </bqbiol:occursIn>
              <bqbiol:hasProperty>
                <rdf:Bag>
                  <rdf:li rdf:resource="urn:miriam:ec-code:6.3.3.3"/>
                </rdf:Bag>
              </bqbiol:hasProperty>
              <bqbiol:unknownQualifier>
                <rdf:Bag>
                  <rdf:li rdf:resource="urn:miriam:obo.eco:ECO%3A0000313"/>
                </rdf:Bag>
              </bqbiol:unknownQualifier>
            </rdf:Description>
          </rdf:RDF>
        </annotation>
      </species>
      <species id="E26162" initialAmount="1" name="E2.6.1.62" metaid="meta_E26162" sboTerm="SBO:0000354" substanceUnits="substance" compartment="default">
<notes><body xmlns="http://www.w3.org/1999/xhtml"><a href="http://www.kegg.jp/dbget-bin/www_bget?K00833">Original Kegg Entry</a><br/>
<p><b>Description for “E2.6.1.62, bioA”:</b> adenosylmethionine-8-amino-7-oxononanoate aminotransferase [EC:2.6.1.62]</p>
</body></notes>
        <annotation>
          <rdf:RDF xmlns:rdf="http://www.w3.org/1999/02/22-rdf-syntax-ns#" xmlns:bqbiol="http://biomodels.net/biology-qualifiers/">
            <rdf:Description rdf:about="#meta_E26162">
              <bqbiol:is>
                <rdf:Bag>
                  <rdf:li rdf:resource="urn:miriam:kegg.orthology:K00833"/>
                </rdf:Bag>
              </bqbiol:is>
              <bqbiol:isEncodedBy>
                <rdf:Bag>
                  <rdf:li rdf:resource="urn:miriam:entrez.gene:100259784"/>
                  <rdf:li rdf:resource="urn:miriam:entrez.gene:4345056"/>
                  <rdf:li rdf:resource="urn:miriam:entrez.gene:100382888"/>
                </rdf:Bag>
              </bqbiol:isEncodedBy>
              <bqbiol:isDescribedBy>
                <rdf:Bag>
                  <rdf:li rdf:resource="urn:miriam:obo.go:GO:0004015"/>
                </rdf:Bag>
              </bqbiol:isDescribedBy>
              <bqbiol:occursIn>
                <rdf:Bag>
                  <rdf:li rdf:resource="urn:miriam:kegg.reaction:R03231"/>
                </rdf:Bag>
              </bqbiol:occursIn>
              <bqbiol:hasProperty>
                <rdf:Bag>
                  <rdf:li rdf:resource="urn:miriam:ec-code:2.6.1.62"/>
                </rdf:Bag>
              </bqbiol:hasProperty>
              <bqbiol:unknownQualifier>
                <rdf:Bag>
                  <rdf:li rdf:resource="urn:miriam:obo.eco:ECO%3A0000313"/>
                </rdf:Bag>
              </bqbiol:unknownQualifier>
            </rdf:Description>
          </rdf:RDF>
        </annotation>
      </species>
      <species id="E34" initialAmount="1" name="E3.4.-.-" metaid="meta_E34" sboTerm="SBO:0000354" substanceUnits="substance" compartment="default">
<notes><body xmlns="http://www.w3.org/1999/xhtml"><a href="http://www.kegg.jp/dbget-bin/www_bget?K01423">Original Kegg Entry</a><br/>
<p><b>E3.4.-.-</b></p>
</body></notes>
        <annotation>
          <rdf:RDF xmlns:rdf="http://www.w3.org/1999/02/22-rdf-syntax-ns#" xmlns:bqbiol="http://biomodels.net/biology-qualifiers/">
            <rdf:Description rdf:about="#meta_E34">
              <bqbiol:is>
                <rdf:Bag>
                  <rdf:li rdf:resource="urn:miriam:kegg.orthology:K01423"/>
                </rdf:Bag>
              </bqbiol:is>
              <bqbiol:isEncodedBy>
                <rdf:Bag>
                  <rdf:li rdf:resource="urn:miriam:entrez.gene:317409"/>
                  <rdf:li rdf:resource="urn:miriam:entrez.gene:770794"/>
                  <rdf:li rdf:resource="urn:miriam:entrez.gene:503671"/>
                </rdf:Bag>
              </bqbiol:isEncodedBy>
              <bqbiol:occursIn>
                <rdf:Bag>
                  <rdf:li rdf:resource="urn:miriam:kegg.reaction:R04869"/>
                </rdf:Bag>
              </bqbiol:occursIn>
              <bqbiol:unknownQualifier>
                <rdf:Bag>
                  <rdf:li rdf:resource="urn:miriam:obo.eco:ECO%3A0000313"/>
                </rdf:Bag>
              </bqbiol:unknownQualifier>
            </rdf:Description>
          </rdf:RDF>
        </annotation>
      </species>
      <species id="bioF" initialAmount="1" name="bioF" metaid="meta_bioF" sboTerm="SBO:0000354" substanceUnits="substance" compartment="default">
<notes><body xmlns="http://www.w3.org/1999/xhtml"><a href="http://www.kegg.jp/dbget-bin/www_bget?K00652">Original Kegg Entry</a><br/>
<p><b>Description for “bioF”:</b> 8-amino-7-oxononanoate synthase [EC:2.3.1.47]</p>
</body></notes>
        <annotation>
          <rdf:RDF xmlns:rdf="http://www.w3.org/1999/02/22-rdf-syntax-ns#" xmlns:bqbiol="http://biomodels.net/biology-qualifiers/">
            <rdf:Description rdf:about="#meta_bioF">
              <bqbiol:is>
                <rdf:Bag>
                  <rdf:li rdf:resource="urn:miriam:kegg.orthology:K00652"/>
                </rdf:Bag>
              </bqbiol:is>
              <bqbiol:isEncodedBy>
                <rdf:Bag>
                  <rdf:li rdf:resource="urn:miriam:entrez.gene:100268118"/>
                  <rdf:li rdf:resource="urn:miriam:entrez.gene:4327870"/>
                  <rdf:li rdf:resource="urn:miriam:entrez.gene:100191565"/>
                </rdf:Bag>
              </bqbiol:isEncodedBy>
              <bqbiol:isDescribedBy>
                <rdf:Bag>
                  <rdf:li rdf:resource="urn:miriam:obo.go:GO:0008710"/>
                </rdf:Bag>
              </bqbiol:isDescribedBy>
              <bqbiol:occursIn>
                <rdf:Bag>
                  <rdf:li rdf:resource="urn:miriam:kegg.reaction:R03210"/>
                </rdf:Bag>
              </bqbiol:occursIn>
              <bqbiol:hasProperty>
                <rdf:Bag>
                  <rdf:li rdf:resource="urn:miriam:ec-code:2.3.1.47"/>
                </rdf:Bag>
              </bqbiol:hasProperty>
              <bqbiol:unknownQualifier>
                <rdf:Bag>
                  <rdf:li rdf:resource="urn:miriam:obo.eco:ECO%3A0000313"/>
                </rdf:Bag>
              </bqbiol:unknownQualifier>
            </rdf:Description>
          </rdf:RDF>
        </annotation>
      </species>
      <species id="bioW" initialAmount="1" name="bioW" metaid="meta_bioW" sboTerm="SBO:0000354" substanceUnits="substance" compartment="default">
<notes><body xmlns="http://www.w3.org/1999/xhtml"><a href="http://www.kegg.jp/dbget-bin/www_bget?K01906">Original Kegg Entry</a><br/>
<p><b>Description for “bioW”:</b> 6-carboxyhexanoate--CoA ligase [EC:6.2.1.14]</p>
</body></notes>
        <annotation>
          <rdf:RDF xmlns:rdf="http://www.w3.org/1999/02/22-rdf-syntax-ns#" xmlns:bqbiol="http://biomodels.net/biology-qualifiers/">
            <rdf:Description rdf:about="#meta_bioW">
              <bqbiol:is>
                <rdf:Bag>
                  <rdf:li rdf:resource="urn:miriam:kegg.orthology:K01906"/>
                </rdf:Bag>
              </bqbiol:is>
              <bqbiol:occursIn>
                <rdf:Bag>
                  <rdf:li rdf:resource="urn:miriam:kegg.reaction:R03209"/>
                </rdf:Bag>
              </bqbiol:occursIn>
              <bqbiol:hasProperty>
                <rdf:Bag>
                  <rdf:li rdf:resource="urn:miriam:ec-code:6.2.1.14"/>
                </rdf:Bag>
              </bqbiol:hasProperty>
              <bqbiol:unknownQualifier>
                <rdf:Bag>
                  <rdf:li rdf:resource="urn:miriam:obo.eco:ECO%3A0000313"/>
                </rdf:Bag>
              </bqbiol:unknownQualifier>
            </rdf:Description>
          </rdf:RDF>
        </annotation>
      </species>
      <species id="C7H13N3O2R2" initialAmount="1" name="C7H13N3O2R2" metaid="meta_C7H13N3O2R2" sboTerm="SBO:0000247" substanceUnits="substance" compartment="default">
<notes><body xmlns="http://www.w3.org/1999/xhtml"><a href="http://www.kegg.jp/dbget-bin/www_bget?cpd:C06249">Original Kegg Entry</a><br/>
<p><b>Apo-[carboxylase]</b></p>
<p><b>Formula:</b> C7H13N3O2R2</p>
<img src="http://www.kegg.jp/Fig/compound/C06249.gif"/><br/>
</body></notes>
        <annotation>
          <rdf:RDF xmlns:rdf="http://www.w3.org/1999/02/22-rdf-syntax-ns#" xmlns:bqbiol="http://biomodels.net/biology-qualifiers/">
            <rdf:Description rdf:about="#meta_C7H13N3O2R2">
              <bqbiol:is>
                <rdf:Bag>
                  <rdf:li rdf:resource="urn:miriam:kegg.compound:C06249"/>
                </rdf:Bag>
              </bqbiol:is>
              <bqbiol:occursIn>
                <rdf:Bag>
                  <rdf:li rdf:resource="urn:miriam:kegg.reaction:R05145"/>
                </rdf:Bag>
              </bqbiol:occursIn>
              <bqbiol:unknownQualifier>
                <rdf:Bag>
                  <rdf:li rdf:resource="urn:miriam:obo.eco:ECO%3A0000313"/>
                </rdf:Bag>
              </bqbiol:unknownQualifier>
            </rdf:Description>
          </rdf:RDF>
        </annotation>
      </species>
      <species id="C10H14N5O7P" initialAmount="1" name="C10H14N5O7P" metaid="meta_C10H14N5O7P" sboTerm="SBO:0000247" substanceUnits="substance" compartment="default">
<notes><body xmlns="http://www.w3.org/1999/xhtml"><a href="http://www.kegg.jp/dbget-bin/www_bget?cpd:C00020">Original Kegg Entry</a><br/>
<p><b>Adenosine 5'-phosphate</b></p>
<p><b>All given names:</b><br/>AMP<br/>Adenosine 5'-monophosphate<br/>Adenylic acid<br/>Adenylate<br/>5'-AMP<br/>5'-Adenylic acid<br/>5'-Adenosine monophosphate<br/>Adenosine 5'-phosphate</p>
<p><b>Formula:</b> C10H14N5O7P</p>
<img src="http://www.kegg.jp/Fig/compound/C00020.gif"/><br/>
</body></notes>
        <annotation>
          <rdf:RDF xmlns:rdf="http://www.w3.org/1999/02/22-rdf-syntax-ns#" xmlns:bqbiol="http://biomodels.net/biology-qualifiers/">
            <rdf:Description rdf:about="#meta_C10H14N5O7P">
              <bqbiol:is>
                <rdf:Bag>
                  <rdf:li rdf:resource="urn:miriam:kegg.compound:C00020"/>
                </rdf:Bag>
              </bqbiol:is>
              <bqbiol:is>
                <rdf:Bag>
                  <rdf:li rdf:resource="urn:miriam:obo.chebi:CHEBI%3A16027"/>
                </rdf:Bag>
              </bqbiol:is>
              <bqbiol:hasProperty>
                <rdf:Bag>
                  <rdf:li rdf:resource="urn:miriam:pubchem.substance:3322"/>
                </rdf:Bag>
              </bqbiol:hasProperty>
              <bqbiol:hasProperty>
                <rdf:Bag>
                  <rdf:li rdf:resource="urn:miriam:3dmet:B01133"/>
                </rdf:Bag>
              </bqbiol:hasProperty>
              <bqbiol:occursIn>
                <rdf:Bag>
                  <rdf:li rdf:resource="urn:miriam:kegg.reaction:R05145"/>
                </rdf:Bag>
              </bqbiol:occursIn>
              <bqbiol:unknownQualifier>
                <rdf:Bag>
                  <rdf:li rdf:resource="urn:miriam:obo.eco:ECO%3A0000313"/>
                </rdf:Bag>
              </bqbiol:unknownQualifier>
            </rdf:Description>
          </rdf:RDF>
        </annotation>
      </species>
      <species id="C10H16N5O13P3" initialAmount="1" name="C10H16N5O13P3" metaid="meta_C10H16N5O13P3" sboTerm="SBO:0000247" substanceUnits="substance" compartment="default">
<notes><body xmlns="http://www.w3.org/1999/xhtml"><a href="http://www.kegg.jp/dbget-bin/www_bget?cpd:C00002">Original Kegg Entry</a><br/>
<p><b>Adenosine 5'-triphosphate</b></p>
<p><b>All given names:</b><br/>ATP<br/>Adenosine 5'-triphosphate</p>
<p><b>Formula:</b> C10H16N5O13P3</p>
<img src="http://www.kegg.jp/Fig/compound/C00002.gif"/><br/>
</body></notes>
        <annotation>
          <rdf:RDF xmlns:rdf="http://www.w3.org/1999/02/22-rdf-syntax-ns#" xmlns:bqbiol="http://biomodels.net/biology-qualifiers/">
            <rdf:Description rdf:about="#meta_C10H16N5O13P3">
              <bqbiol:is>
                <rdf:Bag>
                  <rdf:li rdf:resource="urn:miriam:kegg.compound:C00002"/>
                </rdf:Bag>
              </bqbiol:is>
              <bqbiol:is>
                <rdf:Bag>
                  <rdf:li rdf:resource="urn:miriam:obo.chebi:CHEBI%3A15422"/>
                </rdf:Bag>
              </bqbiol:is>
              <bqbiol:hasProperty>
                <rdf:Bag>
                  <rdf:li rdf:resource="urn:miriam:pubchem.substance:3304"/>
                </rdf:Bag>
              </bqbiol:hasProperty>
              <bqbiol:hasProperty>
                <rdf:Bag>
                  <rdf:li rdf:resource="urn:miriam:3dmet:B01125"/>
                </rdf:Bag>
              </bqbiol:hasProperty>
              <bqbiol:occursIn>
                <rdf:Bag>
                  <rdf:li rdf:resource="urn:miriam:kegg.reaction:R01074"/>
                </rdf:Bag>
              </bqbiol:occursIn>
              <bqbiol:unknownQualifier>
                <rdf:Bag>
                  <rdf:li rdf:resource="urn:miriam:obo.eco:ECO%3A0000313"/>
                </rdf:Bag>
              </bqbiol:unknownQualifier>
            </rdf:Description>
          </rdf:RDF>
        </annotation>
      </species>
      <species id="H4P2O7" initialAmount="1" name="H4P2O7" metaid="meta_H4P2O7" sboTerm="SBO:0000247" substanceUnits="substance" compartment="default">
<notes><body xmlns="http://www.w3.org/1999/xhtml"><a href="http://www.kegg.jp/dbget-bin/www_bget?cpd:C00013">Original Kegg Entry</a><br/>
<p><b>PPi</b></p>
<p><b>All given names:</b><br/>Diphosphate<br/>Diphosphoric acid<br/>Pyrophosphate<br/>Pyrophosphoric acid<br/>PPi</p>
<p><b>Formula:</b> H4P2O7</p>
<img src="http://www.kegg.jp/Fig/compound/C00013.gif"/><br/>
</body></notes>
        <annotation>
          <rdf:RDF xmlns:rdf="http://www.w3.org/1999/02/22-rdf-syntax-ns#" xmlns:bqbiol="http://biomodels.net/biology-qualifiers/">
            <rdf:Description rdf:about="#meta_H4P2O7">
              <bqbiol:is>
                <rdf:Bag>
                  <rdf:li rdf:resource="urn:miriam:kegg.compound:C00013"/>
                </rdf:Bag>
              </bqbiol:is>
              <bqbiol:hasVersion>
                <rdf:Bag>
                  <rdf:li rdf:resource="urn:miriam:obo.chebi:CHEBI%3A18361"/>
                  <rdf:li rdf:resource="urn:miriam:obo.chebi:CHEBI%3A29888"/>
                </rdf:Bag>
              </bqbiol:hasVersion>
              <bqbiol:hasProperty>
                <rdf:Bag>
                  <rdf:li rdf:resource="urn:miriam:pubchem.substance:3315"/>
                </rdf:Bag>
              </bqbiol:hasProperty>
              <bqbiol:hasProperty>
                <rdf:Bag>
                  <rdf:li rdf:resource="urn:miriam:3dmet:B00003"/>
                </rdf:Bag>
              </bqbiol:hasProperty>
              <bqbiol:occursIn>
                <rdf:Bag>
                  <rdf:li rdf:resource="urn:miriam:kegg.reaction:R01074"/>
                </rdf:Bag>
              </bqbiol:occursIn>
              <bqbiol:unknownQualifier>
                <rdf:Bag>
                  <rdf:li rdf:resource="urn:miriam:obo.eco:ECO%3A0000313"/>
                </rdf:Bag>
              </bqbiol:unknownQualifier>
            </rdf:Description>
          </rdf:RDF>
        </annotation>
      </species>
      <species id="biotinCoA_ligase" initialAmount="1" name="biotin---CoA ligase" metaid="meta_biotinCoA_ligase" sboTerm="SBO:0000245" substanceUnits="substance" compartment="default">
<notes><body xmlns="http://www.w3.org/1999/xhtml"><a href="http://www.kegg.jp/dbget-bin/www_bget?EC:6.2.1.11">Original Kegg Entry</a><br/>
<p><b>biotinyl coenzyme A synthetase</b></p>
<p><b>All given names:</b><br/>biotin---CoA ligase<br/>biotinyl-CoA synthetase<br/>biotin CoA synthetase<br/>biotinyl coenzyme A synthetase</p>
<p><b>CAS number:</b> 37318-60-8</p>
</body></notes>
        <annotation>
          <rdf:RDF xmlns:rdf="http://www.w3.org/1999/02/22-rdf-syntax-ns#" xmlns:bqbiol="http://biomodels.net/biology-qualifiers/">
            <rdf:Description rdf:about="#meta_biotinCoA_ligase">
              <bqbiol:is>
                <rdf:Bag>
                  <rdf:li rdf:resource="urn:miriam:ec-code:6.2.1.11"/>
                </rdf:Bag>
              </bqbiol:is>
              <bqbiol:occursIn>
                <rdf:Bag>
                  <rdf:li rdf:resource="urn:miriam:kegg.reaction:R01074"/>
                </rdf:Bag>
              </bqbiol:occursIn>
              <bqbiol:hasProperty>
                <rdf:Bag>
                  <rdf:li rdf:resource="urn:miriam:ec-code:6.2.1.11"/>
                </rdf:Bag>
              </bqbiol:hasProperty>
              <bqbiol:unknownQualifier>
                <rdf:Bag>
                  <rdf:li rdf:resource="urn:miriam:obo.eco:ECO%3A0000313"/>
                </rdf:Bag>
              </bqbiol:unknownQualifier>
            </rdf:Description>
          </rdf:RDF>
        </annotation>
      </species>
    </listOfSpecies>
    <listOfReactions>
      <reaction id="rnR05145" name="rn:R05145" metaid="meta_rnR05145" reversible="false" sboTerm="SBO:0000176">
<notes><body xmlns="http://www.w3.org/1999/xhtml"><p><b>Definition of “RN:R05145”:</b> Biotinyl-5'-AMP + Apo-[carboxylase] &lt;=> AMP + Holo-[carboxylase]<br/>
<b>Equation for “RN:R05145”:</b> C05921 + C06249 &lt;=> C00020 + C06250<br/>
<a href="http://www.genome.jp/Fig/reaction/R05145.gif"><img src="http://www.genome.jp/Fig/reaction/R05145.gif"/></a>
<br/>
<b>Occurs in:</b><br/>
<ul>
<li>Biotin metabolism</li>
<li>Metabolic pathways</li>
</ul><br/>
</p></body></notes>
        <annotation>
          <rdf:RDF xmlns:rdf="http://www.w3.org/1999/02/22-rdf-syntax-ns#" xmlns:bqbiol="http://biomodels.net/biology-qualifiers/">
            <rdf:Description rdf:about="#meta_rnR05145">
              <bqbiol:is>
                <rdf:Bag>
                  <rdf:li rdf:resource="urn:miriam:kegg.reaction:R05145"/>
                </rdf:Bag>
              </bqbiol:is>
              <bqbiol:occursIn>
                <rdf:Bag>
                  <rdf:li rdf:resource="urn:miriam:kegg.pathway:rn00780"/>
                  <rdf:li rdf:resource="urn:miriam:kegg.pathway:rn01100"/>
                </rdf:Bag>
              </bqbiol:occursIn>
            </rdf:Description>
          </rdf:RDF>
        </annotation>
              <listOfReactants>
          <speciesReference id="cpdC05921" species="C20H28N7O9PS" name="cpd:C05921" metaid="meta_cpdC05921" sboTerm="SBO:0000015"/>
          <speciesReference id="cpdC06249" species="C7H13N3O2R2" name="cpd:C06249" metaid="meta_cpdC06249" sboTerm="SBO:0000015"/>
        </listOfReactants>
        <listOfProducts>
          <speciesReference id="cpdC06250" species="C17H27N5O4SR2" name="cpd:C06250" metaid="meta_cpdC06250" sboTerm="SBO:0000011"/>
          <speciesReference id="cpdC00020" species="C10H14N5O7P" name="cpd:C00020" metaid="meta_cpdC00020" sboTerm="SBO:0000011"/>
        </listOfProducts>
        <listOfModifiers>
          <modifierSpeciesReference id="mod_rnR05145" species="birA" name="mod_rnR05145" metaid="meta_mod_rnR05145" sboTerm="SBO:0000460"/>
        </listOfModifiers>
      </reaction>
      <reaction id="rnR01074" name="rn:R01074" metaid="meta_rnR01074" reversible="false" sboTerm="SBO:0000176">
<notes><body xmlns="http://www.w3.org/1999/xhtml"><p><b>Definition of “RN:R01074”:</b> ATP + Biotin &lt;=> Diphosphate + Biotinyl-5'-AMP<br/>
<b>Equation for “RN:R01074”:</b> C00002 + C00120 &lt;=> C00013 + C05921<br/>
<a href="http://www.genome.jp/Fig/reaction/R01074.gif"><img src="http://www.genome.jp/Fig/reaction/R01074.gif"/></a>
<br/>
<b>Occurs in:</b><br/>
<ul>
<li>Biotin metabolism</li>
<li>Metabolic pathways</li>
</ul><br/>
</p></body></notes>
        <annotation>
          <rdf:RDF xmlns:rdf="http://www.w3.org/1999/02/22-rdf-syntax-ns#" xmlns:bqbiol="http://biomodels.net/biology-qualifiers/">
            <rdf:Description rdf:about="#meta_rnR01074">
              <bqbiol:is>
                <rdf:Bag>
                  <rdf:li rdf:resource="urn:miriam:kegg.reaction:R01074"/>
                </rdf:Bag>
              </bqbiol:is>
              <bqbiol:occursIn>
                <rdf:Bag>
                  <rdf:li rdf:resource="urn:miriam:kegg.pathway:rn00780"/>
                  <rdf:li rdf:resource="urn:miriam:kegg.pathway:rn01100"/>
                </rdf:Bag>
              </bqbiol:occursIn>
            </rdf:Description>
          </rdf:RDF>
        </annotation>
              <listOfReactants>
          <speciesReference id="cpdC00120" species="C10H16N2O3S" name="cpd:C00120" metaid="meta_cpdC00120" sboTerm="SBO:0000015"/>
          <speciesReference id="cpdC00002" species="C10H16N5O13P3" name="cpd:C00002" metaid="meta_cpdC00002" sboTerm="SBO:0000015"/>
        </listOfReactants>
        <listOfProducts>
          <speciesReference id="cpdC05921_1" species="C20H28N7O9PS" name="cpd:C05921" metaid="meta_cpdC05921_1" sboTerm="SBO:0000011"/>
          <speciesReference id="cpdC00013" species="H4P2O7" name="cpd:C00013" metaid="meta_cpdC00013" sboTerm="SBO:0000011"/>
        </listOfProducts>
        <listOfModifiers>
          <modifierSpeciesReference id="mod_rnR01074" species="HLCS" name="mod_rnR01074" metaid="meta_mod_rnR01074" sboTerm="SBO:0000460"/>
          <modifierSpeciesReference id="mod_rnR01074_1" species="biotinCoA_ligase" name="mod_rnR01074_1" metaid="meta_mod_rnR01074_1" sboTerm="SBO:0000460"/>
        </listOfModifiers>
      </reaction>
    </listOfReactions>
  </model>
</sbml>