<?xml version='1.0' encoding='UTF-8' standalone='no'?>
<!-- Created by KEGGtranslator version 1.2.0 on 2011-11-09 20:13 with jsbml version 0.8-rc1. -->
<sbml xmlns="http://www.sbml.org/sbml/level2/version4" level="2" version="4">
  <model id="path_efa03430" name="Mismatch repair" metaid="meta_path_efa03430">
<notes><body xmlns="http://www.w3.org/1999/xhtml"><h1>Model of “Mismatch repair”</h1>
DNA mismatch repair (MMR) is a highly conserved biological pathway that plays a key role in maintaining genomic stability. MMR corrects DNA mismatches generated during DNA replication, thereby preventing mutations from becoming permanent in dividing cells. MMR also suppresses homologous recombination and was recently shown to play a role in DNA damage signaling. Defects in MMR are associated with genome-wide instability, predisposition to certain types of cancer including HNPCC, resistance to certain chemotherapeutic agents, and abnormalities in meiosis and sterility in mammalian systems.
The Escherichia coli MMR pathway has been extensively studied and is well characterized. In E. coli, the mismatch-activated MutS-MutL-ATP complex licenses MutH to incise the nearest unmethylated GATC sequence. UvrD and an exonuclease generate a gap. This gap is filled by pol III and DNA ligase. The GATC sites are then methylated by Dam. Several human MMR proteins have been identified based on their homology to E. coli MMR proteins. These include human homologs of MutS and MutL. Although E. coli MutS and MutL proteins are homodimers, human MutS and MutL homologs are heterodimers. The role of hemimethylated dGATC sites as a signal for strand discrimination is not conserved from E. coli to human. Human MMR is presumed to be nick-directed in vivo, and is thought to discriminate daughter and template strands using a strand-specific nick.<br/>
<a href="http://www.genome.jp/kegg/pathway/efa/efa03430.png"><img src="http://www.genome.jp/kegg/pathway/efa/efa03430.png" alt="http://www.genome.jp/kegg-bin/show_pathway?efa03430"/></a><br/>
<a href="http://www.genome.jp/kegg-bin/show_pathway?efa03430">Original Entry</a><br/>
<p>KGML comment: “Creation date: Oct 20, 2010 09:17:56 +0900 (JST)”<br/>
KGML version was: 0.71<br/>
</p><div align="right"><i><small>This file has been generated by KEGGtranslator version 1.2.0</small></i></div><br/>
</body></notes>
    <annotation>
      <rdf:RDF xmlns:rdf="http://www.w3.org/1999/02/22-rdf-syntax-ns#" xmlns:bqmodel="http://biomodels.net/model-qualifiers/" xmlns:bqbiol="http://biomodels.net/biology-qualifiers/">
        <rdf:Description rdf:about="#meta_path_efa03430">
          <creator>
            <rdf:Bag>
              <rdf:li rdf:parseType="Resource">                <ORG rdf:parseType="Resource">
                  <Orgname>ZBIT, University of Tübingen, WSI-CogSys</Orgname>
                </ORG>
              </rdf:li>
            </rdf:Bag>
          </creator>
          <created rdf:parseType="Resource">
            <W3CDTF>2011-11-09T19:13:52Z</W3CDTF>
          </created>
          <modified rdf:parseType="Resource">
            <W3CDTF>2011-11-09T19:13:52Z</W3CDTF>
          </modified>
          <modified rdf:parseType="Resource">
            <W3CDTF>2011-11-09T19:13:52Z</W3CDTF>
          </modified>
          <bqmodel:is>
            <rdf:Bag>
              <rdf:li rdf:resource="urn:miriam:kegg.pathway:efa03430"/>
            </rdf:Bag>
          </bqmodel:is>
          <bqbiol:isDescribedBy>
            <rdf:Bag>
              <rdf:li rdf:resource="urn:miriam:obo.go:GO:0006298"/>
            </rdf:Bag>
          </bqbiol:isDescribedBy>
        </rdf:Description>
      </rdf:RDF>
    </annotation>
      <listOfCompartments>
      <compartment id="default" name="Mismatch repair" units="volume" size="1"/>
    </listOfCompartments>
    <listOfSpecies>
      <species id="dam" initialAmount="1" name="dam" metaid="meta_dam" sboTerm="SBO:0000354" substanceUnits="substance" compartment="default">
<notes><body xmlns="http://www.w3.org/1999/xhtml"><a href="http://www.kegg.jp/dbget-bin/www_bget?K06223">Original Kegg Entry</a><br/>
<p><b>Description for “dam”:</b> DNA adenine methylase [EC:2.1.1.72]</p>
</body></notes>
        <annotation>
          <rdf:RDF xmlns:rdf="http://www.w3.org/1999/02/22-rdf-syntax-ns#" xmlns:bqbiol="http://biomodels.net/biology-qualifiers/">
            <rdf:Description rdf:about="#meta_dam">
              <bqbiol:is>
                <rdf:Bag>
                  <rdf:li rdf:resource="urn:miriam:kegg.orthology:K06223"/>
                </rdf:Bag>
              </bqbiol:is>
              <bqbiol:isDescribedBy>
                <rdf:Bag>
                  <rdf:li rdf:resource="urn:miriam:obo.go:GO:0009007"/>
                </rdf:Bag>
              </bqbiol:isDescribedBy>
              <bqbiol:hasProperty>
                <rdf:Bag>
                  <rdf:li rdf:resource="urn:miriam:ec-code:2.1.1.72"/>
                </rdf:Bag>
              </bqbiol:hasProperty>
              <bqbiol:unknownQualifier>
                <rdf:Bag>
                  <rdf:li rdf:resource="urn:miriam:obo.eco:ECO%3A0000313"/>
                </rdf:Bag>
              </bqbiol:unknownQualifier>
            </rdf:Description>
          </rdf:RDF>
        </annotation>
      </species>
      <species id="hexA" initialAmount="1" name="hexA" metaid="meta_hexA" sboTerm="SBO:0000354" substanceUnits="substance" compartment="default">
<notes><body xmlns="http://www.w3.org/1999/xhtml"><a href="http://www.kegg.jp/dbget-bin/www_bget?efa:EF1404+efa:EF3167">Original Kegg Entry</a><br/>
<p><b>Description for “hexA”:</b> DNA mismatch repair protein MutS</p>
</body></notes>
        <annotation>
          <rdf:RDF xmlns:rdf="http://www.w3.org/1999/02/22-rdf-syntax-ns#" xmlns:bqbiol="http://biomodels.net/biology-qualifiers/">
            <rdf:Description rdf:about="#meta_hexA">
              <bqbiol:hasVersion>
                <rdf:Bag>
                  <rdf:li rdf:resource="urn:miriam:kegg.genes:efa%3AEF1404"/>
                  <rdf:li rdf:resource="urn:miriam:kegg.genes:efa%3AEF3167"/>
                </rdf:Bag>
              </bqbiol:hasVersion>
              <bqbiol:isEncodedBy>
                <rdf:Bag>
                  <rdf:li rdf:resource="urn:miriam:entrez.gene:1200304"/>
                  <rdf:li rdf:resource="urn:miriam:entrez.gene:1202006"/>
                </rdf:Bag>
              </bqbiol:isEncodedBy>
              <bqbiol:hasVersion>
                <rdf:Bag>
                  <rdf:li rdf:resource="urn:miriam:uniprot:Q835H3"/>
                  <rdf:li rdf:resource="urn:miriam:uniprot:Q82ZA2"/>
                </rdf:Bag>
              </bqbiol:hasVersion>
              <bqbiol:unknownQualifier>
                <rdf:Bag>
                  <rdf:li rdf:resource="urn:miriam:obo.eco:ECO%3A0000313"/>
                </rdf:Bag>
              </bqbiol:unknownQualifier>
            </rdf:Description>
          </rdf:RDF>
        </annotation>
      </species>
      <species id="MSH2" initialAmount="1" name="MSH2" metaid="meta_MSH2" sboTerm="SBO:0000354" substanceUnits="substance" compartment="default">
<notes><body xmlns="http://www.w3.org/1999/xhtml"><a href="http://www.kegg.jp/dbget-bin/www_bget?K08735">Original Kegg Entry</a><br/>
<p><b>Description for “MSH2”:</b> DNA mismatch repair protein MSH2</p>
</body></notes>
        <annotation>
          <rdf:RDF xmlns:rdf="http://www.w3.org/1999/02/22-rdf-syntax-ns#" xmlns:bqbiol="http://biomodels.net/biology-qualifiers/">
            <rdf:Description rdf:about="#meta_MSH2">
              <bqbiol:is>
                <rdf:Bag>
                  <rdf:li rdf:resource="urn:miriam:kegg.orthology:K08735"/>
                </rdf:Bag>
              </bqbiol:is>
              <bqbiol:isEncodedBy>
                <rdf:Bag>
                  <rdf:li rdf:resource="urn:miriam:entrez.gene:4436"/>
                  <rdf:li rdf:resource="urn:miriam:entrez.gene:100431828"/>
                  <rdf:li rdf:resource="urn:miriam:entrez.gene:17685"/>
                  <rdf:li rdf:resource="urn:miriam:entrez.gene:81709"/>
                  <rdf:li rdf:resource="urn:miriam:entrez.gene:494002"/>
                  <rdf:li rdf:resource="urn:miriam:entrez.gene:100471735"/>
                  <rdf:li rdf:resource="urn:miriam:entrez.gene:533115"/>
                  <rdf:li rdf:resource="urn:miriam:entrez.gene:100337661"/>
                  <rdf:li rdf:resource="urn:miriam:entrez.gene:100068146"/>
                  <rdf:li rdf:resource="urn:miriam:entrez.gene:100033358"/>
                  <rdf:li rdf:resource="urn:miriam:entrez.gene:378799"/>
                  <rdf:li rdf:resource="urn:miriam:entrez.gene:100542264"/>
                  <rdf:li rdf:resource="urn:miriam:entrez.gene:100226839"/>
                  <rdf:li rdf:resource="urn:miriam:entrez.gene:100562005"/>
                  <rdf:li rdf:resource="urn:miriam:entrez.gene:100380043"/>
                  <rdf:li rdf:resource="urn:miriam:entrez.gene:406845"/>
                  <rdf:li rdf:resource="urn:miriam:entrez.gene:100183267"/>
                  <rdf:li rdf:resource="urn:miriam:entrez.gene:725348"/>
                  <rdf:li rdf:resource="urn:miriam:entrez.gene:100118035"/>
                  <rdf:li rdf:resource="urn:miriam:entrez.gene:655722"/>
                  <rdf:li rdf:resource="urn:miriam:entrez.gene:100160952"/>
                  <rdf:li rdf:resource="urn:miriam:entrez.gene:100200908"/>
                  <rdf:li rdf:resource="urn:miriam:entrez.gene:100268052"/>
                  <rdf:li rdf:resource="urn:miriam:entrez.gene:4338271"/>
                  <rdf:li rdf:resource="urn:miriam:entrez.gene:100279876"/>
                  <rdf:li rdf:resource="urn:miriam:entrez.gene:507711"/>
                </rdf:Bag>
              </bqbiol:isEncodedBy>
              <bqbiol:unknownQualifier>
                <rdf:Bag>
                  <rdf:li rdf:resource="urn:miriam:obo.eco:ECO%3A0000313"/>
                </rdf:Bag>
              </bqbiol:unknownQualifier>
            </rdf:Description>
          </rdf:RDF>
        </annotation>
      </species>
      <species id="MLH3" initialAmount="1" name="MLH3" metaid="meta_MLH3" sboTerm="SBO:0000354" substanceUnits="substance" compartment="default">
<notes><body xmlns="http://www.w3.org/1999/xhtml"><a href="http://www.kegg.jp/dbget-bin/www_bget?K08739">Original Kegg Entry</a><br/>
<p><b>Description for “MLH3”:</b> DNA mismatch repair protein MLH3</p>
</body></notes>
        <annotation>
          <rdf:RDF xmlns:rdf="http://www.w3.org/1999/02/22-rdf-syntax-ns#" xmlns:bqbiol="http://biomodels.net/biology-qualifiers/">
            <rdf:Description rdf:about="#meta_MLH3">
              <bqbiol:is>
                <rdf:Bag>
                  <rdf:li rdf:resource="urn:miriam:kegg.orthology:K08739"/>
                </rdf:Bag>
              </bqbiol:is>
              <bqbiol:isEncodedBy>
                <rdf:Bag>
                  <rdf:li rdf:resource="urn:miriam:entrez.gene:27030"/>
                  <rdf:li rdf:resource="urn:miriam:entrez.gene:453043"/>
                  <rdf:li rdf:resource="urn:miriam:entrez.gene:100171738"/>
                  <rdf:li rdf:resource="urn:miriam:entrez.gene:701482"/>
                  <rdf:li rdf:resource="urn:miriam:entrez.gene:217716"/>
                  <rdf:li rdf:resource="urn:miriam:entrez.gene:314320"/>
                  <rdf:li rdf:resource="urn:miriam:entrez.gene:480389"/>
                  <rdf:li rdf:resource="urn:miriam:entrez.gene:100481228"/>
                  <rdf:li rdf:resource="urn:miriam:entrez.gene:100155199"/>
                  <rdf:li rdf:resource="urn:miriam:entrez.gene:100057292"/>
                  <rdf:li rdf:resource="urn:miriam:entrez.gene:100023484"/>
                  <rdf:li rdf:resource="urn:miriam:entrez.gene:100086235"/>
                  <rdf:li rdf:resource="urn:miriam:entrez.gene:100543308"/>
                  <rdf:li rdf:resource="urn:miriam:entrez.gene:100230617"/>
                  <rdf:li rdf:resource="urn:miriam:entrez.gene:100552500"/>
                  <rdf:li rdf:resource="urn:miriam:entrez.gene:444223"/>
                  <rdf:li rdf:resource="urn:miriam:entrez.gene:100493832"/>
                  <rdf:li rdf:resource="urn:miriam:entrez.gene:568323"/>
                  <rdf:li rdf:resource="urn:miriam:entrez.gene:575007"/>
                  <rdf:li rdf:resource="urn:miriam:entrez.gene:100253902"/>
                  <rdf:li rdf:resource="urn:miriam:entrez.gene:4347792"/>
                </rdf:Bag>
              </bqbiol:isEncodedBy>
              <bqbiol:unknownQualifier>
                <rdf:Bag>
                  <rdf:li rdf:resource="urn:miriam:obo.eco:ECO%3A0000313"/>
                </rdf:Bag>
              </bqbiol:unknownQualifier>
            </rdf:Description>
          </rdf:RDF>
        </annotation>
      </species>
      <species id="MLH1" initialAmount="1" name="MLH1" metaid="meta_MLH1" sboTerm="SBO:0000354" substanceUnits="substance" compartment="default">
<notes><body xmlns="http://www.w3.org/1999/xhtml"><a href="http://www.kegg.jp/dbget-bin/www_bget?K08734">Original Kegg Entry</a><br/>
<p><b>Description for “MLH1”:</b> DNA mismatch repair protein MLH1</p>
</body></notes>
        <annotation>
          <rdf:RDF xmlns:rdf="http://www.w3.org/1999/02/22-rdf-syntax-ns#" xmlns:bqbiol="http://biomodels.net/biology-qualifiers/">
            <rdf:Description rdf:about="#meta_MLH1">
              <bqbiol:is>
                <rdf:Bag>
                  <rdf:li rdf:resource="urn:miriam:kegg.orthology:K08734"/>
                </rdf:Bag>
              </bqbiol:is>
              <bqbiol:isEncodedBy>
                <rdf:Bag>
                  <rdf:li rdf:resource="urn:miriam:entrez.gene:4292"/>
                  <rdf:li rdf:resource="urn:miriam:entrez.gene:747104"/>
                  <rdf:li rdf:resource="urn:miriam:entrez.gene:100436876"/>
                  <rdf:li rdf:resource="urn:miriam:entrez.gene:698782"/>
                  <rdf:li rdf:resource="urn:miriam:entrez.gene:17350"/>
                  <rdf:li rdf:resource="urn:miriam:entrez.gene:81685"/>
                  <rdf:li rdf:resource="urn:miriam:entrez.gene:477019"/>
                  <rdf:li rdf:resource="urn:miriam:entrez.gene:100476536"/>
                  <rdf:li rdf:resource="urn:miriam:entrez.gene:533652"/>
                  <rdf:li rdf:resource="urn:miriam:entrez.gene:100337665"/>
                  <rdf:li rdf:resource="urn:miriam:entrez.gene:100050351"/>
                  <rdf:li rdf:resource="urn:miriam:entrez.gene:100011682"/>
                  <rdf:li rdf:resource="urn:miriam:entrez.gene:420729"/>
                  <rdf:li rdf:resource="urn:miriam:entrez.gene:100547634"/>
                  <rdf:li rdf:resource="urn:miriam:entrez.gene:100232198"/>
                  <rdf:li rdf:resource="urn:miriam:entrez.gene:100555611"/>
                  <rdf:li rdf:resource="urn:miriam:entrez.gene:100036779"/>
                  <rdf:li rdf:resource="urn:miriam:entrez.gene:100170640"/>
                  <rdf:li rdf:resource="urn:miriam:entrez.gene:393632"/>
                  <rdf:li rdf:resource="urn:miriam:entrez.gene:100182748"/>
                  <rdf:li rdf:resource="urn:miriam:entrez.gene:588545"/>
                  <rdf:li rdf:resource="urn:miriam:entrez.gene:724296"/>
                  <rdf:li rdf:resource="urn:miriam:entrez.gene:100118334"/>
                  <rdf:li rdf:resource="urn:miriam:entrez.gene:661655"/>
                  <rdf:li rdf:resource="urn:miriam:entrez.gene:100161532"/>
                  <rdf:li rdf:resource="urn:miriam:entrez.gene:100198136"/>
                  <rdf:li rdf:resource="urn:miriam:entrez.gene:100259636"/>
                  <rdf:li rdf:resource="urn:miriam:entrez.gene:4325393"/>
                  <rdf:li rdf:resource="urn:miriam:entrez.gene:504035"/>
                </rdf:Bag>
              </bqbiol:isEncodedBy>
              <bqbiol:unknownQualifier>
                <rdf:Bag>
                  <rdf:li rdf:resource="urn:miriam:obo.eco:ECO%3A0000313"/>
                </rdf:Bag>
              </bqbiol:unknownQualifier>
            </rdf:Description>
          </rdf:RDF>
        </annotation>
      </species>
      <species id="Colorectal_cancer" initialAmount="1" name="Colorectal cancer" metaid="meta_Colorectal_cancer" sboTerm="SBO:0000552" substanceUnits="substance" compartment="default">
<notes><body xmlns="http://www.w3.org/1999/xhtml"><a href="http://www.kegg.jp/dbget-bin/www_bget?map05210">Original Kegg Entry</a><br/>
<p><b>Colorectal cancer</b></p>
<img src="http://www.kegg.jp/kegg/misc/thumbnail/map05210.gif"/><br/>
</body></notes>
        <annotation>
          <rdf:RDF xmlns:rdf="http://www.w3.org/1999/02/22-rdf-syntax-ns#" xmlns:bqbiol="http://biomodels.net/biology-qualifiers/">
            <rdf:Description rdf:about="#meta_Colorectal_cancer">
              <bqbiol:is>
                <rdf:Bag>
                  <rdf:li rdf:resource="urn:miriam:kegg.pathway:map05210"/>
                </rdf:Bag>
              </bqbiol:is>
              <bqbiol:unknownQualifier>
                <rdf:Bag>
                  <rdf:li rdf:resource="urn:miriam:obo.eco:ECO%3A0000313"/>
                </rdf:Bag>
              </bqbiol:unknownQualifier>
            </rdf:Description>
          </rdf:RDF>
        </annotation>
      </species>
      <species id="mutH" initialAmount="1" name="mutH" metaid="meta_mutH" sboTerm="SBO:0000354" substanceUnits="substance" compartment="default">
<notes><body xmlns="http://www.w3.org/1999/xhtml"><a href="http://www.kegg.jp/dbget-bin/www_bget?K03573">Original Kegg Entry</a><br/>
<p><b>Description for “mutH”:</b> DNA mismatch repair protein MutH</p>
</body></notes>
        <annotation>
          <rdf:RDF xmlns:rdf="http://www.w3.org/1999/02/22-rdf-syntax-ns#" xmlns:bqbiol="http://biomodels.net/biology-qualifiers/">
            <rdf:Description rdf:about="#meta_mutH">
              <bqbiol:is>
                <rdf:Bag>
                  <rdf:li rdf:resource="urn:miriam:kegg.orthology:K03573"/>
                </rdf:Bag>
              </bqbiol:is>
              <bqbiol:unknownQualifier>
                <rdf:Bag>
                  <rdf:li rdf:resource="urn:miriam:obo.eco:ECO%3A0000313"/>
                </rdf:Bag>
              </bqbiol:unknownQualifier>
            </rdf:Description>
          </rdf:RDF>
        </annotation>
      </species>
      <species id="mutL" initialAmount="1" name="mutL" metaid="meta_mutL" sboTerm="SBO:0000354" substanceUnits="substance" compartment="default">
<notes><body xmlns="http://www.w3.org/1999/xhtml"><a href="http://www.kegg.jp/dbget-bin/www_bget?efa:EF3166">Original Kegg Entry</a><br/>
<p><b>Description for “mutL”:</b> DNA mismatch repair protein</p>
</body></notes>
        <annotation>
          <rdf:RDF xmlns:rdf="http://www.w3.org/1999/02/22-rdf-syntax-ns#" xmlns:bqbiol="http://biomodels.net/biology-qualifiers/">
            <rdf:Description rdf:about="#meta_mutL">
              <bqbiol:is>
                <rdf:Bag>
                  <rdf:li rdf:resource="urn:miriam:kegg.genes:efa%3AEF3166"/>
                </rdf:Bag>
              </bqbiol:is>
              <bqbiol:isEncodedBy>
                <rdf:Bag>
                  <rdf:li rdf:resource="urn:miriam:entrez.gene:1202005"/>
                </rdf:Bag>
              </bqbiol:isEncodedBy>
              <bqbiol:is>
                <rdf:Bag>
                  <rdf:li rdf:resource="urn:miriam:uniprot:Q82ZA3"/>
                </rdf:Bag>
              </bqbiol:is>
              <bqbiol:unknownQualifier>
                <rdf:Bag>
                  <rdf:li rdf:resource="urn:miriam:obo.eco:ECO%3A0000313"/>
                </rdf:Bag>
              </bqbiol:unknownQualifier>
            </rdf:Description>
          </rdf:RDF>
        </annotation>
      </species>
      <species id="ligA" initialAmount="1" name="ligA" metaid="meta_ligA" sboTerm="SBO:0000354" substanceUnits="substance" compartment="default">
<notes><body xmlns="http://www.w3.org/1999/xhtml"><a href="http://www.kegg.jp/dbget-bin/www_bget?efa:EF0722">Original Kegg Entry</a><br/>
<p><b>Description for “ligA”:</b> DNA ligase, NAD-dependent</p>
</body></notes>
        <annotation>
          <rdf:RDF xmlns:rdf="http://www.w3.org/1999/02/22-rdf-syntax-ns#" xmlns:bqbiol="http://biomodels.net/biology-qualifiers/">
            <rdf:Description rdf:about="#meta_ligA">
              <bqbiol:is>
                <rdf:Bag>
                  <rdf:li rdf:resource="urn:miriam:kegg.genes:efa%3AEF0722"/>
                </rdf:Bag>
              </bqbiol:is>
              <bqbiol:isEncodedBy>
                <rdf:Bag>
                  <rdf:li rdf:resource="urn:miriam:entrez.gene:1199621"/>
                </rdf:Bag>
              </bqbiol:isEncodedBy>
              <bqbiol:is>
                <rdf:Bag>
                  <rdf:li rdf:resource="urn:miriam:uniprot:Q837V6"/>
                </rdf:Bag>
              </bqbiol:is>
              <bqbiol:hasProperty>
                <rdf:Bag>
                  <rdf:li rdf:resource="urn:miriam:ec-code:6.5.1.2"/>
                </rdf:Bag>
              </bqbiol:hasProperty>
              <bqbiol:unknownQualifier>
                <rdf:Bag>
                  <rdf:li rdf:resource="urn:miriam:obo.eco:ECO%3A0000313"/>
                </rdf:Bag>
              </bqbiol:unknownQualifier>
            </rdf:Description>
          </rdf:RDF>
        </annotation>
      </species>
      <species id="pcrA" initialAmount="1" name="pcrA" metaid="meta_pcrA" sboTerm="SBO:0000354" substanceUnits="substance" compartment="default">
<notes><body xmlns="http://www.w3.org/1999/xhtml"><a href="http://www.kegg.jp/dbget-bin/www_bget?efa:EF0721+efa:EF0933">Original Kegg Entry</a><br/>
<p><b>Description for “pcrA”:</b> ATP-dependent DNA helicase PcrA</p>
</body></notes>
        <annotation>
          <rdf:RDF xmlns:rdf="http://www.w3.org/1999/02/22-rdf-syntax-ns#" xmlns:bqbiol="http://biomodels.net/biology-qualifiers/">
            <rdf:Description rdf:about="#meta_pcrA">
              <bqbiol:hasVersion>
                <rdf:Bag>
                  <rdf:li rdf:resource="urn:miriam:kegg.genes:efa%3AEF0721"/>
                  <rdf:li rdf:resource="urn:miriam:kegg.genes:efa%3AEF0933"/>
                </rdf:Bag>
              </bqbiol:hasVersion>
              <bqbiol:isEncodedBy>
                <rdf:Bag>
                  <rdf:li rdf:resource="urn:miriam:entrez.gene:1199620"/>
                  <rdf:li rdf:resource="urn:miriam:entrez.gene:1199822"/>
                </rdf:Bag>
              </bqbiol:isEncodedBy>
              <bqbiol:hasVersion>
                <rdf:Bag>
                  <rdf:li rdf:resource="urn:miriam:uniprot:Q837V7"/>
                  <rdf:li rdf:resource="urn:miriam:uniprot:Q837B0"/>
                </rdf:Bag>
              </bqbiol:hasVersion>
              <bqbiol:hasProperty>
                <rdf:Bag>
                  <rdf:li rdf:resource="urn:miriam:ec-code:3.6.4.12"/>
                </rdf:Bag>
              </bqbiol:hasProperty>
              <bqbiol:unknownQualifier>
                <rdf:Bag>
                  <rdf:li rdf:resource="urn:miriam:obo.eco:ECO%3A0000313"/>
                </rdf:Bag>
              </bqbiol:unknownQualifier>
            </rdf:Description>
          </rdf:RDF>
        </annotation>
      </species>
      <species id="LIG1" initialAmount="1" name="LIG1" metaid="meta_LIG1" sboTerm="SBO:0000354" substanceUnits="substance" compartment="default">
<notes><body xmlns="http://www.w3.org/1999/xhtml"><a href="http://www.kegg.jp/dbget-bin/www_bget?K10747">Original Kegg Entry</a><br/>
<p><b>Description for “LIG1”:</b> DNA ligase 1 [EC:6.5.1.1]</p>
</body></notes>
        <annotation>
          <rdf:RDF xmlns:rdf="http://www.w3.org/1999/02/22-rdf-syntax-ns#" xmlns:bqbiol="http://biomodels.net/biology-qualifiers/">
            <rdf:Description rdf:about="#meta_LIG1">
              <bqbiol:is>
                <rdf:Bag>
                  <rdf:li rdf:resource="urn:miriam:kegg.orthology:K10747"/>
                </rdf:Bag>
              </bqbiol:is>
              <bqbiol:isEncodedBy>
                <rdf:Bag>
                  <rdf:li rdf:resource="urn:miriam:entrez.gene:3978"/>
                  <rdf:li rdf:resource="urn:miriam:entrez.gene:468936"/>
                  <rdf:li rdf:resource="urn:miriam:entrez.gene:100432978"/>
                  <rdf:li rdf:resource="urn:miriam:entrez.gene:718528"/>
                  <rdf:li rdf:resource="urn:miriam:entrez.gene:16881"/>
                  <rdf:li rdf:resource="urn:miriam:entrez.gene:81513"/>
                  <rdf:li rdf:resource="urn:miriam:entrez.gene:100482586"/>
                  <rdf:li rdf:resource="urn:miriam:entrez.gene:100124507"/>
                  <rdf:li rdf:resource="urn:miriam:entrez.gene:100520434"/>
                  <rdf:li rdf:resource="urn:miriam:entrez.gene:100053186"/>
                  <rdf:li rdf:resource="urn:miriam:entrez.gene:100086878"/>
                  <rdf:li rdf:resource="urn:miriam:entrez.gene:100565521"/>
                  <rdf:li rdf:resource="urn:miriam:entrez.gene:397978"/>
                  <rdf:li rdf:resource="urn:miriam:entrez.gene:100271763"/>
                  <rdf:li rdf:resource="urn:miriam:entrez.gene:556995"/>
                  <rdf:li rdf:resource="urn:miriam:entrez.gene:100181519"/>
                  <rdf:li rdf:resource="urn:miriam:entrez.gene:752989"/>
                  <rdf:li rdf:resource="urn:miriam:entrez.gene:408752"/>
                  <rdf:li rdf:resource="urn:miriam:entrez.gene:100122984"/>
                  <rdf:li rdf:resource="urn:miriam:entrez.gene:658633"/>
                  <rdf:li rdf:resource="urn:miriam:entrez.gene:100167056"/>
                  <rdf:li rdf:resource="urn:miriam:entrez.gene:100206246"/>
                  <rdf:li rdf:resource="urn:miriam:entrez.gene:100256907"/>
                  <rdf:li rdf:resource="urn:miriam:entrez.gene:4348965"/>
                  <rdf:li rdf:resource="urn:miriam:entrez.gene:100383890"/>
                  <rdf:li rdf:resource="urn:miriam:entrez.gene:506835"/>
                </rdf:Bag>
              </bqbiol:isEncodedBy>
              <bqbiol:isDescribedBy>
                <rdf:Bag>
                  <rdf:li rdf:resource="urn:miriam:obo.go:GO:0003910"/>
                </rdf:Bag>
              </bqbiol:isDescribedBy>
              <bqbiol:hasProperty>
                <rdf:Bag>
                  <rdf:li rdf:resource="urn:miriam:ec-code:6.5.1.1"/>
                </rdf:Bag>
              </bqbiol:hasProperty>
              <bqbiol:unknownQualifier>
                <rdf:Bag>
                  <rdf:li rdf:resource="urn:miriam:obo.eco:ECO%3A0000313"/>
                </rdf:Bag>
              </bqbiol:unknownQualifier>
            </rdf:Description>
          </rdf:RDF>
        </annotation>
      </species>
      <species id="PCNA" initialAmount="1" name="PCNA" metaid="meta_PCNA" sboTerm="SBO:0000354" substanceUnits="substance" compartment="default">
<notes><body xmlns="http://www.w3.org/1999/xhtml"><a href="http://www.kegg.jp/dbget-bin/www_bget?K04802">Original Kegg Entry</a><br/>
<p><b>Description for “PCNA”:</b> proliferating cell nuclear antigen</p>
</body></notes>
        <annotation>
          <rdf:RDF xmlns:rdf="http://www.w3.org/1999/02/22-rdf-syntax-ns#" xmlns:bqbiol="http://biomodels.net/biology-qualifiers/">
            <rdf:Description rdf:about="#meta_PCNA">
              <bqbiol:is>
                <rdf:Bag>
                  <rdf:li rdf:resource="urn:miriam:kegg.orthology:K04802"/>
                </rdf:Bag>
              </bqbiol:is>
              <bqbiol:isEncodedBy>
                <rdf:Bag>
                  <rdf:li rdf:resource="urn:miriam:entrez.gene:5111"/>
                  <rdf:li rdf:resource="urn:miriam:entrez.gene:458081"/>
                  <rdf:li rdf:resource="urn:miriam:entrez.gene:100457788"/>
                  <rdf:li rdf:resource="urn:miriam:entrez.gene:718006"/>
                  <rdf:li rdf:resource="urn:miriam:entrez.gene:18538"/>
                  <rdf:li rdf:resource="urn:miriam:entrez.gene:25737"/>
                  <rdf:li rdf:resource="urn:miriam:entrez.gene:477166"/>
                  <rdf:li rdf:resource="urn:miriam:entrez.gene:100474064"/>
                  <rdf:li rdf:resource="urn:miriam:entrez.gene:515499"/>
                  <rdf:li rdf:resource="urn:miriam:entrez.gene:100052065"/>
                  <rdf:li rdf:resource="urn:miriam:entrez.gene:100029293"/>
                  <rdf:li rdf:resource="urn:miriam:entrez.gene:100078174"/>
                  <rdf:li rdf:resource="urn:miriam:entrez.gene:373984"/>
                  <rdf:li rdf:resource="urn:miriam:entrez.gene:100551390"/>
                  <rdf:li rdf:resource="urn:miriam:entrez.gene:100190577"/>
                  <rdf:li rdf:resource="urn:miriam:entrez.gene:100560949"/>
                  <rdf:li rdf:resource="urn:miriam:entrez.gene:394328"/>
                  <rdf:li rdf:resource="urn:miriam:entrez.gene:493302"/>
                  <rdf:li rdf:resource="urn:miriam:entrez.gene:30678"/>
                  <rdf:li rdf:resource="urn:miriam:entrez.gene:100184693"/>
                  <rdf:li rdf:resource="urn:miriam:entrez.gene:581123"/>
                  <rdf:li rdf:resource="urn:miriam:entrez.gene:727275"/>
                  <rdf:li rdf:resource="urn:miriam:entrez.gene:100121590"/>
                  <rdf:li rdf:resource="urn:miriam:entrez.gene:664086"/>
                  <rdf:li rdf:resource="urn:miriam:entrez.gene:100162681"/>
                  <rdf:li rdf:resource="urn:miriam:entrez.gene:100204143"/>
                  <rdf:li rdf:resource="urn:miriam:entrez.gene:100248466"/>
                  <rdf:li rdf:resource="urn:miriam:entrez.gene:4331062"/>
                  <rdf:li rdf:resource="urn:miriam:entrez.gene:542357"/>
                  <rdf:li rdf:resource="urn:miriam:entrez.gene:507913"/>
                </rdf:Bag>
              </bqbiol:isEncodedBy>
              <bqbiol:unknownQualifier>
                <rdf:Bag>
                  <rdf:li rdf:resource="urn:miriam:obo.eco:ECO%3A0000313"/>
                </rdf:Bag>
              </bqbiol:unknownQualifier>
            </rdf:Description>
          </rdf:RDF>
        </annotation>
      </species>
      <species id="dnaN" initialAmount="1" name="dnaN" metaid="meta_dnaN" sboTerm="SBO:0000354" substanceUnits="substance" compartment="default">
<notes><body xmlns="http://www.w3.org/1999/xhtml"><a href="http://www.kegg.jp/dbget-bin/www_bget?efa:EF0002+efa:EF0053+efa:EF1044+efa:EF2378+efa:EF2446+efa:EF2736+efa:EF2762+efa:EF2781">Original Kegg Entry</a><br/>
<p><b>Description for “dnaN”:</b> DNA polymerase III subunit beta</p>
<p><b>Description for “dnaQ”:</b> DNA polymerase III, subunit epsilon</p>
<p><b>Description for “dnaE”:</b> DNA polymerase III subunit alpha</p>
<p><b>Description for “polC”:</b> DNA polymerase III PolC</p>
<p><b>Description for “holA”:</b> DNA polymerase III subunit delta</p>
<p><b>Description for “holB”:</b> DNA polymerase III subunit delta' (EC:2.7.7.7)</p>
<p><b>Description for “dnaX”:</b> DNA polymerase III subunits gamma and tau</p>
</body></notes>
        <annotation>
          <rdf:RDF xmlns:rdf="http://www.w3.org/1999/02/22-rdf-syntax-ns#" xmlns:bqbiol="http://biomodels.net/biology-qualifiers/">
            <rdf:Description rdf:about="#meta_dnaN">
              <bqbiol:hasVersion>
                <rdf:Bag>
                  <rdf:li rdf:resource="urn:miriam:kegg.genes:efa%3AEF0002"/>
                  <rdf:li rdf:resource="urn:miriam:kegg.genes:efa%3AEF0053"/>
                  <rdf:li rdf:resource="urn:miriam:kegg.genes:efa%3AEF1044"/>
                  <rdf:li rdf:resource="urn:miriam:kegg.genes:efa%3AEF2378"/>
                  <rdf:li rdf:resource="urn:miriam:kegg.genes:efa%3AEF2446"/>
                  <rdf:li rdf:resource="urn:miriam:kegg.genes:efa%3AEF2736"/>
                  <rdf:li rdf:resource="urn:miriam:kegg.genes:efa%3AEF2762"/>
                  <rdf:li rdf:resource="urn:miriam:kegg.genes:efa%3AEF2781"/>
                </rdf:Bag>
              </bqbiol:hasVersion>
              <bqbiol:isEncodedBy>
                <rdf:Bag>
                  <rdf:li rdf:resource="urn:miriam:entrez.gene:1198913"/>
                  <rdf:li rdf:resource="urn:miriam:entrez.gene:1198961"/>
                  <rdf:li rdf:resource="urn:miriam:entrez.gene:1199932"/>
                  <rdf:li rdf:resource="urn:miriam:entrez.gene:1201246"/>
                  <rdf:li rdf:resource="urn:miriam:entrez.gene:1201312"/>
                  <rdf:li rdf:resource="urn:miriam:entrez.gene:1201589"/>
                  <rdf:li rdf:resource="urn:miriam:entrez.gene:1201612"/>
                  <rdf:li rdf:resource="urn:miriam:entrez.gene:1201630"/>
                </rdf:Bag>
              </bqbiol:isEncodedBy>
              <bqbiol:hasVersion>
                <rdf:Bag>
                  <rdf:li rdf:resource="urn:miriam:uniprot:Q839Z4"/>
                  <rdf:li rdf:resource="urn:miriam:uniprot:Q839U7"/>
                  <rdf:li rdf:resource="urn:miriam:uniprot:Q836R4"/>
                  <rdf:li rdf:resource="urn:miriam:uniprot:Q831W8"/>
                  <rdf:li rdf:resource="urn:miriam:uniprot:Q831Q4"/>
                  <rdf:li rdf:resource="urn:miriam:uniprot:Q830P0"/>
                  <rdf:li rdf:resource="urn:miriam:uniprot:Q830L8"/>
                  <rdf:li rdf:resource="urn:miriam:uniprot:Q830K1"/>
                </rdf:Bag>
              </bqbiol:hasVersion>
              <bqbiol:hasProperty>
                <rdf:Bag>
                  <rdf:li rdf:resource="urn:miriam:ec-code:2.7.7.7"/>
                </rdf:Bag>
              </bqbiol:hasProperty>
              <bqbiol:unknownQualifier>
                <rdf:Bag>
                  <rdf:li rdf:resource="urn:miriam:obo.eco:ECO%3A0000313"/>
                </rdf:Bag>
              </bqbiol:unknownQualifier>
            </rdf:Description>
          </rdf:RDF>
        </annotation>
      </species>
      <species id="E31111" initialAmount="1" name="E3.1.11.1" metaid="meta_E31111" sboTerm="SBO:0000354" substanceUnits="substance" compartment="default">
<notes><body xmlns="http://www.w3.org/1999/xhtml"><a href="http://www.kegg.jp/dbget-bin/www_bget?K01141">Original Kegg Entry</a><br/>
<p><b>Description for “E3.1.11.1, sbcB”:</b> exodeoxyribonuclease I [EC:3.1.11.1]</p>
</body></notes>
        <annotation>
          <rdf:RDF xmlns:rdf="http://www.w3.org/1999/02/22-rdf-syntax-ns#" xmlns:bqbiol="http://biomodels.net/biology-qualifiers/">
            <rdf:Description rdf:about="#meta_E31111">
              <bqbiol:is>
                <rdf:Bag>
                  <rdf:li rdf:resource="urn:miriam:kegg.orthology:K01141"/>
                </rdf:Bag>
              </bqbiol:is>
              <bqbiol:isDescribedBy>
                <rdf:Bag>
                  <rdf:li rdf:resource="urn:miriam:obo.go:GO:0008852"/>
                </rdf:Bag>
              </bqbiol:isDescribedBy>
              <bqbiol:hasProperty>
                <rdf:Bag>
                  <rdf:li rdf:resource="urn:miriam:ec-code:3.1.11.1"/>
                </rdf:Bag>
              </bqbiol:hasProperty>
              <bqbiol:unknownQualifier>
                <rdf:Bag>
                  <rdf:li rdf:resource="urn:miriam:obo.eco:ECO%3A0000313"/>
                </rdf:Bag>
              </bqbiol:unknownQualifier>
            </rdf:Description>
          </rdf:RDF>
        </annotation>
      </species>
      <species id="POLD" initialAmount="1" name="POLD" metaid="meta_POLD" sboTerm="SBO:0000354" substanceUnits="substance" compartment="default">
<notes><body xmlns="http://www.w3.org/1999/xhtml"><a href="http://www.kegg.jp/dbget-bin/www_bget?K02327+K02328+K03504+K03505">Original Kegg Entry</a><br/>
<p><b>Description for “POLD1”:</b> DNA polymerase delta subunit 1 [EC:2.7.7.7]</p>
<p><b>Description for “POLD2”:</b> DNA polymerase delta subunit 2</p>
<p><b>Description for “POLD3”:</b> DNA polymerase delta subunit 3</p>
<p><b>Description for “POLD4”:</b> DNA polymerase delta subunit 4</p>
</body></notes>
        <annotation>
          <rdf:RDF xmlns:rdf="http://www.w3.org/1999/02/22-rdf-syntax-ns#" xmlns:bqbiol="http://biomodels.net/biology-qualifiers/">
            <rdf:Description rdf:about="#meta_POLD">
              <bqbiol:hasVersion>
                <rdf:Bag>
                  <rdf:li rdf:resource="urn:miriam:kegg.orthology:K02327"/>
                  <rdf:li rdf:resource="urn:miriam:kegg.orthology:K02328"/>
                  <rdf:li rdf:resource="urn:miriam:kegg.orthology:K03504"/>
                  <rdf:li rdf:resource="urn:miriam:kegg.orthology:K03505"/>
                </rdf:Bag>
              </bqbiol:hasVersion>
              <bqbiol:isEncodedBy>
                <rdf:Bag>
                  <rdf:li rdf:resource="urn:miriam:entrez.gene:5424"/>
                  <rdf:li rdf:resource="urn:miriam:entrez.gene:100456571"/>
                  <rdf:li rdf:resource="urn:miriam:entrez.gene:719262"/>
                  <rdf:li rdf:resource="urn:miriam:entrez.gene:18971"/>
                  <rdf:li rdf:resource="urn:miriam:entrez.gene:59294"/>
                  <rdf:li rdf:resource="urn:miriam:entrez.gene:610047"/>
                  <rdf:li rdf:resource="urn:miriam:entrez.gene:100467480"/>
                  <rdf:li rdf:resource="urn:miriam:entrez.gene:281990"/>
                  <rdf:li rdf:resource="urn:miriam:entrez.gene:100525752"/>
                  <rdf:li rdf:resource="urn:miriam:entrez.gene:100052455"/>
                  <rdf:li rdf:resource="urn:miriam:entrez.gene:100092575"/>
                  <rdf:li rdf:resource="urn:miriam:entrez.gene:100564729"/>
                  <rdf:li rdf:resource="urn:miriam:entrez.gene:447518"/>
                  <rdf:li rdf:resource="urn:miriam:entrez.gene:734063"/>
                  <rdf:li rdf:resource="urn:miriam:entrez.gene:556456"/>
                  <rdf:li rdf:resource="urn:miriam:entrez.gene:100178968"/>
                  <rdf:li rdf:resource="urn:miriam:entrez.gene:575728"/>
                  <rdf:li rdf:resource="urn:miriam:entrez.gene:551398"/>
                  <rdf:li rdf:resource="urn:miriam:entrez.gene:100118792"/>
                  <rdf:li rdf:resource="urn:miriam:entrez.gene:655638"/>
                  <rdf:li rdf:resource="urn:miriam:entrez.gene:100159771"/>
                  <rdf:li rdf:resource="urn:miriam:entrez.gene:100199891"/>
                  <rdf:li rdf:resource="urn:miriam:entrez.gene:100246530"/>
                  <rdf:li rdf:resource="urn:miriam:entrez.gene:4349968"/>
                  <rdf:li rdf:resource="urn:miriam:entrez.gene:507265"/>
                  <rdf:li rdf:resource="urn:miriam:entrez.gene:5425"/>
                  <rdf:li rdf:resource="urn:miriam:entrez.gene:472654"/>
                  <rdf:li rdf:resource="urn:miriam:entrez.gene:100460756"/>
                  <rdf:li rdf:resource="urn:miriam:entrez.gene:700100"/>
                  <rdf:li rdf:resource="urn:miriam:entrez.gene:18972"/>
                  <rdf:li rdf:resource="urn:miriam:entrez.gene:289758"/>
                  <rdf:li rdf:resource="urn:miriam:entrez.gene:482686"/>
                  <rdf:li rdf:resource="urn:miriam:entrez.gene:100475245"/>
                  <rdf:li rdf:resource="urn:miriam:entrez.gene:281991"/>
                  <rdf:li rdf:resource="urn:miriam:entrez.gene:100514809"/>
                  <rdf:li rdf:resource="urn:miriam:entrez.gene:100147367"/>
                  <rdf:li rdf:resource="urn:miriam:entrez.gene:100030097"/>
                  <rdf:li rdf:resource="urn:miriam:entrez.gene:100091173"/>
                  <rdf:li rdf:resource="urn:miriam:entrez.gene:100221195"/>
                  <rdf:li rdf:resource="urn:miriam:entrez.gene:100553924"/>
                  <rdf:li rdf:resource="urn:miriam:entrez.gene:379793"/>
                  <rdf:li rdf:resource="urn:miriam:entrez.gene:448271"/>
                  <rdf:li rdf:resource="urn:miriam:entrez.gene:796456"/>
                  <rdf:li rdf:resource="urn:miriam:entrez.gene:100180983"/>
                  <rdf:li rdf:resource="urn:miriam:entrez.gene:577017"/>
                  <rdf:li rdf:resource="urn:miriam:entrez.gene:727251"/>
                  <rdf:li rdf:resource="urn:miriam:entrez.gene:100121407"/>
                  <rdf:li rdf:resource="urn:miriam:entrez.gene:100164832"/>
                  <rdf:li rdf:resource="urn:miriam:entrez.gene:100214471"/>
                  <rdf:li rdf:resource="urn:miriam:entrez.gene:100241865"/>
                  <rdf:li rdf:resource="urn:miriam:entrez.gene:4331489"/>
                  <rdf:li rdf:resource="urn:miriam:entrez.gene:100382167"/>
                  <rdf:li rdf:resource="urn:miriam:entrez.gene:503879"/>
                  <rdf:li rdf:resource="urn:miriam:entrez.gene:10714"/>
                  <rdf:li rdf:resource="urn:miriam:entrez.gene:451422"/>
                  <rdf:li rdf:resource="urn:miriam:entrez.gene:100435558"/>
                  <rdf:li rdf:resource="urn:miriam:entrez.gene:693601"/>
                  <rdf:li rdf:resource="urn:miriam:entrez.gene:67967"/>
                  <rdf:li rdf:resource="urn:miriam:entrez.gene:293144"/>
                  <rdf:li rdf:resource="urn:miriam:entrez.gene:476806"/>
                  <rdf:li rdf:resource="urn:miriam:entrez.gene:100471417"/>
                  <rdf:li rdf:resource="urn:miriam:entrez.gene:537616"/>
                  <rdf:li rdf:resource="urn:miriam:entrez.gene:100515619"/>
                  <rdf:li rdf:resource="urn:miriam:entrez.gene:100051966"/>
                  <rdf:li rdf:resource="urn:miriam:entrez.gene:419053"/>
                  <rdf:li rdf:resource="urn:miriam:entrez.gene:100221313"/>
                  <rdf:li rdf:resource="urn:miriam:entrez.gene:398707"/>
                  <rdf:li rdf:resource="urn:miriam:entrez.gene:549310"/>
                  <rdf:li rdf:resource="urn:miriam:entrez.gene:692256"/>
                  <rdf:li rdf:resource="urn:miriam:entrez.gene:100175682"/>
                  <rdf:li rdf:resource="urn:miriam:entrez.gene:586784"/>
                  <rdf:li rdf:resource="urn:miriam:entrez.gene:100578479"/>
                  <rdf:li rdf:resource="urn:miriam:entrez.gene:100114535"/>
                  <rdf:li rdf:resource="urn:miriam:entrez.gene:656813"/>
                  <rdf:li rdf:resource="urn:miriam:entrez.gene:100169640"/>
                  <rdf:li rdf:resource="urn:miriam:entrez.gene:100250468"/>
                  <rdf:li rdf:resource="urn:miriam:entrez.gene:4327080"/>
                  <rdf:li rdf:resource="urn:miriam:entrez.gene:100194011"/>
                  <rdf:li rdf:resource="urn:miriam:entrez.gene:57804"/>
                  <rdf:li rdf:resource="urn:miriam:entrez.gene:451366"/>
                  <rdf:li rdf:resource="urn:miriam:entrez.gene:100460912"/>
                  <rdf:li rdf:resource="urn:miriam:entrez.gene:712632"/>
                  <rdf:li rdf:resource="urn:miriam:entrez.gene:69745"/>
                  <rdf:li rdf:resource="urn:miriam:entrez.gene:361698"/>
                  <rdf:li rdf:resource="urn:miriam:entrez.gene:611847"/>
                  <rdf:li rdf:resource="urn:miriam:entrez.gene:100463994"/>
                  <rdf:li rdf:resource="urn:miriam:entrez.gene:617899"/>
                  <rdf:li rdf:resource="urn:miriam:entrez.gene:100059111"/>
                  <rdf:li rdf:resource="urn:miriam:entrez.gene:100014853"/>
                  <rdf:li rdf:resource="urn:miriam:entrez.gene:100558195"/>
                  <rdf:li rdf:resource="urn:miriam:entrez.gene:571834"/>
                  <rdf:li rdf:resource="urn:miriam:entrez.gene:100180075"/>
                  <rdf:li rdf:resource="urn:miriam:entrez.gene:100263057"/>
                  <rdf:li rdf:resource="urn:miriam:entrez.gene:4344737"/>
                  <rdf:li rdf:resource="urn:miriam:entrez.gene:100216808"/>
                </rdf:Bag>
              </bqbiol:isEncodedBy>
              <bqbiol:isDescribedBy>
                <rdf:Bag>
                  <rdf:li rdf:resource="urn:miriam:obo.go:GO:0003891"/>
                </rdf:Bag>
              </bqbiol:isDescribedBy>
              <bqbiol:hasProperty>
                <rdf:Bag>
                  <rdf:li rdf:resource="urn:miriam:ec-code:2.7.7.7"/>
                </rdf:Bag>
              </bqbiol:hasProperty>
              <bqbiol:unknownQualifier>
                <rdf:Bag>
                  <rdf:li rdf:resource="urn:miriam:obo.eco:ECO%3A0000313"/>
                </rdf:Bag>
              </bqbiol:unknownQualifier>
            </rdf:Description>
          </rdf:RDF>
        </annotation>
      </species>
      <species id="RPA4" initialAmount="1" name="RPA4" metaid="meta_RPA4" sboTerm="SBO:0000354" substanceUnits="substance" compartment="default">
<notes><body xmlns="http://www.w3.org/1999/xhtml"><a href="http://www.kegg.jp/dbget-bin/www_bget?K07466+K10739+K10740+K10741">Original Kegg Entry</a><br/>
<p><b>Description for “RFA1, RPA1, rpa”:</b> replication factor A1</p>
<p><b>Description for “RFA2, RPA2”:</b> replication factor A2</p>
<p><b>Description for “RPA3”:</b> replication factor A3</p>
<p><b>Description for “RPA4”:</b> replication factor A4</p>
</body></notes>
        <annotation>
          <rdf:RDF xmlns:rdf="http://www.w3.org/1999/02/22-rdf-syntax-ns#" xmlns:bqbiol="http://biomodels.net/biology-qualifiers/">
            <rdf:Description rdf:about="#meta_RPA4">
              <bqbiol:hasVersion>
                <rdf:Bag>
                  <rdf:li rdf:resource="urn:miriam:kegg.orthology:K07466"/>
                  <rdf:li rdf:resource="urn:miriam:kegg.orthology:K10739"/>
                  <rdf:li rdf:resource="urn:miriam:kegg.orthology:K10740"/>
                  <rdf:li rdf:resource="urn:miriam:kegg.orthology:K10741"/>
                </rdf:Bag>
              </bqbiol:hasVersion>
              <bqbiol:isEncodedBy>
                <rdf:Bag>
                  <rdf:li rdf:resource="urn:miriam:entrez.gene:6117"/>
                  <rdf:li rdf:resource="urn:miriam:entrez.gene:454414"/>
                  <rdf:li rdf:resource="urn:miriam:entrez.gene:100173266"/>
                  <rdf:li rdf:resource="urn:miriam:entrez.gene:721272"/>
                  <rdf:li rdf:resource="urn:miriam:entrez.gene:68275"/>
                  <rdf:li rdf:resource="urn:miriam:entrez.gene:287524"/>
                  <rdf:li rdf:resource="urn:miriam:entrez.gene:491196"/>
                  <rdf:li rdf:resource="urn:miriam:entrez.gene:100481495"/>
                  <rdf:li rdf:resource="urn:miriam:entrez.gene:504844"/>
                  <rdf:li rdf:resource="urn:miriam:entrez.gene:100525428"/>
                  <rdf:li rdf:resource="urn:miriam:entrez.gene:100072427"/>
                  <rdf:li rdf:resource="urn:miriam:entrez.gene:100018386"/>
                  <rdf:li rdf:resource="urn:miriam:entrez.gene:100075619"/>
                  <rdf:li rdf:resource="urn:miriam:entrez.gene:417563"/>
                  <rdf:li rdf:resource="urn:miriam:entrez.gene:100538396"/>
                  <rdf:li rdf:resource="urn:miriam:entrez.gene:100230990"/>
                  <rdf:li rdf:resource="urn:miriam:entrez.gene:100556142"/>
                  <rdf:li rdf:resource="urn:miriam:entrez.gene:397937"/>
                  <rdf:li rdf:resource="urn:miriam:entrez.gene:548449"/>
                  <rdf:li rdf:resource="urn:miriam:entrez.gene:327491"/>
                  <rdf:li rdf:resource="urn:miriam:entrez.gene:100182514"/>
                  <rdf:li rdf:resource="urn:miriam:entrez.gene:581642"/>
                  <rdf:li rdf:resource="urn:miriam:entrez.gene:725934"/>
                  <rdf:li rdf:resource="urn:miriam:entrez.gene:100120937"/>
                  <rdf:li rdf:resource="urn:miriam:entrez.gene:658608"/>
                  <rdf:li rdf:resource="urn:miriam:entrez.gene:100165189"/>
                  <rdf:li rdf:resource="urn:miriam:entrez.gene:100206676"/>
                  <rdf:li rdf:resource="urn:miriam:entrez.gene:100248803"/>
                  <rdf:li rdf:resource="urn:miriam:entrez.gene:4325130"/>
                  <rdf:li rdf:resource="urn:miriam:entrez.gene:100272828"/>
                  <rdf:li rdf:resource="urn:miriam:entrez.gene:510901"/>
                  <rdf:li rdf:resource="urn:miriam:entrez.gene:6118"/>
                  <rdf:li rdf:resource="urn:miriam:entrez.gene:456680"/>
                  <rdf:li rdf:resource="urn:miriam:entrez.gene:100172265"/>
                  <rdf:li rdf:resource="urn:miriam:entrez.gene:716612"/>
                  <rdf:li rdf:resource="urn:miriam:entrez.gene:19891"/>
                  <rdf:li rdf:resource="urn:miriam:entrez.gene:59102"/>
                  <rdf:li rdf:resource="urn:miriam:entrez.gene:487339"/>
                  <rdf:li rdf:resource="urn:miriam:entrez.gene:100468802"/>
                  <rdf:li rdf:resource="urn:miriam:entrez.gene:100297777"/>
                  <rdf:li rdf:resource="urn:miriam:entrez.gene:100514295"/>
                  <rdf:li rdf:resource="urn:miriam:entrez.gene:100070826"/>
                  <rdf:li rdf:resource="urn:miriam:entrez.gene:100014496"/>
                  <rdf:li rdf:resource="urn:miriam:entrez.gene:100088856"/>
                  <rdf:li rdf:resource="urn:miriam:entrez.gene:419566"/>
                  <rdf:li rdf:resource="urn:miriam:entrez.gene:100542097"/>
                  <rdf:li rdf:resource="urn:miriam:entrez.gene:100230445"/>
                  <rdf:li rdf:resource="urn:miriam:entrez.gene:100554910"/>
                  <rdf:li rdf:resource="urn:miriam:entrez.gene:100036853"/>
                  <rdf:li rdf:resource="urn:miriam:entrez.gene:448500"/>
                  <rdf:li rdf:resource="urn:miriam:entrez.gene:65226"/>
                  <rdf:li rdf:resource="urn:miriam:entrez.gene:100184994"/>
                  <rdf:li rdf:resource="urn:miriam:entrez.gene:752535"/>
                  <rdf:li rdf:resource="urn:miriam:entrez.gene:725418"/>
                  <rdf:li rdf:resource="urn:miriam:entrez.gene:100119335"/>
                  <rdf:li rdf:resource="urn:miriam:entrez.gene:657575"/>
                  <rdf:li rdf:resource="urn:miriam:entrez.gene:100162673"/>
                  <rdf:li rdf:resource="urn:miriam:entrez.gene:100199686"/>
                  <rdf:li rdf:resource="urn:miriam:entrez.gene:100245725"/>
                  <rdf:li rdf:resource="urn:miriam:entrez.gene:4330068"/>
                  <rdf:li rdf:resource="urn:miriam:entrez.gene:100272286"/>
                  <rdf:li rdf:resource="urn:miriam:entrez.gene:510821"/>
                  <rdf:li rdf:resource="urn:miriam:entrez.gene:6119"/>
                  <rdf:li rdf:resource="urn:miriam:entrez.gene:472290"/>
                  <rdf:li rdf:resource="urn:miriam:entrez.gene:100449283"/>
                  <rdf:li rdf:resource="urn:miriam:entrez.gene:696248"/>
                  <rdf:li rdf:resource="urn:miriam:entrez.gene:620986"/>
                  <rdf:li rdf:resource="urn:miriam:entrez.gene:100362927"/>
                  <rdf:li rdf:resource="urn:miriam:entrez.gene:481449"/>
                  <rdf:li rdf:resource="urn:miriam:entrez.gene:100484861"/>
                  <rdf:li rdf:resource="urn:miriam:entrez.gene:100335198"/>
                  <rdf:li rdf:resource="urn:miriam:entrez.gene:100526181"/>
                  <rdf:li rdf:resource="urn:miriam:entrez.gene:100063929"/>
                  <rdf:li rdf:resource="urn:miriam:entrez.gene:100028831"/>
                  <rdf:li rdf:resource="urn:miriam:entrez.gene:420578"/>
                  <rdf:li rdf:resource="urn:miriam:entrez.gene:100553184"/>
                  <rdf:li rdf:resource="urn:miriam:entrez.gene:446650"/>
                  <rdf:li rdf:resource="urn:miriam:entrez.gene:549380"/>
                  <rdf:li rdf:resource="urn:miriam:entrez.gene:393196"/>
                  <rdf:li rdf:resource="urn:miriam:entrez.gene:100187131"/>
                  <rdf:li rdf:resource="urn:miriam:entrez.gene:576263"/>
                  <rdf:li rdf:resource="urn:miriam:entrez.gene:726757"/>
                  <rdf:li rdf:resource="urn:miriam:entrez.gene:100113974"/>
                  <rdf:li rdf:resource="urn:miriam:entrez.gene:656876"/>
                  <rdf:li rdf:resource="urn:miriam:entrez.gene:100158819"/>
                  <rdf:li rdf:resource="urn:miriam:entrez.gene:100200592"/>
                  <rdf:li rdf:resource="urn:miriam:entrez.gene:100244193"/>
                  <rdf:li rdf:resource="urn:miriam:entrez.gene:4327706"/>
                  <rdf:li rdf:resource="urn:miriam:entrez.gene:100283481"/>
                  <rdf:li rdf:resource="urn:miriam:entrez.gene:29935"/>
                  <rdf:li rdf:resource="urn:miriam:entrez.gene:736976"/>
                  <rdf:li rdf:resource="urn:miriam:entrez.gene:100459880"/>
                  <rdf:li rdf:resource="urn:miriam:entrez.gene:699274"/>
                  <rdf:li rdf:resource="urn:miriam:entrez.gene:100483284"/>
                  <rdf:li rdf:resource="urn:miriam:entrez.gene:100057104"/>
                </rdf:Bag>
              </bqbiol:isEncodedBy>
              <bqbiol:unknownQualifier>
                <rdf:Bag>
                  <rdf:li rdf:resource="urn:miriam:obo.eco:ECO%3A0000313"/>
                </rdf:Bag>
              </bqbiol:unknownQualifier>
            </rdf:Description>
          </rdf:RDF>
        </annotation>
      </species>
      <species id="exoX" initialAmount="1" name="exoX" metaid="meta_exoX" sboTerm="SBO:0000354" substanceUnits="substance" compartment="default">
<notes><body xmlns="http://www.w3.org/1999/xhtml"><a href="http://www.kegg.jp/dbget-bin/www_bget?K10857">Original Kegg Entry</a><br/>
<p><b>Description for “exoX”:</b> exodeoxyribonuclease X [EC:3.1.11.-]</p>
</body></notes>
        <annotation>
          <rdf:RDF xmlns:rdf="http://www.w3.org/1999/02/22-rdf-syntax-ns#" xmlns:bqbiol="http://biomodels.net/biology-qualifiers/">
            <rdf:Description rdf:about="#meta_exoX">
              <bqbiol:is>
                <rdf:Bag>
                  <rdf:li rdf:resource="urn:miriam:kegg.orthology:K10857"/>
                </rdf:Bag>
              </bqbiol:is>
              <bqbiol:hasProperty>
                <rdf:Bag>
                  <rdf:li rdf:resource="urn:miriam:ec-code:3.1.11.-"/>
                </rdf:Bag>
              </bqbiol:hasProperty>
              <bqbiol:unknownQualifier>
                <rdf:Bag>
                  <rdf:li rdf:resource="urn:miriam:obo.eco:ECO%3A0000313"/>
                </rdf:Bag>
              </bqbiol:unknownQualifier>
            </rdf:Description>
          </rdf:RDF>
        </annotation>
      </species>
      <species id="recJ" initialAmount="1" name="recJ" metaid="meta_recJ" sboTerm="SBO:0000354" substanceUnits="substance" compartment="default">
<notes><body xmlns="http://www.w3.org/1999/xhtml"><a href="http://www.kegg.jp/dbget-bin/www_bget?efa:EF1688">Original Kegg Entry</a><br/>
<p><b>Description for “recJ”:</b> single-stranded-DNA-specific exonuclease RecJ</p>
</body></notes>
        <annotation>
          <rdf:RDF xmlns:rdf="http://www.w3.org/1999/02/22-rdf-syntax-ns#" xmlns:bqbiol="http://biomodels.net/biology-qualifiers/">
            <rdf:Description rdf:about="#meta_recJ">
              <bqbiol:is>
                <rdf:Bag>
                  <rdf:li rdf:resource="urn:miriam:kegg.genes:efa%3AEF1688"/>
                </rdf:Bag>
              </bqbiol:is>
              <bqbiol:isEncodedBy>
                <rdf:Bag>
                  <rdf:li rdf:resource="urn:miriam:entrez.gene:1200582"/>
                </rdf:Bag>
              </bqbiol:isEncodedBy>
              <bqbiol:is>
                <rdf:Bag>
                  <rdf:li rdf:resource="urn:miriam:uniprot:Q834G5"/>
                </rdf:Bag>
              </bqbiol:is>
              <bqbiol:hasProperty>
                <rdf:Bag>
                  <rdf:li rdf:resource="urn:miriam:ec-code:3.1.-.-"/>
                </rdf:Bag>
              </bqbiol:hasProperty>
              <bqbiol:unknownQualifier>
                <rdf:Bag>
                  <rdf:li rdf:resource="urn:miriam:obo.eco:ECO%3A0000313"/>
                </rdf:Bag>
              </bqbiol:unknownQualifier>
            </rdf:Description>
          </rdf:RDF>
        </annotation>
      </species>
      <species id="MSH6" initialAmount="1" name="MSH6" metaid="meta_MSH6" sboTerm="SBO:0000354" substanceUnits="substance" compartment="default">
<notes><body xmlns="http://www.w3.org/1999/xhtml"><a href="http://www.kegg.jp/dbget-bin/www_bget?K08737">Original Kegg Entry</a><br/>
<p><b>Description for “MSH6”:</b> DNA mismatch repair protein MSH6</p>
</body></notes>
        <annotation>
          <rdf:RDF xmlns:rdf="http://www.w3.org/1999/02/22-rdf-syntax-ns#" xmlns:bqbiol="http://biomodels.net/biology-qualifiers/">
            <rdf:Description rdf:about="#meta_MSH6">
              <bqbiol:is>
                <rdf:Bag>
                  <rdf:li rdf:resource="urn:miriam:kegg.orthology:K08737"/>
                </rdf:Bag>
              </bqbiol:is>
              <bqbiol:isEncodedBy>
                <rdf:Bag>
                  <rdf:li rdf:resource="urn:miriam:entrez.gene:2956"/>
                  <rdf:li rdf:resource="urn:miriam:entrez.gene:100458732"/>
                  <rdf:li rdf:resource="urn:miriam:entrez.gene:715701"/>
                  <rdf:li rdf:resource="urn:miriam:entrez.gene:17688"/>
                  <rdf:li rdf:resource="urn:miriam:entrez.gene:100360342"/>
                  <rdf:li rdf:resource="urn:miriam:entrez.gene:474585"/>
                  <rdf:li rdf:resource="urn:miriam:entrez.gene:100471984"/>
                  <rdf:li rdf:resource="urn:miriam:entrez.gene:540526"/>
                  <rdf:li rdf:resource="urn:miriam:entrez.gene:100068065"/>
                  <rdf:li rdf:resource="urn:miriam:entrez.gene:100033356"/>
                  <rdf:li rdf:resource="urn:miriam:entrez.gene:421291"/>
                  <rdf:li rdf:resource="urn:miriam:entrez.gene:100541959"/>
                  <rdf:li rdf:resource="urn:miriam:entrez.gene:100227810"/>
                  <rdf:li rdf:resource="urn:miriam:entrez.gene:100562407"/>
                  <rdf:li rdf:resource="urn:miriam:entrez.gene:734294"/>
                  <rdf:li rdf:resource="urn:miriam:entrez.gene:100145639"/>
                  <rdf:li rdf:resource="urn:miriam:entrez.gene:260437"/>
                  <rdf:li rdf:resource="urn:miriam:entrez.gene:100185806"/>
                  <rdf:li rdf:resource="urn:miriam:entrez.gene:593059"/>
                  <rdf:li rdf:resource="urn:miriam:entrez.gene:408815"/>
                  <rdf:li rdf:resource="urn:miriam:entrez.gene:100115613"/>
                  <rdf:li rdf:resource="urn:miriam:entrez.gene:660174"/>
                  <rdf:li rdf:resource="urn:miriam:entrez.gene:100166946"/>
                  <rdf:li rdf:resource="urn:miriam:entrez.gene:100214629"/>
                  <rdf:li rdf:resource="urn:miriam:entrez.gene:100255608"/>
                  <rdf:li rdf:resource="urn:miriam:entrez.gene:4347016"/>
                </rdf:Bag>
              </bqbiol:isEncodedBy>
              <bqbiol:unknownQualifier>
                <rdf:Bag>
                  <rdf:li rdf:resource="urn:miriam:obo.eco:ECO%3A0000313"/>
                </rdf:Bag>
              </bqbiol:unknownQualifier>
            </rdf:Description>
          </rdf:RDF>
        </annotation>
      </species>
      <species id="EXO1" initialAmount="1" name="EXO1" metaid="meta_EXO1" sboTerm="SBO:0000354" substanceUnits="substance" compartment="default">
<notes><body xmlns="http://www.w3.org/1999/xhtml"><a href="http://www.kegg.jp/dbget-bin/www_bget?K10746">Original Kegg Entry</a><br/>
<p><b>Description for “EXO1”:</b> exonuclease 1 [EC:3.1.-.-]</p>
</body></notes>
        <annotation>
          <rdf:RDF xmlns:rdf="http://www.w3.org/1999/02/22-rdf-syntax-ns#" xmlns:bqbiol="http://biomodels.net/biology-qualifiers/">
            <rdf:Description rdf:about="#meta_EXO1">
              <bqbiol:is>
                <rdf:Bag>
                  <rdf:li rdf:resource="urn:miriam:kegg.orthology:K10746"/>
                </rdf:Bag>
              </bqbiol:is>
              <bqbiol:isEncodedBy>
                <rdf:Bag>
                  <rdf:li rdf:resource="urn:miriam:entrez.gene:9156"/>
                  <rdf:li rdf:resource="urn:miriam:entrez.gene:457856"/>
                  <rdf:li rdf:resource="urn:miriam:entrez.gene:100453255"/>
                  <rdf:li rdf:resource="urn:miriam:entrez.gene:706902"/>
                  <rdf:li rdf:resource="urn:miriam:entrez.gene:26909"/>
                  <rdf:li rdf:resource="urn:miriam:entrez.gene:305000"/>
                  <rdf:li rdf:resource="urn:miriam:entrez.gene:490370"/>
                  <rdf:li rdf:resource="urn:miriam:entrez.gene:100475636"/>
                  <rdf:li rdf:resource="urn:miriam:entrez.gene:506390"/>
                  <rdf:li rdf:resource="urn:miriam:entrez.gene:100512301"/>
                  <rdf:li rdf:resource="urn:miriam:entrez.gene:100054824"/>
                  <rdf:li rdf:resource="urn:miriam:entrez.gene:100020408"/>
                  <rdf:li rdf:resource="urn:miriam:entrez.gene:100083557"/>
                  <rdf:li rdf:resource="urn:miriam:entrez.gene:421505"/>
                  <rdf:li rdf:resource="urn:miriam:entrez.gene:100548277"/>
                  <rdf:li rdf:resource="urn:miriam:entrez.gene:100231784"/>
                  <rdf:li rdf:resource="urn:miriam:entrez.gene:100564366"/>
                  <rdf:li rdf:resource="urn:miriam:entrez.gene:399140"/>
                  <rdf:li rdf:resource="urn:miriam:entrez.gene:100487930"/>
                  <rdf:li rdf:resource="urn:miriam:entrez.gene:406778"/>
                  <rdf:li rdf:resource="urn:miriam:entrez.gene:100183542"/>
                  <rdf:li rdf:resource="urn:miriam:entrez.gene:580793"/>
                  <rdf:li rdf:resource="urn:miriam:entrez.gene:550962"/>
                  <rdf:li rdf:resource="urn:miriam:entrez.gene:100119370"/>
                  <rdf:li rdf:resource="urn:miriam:entrez.gene:655818"/>
                  <rdf:li rdf:resource="urn:miriam:entrez.gene:100159481"/>
                  <rdf:li rdf:resource="urn:miriam:entrez.gene:100203733"/>
                  <rdf:li rdf:resource="urn:miriam:entrez.gene:100245156"/>
                  <rdf:li rdf:resource="urn:miriam:entrez.gene:4327899"/>
                  <rdf:li rdf:resource="urn:miriam:entrez.gene:100381439"/>
                  <rdf:li rdf:resource="urn:miriam:entrez.gene:507851"/>
                </rdf:Bag>
              </bqbiol:isEncodedBy>
              <bqbiol:hasProperty>
                <rdf:Bag>
                  <rdf:li rdf:resource="urn:miriam:ec-code:3.1.-.-"/>
                </rdf:Bag>
              </bqbiol:hasProperty>
              <bqbiol:unknownQualifier>
                <rdf:Bag>
                  <rdf:li rdf:resource="urn:miriam:obo.eco:ECO%3A0000313"/>
                </rdf:Bag>
              </bqbiol:unknownQualifier>
            </rdf:Description>
          </rdf:RDF>
        </annotation>
      </species>
      <species id="MSH3" initialAmount="1" name="MSH3" metaid="meta_MSH3" sboTerm="SBO:0000354" substanceUnits="substance" compartment="default">
<notes><body xmlns="http://www.w3.org/1999/xhtml"><a href="http://www.kegg.jp/dbget-bin/www_bget?K08736">Original Kegg Entry</a><br/>
<p><b>Description for “MSH3”:</b> DNA mismatch repair protein MSH3</p>
</body></notes>
        <annotation>
          <rdf:RDF xmlns:rdf="http://www.w3.org/1999/02/22-rdf-syntax-ns#" xmlns:bqbiol="http://biomodels.net/biology-qualifiers/">
            <rdf:Description rdf:about="#meta_MSH3">
              <bqbiol:is>
                <rdf:Bag>
                  <rdf:li rdf:resource="urn:miriam:kegg.orthology:K08736"/>
                </rdf:Bag>
              </bqbiol:is>
              <bqbiol:isEncodedBy>
                <rdf:Bag>
                  <rdf:li rdf:resource="urn:miriam:entrez.gene:4437"/>
                  <rdf:li rdf:resource="urn:miriam:entrez.gene:471494"/>
                  <rdf:li rdf:resource="urn:miriam:entrez.gene:100171924"/>
                  <rdf:li rdf:resource="urn:miriam:entrez.gene:711187"/>
                  <rdf:li rdf:resource="urn:miriam:entrez.gene:17686"/>
                  <rdf:li rdf:resource="urn:miriam:entrez.gene:499505"/>
                  <rdf:li rdf:resource="urn:miriam:entrez.gene:479164"/>
                  <rdf:li rdf:resource="urn:miriam:entrez.gene:100475866"/>
                  <rdf:li rdf:resource="urn:miriam:entrez.gene:616744"/>
                  <rdf:li rdf:resource="urn:miriam:entrez.gene:100512158"/>
                  <rdf:li rdf:resource="urn:miriam:entrez.gene:100073255"/>
                  <rdf:li rdf:resource="urn:miriam:entrez.gene:100015958"/>
                  <rdf:li rdf:resource="urn:miriam:entrez.gene:100081413"/>
                  <rdf:li rdf:resource="urn:miriam:entrez.gene:776336"/>
                  <rdf:li rdf:resource="urn:miriam:entrez.gene:100220355"/>
                  <rdf:li rdf:resource="urn:miriam:entrez.gene:100554606"/>
                  <rdf:li rdf:resource="urn:miriam:entrez.gene:100486354"/>
                  <rdf:li rdf:resource="urn:miriam:entrez.gene:565400"/>
                  <rdf:li rdf:resource="urn:miriam:entrez.gene:756012"/>
                  <rdf:li rdf:resource="urn:miriam:entrez.gene:100201087"/>
                  <rdf:li rdf:resource="urn:miriam:entrez.gene:100266933"/>
                  <rdf:li rdf:resource="urn:miriam:entrez.gene:4337442"/>
                  <rdf:li rdf:resource="urn:miriam:entrez.gene:508277"/>
                </rdf:Bag>
              </bqbiol:isEncodedBy>
              <bqbiol:unknownQualifier>
                <rdf:Bag>
                  <rdf:li rdf:resource="urn:miriam:obo.eco:ECO%3A0000313"/>
                </rdf:Bag>
              </bqbiol:unknownQualifier>
            </rdf:Description>
          </rdf:RDF>
        </annotation>
      </species>
      <species id="PMS2" initialAmount="1" name="PMS2" metaid="meta_PMS2" sboTerm="SBO:0000354" substanceUnits="substance" compartment="default">
<notes><body xmlns="http://www.w3.org/1999/xhtml"><a href="http://www.kegg.jp/dbget-bin/www_bget?K10858">Original Kegg Entry</a><br/>
<p><b>Description for “PMS2”:</b> DNA mismatch repair protein PMS2</p>
</body></notes>
        <annotation>
          <rdf:RDF xmlns:rdf="http://www.w3.org/1999/02/22-rdf-syntax-ns#" xmlns:bqbiol="http://biomodels.net/biology-qualifiers/">
            <rdf:Description rdf:about="#meta_PMS2">
              <bqbiol:is>
                <rdf:Bag>
                  <rdf:li rdf:resource="urn:miriam:kegg.orthology:K10858"/>
                </rdf:Bag>
              </bqbiol:is>
              <bqbiol:isEncodedBy>
                <rdf:Bag>
                  <rdf:li rdf:resource="urn:miriam:entrez.gene:100289811"/>
                  <rdf:li rdf:resource="urn:miriam:entrez.gene:463257"/>
                  <rdf:li rdf:resource="urn:miriam:entrez.gene:100442173"/>
                  <rdf:li rdf:resource="urn:miriam:entrez.gene:717589"/>
                  <rdf:li rdf:resource="urn:miriam:entrez.gene:18861"/>
                  <rdf:li rdf:resource="urn:miriam:entrez.gene:288479"/>
                  <rdf:li rdf:resource="urn:miriam:entrez.gene:479751"/>
                  <rdf:li rdf:resource="urn:miriam:entrez.gene:100479118"/>
                  <rdf:li rdf:resource="urn:miriam:entrez.gene:527039"/>
                  <rdf:li rdf:resource="urn:miriam:entrez.gene:100514342"/>
                  <rdf:li rdf:resource="urn:miriam:entrez.gene:100062380"/>
                  <rdf:li rdf:resource="urn:miriam:entrez.gene:100027220"/>
                  <rdf:li rdf:resource="urn:miriam:entrez.gene:100081757"/>
                  <rdf:li rdf:resource="urn:miriam:entrez.gene:100564282"/>
                  <rdf:li rdf:resource="urn:miriam:entrez.gene:100490402"/>
                  <rdf:li rdf:resource="urn:miriam:entrez.gene:565276"/>
                  <rdf:li rdf:resource="urn:miriam:entrez.gene:100180400"/>
                  <rdf:li rdf:resource="urn:miriam:entrez.gene:581506"/>
                  <rdf:li rdf:resource="urn:miriam:entrez.gene:100576649"/>
                  <rdf:li rdf:resource="urn:miriam:entrez.gene:663806"/>
                  <rdf:li rdf:resource="urn:miriam:entrez.gene:100164488"/>
                  <rdf:li rdf:resource="urn:miriam:entrez.gene:100206285"/>
                  <rdf:li rdf:resource="urn:miriam:entrez.gene:100255596"/>
                  <rdf:li rdf:resource="urn:miriam:entrez.gene:4329835"/>
                  <rdf:li rdf:resource="urn:miriam:entrez.gene:510761"/>
                </rdf:Bag>
              </bqbiol:isEncodedBy>
              <bqbiol:unknownQualifier>
                <rdf:Bag>
                  <rdf:li rdf:resource="urn:miriam:obo.eco:ECO%3A0000313"/>
                </rdf:Bag>
              </bqbiol:unknownQualifier>
            </rdf:Description>
          </rdf:RDF>
        </annotation>
      </species>
      <species id="RFC" initialAmount="1" name="RFC" metaid="meta_RFC" sboTerm="SBO:0000354" substanceUnits="substance" compartment="default">
<notes><body xmlns="http://www.w3.org/1999/xhtml"><a href="http://www.kegg.jp/dbget-bin/www_bget?K10754+K10755+K10756">Original Kegg Entry</a><br/>
<p><b>Description for “RFC1”:</b> replication factor C subunit 1</p>
<p><b>Description for “RFC2_4”:</b> replication factor C subunit 2/4</p>
<p><b>Description for “RFC3_5”:</b> replication factor C subunit 3/5</p>
</body></notes>
        <annotation>
          <rdf:RDF xmlns:rdf="http://www.w3.org/1999/02/22-rdf-syntax-ns#" xmlns:bqbiol="http://biomodels.net/biology-qualifiers/">
            <rdf:Description rdf:about="#meta_RFC">
              <bqbiol:hasVersion>
                <rdf:Bag>
                  <rdf:li rdf:resource="urn:miriam:kegg.orthology:K10754"/>
                  <rdf:li rdf:resource="urn:miriam:kegg.orthology:K10755"/>
                  <rdf:li rdf:resource="urn:miriam:kegg.orthology:K10756"/>
                </rdf:Bag>
              </bqbiol:hasVersion>
              <bqbiol:isEncodedBy>
                <rdf:Bag>
                  <rdf:li rdf:resource="urn:miriam:entrez.gene:5981"/>
                  <rdf:li rdf:resource="urn:miriam:entrez.gene:461174"/>
                  <rdf:li rdf:resource="urn:miriam:entrez.gene:100461457"/>
                  <rdf:li rdf:resource="urn:miriam:entrez.gene:698987"/>
                  <rdf:li rdf:resource="urn:miriam:entrez.gene:19687"/>
                  <rdf:li rdf:resource="urn:miriam:entrez.gene:89809"/>
                  <rdf:li rdf:resource="urn:miriam:entrez.gene:479112"/>
                  <rdf:li rdf:resource="urn:miriam:entrez.gene:100467356"/>
                  <rdf:li rdf:resource="urn:miriam:entrez.gene:100511271"/>
                  <rdf:li rdf:resource="urn:miriam:entrez.gene:100064382"/>
                  <rdf:li rdf:resource="urn:miriam:entrez.gene:100022156"/>
                  <rdf:li rdf:resource="urn:miriam:entrez.gene:100082042"/>
                  <rdf:li rdf:resource="urn:miriam:entrez.gene:422788"/>
                  <rdf:li rdf:resource="urn:miriam:entrez.gene:100550696"/>
                  <rdf:li rdf:resource="urn:miriam:entrez.gene:100221752"/>
                  <rdf:li rdf:resource="urn:miriam:entrez.gene:100555731"/>
                  <rdf:li rdf:resource="urn:miriam:entrez.gene:733476"/>
                  <rdf:li rdf:resource="urn:miriam:entrez.gene:100037336"/>
                  <rdf:li rdf:resource="urn:miriam:entrez.gene:100183212"/>
                  <rdf:li rdf:resource="urn:miriam:entrez.gene:593379"/>
                  <rdf:li rdf:resource="urn:miriam:entrez.gene:413807"/>
                  <rdf:li rdf:resource="urn:miriam:entrez.gene:100119045"/>
                  <rdf:li rdf:resource="urn:miriam:entrez.gene:656183"/>
                  <rdf:li rdf:resource="urn:miriam:entrez.gene:100160866"/>
                  <rdf:li rdf:resource="urn:miriam:entrez.gene:100190918"/>
                  <rdf:li rdf:resource="urn:miriam:entrez.gene:100249625"/>
                  <rdf:li rdf:resource="urn:miriam:entrez.gene:4350754"/>
                  <rdf:li rdf:resource="urn:miriam:entrez.gene:508647"/>
                  <rdf:li rdf:resource="urn:miriam:entrez.gene:5982"/>
                  <rdf:li rdf:resource="urn:miriam:entrez.gene:100609026"/>
                  <rdf:li rdf:resource="urn:miriam:entrez.gene:100431885"/>
                  <rdf:li rdf:resource="urn:miriam:entrez.gene:100426721"/>
                  <rdf:li rdf:resource="urn:miriam:entrez.gene:106344"/>
                  <rdf:li rdf:resource="urn:miriam:entrez.gene:116468"/>
                  <rdf:li rdf:resource="urn:miriam:entrez.gene:478667"/>
                  <rdf:li rdf:resource="urn:miriam:entrez.gene:100473372"/>
                  <rdf:li rdf:resource="urn:miriam:entrez.gene:504637"/>
                  <rdf:li rdf:resource="urn:miriam:entrez.gene:100157731"/>
                  <rdf:li rdf:resource="urn:miriam:entrez.gene:100059980"/>
                  <rdf:li rdf:resource="urn:miriam:entrez.gene:100016281"/>
                  <rdf:li rdf:resource="urn:miriam:entrez.gene:100082799"/>
                  <rdf:li rdf:resource="urn:miriam:entrez.gene:396542"/>
                  <rdf:li rdf:resource="urn:miriam:entrez.gene:100545948"/>
                  <rdf:li rdf:resource="urn:miriam:entrez.gene:100227869"/>
                  <rdf:li rdf:resource="urn:miriam:entrez.gene:100561657"/>
                  <rdf:li rdf:resource="urn:miriam:entrez.gene:398706"/>
                  <rdf:li rdf:resource="urn:miriam:entrez.gene:100216026"/>
                  <rdf:li rdf:resource="urn:miriam:entrez.gene:406435"/>
                  <rdf:li rdf:resource="urn:miriam:entrez.gene:100181422"/>
                  <rdf:li rdf:resource="urn:miriam:entrez.gene:582287"/>
                  <rdf:li rdf:resource="urn:miriam:entrez.gene:551540"/>
                  <rdf:li rdf:resource="urn:miriam:entrez.gene:100121466"/>
                  <rdf:li rdf:resource="urn:miriam:entrez.gene:656317"/>
                  <rdf:li rdf:resource="urn:miriam:entrez.gene:100167183"/>
                  <rdf:li rdf:resource="urn:miriam:entrez.gene:100199898"/>
                  <rdf:li rdf:resource="urn:miriam:entrez.gene:100245502"/>
                  <rdf:li rdf:resource="urn:miriam:entrez.gene:4336704"/>
                  <rdf:li rdf:resource="urn:miriam:entrez.gene:100282197"/>
                  <rdf:li rdf:resource="urn:miriam:entrez.gene:511517"/>
                  <rdf:li rdf:resource="urn:miriam:entrez.gene:5983"/>
                  <rdf:li rdf:resource="urn:miriam:entrez.gene:452533"/>
                  <rdf:li rdf:resource="urn:miriam:entrez.gene:100435323"/>
                  <rdf:li rdf:resource="urn:miriam:entrez.gene:694166"/>
                  <rdf:li rdf:resource="urn:miriam:entrez.gene:69263"/>
                  <rdf:li rdf:resource="urn:miriam:entrez.gene:288414"/>
                  <rdf:li rdf:resource="urn:miriam:entrez.gene:477308"/>
                  <rdf:li rdf:resource="urn:miriam:entrez.gene:100465408"/>
                  <rdf:li rdf:resource="urn:miriam:entrez.gene:508389"/>
                  <rdf:li rdf:resource="urn:miriam:entrez.gene:100153965"/>
                  <rdf:li rdf:resource="urn:miriam:entrez.gene:100054946"/>
                  <rdf:li rdf:resource="urn:miriam:entrez.gene:100020774"/>
                  <rdf:li rdf:resource="urn:miriam:entrez.gene:100076361"/>
                  <rdf:li rdf:resource="urn:miriam:entrez.gene:418907"/>
                  <rdf:li rdf:resource="urn:miriam:entrez.gene:100545359"/>
                  <rdf:li rdf:resource="urn:miriam:entrez.gene:100220510"/>
                  <rdf:li rdf:resource="urn:miriam:entrez.gene:100558796"/>
                  <rdf:li rdf:resource="urn:miriam:entrez.gene:380369"/>
                  <rdf:li rdf:resource="urn:miriam:entrez.gene:100493161"/>
                  <rdf:li rdf:resource="urn:miriam:entrez.gene:259256"/>
                  <rdf:li rdf:resource="urn:miriam:entrez.gene:100179093"/>
                  <rdf:li rdf:resource="urn:miriam:entrez.gene:576419"/>
                  <rdf:li rdf:resource="urn:miriam:entrez.gene:410266"/>
                  <rdf:li rdf:resource="urn:miriam:entrez.gene:100114578"/>
                  <rdf:li rdf:resource="urn:miriam:entrez.gene:655220"/>
                  <rdf:li rdf:resource="urn:miriam:entrez.gene:100159799"/>
                  <rdf:li rdf:resource="urn:miriam:entrez.gene:100206290"/>
                  <rdf:li rdf:resource="urn:miriam:entrez.gene:100247946"/>
                  <rdf:li rdf:resource="urn:miriam:entrez.gene:4330895"/>
                  <rdf:li rdf:resource="urn:miriam:entrez.gene:100193357"/>
                  <rdf:li rdf:resource="urn:miriam:entrez.gene:506247"/>
                </rdf:Bag>
              </bqbiol:isEncodedBy>
              <bqbiol:unknownQualifier>
                <rdf:Bag>
                  <rdf:li rdf:resource="urn:miriam:obo.eco:ECO%3A0000313"/>
                </rdf:Bag>
              </bqbiol:unknownQualifier>
            </rdf:Description>
          </rdf:RDF>
        </annotation>
      </species>
      <species id="xse" initialAmount="1" name="xse" metaid="meta_xse" sboTerm="SBO:0000354" substanceUnits="substance" compartment="default">
<notes><body xmlns="http://www.w3.org/1999/xhtml"><a href="http://www.kegg.jp/dbget-bin/www_bget?efa:EF0979+efa:EF0980">Original Kegg Entry</a><br/>
<p><b>Description for “xseA”:</b> exodeoxyribonuclease VII large subunit (EC:3.1.11.6)</p>
<p><b>Description for “xseB”:</b> exodeoxyribonuclease VII, small subunit</p>
</body></notes>
        <annotation>
          <rdf:RDF xmlns:rdf="http://www.w3.org/1999/02/22-rdf-syntax-ns#" xmlns:bqbiol="http://biomodels.net/biology-qualifiers/">
            <rdf:Description rdf:about="#meta_xse">
              <bqbiol:hasVersion>
                <rdf:Bag>
                  <rdf:li rdf:resource="urn:miriam:kegg.genes:efa%3AEF0979"/>
                  <rdf:li rdf:resource="urn:miriam:kegg.genes:efa%3AEF0980"/>
                </rdf:Bag>
              </bqbiol:hasVersion>
              <bqbiol:isEncodedBy>
                <rdf:Bag>
                  <rdf:li rdf:resource="urn:miriam:entrez.gene:1199867"/>
                  <rdf:li rdf:resource="urn:miriam:entrez.gene:1199868"/>
                </rdf:Bag>
              </bqbiol:isEncodedBy>
              <bqbiol:hasVersion>
                <rdf:Bag>
                  <rdf:li rdf:resource="urn:miriam:uniprot:Q836W6"/>
                  <rdf:li rdf:resource="urn:miriam:uniprot:Q836W5"/>
                </rdf:Bag>
              </bqbiol:hasVersion>
              <bqbiol:hasProperty>
                <rdf:Bag>
                  <rdf:li rdf:resource="urn:miriam:ec-code:3.1.11.6"/>
                </rdf:Bag>
              </bqbiol:hasProperty>
              <bqbiol:unknownQualifier>
                <rdf:Bag>
                  <rdf:li rdf:resource="urn:miriam:obo.eco:ECO%3A0000313"/>
                </rdf:Bag>
              </bqbiol:unknownQualifier>
            </rdf:Description>
          </rdf:RDF>
        </annotation>
      </species>
      <species id="ssb" initialAmount="1" name="ssb-" metaid="meta_ssb" sboTerm="SBO:0000354" substanceUnits="substance" compartment="default">
<notes><body xmlns="http://www.w3.org/1999/xhtml"><a href="http://www.kegg.jp/dbget-bin/www_bget?efa:EF0008+efa:EF0499+efa:EF0510+efa:EFA0019+efa:EFA0034+efa:EF_B0043">Original Kegg Entry</a><br/>
<p><b>Description for “ssb-1”:</b> single-strand binding protein</p>
<p><b>Description for “ssb-2”:</b> single-strand binding protein</p>
<p><b>Description for “ssb-3”:</b> single-strand binding protein</p>
<p><b>Description for “ssb-4”:</b> single-strand binding protein</p>
<p><b>Description for “ssb-5”:</b> single-strand binding protein</p>
<p><b>Description for “ssb-6”:</b> single-strand binding protein</p>
</body></notes>
        <annotation>
          <rdf:RDF xmlns:rdf="http://www.w3.org/1999/02/22-rdf-syntax-ns#" xmlns:bqbiol="http://biomodels.net/biology-qualifiers/">
            <rdf:Description rdf:about="#meta_ssb">
              <bqbiol:hasVersion>
                <rdf:Bag>
                  <rdf:li rdf:resource="urn:miriam:kegg.genes:efa%3AEF0008"/>
                  <rdf:li rdf:resource="urn:miriam:kegg.genes:efa%3AEF0499"/>
                  <rdf:li rdf:resource="urn:miriam:kegg.genes:efa%3AEF0510"/>
                  <rdf:li rdf:resource="urn:miriam:kegg.genes:efa%3AEFA0019"/>
                  <rdf:li rdf:resource="urn:miriam:kegg.genes:efa%3AEFA0034"/>
                  <rdf:li rdf:resource="urn:miriam:kegg.genes:efa%3AEF_B0043"/>
                </rdf:Bag>
              </bqbiol:hasVersion>
              <bqbiol:isEncodedBy>
                <rdf:Bag>
                  <rdf:li rdf:resource="urn:miriam:entrez.gene:1198919"/>
                  <rdf:li rdf:resource="urn:miriam:entrez.gene:1199412"/>
                  <rdf:li rdf:resource="urn:miriam:entrez.gene:1199423"/>
                  <rdf:li rdf:resource="urn:miriam:entrez.gene:1202193"/>
                  <rdf:li rdf:resource="urn:miriam:entrez.gene:1202206"/>
                  <rdf:li rdf:resource="urn:miriam:entrez.gene:1202309"/>
                </rdf:Bag>
              </bqbiol:isEncodedBy>
              <bqbiol:hasVersion>
                <rdf:Bag>
                  <rdf:li rdf:resource="urn:miriam:uniprot:Q839Y9"/>
                  <rdf:li rdf:resource="urn:miriam:uniprot:Q8VT46"/>
                  <rdf:li rdf:resource="urn:miriam:uniprot:Q8KUB6"/>
                  <rdf:li rdf:resource="urn:miriam:uniprot:Q82YU2"/>
                  <rdf:li rdf:resource="urn:miriam:uniprot:Q82YK1"/>
                </rdf:Bag>
              </bqbiol:hasVersion>
              <bqbiol:unknownQualifier>
                <rdf:Bag>
                  <rdf:li rdf:resource="urn:miriam:obo.eco:ECO%3A0000313"/>
                </rdf:Bag>
              </bqbiol:unknownQualifier>
            </rdf:Description>
          </rdf:RDF>
        </annotation>
      </species>
    </listOfSpecies>
  </model>
</sbml>