<?xml version='1.0' encoding='UTF-8' standalone='no'?>
<!-- Created by KEGGtranslator version 1.2.0 on 2011-11-09 20:12 with jsbml version 0.8-rc1. -->
<sbml xmlns="http://www.sbml.org/sbml/level2/version4" level="2" version="4">
  <model id="path_efa03060" name="Protein export" metaid="meta_path_efa03060">
<notes><body xmlns="http://www.w3.org/1999/xhtml"><h1>Model of “Protein export”</h1>
The protein export is the active transport of proteins from the cytoplasm to the exterior of the cell, or to the periplasmic compartment in Gram-negative bacteria. The sec dependent pathway is the general protein export system that transports newly synthesized proteins into or across the cell membrane. The translocation channel is formed from a conserved trimeric membrane protein complex, called the Sec61/SecY complex. The twin-arginine translocation (Tat) pathway is another protein transport system that transports folded proteins in bacteria, archaea, and chloroplasts. Many Tat systems comprise three functionally different membrane proteins, TatA, TatB, and TatC, but TatA and TatE seem to have overlapping functions, with TatA having by far the more important role.<br/>
<a href="http://www.genome.jp/kegg/pathway/efa/efa03060.png"><img src="http://www.genome.jp/kegg/pathway/efa/efa03060.png" alt="http://www.genome.jp/kegg-bin/show_pathway?efa03060"/></a><br/>
<a href="http://www.genome.jp/kegg-bin/show_pathway?efa03060">Original Entry</a><br/>
<p>KGML comment: “Creation date: Nov 30, 2010 16:57:14 +0900 (JST)”<br/>
KGML version was: 0.71<br/>
</p><div align="right"><i><small>This file has been generated by KEGGtranslator version 1.2.0</small></i></div><br/>
</body></notes>
    <annotation>
      <rdf:RDF xmlns:rdf="http://www.w3.org/1999/02/22-rdf-syntax-ns#" xmlns:bqmodel="http://biomodels.net/model-qualifiers/" xmlns:bqbiol="http://biomodels.net/biology-qualifiers/">
        <rdf:Description rdf:about="#meta_path_efa03060">
          <creator>
            <rdf:Bag>
              <rdf:li rdf:parseType="Resource">                <ORG rdf:parseType="Resource">
                  <Orgname>ZBIT, University of Tübingen, WSI-CogSys</Orgname>
                </ORG>
              </rdf:li>
            </rdf:Bag>
          </creator>
          <created rdf:parseType="Resource">
            <W3CDTF>2011-11-09T19:12:53Z</W3CDTF>
          </created>
          <modified rdf:parseType="Resource">
            <W3CDTF>2011-11-09T19:12:53Z</W3CDTF>
          </modified>
          <modified rdf:parseType="Resource">
            <W3CDTF>2011-11-09T19:12:53Z</W3CDTF>
          </modified>
          <bqmodel:is>
            <rdf:Bag>
              <rdf:li rdf:resource="urn:miriam:kegg.pathway:efa03060"/>
            </rdf:Bag>
          </bqmodel:is>
          <bqbiol:isDescribedBy>
            <rdf:Bag>
              <rdf:li rdf:resource="urn:miriam:obo.go:GO:0043952"/>
              <rdf:li rdf:resource="urn:miriam:obo.go:GO:0043953"/>
            </rdf:Bag>
          </bqbiol:isDescribedBy>
        </rdf:Description>
      </rdf:RDF>
    </annotation>
      <listOfCompartments>
      <compartment id="default" name="Protein export" units="volume" size="1"/>
    </listOfCompartments>
    <listOfSpecies>
      <species id="tatE" initialAmount="1" name="tatE" metaid="meta_tatE" sboTerm="SBO:0000354" substanceUnits="substance" compartment="default">
<notes><body xmlns="http://www.w3.org/1999/xhtml"><a href="http://www.kegg.jp/dbget-bin/www_bget?K03425">Original Kegg Entry</a><br/>
<p><b>Description for “tatE”:</b> sec-independent protein translocase protein TatE</p>
</body></notes>
        <annotation>
          <rdf:RDF xmlns:rdf="http://www.w3.org/1999/02/22-rdf-syntax-ns#" xmlns:bqbiol="http://biomodels.net/biology-qualifiers/">
            <rdf:Description rdf:about="#meta_tatE">
              <bqbiol:is>
                <rdf:Bag>
                  <rdf:li rdf:resource="urn:miriam:kegg.orthology:K03425"/>
                </rdf:Bag>
              </bqbiol:is>
              <bqbiol:unknownQualifier>
                <rdf:Bag>
                  <rdf:li rdf:resource="urn:miriam:obo.eco:ECO%3A0000313"/>
                </rdf:Bag>
              </bqbiol:unknownQualifier>
            </rdf:Description>
          </rdf:RDF>
        </annotation>
      </species>
      <species id="ffs" initialAmount="1" name="ffs" metaid="meta_ffs" sboTerm="SBO:0000354" substanceUnits="substance" compartment="default">
<notes><body xmlns="http://www.w3.org/1999/xhtml"><a href="http://www.kegg.jp/dbget-bin/www_bget?K01983">Original Kegg Entry</a><br/>
<p><b>Description for “ffs”:</b> SRP RNA</p>
</body></notes>
        <annotation>
          <rdf:RDF xmlns:rdf="http://www.w3.org/1999/02/22-rdf-syntax-ns#" xmlns:bqbiol="http://biomodels.net/biology-qualifiers/">
            <rdf:Description rdf:about="#meta_ffs">
              <bqbiol:is>
                <rdf:Bag>
                  <rdf:li rdf:resource="urn:miriam:kegg.orthology:K01983"/>
                </rdf:Bag>
              </bqbiol:is>
              <bqbiol:unknownQualifier>
                <rdf:Bag>
                  <rdf:li rdf:resource="urn:miriam:obo.eco:ECO%3A0000313"/>
                </rdf:Bag>
              </bqbiol:unknownQualifier>
            </rdf:Description>
          </rdf:RDF>
        </annotation>
      </species>
      <species id="EF3331" initialAmount="1" name="EF3331" metaid="meta_EF3331" sboTerm="SBO:0000354" substanceUnits="substance" compartment="default">
<notes><body xmlns="http://www.w3.org/1999/xhtml"><a href="http://www.kegg.jp/dbget-bin/www_bget?efa:EF3331">Original Kegg Entry</a><br/>
</body></notes>
        <annotation>
          <rdf:RDF xmlns:rdf="http://www.w3.org/1999/02/22-rdf-syntax-ns#" xmlns:bqbiol="http://biomodels.net/biology-qualifiers/">
            <rdf:Description rdf:about="#meta_EF3331">
              <bqbiol:is>
                <rdf:Bag>
                  <rdf:li rdf:resource="urn:miriam:kegg.genes:efa%3AEF3331"/>
                </rdf:Bag>
              </bqbiol:is>
              <bqbiol:isEncodedBy>
                <rdf:Bag>
                  <rdf:li rdf:resource="urn:miriam:entrez.gene:1202174"/>
                </rdf:Bag>
              </bqbiol:isEncodedBy>
              <bqbiol:is>
                <rdf:Bag>
                  <rdf:li rdf:resource="urn:miriam:uniprot:Q82YV1"/>
                </rdf:Bag>
              </bqbiol:is>
              <bqbiol:unknownQualifier>
                <rdf:Bag>
                  <rdf:li rdf:resource="urn:miriam:obo.eco:ECO%3A0000313"/>
                </rdf:Bag>
              </bqbiol:unknownQualifier>
            </rdf:Description>
          </rdf:RDF>
        </annotation>
      </species>
      <species id="tatB" initialAmount="1" name="tatB" metaid="meta_tatB" sboTerm="SBO:0000354" substanceUnits="substance" compartment="default">
<notes><body xmlns="http://www.w3.org/1999/xhtml"><a href="http://www.kegg.jp/dbget-bin/www_bget?K03117">Original Kegg Entry</a><br/>
<p><b>Description for “tatB”:</b> sec-independent protein translocase protein TatB</p>
</body></notes>
        <annotation>
          <rdf:RDF xmlns:rdf="http://www.w3.org/1999/02/22-rdf-syntax-ns#" xmlns:bqbiol="http://biomodels.net/biology-qualifiers/">
            <rdf:Description rdf:about="#meta_tatB">
              <bqbiol:is>
                <rdf:Bag>
                  <rdf:li rdf:resource="urn:miriam:kegg.orthology:K03117"/>
                </rdf:Bag>
              </bqbiol:is>
              <bqbiol:unknownQualifier>
                <rdf:Bag>
                  <rdf:li rdf:resource="urn:miriam:obo.eco:ECO%3A0000313"/>
                </rdf:Bag>
              </bqbiol:unknownQualifier>
            </rdf:Description>
          </rdf:RDF>
        </annotation>
      </species>
      <species id="tatC" initialAmount="1" name="tatC" metaid="meta_tatC" sboTerm="SBO:0000354" substanceUnits="substance" compartment="default">
<notes><body xmlns="http://www.w3.org/1999/xhtml"><a href="http://www.kegg.jp/dbget-bin/www_bget?K03118">Original Kegg Entry</a><br/>
<p><b>Description for “tatC”:</b> sec-independent protein translocase protein TatC</p>
</body></notes>
        <annotation>
          <rdf:RDF xmlns:rdf="http://www.w3.org/1999/02/22-rdf-syntax-ns#" xmlns:bqbiol="http://biomodels.net/biology-qualifiers/">
            <rdf:Description rdf:about="#meta_tatC">
              <bqbiol:is>
                <rdf:Bag>
                  <rdf:li rdf:resource="urn:miriam:kegg.orthology:K03118"/>
                </rdf:Bag>
              </bqbiol:is>
              <bqbiol:isEncodedBy>
                <rdf:Bag>
                  <rdf:li rdf:resource="urn:miriam:entrez.gene:100259443"/>
                  <rdf:li rdf:resource="urn:miriam:entrez.gene:4324478"/>
                  <rdf:li rdf:resource="urn:miriam:entrez.gene:100279882"/>
                </rdf:Bag>
              </bqbiol:isEncodedBy>
              <bqbiol:unknownQualifier>
                <rdf:Bag>
                  <rdf:li rdf:resource="urn:miriam:obo.eco:ECO%3A0000313"/>
                </rdf:Bag>
              </bqbiol:unknownQualifier>
            </rdf:Description>
          </rdf:RDF>
        </annotation>
      </species>
      <species id="tatA" initialAmount="1" name="tatA" metaid="meta_tatA" sboTerm="SBO:0000354" substanceUnits="substance" compartment="default">
<notes><body xmlns="http://www.w3.org/1999/xhtml"><a href="http://www.kegg.jp/dbget-bin/www_bget?K03116">Original Kegg Entry</a><br/>
<p><b>Description for “tatA”:</b> sec-independent protein translocase protein TatA</p>
</body></notes>
        <annotation>
          <rdf:RDF xmlns:rdf="http://www.w3.org/1999/02/22-rdf-syntax-ns#" xmlns:bqbiol="http://biomodels.net/biology-qualifiers/">
            <rdf:Description rdf:about="#meta_tatA">
              <bqbiol:is>
                <rdf:Bag>
                  <rdf:li rdf:resource="urn:miriam:kegg.orthology:K03116"/>
                </rdf:Bag>
              </bqbiol:is>
              <bqbiol:isEncodedBy>
                <rdf:Bag>
                  <rdf:li rdf:resource="urn:miriam:entrez.gene:100250385"/>
                  <rdf:li rdf:resource="urn:miriam:entrez.gene:4333514"/>
                  <rdf:li rdf:resource="urn:miriam:entrez.gene:100284143"/>
                </rdf:Bag>
              </bqbiol:isEncodedBy>
              <bqbiol:unknownQualifier>
                <rdf:Bag>
                  <rdf:li rdf:resource="urn:miriam:obo.eco:ECO%3A0000313"/>
                </rdf:Bag>
              </bqbiol:unknownQualifier>
            </rdf:Description>
          </rdf:RDF>
        </annotation>
      </species>
      <species id="secA" initialAmount="1" name="secA" metaid="meta_secA" sboTerm="SBO:0000354" substanceUnits="substance" compartment="default">
<notes><body xmlns="http://www.w3.org/1999/xhtml"><a href="http://www.kegg.jp/dbget-bin/www_bget?efa:EF1763">Original Kegg Entry</a><br/>
<p><b>Description for “secA”:</b> preprotein translocase subunit SecA</p>
</body></notes>
        <annotation>
          <rdf:RDF xmlns:rdf="http://www.w3.org/1999/02/22-rdf-syntax-ns#" xmlns:bqbiol="http://biomodels.net/biology-qualifiers/">
            <rdf:Description rdf:about="#meta_secA">
              <bqbiol:is>
                <rdf:Bag>
                  <rdf:li rdf:resource="urn:miriam:kegg.genes:efa%3AEF1763"/>
                </rdf:Bag>
              </bqbiol:is>
              <bqbiol:isEncodedBy>
                <rdf:Bag>
                  <rdf:li rdf:resource="urn:miriam:entrez.gene:1200653"/>
                </rdf:Bag>
              </bqbiol:isEncodedBy>
              <bqbiol:is>
                <rdf:Bag>
                  <rdf:li rdf:resource="urn:miriam:uniprot:Q834A7"/>
                </rdf:Bag>
              </bqbiol:is>
              <bqbiol:unknownQualifier>
                <rdf:Bag>
                  <rdf:li rdf:resource="urn:miriam:obo.eco:ECO%3A0000313"/>
                </rdf:Bag>
              </bqbiol:unknownQualifier>
            </rdf:Description>
          </rdf:RDF>
        </annotation>
      </species>
      <species id="secY" initialAmount="1" name="secY" metaid="meta_secY" sboTerm="SBO:0000354" substanceUnits="substance" compartment="default">
<notes><body xmlns="http://www.w3.org/1999/xhtml"><a href="http://www.kegg.jp/dbget-bin/www_bget?efa:EF0227">Original Kegg Entry</a><br/>
<p><b>Description for “secY”:</b> preprotein translocase subunit SecY</p>
</body></notes>
        <annotation>
          <rdf:RDF xmlns:rdf="http://www.w3.org/1999/02/22-rdf-syntax-ns#" xmlns:bqbiol="http://biomodels.net/biology-qualifiers/">
            <rdf:Description rdf:about="#meta_secY">
              <bqbiol:is>
                <rdf:Bag>
                  <rdf:li rdf:resource="urn:miriam:kegg.genes:efa%3AEF0227"/>
                </rdf:Bag>
              </bqbiol:is>
              <bqbiol:isEncodedBy>
                <rdf:Bag>
                  <rdf:li rdf:resource="urn:miriam:entrez.gene:1199121"/>
                </rdf:Bag>
              </bqbiol:isEncodedBy>
              <bqbiol:is>
                <rdf:Bag>
                  <rdf:li rdf:resource="urn:miriam:uniprot:Q839E4"/>
                </rdf:Bag>
              </bqbiol:is>
              <bqbiol:unknownQualifier>
                <rdf:Bag>
                  <rdf:li rdf:resource="urn:miriam:obo.eco:ECO%3A0000313"/>
                </rdf:Bag>
              </bqbiol:unknownQualifier>
            </rdf:Description>
          </rdf:RDF>
        </annotation>
      </species>
      <species id="secE" initialAmount="1" name="secE" metaid="meta_secE" sboTerm="SBO:0000354" substanceUnits="substance" compartment="default">
<notes><body xmlns="http://www.w3.org/1999/xhtml"><a href="http://www.kegg.jp/dbget-bin/www_bget?efa:EF2730">Original Kegg Entry</a><br/>
<p><b>Description for “secE”:</b> preprotein translocase subunit SecE</p>
</body></notes>
        <annotation>
          <rdf:RDF xmlns:rdf="http://www.w3.org/1999/02/22-rdf-syntax-ns#" xmlns:bqbiol="http://biomodels.net/biology-qualifiers/">
            <rdf:Description rdf:about="#meta_secE">
              <bqbiol:is>
                <rdf:Bag>
                  <rdf:li rdf:resource="urn:miriam:kegg.genes:efa%3AEF2730"/>
                </rdf:Bag>
              </bqbiol:is>
              <bqbiol:isEncodedBy>
                <rdf:Bag>
                  <rdf:li rdf:resource="urn:miriam:entrez.gene:1201583"/>
                </rdf:Bag>
              </bqbiol:isEncodedBy>
              <bqbiol:is>
                <rdf:Bag>
                  <rdf:li rdf:resource="urn:miriam:uniprot:Q830P5"/>
                </rdf:Bag>
              </bqbiol:is>
              <bqbiol:unknownQualifier>
                <rdf:Bag>
                  <rdf:li rdf:resource="urn:miriam:obo.eco:ECO%3A0000313"/>
                </rdf:Bag>
              </bqbiol:unknownQualifier>
            </rdf:Description>
          </rdf:RDF>
        </annotation>
      </species>
      <species id="secG" initialAmount="1" name="secG" metaid="meta_secG" sboTerm="SBO:0000354" substanceUnits="substance" compartment="default">
<notes><body xmlns="http://www.w3.org/1999/xhtml"><a href="http://www.kegg.jp/dbget-bin/www_bget?efa:EF2620">Original Kegg Entry</a><br/>
<p><b>Description for “secG”:</b> preprotein translocase subunit SecG</p>
</body></notes>
        <annotation>
          <rdf:RDF xmlns:rdf="http://www.w3.org/1999/02/22-rdf-syntax-ns#" xmlns:bqbiol="http://biomodels.net/biology-qualifiers/">
            <rdf:Description rdf:about="#meta_secG">
              <bqbiol:is>
                <rdf:Bag>
                  <rdf:li rdf:resource="urn:miriam:kegg.genes:efa%3AEF2620"/>
                </rdf:Bag>
              </bqbiol:is>
              <bqbiol:isEncodedBy>
                <rdf:Bag>
                  <rdf:li rdf:resource="urn:miriam:entrez.gene:1201479"/>
                </rdf:Bag>
              </bqbiol:isEncodedBy>
              <bqbiol:is>
                <rdf:Bag>
                  <rdf:li rdf:resource="urn:miriam:uniprot:Q830Z4"/>
                </rdf:Bag>
              </bqbiol:is>
              <bqbiol:unknownQualifier>
                <rdf:Bag>
                  <rdf:li rdf:resource="urn:miriam:obo.eco:ECO%3A0000313"/>
                </rdf:Bag>
              </bqbiol:unknownQualifier>
            </rdf:Description>
          </rdf:RDF>
        </annotation>
      </species>
      <species id="sec" initialAmount="1" name="sec" metaid="meta_sec" sboTerm="SBO:0000354" substanceUnits="substance" compartment="default">
<notes><body xmlns="http://www.w3.org/1999/xhtml"><a href="http://www.kegg.jp/dbget-bin/www_bget?K03072+K03074+K12257">Original Kegg Entry</a><br/>
<p><b>Description for “secD”:</b> preprotein translocase subunit SecD</p>
<p><b>Description for “secF”:</b> preprotein translocase subunit SecF</p>
<p><b>Description for “secDF”:</b> SecD/SecF fusion protein</p>
</body></notes>
        <annotation>
          <rdf:RDF xmlns:rdf="http://www.w3.org/1999/02/22-rdf-syntax-ns#" xmlns:bqbiol="http://biomodels.net/biology-qualifiers/">
            <rdf:Description rdf:about="#meta_sec">
              <bqbiol:hasVersion>
                <rdf:Bag>
                  <rdf:li rdf:resource="urn:miriam:kegg.orthology:K03072"/>
                  <rdf:li rdf:resource="urn:miriam:kegg.orthology:K03074"/>
                  <rdf:li rdf:resource="urn:miriam:kegg.orthology:K12257"/>
                </rdf:Bag>
              </bqbiol:hasVersion>
              <bqbiol:unknownQualifier>
                <rdf:Bag>
                  <rdf:li rdf:resource="urn:miriam:obo.eco:ECO%3A0000313"/>
                </rdf:Bag>
              </bqbiol:unknownQualifier>
            </rdf:Description>
          </rdf:RDF>
        </annotation>
      </species>
      <species id="EF0897" initialAmount="1" name="EF0897" metaid="meta_EF0897" sboTerm="SBO:0000354" substanceUnits="substance" compartment="default">
<notes><body xmlns="http://www.w3.org/1999/xhtml"><a href="http://www.kegg.jp/dbget-bin/www_bget?efa:EF0897">Original Kegg Entry</a><br/>
</body></notes>
        <annotation>
          <rdf:RDF xmlns:rdf="http://www.w3.org/1999/02/22-rdf-syntax-ns#" xmlns:bqbiol="http://biomodels.net/biology-qualifiers/">
            <rdf:Description rdf:about="#meta_EF0897">
              <bqbiol:is>
                <rdf:Bag>
                  <rdf:li rdf:resource="urn:miriam:kegg.genes:efa%3AEF0897"/>
                </rdf:Bag>
              </bqbiol:is>
              <bqbiol:isEncodedBy>
                <rdf:Bag>
                  <rdf:li rdf:resource="urn:miriam:entrez.gene:1199786"/>
                </rdf:Bag>
              </bqbiol:isEncodedBy>
              <bqbiol:is>
                <rdf:Bag>
                  <rdf:li rdf:resource="urn:miriam:uniprot:Q837E6"/>
                </rdf:Bag>
              </bqbiol:is>
              <bqbiol:unknownQualifier>
                <rdf:Bag>
                  <rdf:li rdf:resource="urn:miriam:obo.eco:ECO%3A0000313"/>
                </rdf:Bag>
              </bqbiol:unknownQualifier>
            </rdf:Description>
          </rdf:RDF>
        </annotation>
      </species>
      <species id="EF0854" initialAmount="1" name="EF0854..." metaid="meta_EF0854" sboTerm="SBO:0000354" substanceUnits="substance" compartment="default">
<notes><body xmlns="http://www.w3.org/1999/xhtml"><a href="http://www.kegg.jp/dbget-bin/www_bget?efa:EF0854+efa:EF1111+efa:EF1678+efa:EF3073">Original Kegg Entry</a><br/>
</body></notes>
        <annotation>
          <rdf:RDF xmlns:rdf="http://www.w3.org/1999/02/22-rdf-syntax-ns#" xmlns:bqbiol="http://biomodels.net/biology-qualifiers/">
            <rdf:Description rdf:about="#meta_EF0854">
              <bqbiol:hasVersion>
                <rdf:Bag>
                  <rdf:li rdf:resource="urn:miriam:kegg.genes:efa%3AEF0854"/>
                  <rdf:li rdf:resource="urn:miriam:kegg.genes:efa%3AEF1111"/>
                  <rdf:li rdf:resource="urn:miriam:kegg.genes:efa%3AEF1678"/>
                  <rdf:li rdf:resource="urn:miriam:kegg.genes:efa%3AEF3073"/>
                </rdf:Bag>
              </bqbiol:hasVersion>
              <bqbiol:isEncodedBy>
                <rdf:Bag>
                  <rdf:li rdf:resource="urn:miriam:entrez.gene:1199747"/>
                  <rdf:li rdf:resource="urn:miriam:entrez.gene:1200013"/>
                  <rdf:li rdf:resource="urn:miriam:entrez.gene:1200572"/>
                  <rdf:li rdf:resource="urn:miriam:entrez.gene:1201919"/>
                </rdf:Bag>
              </bqbiol:isEncodedBy>
              <bqbiol:hasVersion>
                <rdf:Bag>
                  <rdf:li rdf:resource="urn:miriam:uniprot:Q837I5"/>
                  <rdf:li rdf:resource="urn:miriam:uniprot:Q836K0"/>
                  <rdf:li rdf:resource="urn:miriam:uniprot:Q834H4"/>
                  <rdf:li rdf:resource="urn:miriam:uniprot:Q82ZI3"/>
                </rdf:Bag>
              </bqbiol:hasVersion>
              <bqbiol:hasProperty>
                <rdf:Bag>
                  <rdf:li rdf:resource="urn:miriam:ec-code:3.4.21.89"/>
                </rdf:Bag>
              </bqbiol:hasProperty>
              <bqbiol:unknownQualifier>
                <rdf:Bag>
                  <rdf:li rdf:resource="urn:miriam:obo.eco:ECO%3A0000313"/>
                </rdf:Bag>
              </bqbiol:unknownQualifier>
            </rdf:Description>
          </rdf:RDF>
        </annotation>
      </species>
      <species id="lspA" initialAmount="1" name="lspA" metaid="meta_lspA" sboTerm="SBO:0000354" substanceUnits="substance" compartment="default">
<notes><body xmlns="http://www.w3.org/1999/xhtml"><a href="http://www.kegg.jp/dbget-bin/www_bget?efa:EF1723">Original Kegg Entry</a><br/>
<p><b>Description for “lspA”:</b> lipoprotein signal peptidase</p>
</body></notes>
        <annotation>
          <rdf:RDF xmlns:rdf="http://www.w3.org/1999/02/22-rdf-syntax-ns#" xmlns:bqbiol="http://biomodels.net/biology-qualifiers/">
            <rdf:Description rdf:about="#meta_lspA">
              <bqbiol:is>
                <rdf:Bag>
                  <rdf:li rdf:resource="urn:miriam:kegg.genes:efa%3AEF1723"/>
                </rdf:Bag>
              </bqbiol:is>
              <bqbiol:isEncodedBy>
                <rdf:Bag>
                  <rdf:li rdf:resource="urn:miriam:entrez.gene:1200615"/>
                </rdf:Bag>
              </bqbiol:isEncodedBy>
              <bqbiol:is>
                <rdf:Bag>
                  <rdf:li rdf:resource="urn:miriam:uniprot:Q834D8"/>
                </rdf:Bag>
              </bqbiol:is>
              <bqbiol:hasProperty>
                <rdf:Bag>
                  <rdf:li rdf:resource="urn:miriam:ec-code:3.4.23.36"/>
                </rdf:Bag>
              </bqbiol:hasProperty>
              <bqbiol:unknownQualifier>
                <rdf:Bag>
                  <rdf:li rdf:resource="urn:miriam:obo.eco:ECO%3A0000313"/>
                </rdf:Bag>
              </bqbiol:unknownQualifier>
            </rdf:Description>
          </rdf:RDF>
        </annotation>
      </species>
      <species id="SRP14" initialAmount="1" name="SRP14" metaid="meta_SRP14" sboTerm="SBO:0000354" substanceUnits="substance" compartment="default">
<notes><body xmlns="http://www.w3.org/1999/xhtml"><a href="http://www.kegg.jp/dbget-bin/www_bget?K03104">Original Kegg Entry</a><br/>
<p><b>Description for “SRP14”:</b> signal recognition particle subunit SRP14</p>
</body></notes>
        <annotation>
          <rdf:RDF xmlns:rdf="http://www.w3.org/1999/02/22-rdf-syntax-ns#" xmlns:bqbiol="http://biomodels.net/biology-qualifiers/">
            <rdf:Description rdf:about="#meta_SRP14">
              <bqbiol:is>
                <rdf:Bag>
                  <rdf:li rdf:resource="urn:miriam:kegg.orthology:K03104"/>
                </rdf:Bag>
              </bqbiol:is>
              <bqbiol:isEncodedBy>
                <rdf:Bag>
                  <rdf:li rdf:resource="urn:miriam:entrez.gene:6727"/>
                  <rdf:li rdf:resource="urn:miriam:entrez.gene:737573"/>
                  <rdf:li rdf:resource="urn:miriam:entrez.gene:100172315"/>
                  <rdf:li rdf:resource="urn:miriam:entrez.gene:701353"/>
                  <rdf:li rdf:resource="urn:miriam:entrez.gene:100504988"/>
                  <rdf:li rdf:resource="urn:miriam:entrez.gene:296076"/>
                  <rdf:li rdf:resource="urn:miriam:entrez.gene:403930"/>
                  <rdf:li rdf:resource="urn:miriam:entrez.gene:100465220"/>
                  <rdf:li rdf:resource="urn:miriam:entrez.gene:512792"/>
                  <rdf:li rdf:resource="urn:miriam:entrez.gene:100522176"/>
                  <rdf:li rdf:resource="urn:miriam:entrez.gene:100057403"/>
                  <rdf:li rdf:resource="urn:miriam:entrez.gene:100031806"/>
                  <rdf:li rdf:resource="urn:miriam:entrez.gene:100088618"/>
                  <rdf:li rdf:resource="urn:miriam:entrez.gene:423284"/>
                  <rdf:li rdf:resource="urn:miriam:entrez.gene:100541606"/>
                  <rdf:li rdf:resource="urn:miriam:entrez.gene:100224868"/>
                  <rdf:li rdf:resource="urn:miriam:entrez.gene:100555354"/>
                  <rdf:li rdf:resource="urn:miriam:entrez.gene:779186"/>
                  <rdf:li rdf:resource="urn:miriam:entrez.gene:448729"/>
                  <rdf:li rdf:resource="urn:miriam:entrez.gene:619260"/>
                  <rdf:li rdf:resource="urn:miriam:entrez.gene:100184140"/>
                  <rdf:li rdf:resource="urn:miriam:entrez.gene:752130"/>
                  <rdf:li rdf:resource="urn:miriam:entrez.gene:552323"/>
                  <rdf:li rdf:resource="urn:miriam:entrez.gene:100114356"/>
                  <rdf:li rdf:resource="urn:miriam:entrez.gene:100159466"/>
                  <rdf:li rdf:resource="urn:miriam:entrez.gene:100210260"/>
                  <rdf:li rdf:resource="urn:miriam:entrez.gene:100259285"/>
                  <rdf:li rdf:resource="urn:miriam:entrez.gene:4337050"/>
                  <rdf:li rdf:resource="urn:miriam:entrez.gene:100383868"/>
                </rdf:Bag>
              </bqbiol:isEncodedBy>
              <bqbiol:unknownQualifier>
                <rdf:Bag>
                  <rdf:li rdf:resource="urn:miriam:obo.eco:ECO%3A0000313"/>
                </rdf:Bag>
              </bqbiol:unknownQualifier>
            </rdf:Description>
          </rdf:RDF>
        </annotation>
      </species>
      <species id="SRP72" initialAmount="1" name="SRP72" metaid="meta_SRP72" sboTerm="SBO:0000354" substanceUnits="substance" compartment="default">
<notes><body xmlns="http://www.w3.org/1999/xhtml"><a href="http://www.kegg.jp/dbget-bin/www_bget?K03108">Original Kegg Entry</a><br/>
<p><b>Description for “SRP72”:</b> signal recognition particle subunit SRP72</p>
</body></notes>
        <annotation>
          <rdf:RDF xmlns:rdf="http://www.w3.org/1999/02/22-rdf-syntax-ns#" xmlns:bqbiol="http://biomodels.net/biology-qualifiers/">
            <rdf:Description rdf:about="#meta_SRP72">
              <bqbiol:is>
                <rdf:Bag>
                  <rdf:li rdf:resource="urn:miriam:kegg.orthology:K03108"/>
                </rdf:Bag>
              </bqbiol:is>
              <bqbiol:isEncodedBy>
                <rdf:Bag>
                  <rdf:li rdf:resource="urn:miriam:entrez.gene:6731"/>
                  <rdf:li rdf:resource="urn:miriam:entrez.gene:461308"/>
                  <rdf:li rdf:resource="urn:miriam:entrez.gene:100453549"/>
                  <rdf:li rdf:resource="urn:miriam:entrez.gene:694604"/>
                  <rdf:li rdf:resource="urn:miriam:entrez.gene:66661"/>
                  <rdf:li rdf:resource="urn:miriam:entrez.gene:498351"/>
                  <rdf:li rdf:resource="urn:miriam:entrez.gene:403944"/>
                  <rdf:li rdf:resource="urn:miriam:entrez.gene:100483090"/>
                  <rdf:li rdf:resource="urn:miriam:entrez.gene:509430"/>
                  <rdf:li rdf:resource="urn:miriam:entrez.gene:100520920"/>
                  <rdf:li rdf:resource="urn:miriam:entrez.gene:100053755"/>
                  <rdf:li rdf:resource="urn:miriam:entrez.gene:100012449"/>
                  <rdf:li rdf:resource="urn:miriam:entrez.gene:422626"/>
                  <rdf:li rdf:resource="urn:miriam:entrez.gene:100549512"/>
                  <rdf:li rdf:resource="urn:miriam:entrez.gene:100221551"/>
                  <rdf:li rdf:resource="urn:miriam:entrez.gene:100564012"/>
                  <rdf:li rdf:resource="urn:miriam:entrez.gene:444393"/>
                  <rdf:li rdf:resource="urn:miriam:entrez.gene:496794"/>
                  <rdf:li rdf:resource="urn:miriam:entrez.gene:327335"/>
                  <rdf:li rdf:resource="urn:miriam:entrez.gene:100182362"/>
                  <rdf:li rdf:resource="urn:miriam:entrez.gene:726435"/>
                  <rdf:li rdf:resource="urn:miriam:entrez.gene:100122855"/>
                  <rdf:li rdf:resource="urn:miriam:entrez.gene:662027"/>
                  <rdf:li rdf:resource="urn:miriam:entrez.gene:100162426"/>
                  <rdf:li rdf:resource="urn:miriam:entrez.gene:100200095"/>
                  <rdf:li rdf:resource="urn:miriam:entrez.gene:100244217"/>
                  <rdf:li rdf:resource="urn:miriam:entrez.gene:4324904"/>
                  <rdf:li rdf:resource="urn:miriam:entrez.gene:100382925"/>
                  <rdf:li rdf:resource="urn:miriam:entrez.gene:508897"/>
                </rdf:Bag>
              </bqbiol:isEncodedBy>
              <bqbiol:unknownQualifier>
                <rdf:Bag>
                  <rdf:li rdf:resource="urn:miriam:obo.eco:ECO%3A0000313"/>
                </rdf:Bag>
              </bqbiol:unknownQualifier>
            </rdf:Description>
          </rdf:RDF>
        </annotation>
      </species>
      <species id="SRP68" initialAmount="1" name="SRP68" metaid="meta_SRP68" sboTerm="SBO:0000354" substanceUnits="substance" compartment="default">
<notes><body xmlns="http://www.w3.org/1999/xhtml"><a href="http://www.kegg.jp/dbget-bin/www_bget?K03107">Original Kegg Entry</a><br/>
<p><b>Description for “SRP68”:</b> signal recognition particle subunit SRP68</p>
</body></notes>
        <annotation>
          <rdf:RDF xmlns:rdf="http://www.w3.org/1999/02/22-rdf-syntax-ns#" xmlns:bqbiol="http://biomodels.net/biology-qualifiers/">
            <rdf:Description rdf:about="#meta_SRP68">
              <bqbiol:is>
                <rdf:Bag>
                  <rdf:li rdf:resource="urn:miriam:kegg.orthology:K03107"/>
                </rdf:Bag>
              </bqbiol:is>
              <bqbiol:isEncodedBy>
                <rdf:Bag>
                  <rdf:li rdf:resource="urn:miriam:entrez.gene:6730"/>
                  <rdf:li rdf:resource="urn:miriam:entrez.gene:738851"/>
                  <rdf:li rdf:resource="urn:miriam:entrez.gene:100458379"/>
                  <rdf:li rdf:resource="urn:miriam:entrez.gene:705568"/>
                  <rdf:li rdf:resource="urn:miriam:entrez.gene:217337"/>
                  <rdf:li rdf:resource="urn:miriam:entrez.gene:363707"/>
                  <rdf:li rdf:resource="urn:miriam:entrez.gene:403952"/>
                  <rdf:li rdf:resource="urn:miriam:entrez.gene:100472510"/>
                  <rdf:li rdf:resource="urn:miriam:entrez.gene:538777"/>
                  <rdf:li rdf:resource="urn:miriam:entrez.gene:100520094"/>
                  <rdf:li rdf:resource="urn:miriam:entrez.gene:100051325"/>
                  <rdf:li rdf:resource="urn:miriam:entrez.gene:100022358"/>
                  <rdf:li rdf:resource="urn:miriam:entrez.gene:100082231"/>
                  <rdf:li rdf:resource="urn:miriam:entrez.gene:417363"/>
                  <rdf:li rdf:resource="urn:miriam:entrez.gene:100540656"/>
                  <rdf:li rdf:resource="urn:miriam:entrez.gene:100554541"/>
                  <rdf:li rdf:resource="urn:miriam:entrez.gene:100101323"/>
                  <rdf:li rdf:resource="urn:miriam:entrez.gene:100145378"/>
                  <rdf:li rdf:resource="urn:miriam:entrez.gene:446119"/>
                  <rdf:li rdf:resource="urn:miriam:entrez.gene:100175265"/>
                  <rdf:li rdf:resource="urn:miriam:entrez.gene:552776"/>
                  <rdf:li rdf:resource="urn:miriam:entrez.gene:100123460"/>
                  <rdf:li rdf:resource="urn:miriam:entrez.gene:663299"/>
                  <rdf:li rdf:resource="urn:miriam:entrez.gene:100166002"/>
                  <rdf:li rdf:resource="urn:miriam:entrez.gene:100215321"/>
                  <rdf:li rdf:resource="urn:miriam:entrez.gene:100262919"/>
                  <rdf:li rdf:resource="urn:miriam:entrez.gene:4345269"/>
                  <rdf:li rdf:resource="urn:miriam:entrez.gene:100192526"/>
                  <rdf:li rdf:resource="urn:miriam:entrez.gene:504013"/>
                </rdf:Bag>
              </bqbiol:isEncodedBy>
              <bqbiol:unknownQualifier>
                <rdf:Bag>
                  <rdf:li rdf:resource="urn:miriam:obo.eco:ECO%3A0000313"/>
                </rdf:Bag>
              </bqbiol:unknownQualifier>
            </rdf:Description>
          </rdf:RDF>
        </annotation>
      </species>
      <species id="ffh" initialAmount="1" name="ffh" metaid="meta_ffh" sboTerm="SBO:0000354" substanceUnits="substance" compartment="default">
<notes><body xmlns="http://www.w3.org/1999/xhtml"><a href="http://www.kegg.jp/dbget-bin/www_bget?efa:EF1700">Original Kegg Entry</a><br/>
<p><b>Description for “ffh”:</b> signal recognition particle protein</p>
</body></notes>
        <annotation>
          <rdf:RDF xmlns:rdf="http://www.w3.org/1999/02/22-rdf-syntax-ns#" xmlns:bqbiol="http://biomodels.net/biology-qualifiers/">
            <rdf:Description rdf:about="#meta_ffh">
              <bqbiol:is>
                <rdf:Bag>
                  <rdf:li rdf:resource="urn:miriam:kegg.genes:efa%3AEF1700"/>
                </rdf:Bag>
              </bqbiol:is>
              <bqbiol:isEncodedBy>
                <rdf:Bag>
                  <rdf:li rdf:resource="urn:miriam:entrez.gene:1200592"/>
                </rdf:Bag>
              </bqbiol:isEncodedBy>
              <bqbiol:is>
                <rdf:Bag>
                  <rdf:li rdf:resource="urn:miriam:uniprot:Q834F5"/>
                </rdf:Bag>
              </bqbiol:is>
              <bqbiol:unknownQualifier>
                <rdf:Bag>
                  <rdf:li rdf:resource="urn:miriam:obo.eco:ECO%3A0000313"/>
                </rdf:Bag>
              </bqbiol:unknownQualifier>
            </rdf:Description>
          </rdf:RDF>
        </annotation>
      </species>
      <species id="SRP19" initialAmount="1" name="SRP19" metaid="meta_SRP19" sboTerm="SBO:0000354" substanceUnits="substance" compartment="default">
<notes><body xmlns="http://www.w3.org/1999/xhtml"><a href="http://www.kegg.jp/dbget-bin/www_bget?K03105">Original Kegg Entry</a><br/>
<p><b>Description for “SRP19”:</b> signal recognition particle subunit SRP19</p>
</body></notes>
        <annotation>
          <rdf:RDF xmlns:rdf="http://www.w3.org/1999/02/22-rdf-syntax-ns#" xmlns:bqbiol="http://biomodels.net/biology-qualifiers/">
            <rdf:Description rdf:about="#meta_SRP19">
              <bqbiol:is>
                <rdf:Bag>
                  <rdf:li rdf:resource="urn:miriam:kegg.orthology:K03105"/>
                </rdf:Bag>
              </bqbiol:is>
              <bqbiol:isEncodedBy>
                <rdf:Bag>
                  <rdf:li rdf:resource="urn:miriam:entrez.gene:6728"/>
                  <rdf:li rdf:resource="urn:miriam:entrez.gene:100172362"/>
                  <rdf:li rdf:resource="urn:miriam:entrez.gene:66384"/>
                  <rdf:li rdf:resource="urn:miriam:entrez.gene:291685"/>
                  <rdf:li rdf:resource="urn:miriam:entrez.gene:479138"/>
                  <rdf:li rdf:resource="urn:miriam:entrez.gene:100472008"/>
                  <rdf:li rdf:resource="urn:miriam:entrez.gene:514960"/>
                  <rdf:li rdf:resource="urn:miriam:entrez.gene:100517270"/>
                  <rdf:li rdf:resource="urn:miriam:entrez.gene:100073184"/>
                  <rdf:li rdf:resource="urn:miriam:entrez.gene:100022204"/>
                  <rdf:li rdf:resource="urn:miriam:entrez.gene:100075538"/>
                  <rdf:li rdf:resource="urn:miriam:entrez.gene:770061"/>
                  <rdf:li rdf:resource="urn:miriam:entrez.gene:100550624"/>
                  <rdf:li rdf:resource="urn:miriam:entrez.gene:100190553"/>
                  <rdf:li rdf:resource="urn:miriam:entrez.gene:100561574"/>
                  <rdf:li rdf:resource="urn:miriam:entrez.gene:495049"/>
                  <rdf:li rdf:resource="urn:miriam:entrez.gene:496535"/>
                  <rdf:li rdf:resource="urn:miriam:entrez.gene:406652"/>
                  <rdf:li rdf:resource="urn:miriam:entrez.gene:100177434"/>
                  <rdf:li rdf:resource="urn:miriam:entrez.gene:579752"/>
                  <rdf:li rdf:resource="urn:miriam:entrez.gene:727473"/>
                  <rdf:li rdf:resource="urn:miriam:entrez.gene:100123695"/>
                  <rdf:li rdf:resource="urn:miriam:entrez.gene:656245"/>
                  <rdf:li rdf:resource="urn:miriam:entrez.gene:100161330"/>
                  <rdf:li rdf:resource="urn:miriam:entrez.gene:100201860"/>
                  <rdf:li rdf:resource="urn:miriam:entrez.gene:100264739"/>
                  <rdf:li rdf:resource="urn:miriam:entrez.gene:4340957"/>
                  <rdf:li rdf:resource="urn:miriam:entrez.gene:100282410"/>
                  <rdf:li rdf:resource="urn:miriam:entrez.gene:507993"/>
                </rdf:Bag>
              </bqbiol:isEncodedBy>
              <bqbiol:unknownQualifier>
                <rdf:Bag>
                  <rdf:li rdf:resource="urn:miriam:obo.eco:ECO%3A0000313"/>
                </rdf:Bag>
              </bqbiol:unknownQualifier>
            </rdf:Description>
          </rdf:RDF>
        </annotation>
      </species>
      <species id="SRPR" initialAmount="1" name="SRPR" metaid="meta_SRPR" sboTerm="SBO:0000354" substanceUnits="substance" compartment="default">
<notes><body xmlns="http://www.w3.org/1999/xhtml"><a href="http://www.kegg.jp/dbget-bin/www_bget?K13431">Original Kegg Entry</a><br/>
<p><b>Description for “SRPR”:</b> signal recognition particle receptor subunit alpha</p>
</body></notes>
        <annotation>
          <rdf:RDF xmlns:rdf="http://www.w3.org/1999/02/22-rdf-syntax-ns#" xmlns:bqbiol="http://biomodels.net/biology-qualifiers/">
            <rdf:Description rdf:about="#meta_SRPR">
              <bqbiol:is>
                <rdf:Bag>
                  <rdf:li rdf:resource="urn:miriam:kegg.orthology:K13431"/>
                </rdf:Bag>
              </bqbiol:is>
              <bqbiol:isEncodedBy>
                <rdf:Bag>
                  <rdf:li rdf:resource="urn:miriam:entrez.gene:6734"/>
                  <rdf:li rdf:resource="urn:miriam:entrez.gene:100172684"/>
                  <rdf:li rdf:resource="urn:miriam:entrez.gene:714215"/>
                  <rdf:li rdf:resource="urn:miriam:entrez.gene:67398"/>
                  <rdf:li rdf:resource="urn:miriam:entrez.gene:315548"/>
                  <rdf:li rdf:resource="urn:miriam:entrez.gene:489293"/>
                  <rdf:li rdf:resource="urn:miriam:entrez.gene:100471294"/>
                  <rdf:li rdf:resource="urn:miriam:entrez.gene:281504"/>
                  <rdf:li rdf:resource="urn:miriam:entrez.gene:100513370"/>
                  <rdf:li rdf:resource="urn:miriam:entrez.gene:100072446"/>
                  <rdf:li rdf:resource="urn:miriam:entrez.gene:100016574"/>
                  <rdf:li rdf:resource="urn:miriam:entrez.gene:419713"/>
                  <rdf:li rdf:resource="urn:miriam:entrez.gene:100544470"/>
                  <rdf:li rdf:resource="urn:miriam:entrez.gene:100565198"/>
                  <rdf:li rdf:resource="urn:miriam:entrez.gene:100271764"/>
                  <rdf:li rdf:resource="urn:miriam:entrez.gene:569063"/>
                  <rdf:li rdf:resource="urn:miriam:entrez.gene:100175861"/>
                  <rdf:li rdf:resource="urn:miriam:entrez.gene:592583"/>
                  <rdf:li rdf:resource="urn:miriam:entrez.gene:411542"/>
                  <rdf:li rdf:resource="urn:miriam:entrez.gene:100114185"/>
                  <rdf:li rdf:resource="urn:miriam:entrez.gene:655093"/>
                  <rdf:li rdf:resource="urn:miriam:entrez.gene:100168986"/>
                  <rdf:li rdf:resource="urn:miriam:entrez.gene:100203704"/>
                  <rdf:li rdf:resource="urn:miriam:entrez.gene:100256941"/>
                  <rdf:li rdf:resource="urn:miriam:entrez.gene:4345847"/>
                  <rdf:li rdf:resource="urn:miriam:entrez.gene:100191673"/>
                  <rdf:li rdf:resource="urn:miriam:entrez.gene:506337"/>
                </rdf:Bag>
              </bqbiol:isEncodedBy>
              <bqbiol:unknownQualifier>
                <rdf:Bag>
                  <rdf:li rdf:resource="urn:miriam:obo.eco:ECO%3A0000313"/>
                </rdf:Bag>
              </bqbiol:unknownQualifier>
            </rdf:Description>
          </rdf:RDF>
        </annotation>
      </species>
      <species id="SRP9" initialAmount="1" name="SRP9" metaid="meta_SRP9" sboTerm="SBO:0000354" substanceUnits="substance" compartment="default">
<notes><body xmlns="http://www.w3.org/1999/xhtml"><a href="http://www.kegg.jp/dbget-bin/www_bget?K03109">Original Kegg Entry</a><br/>
<p><b>Description for “SRP9”:</b> signal recognition particle subunit SRP9</p>
</body></notes>
        <annotation>
          <rdf:RDF xmlns:rdf="http://www.w3.org/1999/02/22-rdf-syntax-ns#" xmlns:bqbiol="http://biomodels.net/biology-qualifiers/">
            <rdf:Description rdf:about="#meta_SRP9">
              <bqbiol:is>
                <rdf:Bag>
                  <rdf:li rdf:resource="urn:miriam:kegg.orthology:K03109"/>
                </rdf:Bag>
              </bqbiol:is>
              <bqbiol:isEncodedBy>
                <rdf:Bag>
                  <rdf:li rdf:resource="urn:miriam:entrez.gene:6726"/>
                  <rdf:li rdf:resource="urn:miriam:entrez.gene:736942"/>
                  <rdf:li rdf:resource="urn:miriam:entrez.gene:100438779"/>
                  <rdf:li rdf:resource="urn:miriam:entrez.gene:100503508"/>
                  <rdf:li rdf:resource="urn:miriam:entrez.gene:690345"/>
                  <rdf:li rdf:resource="urn:miriam:entrez.gene:611923"/>
                  <rdf:li rdf:resource="urn:miriam:entrez.gene:100477928"/>
                  <rdf:li rdf:resource="urn:miriam:entrez.gene:527129"/>
                  <rdf:li rdf:resource="urn:miriam:entrez.gene:100524270"/>
                  <rdf:li rdf:resource="urn:miriam:entrez.gene:100019130"/>
                  <rdf:li rdf:resource="urn:miriam:entrez.gene:100076230"/>
                  <rdf:li rdf:resource="urn:miriam:entrez.gene:770243"/>
                  <rdf:li rdf:resource="urn:miriam:entrez.gene:100546638"/>
                  <rdf:li rdf:resource="urn:miriam:entrez.gene:100228729"/>
                  <rdf:li rdf:resource="urn:miriam:entrez.gene:100568033"/>
                  <rdf:li rdf:resource="urn:miriam:entrez.gene:446595"/>
                  <rdf:li rdf:resource="urn:miriam:entrez.gene:549540"/>
                  <rdf:li rdf:resource="urn:miriam:entrez.gene:394071"/>
                  <rdf:li rdf:resource="urn:miriam:entrez.gene:754315"/>
                  <rdf:li rdf:resource="urn:miriam:entrez.gene:725743"/>
                  <rdf:li rdf:resource="urn:miriam:entrez.gene:100118051"/>
                  <rdf:li rdf:resource="urn:miriam:entrez.gene:100168997"/>
                  <rdf:li rdf:resource="urn:miriam:entrez.gene:100252725"/>
                  <rdf:li rdf:resource="urn:miriam:entrez.gene:4340680"/>
                  <rdf:li rdf:resource="urn:miriam:entrez.gene:100216656"/>
                </rdf:Bag>
              </bqbiol:isEncodedBy>
              <bqbiol:unknownQualifier>
                <rdf:Bag>
                  <rdf:li rdf:resource="urn:miriam:obo.eco:ECO%3A0000313"/>
                </rdf:Bag>
              </bqbiol:unknownQualifier>
            </rdf:Description>
          </rdf:RDF>
        </annotation>
      </species>
      <species id="secB" initialAmount="1" name="secB" metaid="meta_secB" sboTerm="SBO:0000354" substanceUnits="substance" compartment="default">
<notes><body xmlns="http://www.w3.org/1999/xhtml"><a href="http://www.kegg.jp/dbget-bin/www_bget?K03071">Original Kegg Entry</a><br/>
<p><b>Description for “secB”:</b> preprotein translocase subunit SecB</p>
</body></notes>
        <annotation>
          <rdf:RDF xmlns:rdf="http://www.w3.org/1999/02/22-rdf-syntax-ns#" xmlns:bqbiol="http://biomodels.net/biology-qualifiers/">
            <rdf:Description rdf:about="#meta_secB">
              <bqbiol:is>
                <rdf:Bag>
                  <rdf:li rdf:resource="urn:miriam:kegg.orthology:K03071"/>
                </rdf:Bag>
              </bqbiol:is>
              <bqbiol:unknownQualifier>
                <rdf:Bag>
                  <rdf:li rdf:resource="urn:miriam:obo.eco:ECO%3A0000313"/>
                </rdf:Bag>
              </bqbiol:unknownQualifier>
            </rdf:Description>
          </rdf:RDF>
        </annotation>
      </species>
      <species id="ftsY" initialAmount="1" name="ftsY" metaid="meta_ftsY" sboTerm="SBO:0000354" substanceUnits="substance" compartment="default">
<notes><body xmlns="http://www.w3.org/1999/xhtml"><a href="http://www.kegg.jp/dbget-bin/www_bget?efa:EF3094">Original Kegg Entry</a><br/>
<p><b>Description for “ftsY”:</b> signal recognition particle-docking protein FtsY</p>
</body></notes>
        <annotation>
          <rdf:RDF xmlns:rdf="http://www.w3.org/1999/02/22-rdf-syntax-ns#" xmlns:bqbiol="http://biomodels.net/biology-qualifiers/">
            <rdf:Description rdf:about="#meta_ftsY">
              <bqbiol:is>
                <rdf:Bag>
                  <rdf:li rdf:resource="urn:miriam:kegg.genes:efa%3AEF3094"/>
                </rdf:Bag>
              </bqbiol:is>
              <bqbiol:isEncodedBy>
                <rdf:Bag>
                  <rdf:li rdf:resource="urn:miriam:entrez.gene:1201939"/>
                </rdf:Bag>
              </bqbiol:isEncodedBy>
              <bqbiol:is>
                <rdf:Bag>
                  <rdf:li rdf:resource="urn:miriam:uniprot:Q82ZG3"/>
                </rdf:Bag>
              </bqbiol:is>
              <bqbiol:unknownQualifier>
                <rdf:Bag>
                  <rdf:li rdf:resource="urn:miriam:obo.eco:ECO%3A0000313"/>
                </rdf:Bag>
              </bqbiol:unknownQualifier>
            </rdf:Description>
          </rdf:RDF>
        </annotation>
      </species>
      <species id="SEC62" initialAmount="1" name="SEC62" metaid="meta_SEC62" sboTerm="SBO:0000354" substanceUnits="substance" compartment="default">
<notes><body xmlns="http://www.w3.org/1999/xhtml"><a href="http://www.kegg.jp/dbget-bin/www_bget?K12275">Original Kegg Entry</a><br/>
<p><b>Description for “SEC62”:</b> translocation protein SEC62</p>
</body></notes>
        <annotation>
          <rdf:RDF xmlns:rdf="http://www.w3.org/1999/02/22-rdf-syntax-ns#" xmlns:bqbiol="http://biomodels.net/biology-qualifiers/">
            <rdf:Description rdf:about="#meta_SEC62">
              <bqbiol:is>
                <rdf:Bag>
                  <rdf:li rdf:resource="urn:miriam:kegg.orthology:K12275"/>
                </rdf:Bag>
              </bqbiol:is>
              <bqbiol:isEncodedBy>
                <rdf:Bag>
                  <rdf:li rdf:resource="urn:miriam:entrez.gene:7095"/>
                  <rdf:li rdf:resource="urn:miriam:entrez.gene:744481"/>
                  <rdf:li rdf:resource="urn:miriam:entrez.gene:100174729"/>
                  <rdf:li rdf:resource="urn:miriam:entrez.gene:696989"/>
                  <rdf:li rdf:resource="urn:miriam:entrez.gene:69276"/>
                  <rdf:li rdf:resource="urn:miriam:entrez.gene:294912"/>
                  <rdf:li rdf:resource="urn:miriam:entrez.gene:609416"/>
                  <rdf:li rdf:resource="urn:miriam:entrez.gene:100477650"/>
                  <rdf:li rdf:resource="urn:miriam:entrez.gene:538938"/>
                  <rdf:li rdf:resource="urn:miriam:entrez.gene:100125961"/>
                  <rdf:li rdf:resource="urn:miriam:entrez.gene:100063496"/>
                  <rdf:li rdf:resource="urn:miriam:entrez.gene:100011374"/>
                  <rdf:li rdf:resource="urn:miriam:entrez.gene:100083306"/>
                  <rdf:li rdf:resource="urn:miriam:entrez.gene:424993"/>
                  <rdf:li rdf:resource="urn:miriam:entrez.gene:100540648"/>
                  <rdf:li rdf:resource="urn:miriam:entrez.gene:100228841"/>
                  <rdf:li rdf:resource="urn:miriam:entrez.gene:100551597"/>
                  <rdf:li rdf:resource="urn:miriam:entrez.gene:446660"/>
                  <rdf:li rdf:resource="urn:miriam:entrez.gene:100158640"/>
                  <rdf:li rdf:resource="urn:miriam:entrez.gene:563660"/>
                  <rdf:li rdf:resource="urn:miriam:entrez.gene:100178586"/>
                  <rdf:li rdf:resource="urn:miriam:entrez.gene:585487"/>
                  <rdf:li rdf:resource="urn:miriam:entrez.gene:410916"/>
                  <rdf:li rdf:resource="urn:miriam:entrez.gene:661654"/>
                  <rdf:li rdf:resource="urn:miriam:entrez.gene:100165235"/>
                  <rdf:li rdf:resource="urn:miriam:entrez.gene:100213386"/>
                  <rdf:li rdf:resource="urn:miriam:entrez.gene:100267343"/>
                  <rdf:li rdf:resource="urn:miriam:entrez.gene:4329219"/>
                  <rdf:li rdf:resource="urn:miriam:entrez.gene:100284815"/>
                </rdf:Bag>
              </bqbiol:isEncodedBy>
              <bqbiol:unknownQualifier>
                <rdf:Bag>
                  <rdf:li rdf:resource="urn:miriam:obo.eco:ECO%3A0000313"/>
                </rdf:Bag>
              </bqbiol:unknownQualifier>
            </rdf:Description>
          </rdf:RDF>
        </annotation>
      </species>
      <species id="SEC63" initialAmount="1" name="SEC63" metaid="meta_SEC63" sboTerm="SBO:0000354" substanceUnits="substance" compartment="default">
<notes><body xmlns="http://www.w3.org/1999/xhtml"><a href="http://www.kegg.jp/dbget-bin/www_bget?K09540">Original Kegg Entry</a><br/>
<p><b>Description for “SEC63”:</b> translocation protein SEC63</p>
</body></notes>
        <annotation>
          <rdf:RDF xmlns:rdf="http://www.w3.org/1999/02/22-rdf-syntax-ns#" xmlns:bqbiol="http://biomodels.net/biology-qualifiers/">
            <rdf:Description rdf:about="#meta_SEC63">
              <bqbiol:is>
                <rdf:Bag>
                  <rdf:li rdf:resource="urn:miriam:kegg.orthology:K09540"/>
                </rdf:Bag>
              </bqbiol:is>
              <bqbiol:isEncodedBy>
                <rdf:Bag>
                  <rdf:li rdf:resource="urn:miriam:entrez.gene:11231"/>
                  <rdf:li rdf:resource="urn:miriam:entrez.gene:462915"/>
                  <rdf:li rdf:resource="urn:miriam:entrez.gene:100173604"/>
                  <rdf:li rdf:resource="urn:miriam:entrez.gene:698863"/>
                  <rdf:li rdf:resource="urn:miriam:entrez.gene:140740"/>
                  <rdf:li rdf:resource="urn:miriam:entrez.gene:309858"/>
                  <rdf:li rdf:resource="urn:miriam:entrez.gene:475016"/>
                  <rdf:li rdf:resource="urn:miriam:entrez.gene:100480484"/>
                  <rdf:li rdf:resource="urn:miriam:entrez.gene:541040"/>
                  <rdf:li rdf:resource="urn:miriam:entrez.gene:100152304"/>
                  <rdf:li rdf:resource="urn:miriam:entrez.gene:100072096"/>
                  <rdf:li rdf:resource="urn:miriam:entrez.gene:100021554"/>
                  <rdf:li rdf:resource="urn:miriam:entrez.gene:100080660"/>
                  <rdf:li rdf:resource="urn:miriam:entrez.gene:421774"/>
                  <rdf:li rdf:resource="urn:miriam:entrez.gene:100546640"/>
                  <rdf:li rdf:resource="urn:miriam:entrez.gene:100232120"/>
                  <rdf:li rdf:resource="urn:miriam:entrez.gene:100557736"/>
                  <rdf:li rdf:resource="urn:miriam:entrez.gene:443902"/>
                  <rdf:li rdf:resource="urn:miriam:entrez.gene:100125094"/>
                  <rdf:li rdf:resource="urn:miriam:entrez.gene:436861"/>
                  <rdf:li rdf:resource="urn:miriam:entrez.gene:100179323"/>
                  <rdf:li rdf:resource="urn:miriam:entrez.gene:588860"/>
                  <rdf:li rdf:resource="urn:miriam:entrez.gene:412505"/>
                  <rdf:li rdf:resource="urn:miriam:entrez.gene:100116321"/>
                  <rdf:li rdf:resource="urn:miriam:entrez.gene:660359"/>
                  <rdf:li rdf:resource="urn:miriam:entrez.gene:100159107"/>
                  <rdf:li rdf:resource="urn:miriam:entrez.gene:100215612"/>
                  <rdf:li rdf:resource="urn:miriam:entrez.gene:100254350"/>
                  <rdf:li rdf:resource="urn:miriam:entrez.gene:4335435"/>
                  <rdf:li rdf:resource="urn:miriam:entrez.gene:506887"/>
                </rdf:Bag>
              </bqbiol:isEncodedBy>
              <bqbiol:unknownQualifier>
                <rdf:Bag>
                  <rdf:li rdf:resource="urn:miriam:obo.eco:ECO%3A0000313"/>
                </rdf:Bag>
              </bqbiol:unknownQualifier>
            </rdf:Description>
          </rdf:RDF>
        </annotation>
      </species>
      <species id="SPCS1" initialAmount="1" name="SPCS1" metaid="meta_SPCS1" sboTerm="SBO:0000354" substanceUnits="substance" compartment="default">
<notes><body xmlns="http://www.w3.org/1999/xhtml"><a href="http://www.kegg.jp/dbget-bin/www_bget?K12946">Original Kegg Entry</a><br/>
<p><b>Description for “SPCS1”:</b> signal peptidase complex subunit 1 [EC:3.4.-.-]</p>
</body></notes>
        <annotation>
          <rdf:RDF xmlns:rdf="http://www.w3.org/1999/02/22-rdf-syntax-ns#" xmlns:bqbiol="http://biomodels.net/biology-qualifiers/">
            <rdf:Description rdf:about="#meta_SPCS1">
              <bqbiol:is>
                <rdf:Bag>
                  <rdf:li rdf:resource="urn:miriam:kegg.orthology:K12946"/>
                </rdf:Bag>
              </bqbiol:is>
              <bqbiol:isEncodedBy>
                <rdf:Bag>
                  <rdf:li rdf:resource="urn:miriam:entrez.gene:28972"/>
                  <rdf:li rdf:resource="urn:miriam:entrez.gene:100174219"/>
                  <rdf:li rdf:resource="urn:miriam:entrez.gene:696426"/>
                  <rdf:li rdf:resource="urn:miriam:entrez.gene:69019"/>
                  <rdf:li rdf:resource="urn:miriam:entrez.gene:290555"/>
                  <rdf:li rdf:resource="urn:miriam:entrez.gene:476592"/>
                  <rdf:li rdf:resource="urn:miriam:entrez.gene:100483426"/>
                  <rdf:li rdf:resource="urn:miriam:entrez.gene:511453"/>
                  <rdf:li rdf:resource="urn:miriam:entrez.gene:100135675"/>
                  <rdf:li rdf:resource="urn:miriam:entrez.gene:100030882"/>
                  <rdf:li rdf:resource="urn:miriam:entrez.gene:100088787"/>
                  <rdf:li rdf:resource="urn:miriam:entrez.gene:415899"/>
                  <rdf:li rdf:resource="urn:miriam:entrez.gene:100539366"/>
                  <rdf:li rdf:resource="urn:miriam:entrez.gene:100190576"/>
                  <rdf:li rdf:resource="urn:miriam:entrez.gene:100559975"/>
                  <rdf:li rdf:resource="urn:miriam:entrez.gene:496044"/>
                  <rdf:li rdf:resource="urn:miriam:entrez.gene:549392"/>
                  <rdf:li rdf:resource="urn:miriam:entrez.gene:606666"/>
                  <rdf:li rdf:resource="urn:miriam:entrez.gene:100185537"/>
                  <rdf:li rdf:resource="urn:miriam:entrez.gene:583925"/>
                  <rdf:li rdf:resource="urn:miriam:entrez.gene:726920"/>
                  <rdf:li rdf:resource="urn:miriam:entrez.gene:100116253"/>
                  <rdf:li rdf:resource="urn:miriam:entrez.gene:660550"/>
                  <rdf:li rdf:resource="urn:miriam:entrez.gene:100159329"/>
                  <rdf:li rdf:resource="urn:miriam:entrez.gene:100201205"/>
                  <rdf:li rdf:resource="urn:miriam:entrez.gene:100252350"/>
                  <rdf:li rdf:resource="urn:miriam:entrez.gene:100280989"/>
                </rdf:Bag>
              </bqbiol:isEncodedBy>
              <bqbiol:hasProperty>
                <rdf:Bag>
                  <rdf:li rdf:resource="urn:miriam:ec-code:3.4.-.-"/>
                </rdf:Bag>
              </bqbiol:hasProperty>
              <bqbiol:unknownQualifier>
                <rdf:Bag>
                  <rdf:li rdf:resource="urn:miriam:obo.eco:ECO%3A0000313"/>
                </rdf:Bag>
              </bqbiol:unknownQualifier>
            </rdf:Description>
          </rdf:RDF>
        </annotation>
      </species>
      <species id="SPCS2" initialAmount="1" name="SPCS2" metaid="meta_SPCS2" sboTerm="SBO:0000354" substanceUnits="substance" compartment="default">
<notes><body xmlns="http://www.w3.org/1999/xhtml"><a href="http://www.kegg.jp/dbget-bin/www_bget?K12947">Original Kegg Entry</a><br/>
<p><b>Description for “SPCS2, SPC2”:</b> signal peptidase complex subunit 2 [EC:3.4.-.-]</p>
</body></notes>
        <annotation>
          <rdf:RDF xmlns:rdf="http://www.w3.org/1999/02/22-rdf-syntax-ns#" xmlns:bqbiol="http://biomodels.net/biology-qualifiers/">
            <rdf:Description rdf:about="#meta_SPCS2">
              <bqbiol:is>
                <rdf:Bag>
                  <rdf:li rdf:resource="urn:miriam:kegg.orthology:K12947"/>
                </rdf:Bag>
              </bqbiol:is>
              <bqbiol:isEncodedBy>
                <rdf:Bag>
                  <rdf:li rdf:resource="urn:miriam:entrez.gene:9789"/>
                  <rdf:li rdf:resource="urn:miriam:entrez.gene:748664"/>
                  <rdf:li rdf:resource="urn:miriam:entrez.gene:100172541"/>
                  <rdf:li rdf:resource="urn:miriam:entrez.gene:694179"/>
                  <rdf:li rdf:resource="urn:miriam:entrez.gene:66624"/>
                  <rdf:li rdf:resource="urn:miriam:entrez.gene:293142"/>
                  <rdf:li rdf:resource="urn:miriam:entrez.gene:404016"/>
                  <rdf:li rdf:resource="urn:miriam:entrez.gene:100479057"/>
                  <rdf:li rdf:resource="urn:miriam:entrez.gene:786732"/>
                  <rdf:li rdf:resource="urn:miriam:entrez.gene:100051902"/>
                  <rdf:li rdf:resource="urn:miriam:entrez.gene:100012713"/>
                  <rdf:li rdf:resource="urn:miriam:entrez.gene:100088939"/>
                  <rdf:li rdf:resource="urn:miriam:entrez.gene:419056"/>
                  <rdf:li rdf:resource="urn:miriam:entrez.gene:100538461"/>
                  <rdf:li rdf:resource="urn:miriam:entrez.gene:100217473"/>
                  <rdf:li rdf:resource="urn:miriam:entrez.gene:100558372"/>
                  <rdf:li rdf:resource="urn:miriam:entrez.gene:100049747"/>
                  <rdf:li rdf:resource="urn:miriam:entrez.gene:496658"/>
                  <rdf:li rdf:resource="urn:miriam:entrez.gene:541342"/>
                  <rdf:li rdf:resource="urn:miriam:entrez.gene:100178515"/>
                  <rdf:li rdf:resource="urn:miriam:entrez.gene:591648"/>
                  <rdf:li rdf:resource="urn:miriam:entrez.gene:410218"/>
                  <rdf:li rdf:resource="urn:miriam:entrez.gene:100160848"/>
                  <rdf:li rdf:resource="urn:miriam:entrez.gene:100203029"/>
                  <rdf:li rdf:resource="urn:miriam:entrez.gene:100256412"/>
                  <rdf:li rdf:resource="urn:miriam:entrez.gene:4335967"/>
                  <rdf:li rdf:resource="urn:miriam:entrez.gene:100282505"/>
                </rdf:Bag>
              </bqbiol:isEncodedBy>
              <bqbiol:hasProperty>
                <rdf:Bag>
                  <rdf:li rdf:resource="urn:miriam:ec-code:3.4.-.-"/>
                </rdf:Bag>
              </bqbiol:hasProperty>
              <bqbiol:unknownQualifier>
                <rdf:Bag>
                  <rdf:li rdf:resource="urn:miriam:obo.eco:ECO%3A0000313"/>
                </rdf:Bag>
              </bqbiol:unknownQualifier>
            </rdf:Description>
          </rdf:RDF>
        </annotation>
      </species>
      <species id="SEC61A" initialAmount="1" name="SEC61A" metaid="meta_SEC61A" sboTerm="SBO:0000354" substanceUnits="substance" compartment="default">
<notes><body xmlns="http://www.w3.org/1999/xhtml"><a href="http://www.kegg.jp/dbget-bin/www_bget?K10956">Original Kegg Entry</a><br/>
<p><b>Description for “SEC61A”:</b> protein transport protein SEC61 subunit alpha</p>
</body></notes>
        <annotation>
          <rdf:RDF xmlns:rdf="http://www.w3.org/1999/02/22-rdf-syntax-ns#" xmlns:bqbiol="http://biomodels.net/biology-qualifiers/">
            <rdf:Description rdf:about="#meta_SEC61A">
              <bqbiol:is>
                <rdf:Bag>
                  <rdf:li rdf:resource="urn:miriam:kegg.orthology:K10956"/>
                </rdf:Bag>
              </bqbiol:is>
              <bqbiol:isEncodedBy>
                <rdf:Bag>
                  <rdf:li rdf:resource="urn:miriam:entrez.gene:29927"/>
                  <rdf:li rdf:resource="urn:miriam:entrez.gene:450305"/>
                  <rdf:li rdf:resource="urn:miriam:entrez.gene:100173741"/>
                  <rdf:li rdf:resource="urn:miriam:entrez.gene:100427731"/>
                  <rdf:li rdf:resource="urn:miriam:entrez.gene:53421"/>
                  <rdf:li rdf:resource="urn:miriam:entrez.gene:361273"/>
                  <rdf:li rdf:resource="urn:miriam:entrez.gene:404006"/>
                  <rdf:li rdf:resource="urn:miriam:entrez.gene:100478647"/>
                  <rdf:li rdf:resource="urn:miriam:entrez.gene:505064"/>
                  <rdf:li rdf:resource="urn:miriam:entrez.gene:100155306"/>
                  <rdf:li rdf:resource="urn:miriam:entrez.gene:100054080"/>
                  <rdf:li rdf:resource="urn:miriam:entrez.gene:100013623"/>
                  <rdf:li rdf:resource="urn:miriam:entrez.gene:100075168"/>
                  <rdf:li rdf:resource="urn:miriam:entrez.gene:416023"/>
                  <rdf:li rdf:resource="urn:miriam:entrez.gene:100540625"/>
                  <rdf:li rdf:resource="urn:miriam:entrez.gene:100222701"/>
                  <rdf:li rdf:resource="urn:miriam:entrez.gene:100567770"/>
                  <rdf:li rdf:resource="urn:miriam:entrez.gene:379936"/>
                  <rdf:li rdf:resource="urn:miriam:entrez.gene:448033"/>
                  <rdf:li rdf:resource="urn:miriam:entrez.gene:192298"/>
                  <rdf:li rdf:resource="urn:miriam:entrez.gene:100176997"/>
                  <rdf:li rdf:resource="urn:miriam:entrez.gene:576070"/>
                  <rdf:li rdf:resource="urn:miriam:entrez.gene:725571"/>
                  <rdf:li rdf:resource="urn:miriam:entrez.gene:100114093"/>
                  <rdf:li rdf:resource="urn:miriam:entrez.gene:658693"/>
                  <rdf:li rdf:resource="urn:miriam:entrez.gene:100144911"/>
                  <rdf:li rdf:resource="urn:miriam:entrez.gene:100200475"/>
                  <rdf:li rdf:resource="urn:miriam:entrez.gene:100248517"/>
                  <rdf:li rdf:resource="urn:miriam:entrez.gene:4332042"/>
                  <rdf:li rdf:resource="urn:miriam:entrez.gene:100276798"/>
                  <rdf:li rdf:resource="urn:miriam:entrez.gene:506297"/>
                </rdf:Bag>
              </bqbiol:isEncodedBy>
              <bqbiol:unknownQualifier>
                <rdf:Bag>
                  <rdf:li rdf:resource="urn:miriam:obo.eco:ECO%3A0000313"/>
                </rdf:Bag>
              </bqbiol:unknownQualifier>
            </rdf:Description>
          </rdf:RDF>
        </annotation>
      </species>
      <species id="SPCS3" initialAmount="1" name="SPCS3" metaid="meta_SPCS3" sboTerm="SBO:0000354" substanceUnits="substance" compartment="default">
<notes><body xmlns="http://www.w3.org/1999/xhtml"><a href="http://www.kegg.jp/dbget-bin/www_bget?K12948">Original Kegg Entry</a><br/>
<p><b>Description for “SPCS3, SPC3”:</b> signal peptidase complex subunit 3 [EC:3.4.-.-]</p>
</body></notes>
        <annotation>
          <rdf:RDF xmlns:rdf="http://www.w3.org/1999/02/22-rdf-syntax-ns#" xmlns:bqbiol="http://biomodels.net/biology-qualifiers/">
            <rdf:Description rdf:about="#meta_SPCS3">
              <bqbiol:is>
                <rdf:Bag>
                  <rdf:li rdf:resource="urn:miriam:kegg.orthology:K12948"/>
                </rdf:Bag>
              </bqbiol:is>
              <bqbiol:isEncodedBy>
                <rdf:Bag>
                  <rdf:li rdf:resource="urn:miriam:entrez.gene:60559"/>
                  <rdf:li rdf:resource="urn:miriam:entrez.gene:742597"/>
                  <rdf:li rdf:resource="urn:miriam:entrez.gene:100438987"/>
                  <rdf:li rdf:resource="urn:miriam:entrez.gene:100429721"/>
                  <rdf:li rdf:resource="urn:miriam:entrez.gene:76687"/>
                  <rdf:li rdf:resource="urn:miriam:entrez.gene:680782"/>
                  <rdf:li rdf:resource="urn:miriam:entrez.gene:404005"/>
                  <rdf:li rdf:resource="urn:miriam:entrez.gene:100479032"/>
                  <rdf:li rdf:resource="urn:miriam:entrez.gene:767917"/>
                  <rdf:li rdf:resource="urn:miriam:entrez.gene:100526140"/>
                  <rdf:li rdf:resource="urn:miriam:entrez.gene:100017815"/>
                  <rdf:li rdf:resource="urn:miriam:entrez.gene:100087526"/>
                  <rdf:li rdf:resource="urn:miriam:entrez.gene:396234"/>
                  <rdf:li rdf:resource="urn:miriam:entrez.gene:100551303"/>
                  <rdf:li rdf:resource="urn:miriam:entrez.gene:100228037"/>
                  <rdf:li rdf:resource="urn:miriam:entrez.gene:100566105"/>
                  <rdf:li rdf:resource="urn:miriam:entrez.gene:432311"/>
                  <rdf:li rdf:resource="urn:miriam:entrez.gene:549848"/>
                  <rdf:li rdf:resource="urn:miriam:entrez.gene:405884"/>
                  <rdf:li rdf:resource="urn:miriam:entrez.gene:100184661"/>
                  <rdf:li rdf:resource="urn:miriam:entrez.gene:727074"/>
                  <rdf:li rdf:resource="urn:miriam:entrez.gene:663120"/>
                  <rdf:li rdf:resource="urn:miriam:entrez.gene:100161453"/>
                  <rdf:li rdf:resource="urn:miriam:entrez.gene:100200856"/>
                  <rdf:li rdf:resource="urn:miriam:entrez.gene:100252902"/>
                  <rdf:li rdf:resource="urn:miriam:entrez.gene:4325792"/>
                  <rdf:li rdf:resource="urn:miriam:entrez.gene:100274280"/>
                </rdf:Bag>
              </bqbiol:isEncodedBy>
              <bqbiol:hasProperty>
                <rdf:Bag>
                  <rdf:li rdf:resource="urn:miriam:ec-code:3.4.-.-"/>
                </rdf:Bag>
              </bqbiol:hasProperty>
              <bqbiol:unknownQualifier>
                <rdf:Bag>
                  <rdf:li rdf:resource="urn:miriam:obo.eco:ECO%3A0000313"/>
                </rdf:Bag>
              </bqbiol:unknownQualifier>
            </rdf:Description>
          </rdf:RDF>
        </annotation>
      </species>
      <species id="SEC11" initialAmount="1" name="SEC11" metaid="meta_SEC11" sboTerm="SBO:0000354" substanceUnits="substance" compartment="default">
<notes><body xmlns="http://www.w3.org/1999/xhtml"><a href="http://www.kegg.jp/dbget-bin/www_bget?K13280">Original Kegg Entry</a><br/>
<p><b>Description for “SEC11, sipW”:</b> signal peptidase, endoplasmic reticulum-type [EC:3.4.-.-]</p>
</body></notes>
        <annotation>
          <rdf:RDF xmlns:rdf="http://www.w3.org/1999/02/22-rdf-syntax-ns#" xmlns:bqbiol="http://biomodels.net/biology-qualifiers/">
            <rdf:Description rdf:about="#meta_SEC11">
              <bqbiol:is>
                <rdf:Bag>
                  <rdf:li rdf:resource="urn:miriam:kegg.orthology:K13280"/>
                </rdf:Bag>
              </bqbiol:is>
              <bqbiol:isEncodedBy>
                <rdf:Bag>
                  <rdf:li rdf:resource="urn:miriam:entrez.gene:23478"/>
                  <rdf:li rdf:resource="urn:miriam:entrez.gene:453607"/>
                  <rdf:li rdf:resource="urn:miriam:entrez.gene:100174381"/>
                  <rdf:li rdf:resource="urn:miriam:entrez.gene:695951"/>
                  <rdf:li rdf:resource="urn:miriam:entrez.gene:56529"/>
                  <rdf:li rdf:resource="urn:miriam:entrez.gene:266758"/>
                  <rdf:li rdf:resource="urn:miriam:entrez.gene:404003"/>
                  <rdf:li rdf:resource="urn:miriam:entrez.gene:100476396"/>
                  <rdf:li rdf:resource="urn:miriam:entrez.gene:282078"/>
                  <rdf:li rdf:resource="urn:miriam:entrez.gene:100524124"/>
                  <rdf:li rdf:resource="urn:miriam:entrez.gene:100053244"/>
                  <rdf:li rdf:resource="urn:miriam:entrez.gene:100010917"/>
                  <rdf:li rdf:resource="urn:miriam:entrez.gene:100074574"/>
                  <rdf:li rdf:resource="urn:miriam:entrez.gene:415334"/>
                  <rdf:li rdf:resource="urn:miriam:entrez.gene:100538486"/>
                  <rdf:li rdf:resource="urn:miriam:entrez.gene:100190291"/>
                  <rdf:li rdf:resource="urn:miriam:entrez.gene:100559951"/>
                  <rdf:li rdf:resource="urn:miriam:entrez.gene:379448"/>
                  <rdf:li rdf:resource="urn:miriam:entrez.gene:394740"/>
                  <rdf:li rdf:resource="urn:miriam:entrez.gene:436794"/>
                  <rdf:li rdf:resource="urn:miriam:entrez.gene:100175221"/>
                  <rdf:li rdf:resource="urn:miriam:entrez.gene:581228"/>
                  <rdf:li rdf:resource="urn:miriam:entrez.gene:409397"/>
                  <rdf:li rdf:resource="urn:miriam:entrez.gene:100119564"/>
                  <rdf:li rdf:resource="urn:miriam:entrez.gene:655258"/>
                  <rdf:li rdf:resource="urn:miriam:entrez.gene:100162761"/>
                  <rdf:li rdf:resource="urn:miriam:entrez.gene:100213307"/>
                  <rdf:li rdf:resource="urn:miriam:entrez.gene:100257568"/>
                  <rdf:li rdf:resource="urn:miriam:entrez.gene:4331226"/>
                  <rdf:li rdf:resource="urn:miriam:entrez.gene:100191345"/>
                  <rdf:li rdf:resource="urn:miriam:entrez.gene:507809"/>
                </rdf:Bag>
              </bqbiol:isEncodedBy>
              <bqbiol:hasProperty>
                <rdf:Bag>
                  <rdf:li rdf:resource="urn:miriam:ec-code:3.4.-.-"/>
                </rdf:Bag>
              </bqbiol:hasProperty>
              <bqbiol:unknownQualifier>
                <rdf:Bag>
                  <rdf:li rdf:resource="urn:miriam:obo.eco:ECO%3A0000313"/>
                </rdf:Bag>
              </bqbiol:unknownQualifier>
            </rdf:Description>
          </rdf:RDF>
        </annotation>
      </species>
      <species id="IMP1" initialAmount="1" name="IMP1" metaid="meta_IMP1" sboTerm="SBO:0000354" substanceUnits="substance" compartment="default">
<notes><body xmlns="http://www.w3.org/1999/xhtml"><a href="http://www.kegg.jp/dbget-bin/www_bget?K09647">Original Kegg Entry</a><br/>
<p><b>Description for “IMP1”:</b> mitochondrial inner membrane protease subunit 1 [EC:3.4.21.-]</p>
</body></notes>
        <annotation>
          <rdf:RDF xmlns:rdf="http://www.w3.org/1999/02/22-rdf-syntax-ns#" xmlns:bqbiol="http://biomodels.net/biology-qualifiers/">
            <rdf:Description rdf:about="#meta_IMP1">
              <bqbiol:is>
                <rdf:Bag>
                  <rdf:li rdf:resource="urn:miriam:kegg.orthology:K09647"/>
                </rdf:Bag>
              </bqbiol:is>
              <bqbiol:isEncodedBy>
                <rdf:Bag>
                  <rdf:li rdf:resource="urn:miriam:entrez.gene:196294"/>
                  <rdf:li rdf:resource="urn:miriam:entrez.gene:466478"/>
                  <rdf:li rdf:resource="urn:miriam:entrez.gene:100440000"/>
                  <rdf:li rdf:resource="urn:miriam:entrez.gene:696105"/>
                  <rdf:li rdf:resource="urn:miriam:entrez.gene:66541"/>
                  <rdf:li rdf:resource="urn:miriam:entrez.gene:687395"/>
                  <rdf:li rdf:resource="urn:miriam:entrez.gene:475954"/>
                  <rdf:li rdf:resource="urn:miriam:entrez.gene:100476128"/>
                  <rdf:li rdf:resource="urn:miriam:entrez.gene:617161"/>
                  <rdf:li rdf:resource="urn:miriam:entrez.gene:100514893"/>
                  <rdf:li rdf:resource="urn:miriam:entrez.gene:100057660"/>
                  <rdf:li rdf:resource="urn:miriam:entrez.gene:100022870"/>
                  <rdf:li rdf:resource="urn:miriam:entrez.gene:100074482"/>
                  <rdf:li rdf:resource="urn:miriam:entrez.gene:771365"/>
                  <rdf:li rdf:resource="urn:miriam:entrez.gene:100544710"/>
                  <rdf:li rdf:resource="urn:miriam:entrez.gene:100190251"/>
                  <rdf:li rdf:resource="urn:miriam:entrez.gene:100551982"/>
                  <rdf:li rdf:resource="urn:miriam:entrez.gene:549343"/>
                  <rdf:li rdf:resource="urn:miriam:entrez.gene:795154"/>
                  <rdf:li rdf:resource="urn:miriam:entrez.gene:100186321"/>
                  <rdf:li rdf:resource="urn:miriam:entrez.gene:659005"/>
                  <rdf:li rdf:resource="urn:miriam:entrez.gene:100169238"/>
                  <rdf:li rdf:resource="urn:miriam:entrez.gene:100207849"/>
                  <rdf:li rdf:resource="urn:miriam:entrez.gene:100255515"/>
                  <rdf:li rdf:resource="urn:miriam:entrez.gene:4350939"/>
                  <rdf:li rdf:resource="urn:miriam:entrez.gene:100280858"/>
                </rdf:Bag>
              </bqbiol:isEncodedBy>
              <bqbiol:hasProperty>
                <rdf:Bag>
                  <rdf:li rdf:resource="urn:miriam:ec-code:3.4.21.-"/>
                </rdf:Bag>
              </bqbiol:hasProperty>
              <bqbiol:unknownQualifier>
                <rdf:Bag>
                  <rdf:li rdf:resource="urn:miriam:obo.eco:ECO%3A0000313"/>
                </rdf:Bag>
              </bqbiol:unknownQualifier>
            </rdf:Description>
          </rdf:RDF>
        </annotation>
      </species>
      <species id="IMP2" initialAmount="1" name="IMP2" metaid="meta_IMP2" sboTerm="SBO:0000354" substanceUnits="substance" compartment="default">
<notes><body xmlns="http://www.w3.org/1999/xhtml"><a href="http://www.kegg.jp/dbget-bin/www_bget?K09648">Original Kegg Entry</a><br/>
<p><b>Description for “IMP2”:</b> mitochondrial inner membrane protease subunit 2 [EC:3.4.21.-]</p>
</body></notes>
        <annotation>
          <rdf:RDF xmlns:rdf="http://www.w3.org/1999/02/22-rdf-syntax-ns#" xmlns:bqbiol="http://biomodels.net/biology-qualifiers/">
            <rdf:Description rdf:about="#meta_IMP2">
              <bqbiol:is>
                <rdf:Bag>
                  <rdf:li rdf:resource="urn:miriam:kegg.orthology:K09648"/>
                </rdf:Bag>
              </bqbiol:is>
              <bqbiol:isEncodedBy>
                <rdf:Bag>
                  <rdf:li rdf:resource="urn:miriam:entrez.gene:83943"/>
                  <rdf:li rdf:resource="urn:miriam:entrez.gene:745186"/>
                  <rdf:li rdf:resource="urn:miriam:entrez.gene:100433906"/>
                  <rdf:li rdf:resource="urn:miriam:entrez.gene:701823"/>
                  <rdf:li rdf:resource="urn:miriam:entrez.gene:93757"/>
                  <rdf:li rdf:resource="urn:miriam:entrez.gene:100359529"/>
                  <rdf:li rdf:resource="urn:miriam:entrez.gene:611911"/>
                  <rdf:li rdf:resource="urn:miriam:entrez.gene:100484674"/>
                  <rdf:li rdf:resource="urn:miriam:entrez.gene:768034"/>
                  <rdf:li rdf:resource="urn:miriam:entrez.gene:100521052"/>
                  <rdf:li rdf:resource="urn:miriam:entrez.gene:100146231"/>
                  <rdf:li rdf:resource="urn:miriam:entrez.gene:100021306"/>
                  <rdf:li rdf:resource="urn:miriam:entrez.gene:417780"/>
                  <rdf:li rdf:resource="urn:miriam:entrez.gene:100546888"/>
                  <rdf:li rdf:resource="urn:miriam:entrez.gene:100226070"/>
                  <rdf:li rdf:resource="urn:miriam:entrez.gene:100558605"/>
                  <rdf:li rdf:resource="urn:miriam:entrez.gene:495969"/>
                  <rdf:li rdf:resource="urn:miriam:entrez.gene:100488092"/>
                  <rdf:li rdf:resource="urn:miriam:entrez.gene:445299"/>
                  <rdf:li rdf:resource="urn:miriam:entrez.gene:100182726"/>
                  <rdf:li rdf:resource="urn:miriam:entrez.gene:661039"/>
                  <rdf:li rdf:resource="urn:miriam:entrez.gene:100570916"/>
                  <rdf:li rdf:resource="urn:miriam:entrez.gene:100211733"/>
                  <rdf:li rdf:resource="urn:miriam:entrez.gene:100244265"/>
                  <rdf:li rdf:resource="urn:miriam:entrez.gene:4335047"/>
                </rdf:Bag>
              </bqbiol:isEncodedBy>
              <bqbiol:hasProperty>
                <rdf:Bag>
                  <rdf:li rdf:resource="urn:miriam:ec-code:3.4.21.-"/>
                </rdf:Bag>
              </bqbiol:hasProperty>
              <bqbiol:unknownQualifier>
                <rdf:Bag>
                  <rdf:li rdf:resource="urn:miriam:obo.eco:ECO%3A0000313"/>
                </rdf:Bag>
              </bqbiol:unknownQualifier>
            </rdf:Description>
          </rdf:RDF>
        </annotation>
      </species>
      <species id="SRPRB" initialAmount="1" name="SRPRB" metaid="meta_SRPRB" sboTerm="SBO:0000354" substanceUnits="substance" compartment="default">
<notes><body xmlns="http://www.w3.org/1999/xhtml"><a href="http://www.kegg.jp/dbget-bin/www_bget?K12272">Original Kegg Entry</a><br/>
<p><b>Description for “SRPRB, SRP102”:</b> signal recognition particle receptor subunit beta</p>
</body></notes>
        <annotation>
          <rdf:RDF xmlns:rdf="http://www.w3.org/1999/02/22-rdf-syntax-ns#" xmlns:bqbiol="http://biomodels.net/biology-qualifiers/">
            <rdf:Description rdf:about="#meta_SRPRB">
              <bqbiol:is>
                <rdf:Bag>
                  <rdf:li rdf:resource="urn:miriam:kegg.orthology:K12272"/>
                </rdf:Bag>
              </bqbiol:is>
              <bqbiol:isEncodedBy>
                <rdf:Bag>
                  <rdf:li rdf:resource="urn:miriam:entrez.gene:58477"/>
                  <rdf:li rdf:resource="urn:miriam:entrez.gene:100445927"/>
                  <rdf:li rdf:resource="urn:miriam:entrez.gene:719024"/>
                  <rdf:li rdf:resource="urn:miriam:entrez.gene:20818"/>
                  <rdf:li rdf:resource="urn:miriam:entrez.gene:300965"/>
                  <rdf:li rdf:resource="urn:miriam:entrez.gene:610826"/>
                  <rdf:li rdf:resource="urn:miriam:entrez.gene:100523141"/>
                  <rdf:li rdf:resource="urn:miriam:entrez.gene:100092127"/>
                  <rdf:li rdf:resource="urn:miriam:entrez.gene:380540"/>
                  <rdf:li rdf:resource="urn:miriam:entrez.gene:394639"/>
                  <rdf:li rdf:resource="urn:miriam:entrez.gene:436845"/>
                  <rdf:li rdf:resource="urn:miriam:entrez.gene:100179908"/>
                  <rdf:li rdf:resource="urn:miriam:entrez.gene:756528"/>
                  <rdf:li rdf:resource="urn:miriam:entrez.gene:410469"/>
                  <rdf:li rdf:resource="urn:miriam:entrez.gene:100123110"/>
                  <rdf:li rdf:resource="urn:miriam:entrez.gene:660505"/>
                  <rdf:li rdf:resource="urn:miriam:entrez.gene:100165738"/>
                  <rdf:li rdf:resource="urn:miriam:entrez.gene:100258628"/>
                  <rdf:li rdf:resource="urn:miriam:entrez.gene:4346082"/>
                  <rdf:li rdf:resource="urn:miriam:entrez.gene:100193087"/>
                  <rdf:li rdf:resource="urn:miriam:entrez.gene:504157"/>
                </rdf:Bag>
              </bqbiol:isEncodedBy>
              <bqbiol:unknownQualifier>
                <rdf:Bag>
                  <rdf:li rdf:resource="urn:miriam:obo.eco:ECO%3A0000313"/>
                </rdf:Bag>
              </bqbiol:unknownQualifier>
            </rdf:Description>
          </rdf:RDF>
        </annotation>
      </species>
      <species id="SEC61B" initialAmount="1" name="SEC61B" metaid="meta_SEC61B" sboTerm="SBO:0000354" substanceUnits="substance" compartment="default">
<notes><body xmlns="http://www.w3.org/1999/xhtml"><a href="http://www.kegg.jp/dbget-bin/www_bget?K09481">Original Kegg Entry</a><br/>
<p><b>Description for “SEC61B, SBH2”:</b> protein transport protein SEC61 subunit beta</p>
</body></notes>
        <annotation>
          <rdf:RDF xmlns:rdf="http://www.w3.org/1999/02/22-rdf-syntax-ns#" xmlns:bqbiol="http://biomodels.net/biology-qualifiers/">
            <rdf:Description rdf:about="#meta_SEC61B">
              <bqbiol:is>
                <rdf:Bag>
                  <rdf:li rdf:resource="urn:miriam:kegg.orthology:K09481"/>
                </rdf:Bag>
              </bqbiol:is>
              <bqbiol:isEncodedBy>
                <rdf:Bag>
                  <rdf:li rdf:resource="urn:miriam:entrez.gene:10952"/>
                  <rdf:li rdf:resource="urn:miriam:entrez.gene:100190850"/>
                  <rdf:li rdf:resource="urn:miriam:entrez.gene:713024"/>
                  <rdf:li rdf:resource="urn:miriam:entrez.gene:66212"/>
                  <rdf:li rdf:resource="urn:miriam:entrez.gene:298068"/>
                  <rdf:li rdf:resource="urn:miriam:entrez.gene:404018"/>
                  <rdf:li rdf:resource="urn:miriam:entrez.gene:100471006"/>
                  <rdf:li rdf:resource="urn:miriam:entrez.gene:506986"/>
                  <rdf:li rdf:resource="urn:miriam:entrez.gene:100511362"/>
                  <rdf:li rdf:resource="urn:miriam:entrez.gene:100011332"/>
                  <rdf:li rdf:resource="urn:miriam:entrez.gene:100538573"/>
                  <rdf:li rdf:resource="urn:miriam:entrez.gene:100222442"/>
                  <rdf:li rdf:resource="urn:miriam:entrez.gene:100552074"/>
                  <rdf:li rdf:resource="urn:miriam:entrez.gene:379848"/>
                  <rdf:li rdf:resource="urn:miriam:entrez.gene:100038128"/>
                  <rdf:li rdf:resource="urn:miriam:entrez.gene:791986"/>
                  <rdf:li rdf:resource="urn:miriam:entrez.gene:100175466"/>
                  <rdf:li rdf:resource="urn:miriam:entrez.gene:576727"/>
                  <rdf:li rdf:resource="urn:miriam:entrez.gene:724188"/>
                  <rdf:li rdf:resource="urn:miriam:entrez.gene:100113628"/>
                  <rdf:li rdf:resource="urn:miriam:entrez.gene:663663"/>
                  <rdf:li rdf:resource="urn:miriam:entrez.gene:100160371"/>
                  <rdf:li rdf:resource="urn:miriam:entrez.gene:100205562"/>
                  <rdf:li rdf:resource="urn:miriam:entrez.gene:100241050"/>
                  <rdf:li rdf:resource="urn:miriam:entrez.gene:4327929"/>
                  <rdf:li rdf:resource="urn:miriam:entrez.gene:100280873"/>
                </rdf:Bag>
              </bqbiol:isEncodedBy>
              <bqbiol:unknownQualifier>
                <rdf:Bag>
                  <rdf:li rdf:resource="urn:miriam:obo.eco:ECO%3A0000313"/>
                </rdf:Bag>
              </bqbiol:unknownQualifier>
            </rdf:Description>
          </rdf:RDF>
        </annotation>
      </species>
      <species id="SEC61G" initialAmount="1" name="SEC61G" metaid="meta_SEC61G" sboTerm="SBO:0000354" substanceUnits="substance" compartment="default">
<notes><body xmlns="http://www.w3.org/1999/xhtml"><a href="http://www.kegg.jp/dbget-bin/www_bget?K07342">Original Kegg Entry</a><br/>
<p><b>Description for “SEC61G, SSS1, secE”:</b> protein transport protein SEC61 subunit gamma and related proteins</p>
</body></notes>
        <annotation>
          <rdf:RDF xmlns:rdf="http://www.w3.org/1999/02/22-rdf-syntax-ns#" xmlns:bqbiol="http://biomodels.net/biology-qualifiers/">
            <rdf:Description rdf:about="#meta_SEC61G">
              <bqbiol:is>
                <rdf:Bag>
                  <rdf:li rdf:resource="urn:miriam:kegg.orthology:K07342"/>
                </rdf:Bag>
              </bqbiol:is>
              <bqbiol:isEncodedBy>
                <rdf:Bag>
                  <rdf:li rdf:resource="urn:miriam:entrez.gene:23480"/>
                  <rdf:li rdf:resource="urn:miriam:entrez.gene:100459650"/>
                  <rdf:li rdf:resource="urn:miriam:entrez.gene:716898"/>
                  <rdf:li rdf:resource="urn:miriam:entrez.gene:100041121"/>
                  <rdf:li rdf:resource="urn:miriam:entrez.gene:689134"/>
                  <rdf:li rdf:resource="urn:miriam:entrez.gene:404017"/>
                  <rdf:li rdf:resource="urn:miriam:entrez.gene:100483954"/>
                  <rdf:li rdf:resource="urn:miriam:entrez.gene:615778"/>
                  <rdf:li rdf:resource="urn:miriam:entrez.gene:100517415"/>
                  <rdf:li rdf:resource="urn:miriam:entrez.gene:100018497"/>
                  <rdf:li rdf:resource="urn:miriam:entrez.gene:100075272"/>
                  <rdf:li rdf:resource="urn:miriam:entrez.gene:776639"/>
                  <rdf:li rdf:resource="urn:miriam:entrez.gene:100542792"/>
                  <rdf:li rdf:resource="urn:miriam:entrez.gene:100220928"/>
                  <rdf:li rdf:resource="urn:miriam:entrez.gene:100564592"/>
                  <rdf:li rdf:resource="urn:miriam:entrez.gene:100329133"/>
                  <rdf:li rdf:resource="urn:miriam:entrez.gene:100127634"/>
                  <rdf:li rdf:resource="urn:miriam:entrez.gene:436772"/>
                  <rdf:li rdf:resource="urn:miriam:entrez.gene:100177901"/>
                  <rdf:li rdf:resource="urn:miriam:entrez.gene:592604"/>
                  <rdf:li rdf:resource="urn:miriam:entrez.gene:726721"/>
                  <rdf:li rdf:resource="urn:miriam:entrez.gene:100113939"/>
                  <rdf:li rdf:resource="urn:miriam:entrez.gene:664530"/>
                  <rdf:li rdf:resource="urn:miriam:entrez.gene:100163800"/>
                  <rdf:li rdf:resource="urn:miriam:entrez.gene:100212401"/>
                  <rdf:li rdf:resource="urn:miriam:entrez.gene:100254996"/>
                  <rdf:li rdf:resource="urn:miriam:entrez.gene:4328492"/>
                  <rdf:li rdf:resource="urn:miriam:entrez.gene:100280916"/>
                  <rdf:li rdf:resource="urn:miriam:entrez.gene:511865"/>
                </rdf:Bag>
              </bqbiol:isEncodedBy>
              <bqbiol:unknownQualifier>
                <rdf:Bag>
                  <rdf:li rdf:resource="urn:miriam:obo.eco:ECO%3A0000313"/>
                </rdf:Bag>
              </bqbiol:unknownQualifier>
            </rdf:Description>
          </rdf:RDF>
        </annotation>
      </species>
      <species id="HSPA5" initialAmount="1" name="HSPA5" metaid="meta_HSPA5" sboTerm="SBO:0000354" substanceUnits="substance" compartment="default">
<notes><body xmlns="http://www.w3.org/1999/xhtml"><a href="http://www.kegg.jp/dbget-bin/www_bget?K09490">Original Kegg Entry</a><br/>
<p><b>Description for “HSPA5, BIP”:</b> heat shock 70kDa protein 5</p>
</body></notes>
        <annotation>
          <rdf:RDF xmlns:rdf="http://www.w3.org/1999/02/22-rdf-syntax-ns#" xmlns:bqbiol="http://biomodels.net/biology-qualifiers/">
            <rdf:Description rdf:about="#meta_HSPA5">
              <bqbiol:is>
                <rdf:Bag>
                  <rdf:li rdf:resource="urn:miriam:kegg.orthology:K09490"/>
                </rdf:Bag>
              </bqbiol:is>
              <bqbiol:isEncodedBy>
                <rdf:Bag>
                  <rdf:li rdf:resource="urn:miriam:entrez.gene:3309"/>
                  <rdf:li rdf:resource="urn:miriam:entrez.gene:464733"/>
                  <rdf:li rdf:resource="urn:miriam:entrez.gene:100173944"/>
                  <rdf:li rdf:resource="urn:miriam:entrez.gene:703193"/>
                  <rdf:li rdf:resource="urn:miriam:entrez.gene:14828"/>
                  <rdf:li rdf:resource="urn:miriam:entrez.gene:25617"/>
                  <rdf:li rdf:resource="urn:miriam:entrez.gene:480726"/>
                  <rdf:li rdf:resource="urn:miriam:entrez.gene:100480574"/>
                  <rdf:li rdf:resource="urn:miriam:entrez.gene:415113"/>
                  <rdf:li rdf:resource="urn:miriam:entrez.gene:407060"/>
                  <rdf:li rdf:resource="urn:miriam:entrez.gene:100015941"/>
                  <rdf:li rdf:resource="urn:miriam:entrez.gene:396487"/>
                  <rdf:li rdf:resource="urn:miriam:entrez.gene:100538701"/>
                  <rdf:li rdf:resource="urn:miriam:entrez.gene:100218236"/>
                  <rdf:li rdf:resource="urn:miriam:entrez.gene:100558585"/>
                  <rdf:li rdf:resource="urn:miriam:entrez.gene:379756"/>
                  <rdf:li rdf:resource="urn:miriam:entrez.gene:100492570"/>
                  <rdf:li rdf:resource="urn:miriam:entrez.gene:378848"/>
                  <rdf:li rdf:resource="urn:miriam:entrez.gene:100186609"/>
                  <rdf:li rdf:resource="urn:miriam:entrez.gene:409587"/>
                  <rdf:li rdf:resource="urn:miriam:entrez.gene:100118379"/>
                  <rdf:li rdf:resource="urn:miriam:entrez.gene:659147"/>
                  <rdf:li rdf:resource="urn:miriam:entrez.gene:100166283"/>
                  <rdf:li rdf:resource="urn:miriam:entrez.gene:100200137"/>
                  <rdf:li rdf:resource="urn:miriam:entrez.gene:100251379"/>
                  <rdf:li rdf:resource="urn:miriam:entrez.gene:4328075"/>
                  <rdf:li rdf:resource="urn:miriam:entrez.gene:732808"/>
                  <rdf:li rdf:resource="urn:miriam:entrez.gene:506585"/>
                </rdf:Bag>
              </bqbiol:isEncodedBy>
              <bqbiol:unknownQualifier>
                <rdf:Bag>
                  <rdf:li rdf:resource="urn:miriam:obo.eco:ECO%3A0000313"/>
                </rdf:Bag>
              </bqbiol:unknownQualifier>
            </rdf:Description>
          </rdf:RDF>
        </annotation>
      </species>
      <species id="secM" initialAmount="1" name="secM" metaid="meta_secM" sboTerm="SBO:0000354" substanceUnits="substance" compartment="default">
<notes><body xmlns="http://www.w3.org/1999/xhtml"><a href="http://www.kegg.jp/dbget-bin/www_bget?K13301">Original Kegg Entry</a><br/>
<p><b>Description for “secM”:</b> secretion monitor</p>
</body></notes>
        <annotation>
          <rdf:RDF xmlns:rdf="http://www.w3.org/1999/02/22-rdf-syntax-ns#" xmlns:bqbiol="http://biomodels.net/biology-qualifiers/">
            <rdf:Description rdf:about="#meta_secM">
              <bqbiol:is>
                <rdf:Bag>
                  <rdf:li rdf:resource="urn:miriam:kegg.orthology:K13301"/>
                </rdf:Bag>
              </bqbiol:is>
              <bqbiol:unknownQualifier>
                <rdf:Bag>
                  <rdf:li rdf:resource="urn:miriam:obo.eco:ECO%3A0000313"/>
                </rdf:Bag>
              </bqbiol:unknownQualifier>
            </rdf:Description>
          </rdf:RDF>
        </annotation>
      </species>
    </listOfSpecies>
  </model>
</sbml>