<?xml version='1.0' encoding='UTF-8' standalone='no'?>
<!-- Created by KEGGtranslator version 1.2.0 on 2011-11-09 20:14 with jsbml version 0.8-rc1. -->
<sbml xmlns="http://www.sbml.org/sbml/level2/version4" level="2" version="4">
  <model id="path_efa04122" name="Sulfur relay system" metaid="meta_path_efa04122">
<notes><body xmlns="http://www.w3.org/1999/xhtml"><h1>Model of “Sulfur relay system”</h1>
Ubiquitin and ubiquitin-like proteins (Ubls) are signalling messengers that control many cellular functions, such as cell proliferation, apoptosis, and DNA repair. It is suggested that Ub-protein modification evolved from prokaryotic sulfurtransfer systems. Molybdenum cofactor (Moco) and thiamin are sulfur-containing cofactors whose biosynthesis includes a key sulfur transfer step that uses unique sulfur carrier proteins, MoaD and ThiS. Ubiquitin, MoaD, and ThiS are all structurally related proteins whose C-termini are activated through adenylation by homologous E1-like enzymes. s2T biosynthesis may share similar chemistry with Moco and thiamin synthesis. In Saccharomyces cerevisiae, Urm1 and Uba4 function as part of a ubl protein conjugation system, though they have sequence homology to bacterial sulfur-transfer enzymes and the ability to function in sulfur transfer.<br/>
<a href="http://www.genome.jp/kegg/pathway/efa/efa04122.png"><img src="http://www.genome.jp/kegg/pathway/efa/efa04122.png" alt="http://www.genome.jp/kegg-bin/show_pathway?efa04122"/></a><br/>
<a href="http://www.genome.jp/kegg-bin/show_pathway?efa04122">Original Entry</a><br/>
<p>KGML comment: “Creation date: Nov 1, 2010 18:02:56 +0900 (JST)”<br/>
KGML version was: 0.71<br/>
</p><div align="right"><i><small>This file has been generated by KEGGtranslator version 1.2.0</small></i></div><br/>
</body></notes>
    <annotation>
      <rdf:RDF xmlns:rdf="http://www.w3.org/1999/02/22-rdf-syntax-ns#" xmlns:bqmodel="http://biomodels.net/model-qualifiers/" xmlns:bqbiol="http://biomodels.net/biology-qualifiers/">
        <rdf:Description rdf:about="#meta_path_efa04122">
          <creator>
            <rdf:Bag>
              <rdf:li rdf:parseType="Resource">                <ORG rdf:parseType="Resource">
                  <Orgname>ZBIT, University of Tübingen, WSI-CogSys</Orgname>
                </ORG>
              </rdf:li>
            </rdf:Bag>
          </creator>
          <created rdf:parseType="Resource">
            <W3CDTF>2011-11-09T19:14:20Z</W3CDTF>
          </created>
          <modified rdf:parseType="Resource">
            <W3CDTF>2011-11-09T19:14:20Z</W3CDTF>
          </modified>
          <modified rdf:parseType="Resource">
            <W3CDTF>2011-11-09T19:14:20Z</W3CDTF>
          </modified>
          <bqmodel:is>
            <rdf:Bag>
              <rdf:li rdf:resource="urn:miriam:kegg.pathway:efa04122"/>
            </rdf:Bag>
          </bqmodel:is>
        </rdf:Description>
      </rdf:RDF>
    </annotation>
      <listOfCompartments>
      <compartment id="default" name="Sulfur relay system" units="volume" size="1"/>
    </listOfCompartments>
    <listOfSpecies>
      <species id="C3H7NO2S" initialAmount="1" name="C3H7NO2S" metaid="meta_C3H7NO2S" sboTerm="SBO:0000247" substanceUnits="substance" compartment="default">
<notes><body xmlns="http://www.w3.org/1999/xhtml"><a href="http://www.kegg.jp/dbget-bin/www_bget?C00097">Original Kegg Entry</a><br/>
<p><b>L-2-Amino-3-mercaptopropionic acid</b></p>
<p><b>All given names:</b><br/>L-Cysteine<br/>L-2-Amino-3-mercaptopropionic acid</p>
<p><b>Formula:</b> C3H7NO2S</p>
<img src="http://www.kegg.jp/Fig/compound/C00097.gif"/><br/>
</body></notes>
        <annotation>
          <rdf:RDF xmlns:rdf="http://www.w3.org/1999/02/22-rdf-syntax-ns#" xmlns:bqbiol="http://biomodels.net/biology-qualifiers/">
            <rdf:Description rdf:about="#meta_C3H7NO2S">
              <bqbiol:is>
                <rdf:Bag>
                  <rdf:li rdf:resource="urn:miriam:kegg.compound:C00097"/>
                </rdf:Bag>
              </bqbiol:is>
              <bqbiol:is>
                <rdf:Bag>
                  <rdf:li rdf:resource="urn:miriam:obo.chebi:CHEBI%3A17561"/>
                </rdf:Bag>
              </bqbiol:is>
              <bqbiol:hasProperty>
                <rdf:Bag>
                  <rdf:li rdf:resource="urn:miriam:pubchem.substance:3397"/>
                </rdf:Bag>
              </bqbiol:hasProperty>
              <bqbiol:hasProperty>
                <rdf:Bag>
                  <rdf:li rdf:resource="urn:miriam:3dmet:B01159"/>
                </rdf:Bag>
              </bqbiol:hasProperty>
              <bqbiol:unknownQualifier>
                <rdf:Bag>
                  <rdf:li rdf:resource="urn:miriam:obo.eco:ECO%3A0000313"/>
                </rdf:Bag>
              </bqbiol:unknownQualifier>
            </rdf:Description>
          </rdf:RDF>
        </annotation>
      </species>
      <species id="C3H7NO2" initialAmount="1" name="C3H7NO2" metaid="meta_C3H7NO2" sboTerm="SBO:0000247" substanceUnits="substance" compartment="default">
<notes><body xmlns="http://www.w3.org/1999/xhtml"><a href="http://www.kegg.jp/dbget-bin/www_bget?C00041">Original Kegg Entry</a><br/>
<p><b>L-alpha-Alanine</b></p>
<p><b>All given names:</b><br/>L-Alanine<br/>L-2-Aminopropionic acid<br/>L-alpha-Alanine</p>
<p><b>Formula:</b> C3H7NO2</p>
<img src="http://www.kegg.jp/Fig/compound/C00041.gif"/><br/>
</body></notes>
        <annotation>
          <rdf:RDF xmlns:rdf="http://www.w3.org/1999/02/22-rdf-syntax-ns#" xmlns:bqbiol="http://biomodels.net/biology-qualifiers/">
            <rdf:Description rdf:about="#meta_C3H7NO2">
              <bqbiol:is>
                <rdf:Bag>
                  <rdf:li rdf:resource="urn:miriam:kegg.compound:C00041"/>
                </rdf:Bag>
              </bqbiol:is>
              <bqbiol:is>
                <rdf:Bag>
                  <rdf:li rdf:resource="urn:miriam:obo.chebi:CHEBI%3A16977"/>
                </rdf:Bag>
              </bqbiol:is>
              <bqbiol:hasProperty>
                <rdf:Bag>
                  <rdf:li rdf:resource="urn:miriam:pubchem.substance:3343"/>
                </rdf:Bag>
              </bqbiol:hasProperty>
              <bqbiol:hasProperty>
                <rdf:Bag>
                  <rdf:li rdf:resource="urn:miriam:3dmet:B00011"/>
                </rdf:Bag>
              </bqbiol:hasProperty>
              <bqbiol:unknownQualifier>
                <rdf:Bag>
                  <rdf:li rdf:resource="urn:miriam:obo.eco:ECO%3A0000313"/>
                </rdf:Bag>
              </bqbiol:unknownQualifier>
            </rdf:Description>
          </rdf:RDF>
        </annotation>
      </species>
      <species id="MOCS3" initialAmount="1" name="MOCS3" metaid="meta_MOCS3" sboTerm="SBO:0000354" substanceUnits="substance" compartment="default">
<notes><body xmlns="http://www.w3.org/1999/xhtml"><a href="http://www.kegg.jp/dbget-bin/www_bget?K11996">Original Kegg Entry</a><br/>
<p><b>Description for “MOCS3, UBA4, moeB”:</b> adenylyltransferase and sulfurtransferase</p>
</body></notes>
        <annotation>
          <rdf:RDF xmlns:rdf="http://www.w3.org/1999/02/22-rdf-syntax-ns#" xmlns:bqbiol="http://biomodels.net/biology-qualifiers/">
            <rdf:Description rdf:about="#meta_MOCS3">
              <bqbiol:is>
                <rdf:Bag>
                  <rdf:li rdf:resource="urn:miriam:kegg.orthology:K11996"/>
                </rdf:Bag>
              </bqbiol:is>
              <bqbiol:isEncodedBy>
                <rdf:Bag>
                  <rdf:li rdf:resource="urn:miriam:entrez.gene:27304"/>
                  <rdf:li rdf:resource="urn:miriam:entrez.gene:458338"/>
                  <rdf:li rdf:resource="urn:miriam:entrez.gene:100448283"/>
                  <rdf:li rdf:resource="urn:miriam:entrez.gene:701166"/>
                  <rdf:li rdf:resource="urn:miriam:entrez.gene:69372"/>
                  <rdf:li rdf:resource="urn:miriam:entrez.gene:311655"/>
                  <rdf:li rdf:resource="urn:miriam:entrez.gene:485928"/>
                  <rdf:li rdf:resource="urn:miriam:entrez.gene:100480723"/>
                  <rdf:li rdf:resource="urn:miriam:entrez.gene:539728"/>
                  <rdf:li rdf:resource="urn:miriam:entrez.gene:100124378"/>
                  <rdf:li rdf:resource="urn:miriam:entrez.gene:100022807"/>
                  <rdf:li rdf:resource="urn:miriam:entrez.gene:769390"/>
                  <rdf:li rdf:resource="urn:miriam:entrez.gene:100542449"/>
                  <rdf:li rdf:resource="urn:miriam:entrez.gene:100556402"/>
                  <rdf:li rdf:resource="urn:miriam:entrez.gene:734369"/>
                  <rdf:li rdf:resource="urn:miriam:entrez.gene:100491723"/>
                  <rdf:li rdf:resource="urn:miriam:entrez.gene:393095"/>
                  <rdf:li rdf:resource="urn:miriam:entrez.gene:100186534"/>
                  <rdf:li rdf:resource="urn:miriam:entrez.gene:581046"/>
                  <rdf:li rdf:resource="urn:miriam:entrez.gene:724496"/>
                  <rdf:li rdf:resource="urn:miriam:entrez.gene:100118116"/>
                  <rdf:li rdf:resource="urn:miriam:entrez.gene:663966"/>
                  <rdf:li rdf:resource="urn:miriam:entrez.gene:100167938"/>
                  <rdf:li rdf:resource="urn:miriam:entrez.gene:100199634"/>
                  <rdf:li rdf:resource="urn:miriam:entrez.gene:100248765"/>
                  <rdf:li rdf:resource="urn:miriam:entrez.gene:4329515"/>
                  <rdf:li rdf:resource="urn:miriam:entrez.gene:100191959"/>
                </rdf:Bag>
              </bqbiol:isEncodedBy>
              <bqbiol:unknownQualifier>
                <rdf:Bag>
                  <rdf:li rdf:resource="urn:miriam:obo.eco:ECO%3A0000313"/>
                </rdf:Bag>
              </bqbiol:unknownQualifier>
            </rdf:Description>
          </rdf:RDF>
        </annotation>
      </species>
      <species id="URM1" initialAmount="1" name="URM1" metaid="meta_URM1" sboTerm="SBO:0000354" substanceUnits="substance" compartment="default">
<notes><body xmlns="http://www.w3.org/1999/xhtml"><a href="http://www.kegg.jp/dbget-bin/www_bget?K12161">Original Kegg Entry</a><br/>
<p><b>Description for “URM1”:</b> ubiquitin related modifier 1</p>
</body></notes>
        <annotation>
          <rdf:RDF xmlns:rdf="http://www.w3.org/1999/02/22-rdf-syntax-ns#" xmlns:bqbiol="http://biomodels.net/biology-qualifiers/">
            <rdf:Description rdf:about="#meta_URM1">
              <bqbiol:is>
                <rdf:Bag>
                  <rdf:li rdf:resource="urn:miriam:kegg.orthology:K12161"/>
                </rdf:Bag>
              </bqbiol:is>
              <bqbiol:isEncodedBy>
                <rdf:Bag>
                  <rdf:li rdf:resource="urn:miriam:entrez.gene:81605"/>
                  <rdf:li rdf:resource="urn:miriam:entrez.gene:464905"/>
                  <rdf:li rdf:resource="urn:miriam:entrez.gene:100454338"/>
                  <rdf:li rdf:resource="urn:miriam:entrez.gene:722618"/>
                  <rdf:li rdf:resource="urn:miriam:entrez.gene:68205"/>
                  <rdf:li rdf:resource="urn:miriam:entrez.gene:311840"/>
                  <rdf:li rdf:resource="urn:miriam:entrez.gene:608549"/>
                  <rdf:li rdf:resource="urn:miriam:entrez.gene:100482418"/>
                  <rdf:li rdf:resource="urn:miriam:entrez.gene:515890"/>
                  <rdf:li rdf:resource="urn:miriam:entrez.gene:100153888"/>
                  <rdf:li rdf:resource="urn:miriam:entrez.gene:100066985"/>
                  <rdf:li rdf:resource="urn:miriam:entrez.gene:100011672"/>
                  <rdf:li rdf:resource="urn:miriam:entrez.gene:100086505"/>
                  <rdf:li rdf:resource="urn:miriam:entrez.gene:417221"/>
                  <rdf:li rdf:resource="urn:miriam:entrez.gene:100544154"/>
                  <rdf:li rdf:resource="urn:miriam:entrez.gene:100553348"/>
                  <rdf:li rdf:resource="urn:miriam:entrez.gene:100379922"/>
                  <rdf:li rdf:resource="urn:miriam:entrez.gene:551580"/>
                  <rdf:li rdf:resource="urn:miriam:entrez.gene:100119459"/>
                  <rdf:li rdf:resource="urn:miriam:entrez.gene:100166110"/>
                  <rdf:li rdf:resource="urn:miriam:entrez.gene:100212866"/>
                  <rdf:li rdf:resource="urn:miriam:entrez.gene:100257432"/>
                  <rdf:li rdf:resource="urn:miriam:entrez.gene:4343175"/>
                  <rdf:li rdf:resource="urn:miriam:entrez.gene:100275675"/>
                  <rdf:li rdf:resource="urn:miriam:entrez.gene:504013"/>
                </rdf:Bag>
              </bqbiol:isEncodedBy>
              <bqbiol:unknownQualifier>
                <rdf:Bag>
                  <rdf:li rdf:resource="urn:miriam:obo.eco:ECO%3A0000313"/>
                </rdf:Bag>
              </bqbiol:unknownQualifier>
            </rdf:Description>
          </rdf:RDF>
        </annotation>
      </species>
      <species id="EF0371" initialAmount="1" name="EF0371..." metaid="meta_EF0371" sboTerm="SBO:0000354" substanceUnits="substance" compartment="default">
<notes><body xmlns="http://www.w3.org/1999/xhtml"><a href="http://www.kegg.jp/dbget-bin/www_bget?efa:EF0371+efa:EF2072">Original Kegg Entry</a><br/>
</body></notes>
        <annotation>
          <rdf:RDF xmlns:rdf="http://www.w3.org/1999/02/22-rdf-syntax-ns#" xmlns:bqbiol="http://biomodels.net/biology-qualifiers/">
            <rdf:Description rdf:about="#meta_EF0371">
              <bqbiol:hasVersion>
                <rdf:Bag>
                  <rdf:li rdf:resource="urn:miriam:kegg.genes:efa%3AEF0371"/>
                  <rdf:li rdf:resource="urn:miriam:kegg.genes:efa%3AEF2072"/>
                </rdf:Bag>
              </bqbiol:hasVersion>
              <bqbiol:isEncodedBy>
                <rdf:Bag>
                  <rdf:li rdf:resource="urn:miriam:entrez.gene:1199290"/>
                  <rdf:li rdf:resource="urn:miriam:entrez.gene:1200944"/>
                </rdf:Bag>
              </bqbiol:isEncodedBy>
              <bqbiol:hasVersion>
                <rdf:Bag>
                  <rdf:li rdf:resource="urn:miriam:uniprot:Q838R4"/>
                  <rdf:li rdf:resource="urn:miriam:uniprot:Q832Z6"/>
                </rdf:Bag>
              </bqbiol:hasVersion>
              <bqbiol:hasProperty>
                <rdf:Bag>
                  <rdf:li rdf:resource="urn:miriam:ec-code:2.8.1.7"/>
                </rdf:Bag>
              </bqbiol:hasProperty>
              <bqbiol:unknownQualifier>
                <rdf:Bag>
                  <rdf:li rdf:resource="urn:miriam:obo.eco:ECO%3A0000313"/>
                </rdf:Bag>
              </bqbiol:unknownQualifier>
            </rdf:Description>
          </rdf:RDF>
        </annotation>
      </species>
      <species id="CTU2" initialAmount="1" name="CTU2" metaid="meta_CTU2" sboTerm="SBO:0000354" substanceUnits="substance" compartment="default">
<notes><body xmlns="http://www.w3.org/1999/xhtml"><a href="http://www.kegg.jp/dbget-bin/www_bget?K14169">Original Kegg Entry</a><br/>
<p><b>Description for “CTU2, NCS2”:</b> cytoplasmic tRNA 2-thiolation protein 2</p>
</body></notes>
        <annotation>
          <rdf:RDF xmlns:rdf="http://www.w3.org/1999/02/22-rdf-syntax-ns#" xmlns:bqbiol="http://biomodels.net/biology-qualifiers/">
            <rdf:Description rdf:about="#meta_CTU2">
              <bqbiol:is>
                <rdf:Bag>
                  <rdf:li rdf:resource="urn:miriam:kegg.orthology:K14169"/>
                </rdf:Bag>
              </bqbiol:is>
              <bqbiol:isEncodedBy>
                <rdf:Bag>
                  <rdf:li rdf:resource="urn:miriam:entrez.gene:348180"/>
                  <rdf:li rdf:resource="urn:miriam:entrez.gene:736021"/>
                  <rdf:li rdf:resource="urn:miriam:entrez.gene:100424255"/>
                  <rdf:li rdf:resource="urn:miriam:entrez.gene:66965"/>
                  <rdf:li rdf:resource="urn:miriam:entrez.gene:292069"/>
                  <rdf:li rdf:resource="urn:miriam:entrez.gene:479617"/>
                  <rdf:li rdf:resource="urn:miriam:entrez.gene:100466793"/>
                  <rdf:li rdf:resource="urn:miriam:entrez.gene:614194"/>
                  <rdf:li rdf:resource="urn:miriam:entrez.gene:100049978"/>
                  <rdf:li rdf:resource="urn:miriam:entrez.gene:100026174"/>
                  <rdf:li rdf:resource="urn:miriam:entrez.gene:100093530"/>
                  <rdf:li rdf:resource="urn:miriam:entrez.gene:415850"/>
                  <rdf:li rdf:resource="urn:miriam:entrez.gene:100543942"/>
                  <rdf:li rdf:resource="urn:miriam:entrez.gene:100231059"/>
                  <rdf:li rdf:resource="urn:miriam:entrez.gene:100555762"/>
                  <rdf:li rdf:resource="urn:miriam:entrez.gene:100381163"/>
                  <rdf:li rdf:resource="urn:miriam:entrez.gene:548371"/>
                  <rdf:li rdf:resource="urn:miriam:entrez.gene:445166"/>
                  <rdf:li rdf:resource="urn:miriam:entrez.gene:100186152"/>
                  <rdf:li rdf:resource="urn:miriam:entrez.gene:585726"/>
                  <rdf:li rdf:resource="urn:miriam:entrez.gene:727009"/>
                  <rdf:li rdf:resource="urn:miriam:entrez.gene:655312"/>
                  <rdf:li rdf:resource="urn:miriam:entrez.gene:100163580"/>
                  <rdf:li rdf:resource="urn:miriam:entrez.gene:100204824"/>
                  <rdf:li rdf:resource="urn:miriam:entrez.gene:100252179"/>
                  <rdf:li rdf:resource="urn:miriam:entrez.gene:4352669"/>
                  <rdf:li rdf:resource="urn:miriam:entrez.gene:100279201"/>
                  <rdf:li rdf:resource="urn:miriam:entrez.gene:506737"/>
                </rdf:Bag>
              </bqbiol:isEncodedBy>
              <bqbiol:unknownQualifier>
                <rdf:Bag>
                  <rdf:li rdf:resource="urn:miriam:obo.eco:ECO%3A0000313"/>
                </rdf:Bag>
              </bqbiol:unknownQualifier>
            </rdf:Description>
          </rdf:RDF>
        </annotation>
      </species>
      <species id="CTU1" initialAmount="1" name="CTU1" metaid="meta_CTU1" sboTerm="SBO:0000354" substanceUnits="substance" compartment="default">
<notes><body xmlns="http://www.w3.org/1999/xhtml"><a href="http://www.kegg.jp/dbget-bin/www_bget?K14168">Original Kegg Entry</a><br/>
<p><b>Description for “CTU1, NCS6”:</b> cytoplasmic tRNA 2-thiolation protein 1 [EC:2.7.7.-]</p>
</body></notes>
        <annotation>
          <rdf:RDF xmlns:rdf="http://www.w3.org/1999/02/22-rdf-syntax-ns#" xmlns:bqbiol="http://biomodels.net/biology-qualifiers/">
            <rdf:Description rdf:about="#meta_CTU1">
              <bqbiol:is>
                <rdf:Bag>
                  <rdf:li rdf:resource="urn:miriam:kegg.orthology:K14168"/>
                </rdf:Bag>
              </bqbiol:is>
              <bqbiol:isEncodedBy>
                <rdf:Bag>
                  <rdf:li rdf:resource="urn:miriam:entrez.gene:90353"/>
                  <rdf:li rdf:resource="urn:miriam:entrez.gene:456240"/>
                  <rdf:li rdf:resource="urn:miriam:entrez.gene:100439187"/>
                  <rdf:li rdf:resource="urn:miriam:entrez.gene:719536"/>
                  <rdf:li rdf:resource="urn:miriam:entrez.gene:233189"/>
                  <rdf:li rdf:resource="urn:miriam:entrez.gene:292847"/>
                  <rdf:li rdf:resource="urn:miriam:entrez.gene:484342"/>
                  <rdf:li rdf:resource="urn:miriam:entrez.gene:100297056"/>
                  <rdf:li rdf:resource="urn:miriam:entrez.gene:100516084"/>
                  <rdf:li rdf:resource="urn:miriam:entrez.gene:100028227"/>
                  <rdf:li rdf:resource="urn:miriam:entrez.gene:100557185"/>
                  <rdf:li rdf:resource="urn:miriam:entrez.gene:779274"/>
                  <rdf:li rdf:resource="urn:miriam:entrez.gene:548460"/>
                  <rdf:li rdf:resource="urn:miriam:entrez.gene:393098"/>
                  <rdf:li rdf:resource="urn:miriam:entrez.gene:100183519"/>
                  <rdf:li rdf:resource="urn:miriam:entrez.gene:588876"/>
                  <rdf:li rdf:resource="urn:miriam:entrez.gene:413889"/>
                  <rdf:li rdf:resource="urn:miriam:entrez.gene:100115224"/>
                  <rdf:li rdf:resource="urn:miriam:entrez.gene:655812"/>
                  <rdf:li rdf:resource="urn:miriam:entrez.gene:100165789"/>
                  <rdf:li rdf:resource="urn:miriam:entrez.gene:100203301"/>
                  <rdf:li rdf:resource="urn:miriam:entrez.gene:100242135"/>
                  <rdf:li rdf:resource="urn:miriam:entrez.gene:4330815"/>
                  <rdf:li rdf:resource="urn:miriam:entrez.gene:100193637"/>
                  <rdf:li rdf:resource="urn:miriam:entrez.gene:503797"/>
                </rdf:Bag>
              </bqbiol:isEncodedBy>
              <bqbiol:hasProperty>
                <rdf:Bag>
                  <rdf:li rdf:resource="urn:miriam:ec-code:2.7.7.-"/>
                </rdf:Bag>
              </bqbiol:hasProperty>
              <bqbiol:unknownQualifier>
                <rdf:Bag>
                  <rdf:li rdf:resource="urn:miriam:obo.eco:ECO%3A0000313"/>
                </rdf:Bag>
              </bqbiol:unknownQualifier>
            </rdf:Description>
          </rdf:RDF>
        </annotation>
      </species>
      <species id="TST" initialAmount="1" name="TST" metaid="meta_TST" sboTerm="SBO:0000354" substanceUnits="substance" compartment="default">
<notes><body xmlns="http://www.w3.org/1999/xhtml"><a href="http://www.kegg.jp/dbget-bin/www_bget?K01011">Original Kegg Entry</a><br/>
<p><b>Description for “TST, MPST, sseA”:</b> thiosulfate/3-mercaptopyruvate sulfurtransferase [EC:2.8.1.1 2.8.1.2]</p>
</body></notes>
        <annotation>
          <rdf:RDF xmlns:rdf="http://www.w3.org/1999/02/22-rdf-syntax-ns#" xmlns:bqbiol="http://biomodels.net/biology-qualifiers/">
            <rdf:Description rdf:about="#meta_TST">
              <bqbiol:is>
                <rdf:Bag>
                  <rdf:li rdf:resource="urn:miriam:kegg.orthology:K01011"/>
                </rdf:Bag>
              </bqbiol:is>
              <bqbiol:isEncodedBy>
                <rdf:Bag>
                  <rdf:li rdf:resource="urn:miriam:entrez.gene:4357"/>
                  <rdf:li rdf:resource="urn:miriam:entrez.gene:458803"/>
                  <rdf:li rdf:resource="urn:miriam:entrez.gene:100458160"/>
                  <rdf:li rdf:resource="urn:miriam:entrez.gene:695842"/>
                  <rdf:li rdf:resource="urn:miriam:entrez.gene:22117"/>
                  <rdf:li rdf:resource="urn:miriam:entrez.gene:192172"/>
                  <rdf:li rdf:resource="urn:miriam:entrez.gene:474515"/>
                  <rdf:li rdf:resource="urn:miriam:entrez.gene:100468480"/>
                  <rdf:li rdf:resource="urn:miriam:entrez.gene:280946"/>
                  <rdf:li rdf:resource="urn:miriam:entrez.gene:100153230"/>
                  <rdf:li rdf:resource="urn:miriam:entrez.gene:100054655"/>
                  <rdf:li rdf:resource="urn:miriam:entrez.gene:100025213"/>
                  <rdf:li rdf:resource="urn:miriam:entrez.gene:100087004"/>
                  <rdf:li rdf:resource="urn:miriam:entrez.gene:418048"/>
                  <rdf:li rdf:resource="urn:miriam:entrez.gene:100546628"/>
                  <rdf:li rdf:resource="urn:miriam:entrez.gene:100224402"/>
                  <rdf:li rdf:resource="urn:miriam:entrez.gene:100557170"/>
                  <rdf:li rdf:resource="urn:miriam:entrez.gene:100036776"/>
                  <rdf:li rdf:resource="urn:miriam:entrez.gene:100125137"/>
                  <rdf:li rdf:resource="urn:miriam:entrez.gene:796025"/>
                  <rdf:li rdf:resource="urn:miriam:entrez.gene:579216"/>
                  <rdf:li rdf:resource="urn:miriam:entrez.gene:100198464"/>
                  <rdf:li rdf:resource="urn:miriam:entrez.gene:100261543"/>
                  <rdf:li rdf:resource="urn:miriam:entrez.gene:4328418"/>
                  <rdf:li rdf:resource="urn:miriam:entrez.gene:100275494"/>
                  <rdf:li rdf:resource="urn:miriam:entrez.gene:508173"/>
                </rdf:Bag>
              </bqbiol:isEncodedBy>
              <bqbiol:isDescribedBy>
                <rdf:Bag>
                  <rdf:li rdf:resource="urn:miriam:obo.go:GO:0004792"/>
                  <rdf:li rdf:resource="urn:miriam:obo.go:GO:0016784"/>
                </rdf:Bag>
              </bqbiol:isDescribedBy>
              <bqbiol:hasProperty>
                <rdf:Bag>
                  <rdf:li rdf:resource="urn:miriam:ec-code:2.8.1.2"/>
                  <rdf:li rdf:resource="urn:miriam:ec-code:2.8.1.1"/>
                </rdf:Bag>
              </bqbiol:hasProperty>
              <bqbiol:unknownQualifier>
                <rdf:Bag>
                  <rdf:li rdf:resource="urn:miriam:obo.eco:ECO%3A0000313"/>
                </rdf:Bag>
              </bqbiol:unknownQualifier>
            </rdf:Description>
          </rdf:RDF>
        </annotation>
      </species>
      <species id="AHP1" initialAmount="1" name="AHP1" metaid="meta_AHP1" sboTerm="SBO:0000354" substanceUnits="substance" compartment="default">
<notes><body xmlns="http://www.w3.org/1999/xhtml"><a href="http://www.kegg.jp/dbget-bin/www_bget?K14171">Original Kegg Entry</a><br/>
<p><b>Description for “AHP1”:</b> alkyl hydroperoxide reductase 1 [EC:1.11.1.15]</p>
</body></notes>
        <annotation>
          <rdf:RDF xmlns:rdf="http://www.w3.org/1999/02/22-rdf-syntax-ns#" xmlns:bqbiol="http://biomodels.net/biology-qualifiers/">
            <rdf:Description rdf:about="#meta_AHP1">
              <bqbiol:is>
                <rdf:Bag>
                  <rdf:li rdf:resource="urn:miriam:kegg.orthology:K14171"/>
                </rdf:Bag>
              </bqbiol:is>
              <bqbiol:hasProperty>
                <rdf:Bag>
                  <rdf:li rdf:resource="urn:miriam:ec-code:1.11.1.15"/>
                </rdf:Bag>
              </bqbiol:hasProperty>
              <bqbiol:unknownQualifier>
                <rdf:Bag>
                  <rdf:li rdf:resource="urn:miriam:obo.eco:ECO%3A0000313"/>
                </rdf:Bag>
              </bqbiol:unknownQualifier>
            </rdf:Description>
          </rdf:RDF>
        </annotation>
      </species>
      <species id="Ubiquitin_mediated_proteolysis" initialAmount="1" name="Ubiquitin mediated proteolysis" metaid="meta_Ubiquitin_mediated_proteolysis" sboTerm="SBO:0000552" substanceUnits="substance" compartment="default">
<notes><body xmlns="http://www.w3.org/1999/xhtml"><a href="http://www.kegg.jp/dbget-bin/www_bget?map04120">Original Kegg Entry</a><br/>
<p><b>Ubiquitin mediated proteolysis</b></p>
<img src="http://www.kegg.jp/kegg/misc/thumbnail/map04120.gif"/><br/>
</body></notes>
        <annotation>
          <rdf:RDF xmlns:rdf="http://www.w3.org/1999/02/22-rdf-syntax-ns#" xmlns:bqbiol="http://biomodels.net/biology-qualifiers/">
            <rdf:Description rdf:about="#meta_Ubiquitin_mediated_proteolysis">
              <bqbiol:is>
                <rdf:Bag>
                  <rdf:li rdf:resource="urn:miriam:kegg.pathway:map04120"/>
                </rdf:Bag>
              </bqbiol:is>
              <bqbiol:unknownQualifier>
                <rdf:Bag>
                  <rdf:li rdf:resource="urn:miriam:obo.eco:ECO%3A0000313"/>
                </rdf:Bag>
              </bqbiol:unknownQualifier>
            </rdf:Description>
          </rdf:RDF>
        </annotation>
      </species>
      <species id="tusA" initialAmount="1" name="tusA" metaid="meta_tusA" sboTerm="SBO:0000354" substanceUnits="substance" compartment="default">
<notes><body xmlns="http://www.w3.org/1999/xhtml"><a href="http://www.kegg.jp/dbget-bin/www_bget?K04085">Original Kegg Entry</a><br/>
<p><b>Description for “tusA, sirA”:</b> tRNA 2-thiouridine synthesizing protein A [EC:2.8.1.-]</p>
</body></notes>
        <annotation>
          <rdf:RDF xmlns:rdf="http://www.w3.org/1999/02/22-rdf-syntax-ns#" xmlns:bqbiol="http://biomodels.net/biology-qualifiers/">
            <rdf:Description rdf:about="#meta_tusA">
              <bqbiol:is>
                <rdf:Bag>
                  <rdf:li rdf:resource="urn:miriam:kegg.orthology:K04085"/>
                </rdf:Bag>
              </bqbiol:is>
              <bqbiol:hasProperty>
                <rdf:Bag>
                  <rdf:li rdf:resource="urn:miriam:ec-code:2.8.1.-"/>
                </rdf:Bag>
              </bqbiol:hasProperty>
              <bqbiol:unknownQualifier>
                <rdf:Bag>
                  <rdf:li rdf:resource="urn:miriam:obo.eco:ECO%3A0000313"/>
                </rdf:Bag>
              </bqbiol:unknownQualifier>
            </rdf:Description>
          </rdf:RDF>
        </annotation>
      </species>
      <species id="C9H13N2O9PC5H8O6PRnC5H8O6PRn" initialAmount="1" name="C9H13N2O9P(C5H8O6PR)n(C5H8O6PR)n" metaid="meta_C9H13N2O9PC5H8O6PRnC5H8O6PRn" sboTerm="SBO:0000247" substanceUnits="substance" compartment="default">
<notes><body xmlns="http://www.w3.org/1999/xhtml"><a href="http://www.kegg.jp/dbget-bin/www_bget?C00868">Original Kegg Entry</a><br/>
<p><b>tRNA uridine</b></p>
<p><b>Formula:</b> C9H13N2O9P(C5H8O6PR)n(C5H8O6PR)n</p>
<img src="http://www.kegg.jp/Fig/compound/C00868.gif"/><br/>
</body></notes>
        <annotation>
          <rdf:RDF xmlns:rdf="http://www.w3.org/1999/02/22-rdf-syntax-ns#" xmlns:bqbiol="http://biomodels.net/biology-qualifiers/">
            <rdf:Description rdf:about="#meta_C9H13N2O9PC5H8O6PRnC5H8O6PRn">
              <bqbiol:is>
                <rdf:Bag>
                  <rdf:li rdf:resource="urn:miriam:kegg.compound:C00868"/>
                </rdf:Bag>
              </bqbiol:is>
              <bqbiol:unknownQualifier>
                <rdf:Bag>
                  <rdf:li rdf:resource="urn:miriam:obo.eco:ECO%3A0000313"/>
                </rdf:Bag>
              </bqbiol:unknownQualifier>
            </rdf:Description>
          </rdf:RDF>
        </annotation>
      </species>
      <species id="C9H13N2O8PSC5H8O6PRnC5H8O6PRn" initialAmount="1" name="C9H13N2O8PS(C5H8O6PR)n(C5H8O6PR)n" metaid="meta_C9H13N2O8PSC5H8O6PRnC5H8O6PRn" sboTerm="SBO:0000247" substanceUnits="substance" compartment="default">
<notes><body xmlns="http://www.w3.org/1999/xhtml"><a href="http://www.kegg.jp/dbget-bin/www_bget?C17322">Original Kegg Entry</a><br/>
<p><b>tRNA containing s2U</b></p>
<p><b>All given names:</b><br/>tRNA containing 2-thiouridine<br/>tRNA containing s2U</p>
<p><b>Formula:</b> C9H13N2O8PS(C5H8O6PR)n(C5H8O6PR)n</p>
<img src="http://www.kegg.jp/Fig/compound/C17322.gif"/><br/>
</body></notes>
        <annotation>
          <rdf:RDF xmlns:rdf="http://www.w3.org/1999/02/22-rdf-syntax-ns#" xmlns:bqbiol="http://biomodels.net/biology-qualifiers/">
            <rdf:Description rdf:about="#meta_C9H13N2O8PSC5H8O6PRnC5H8O6PRn">
              <bqbiol:is>
                <rdf:Bag>
                  <rdf:li rdf:resource="urn:miriam:kegg.compound:C17322"/>
                </rdf:Bag>
              </bqbiol:is>
              <bqbiol:unknownQualifier>
                <rdf:Bag>
                  <rdf:li rdf:resource="urn:miriam:obo.eco:ECO%3A0000313"/>
                </rdf:Bag>
              </bqbiol:unknownQualifier>
            </rdf:Description>
          </rdf:RDF>
        </annotation>
      </species>
      <species id="tusB" initialAmount="1" name="tusB" metaid="meta_tusB" sboTerm="SBO:0000354" substanceUnits="substance" compartment="default">
<notes><body xmlns="http://www.w3.org/1999/xhtml"><a href="http://www.kegg.jp/dbget-bin/www_bget?K07237">Original Kegg Entry</a><br/>
<p><b>Description for “tusB, dsrH”:</b> tRNA 2-thiouridine synthesizing protein B</p>
</body></notes>
        <annotation>
          <rdf:RDF xmlns:rdf="http://www.w3.org/1999/02/22-rdf-syntax-ns#" xmlns:bqbiol="http://biomodels.net/biology-qualifiers/">
            <rdf:Description rdf:about="#meta_tusB">
              <bqbiol:is>
                <rdf:Bag>
                  <rdf:li rdf:resource="urn:miriam:kegg.orthology:K07237"/>
                </rdf:Bag>
              </bqbiol:is>
              <bqbiol:unknownQualifier>
                <rdf:Bag>
                  <rdf:li rdf:resource="urn:miriam:obo.eco:ECO%3A0000313"/>
                </rdf:Bag>
              </bqbiol:unknownQualifier>
            </rdf:Description>
          </rdf:RDF>
        </annotation>
      </species>
      <species id="tusC" initialAmount="1" name="tusC" metaid="meta_tusC" sboTerm="SBO:0000354" substanceUnits="substance" compartment="default">
<notes><body xmlns="http://www.w3.org/1999/xhtml"><a href="http://www.kegg.jp/dbget-bin/www_bget?K07236">Original Kegg Entry</a><br/>
<p><b>Description for “tusC, dsrF”:</b> tRNA 2-thiouridine synthesizing protein C</p>
</body></notes>
        <annotation>
          <rdf:RDF xmlns:rdf="http://www.w3.org/1999/02/22-rdf-syntax-ns#" xmlns:bqbiol="http://biomodels.net/biology-qualifiers/">
            <rdf:Description rdf:about="#meta_tusC">
              <bqbiol:is>
                <rdf:Bag>
                  <rdf:li rdf:resource="urn:miriam:kegg.orthology:K07236"/>
                </rdf:Bag>
              </bqbiol:is>
              <bqbiol:unknownQualifier>
                <rdf:Bag>
                  <rdf:li rdf:resource="urn:miriam:obo.eco:ECO%3A0000313"/>
                </rdf:Bag>
              </bqbiol:unknownQualifier>
            </rdf:Description>
          </rdf:RDF>
        </annotation>
      </species>
      <species id="tusD" initialAmount="1" name="tusD" metaid="meta_tusD" sboTerm="SBO:0000354" substanceUnits="substance" compartment="default">
<notes><body xmlns="http://www.w3.org/1999/xhtml"><a href="http://www.kegg.jp/dbget-bin/www_bget?K07235">Original Kegg Entry</a><br/>
<p><b>Description for “tusD, dsrE”:</b> tRNA 2-thiouridine synthesizing protein D [EC:2.8.1.-]</p>
</body></notes>
        <annotation>
          <rdf:RDF xmlns:rdf="http://www.w3.org/1999/02/22-rdf-syntax-ns#" xmlns:bqbiol="http://biomodels.net/biology-qualifiers/">
            <rdf:Description rdf:about="#meta_tusD">
              <bqbiol:is>
                <rdf:Bag>
                  <rdf:li rdf:resource="urn:miriam:kegg.orthology:K07235"/>
                </rdf:Bag>
              </bqbiol:is>
              <bqbiol:hasProperty>
                <rdf:Bag>
                  <rdf:li rdf:resource="urn:miriam:ec-code:2.8.1.-"/>
                </rdf:Bag>
              </bqbiol:hasProperty>
              <bqbiol:unknownQualifier>
                <rdf:Bag>
                  <rdf:li rdf:resource="urn:miriam:obo.eco:ECO%3A0000313"/>
                </rdf:Bag>
              </bqbiol:unknownQualifier>
            </rdf:Description>
          </rdf:RDF>
        </annotation>
      </species>
      <species id="tusE" initialAmount="1" name="tusE" metaid="meta_tusE" sboTerm="SBO:0000354" substanceUnits="substance" compartment="default">
<notes><body xmlns="http://www.w3.org/1999/xhtml"><a href="http://www.kegg.jp/dbget-bin/www_bget?K11179">Original Kegg Entry</a><br/>
<p><b>Description for “tusE, dsrC”:</b> tRNA 2-thiouridine synthesizing protein E [EC:2.8.1.-]</p>
</body></notes>
        <annotation>
          <rdf:RDF xmlns:rdf="http://www.w3.org/1999/02/22-rdf-syntax-ns#" xmlns:bqbiol="http://biomodels.net/biology-qualifiers/">
            <rdf:Description rdf:about="#meta_tusE">
              <bqbiol:is>
                <rdf:Bag>
                  <rdf:li rdf:resource="urn:miriam:kegg.orthology:K11179"/>
                </rdf:Bag>
              </bqbiol:is>
              <bqbiol:hasProperty>
                <rdf:Bag>
                  <rdf:li rdf:resource="urn:miriam:ec-code:2.8.1.-"/>
                </rdf:Bag>
              </bqbiol:hasProperty>
              <bqbiol:unknownQualifier>
                <rdf:Bag>
                  <rdf:li rdf:resource="urn:miriam:obo.eco:ECO%3A0000313"/>
                </rdf:Bag>
              </bqbiol:unknownQualifier>
            </rdf:Description>
          </rdf:RDF>
        </annotation>
      </species>
      <species id="thiS" initialAmount="1" name="thiS" metaid="meta_thiS" sboTerm="SBO:0000354" substanceUnits="substance" compartment="default">
<notes><body xmlns="http://www.w3.org/1999/xhtml"><a href="http://www.kegg.jp/dbget-bin/www_bget?K03154">Original Kegg Entry</a><br/>
<p><b>Description for “thiS”:</b> sulfur carrier protein</p>
</body></notes>
        <annotation>
          <rdf:RDF xmlns:rdf="http://www.w3.org/1999/02/22-rdf-syntax-ns#" xmlns:bqbiol="http://biomodels.net/biology-qualifiers/">
            <rdf:Description rdf:about="#meta_thiS">
              <bqbiol:is>
                <rdf:Bag>
                  <rdf:li rdf:resource="urn:miriam:kegg.orthology:K03154"/>
                </rdf:Bag>
              </bqbiol:is>
              <bqbiol:unknownQualifier>
                <rdf:Bag>
                  <rdf:li rdf:resource="urn:miriam:obo.eco:ECO%3A0000313"/>
                </rdf:Bag>
              </bqbiol:unknownQualifier>
            </rdf:Description>
          </rdf:RDF>
        </annotation>
      </species>
      <species id="thiF" initialAmount="1" name="thiF" metaid="meta_thiF" sboTerm="SBO:0000354" substanceUnits="substance" compartment="default">
<notes><body xmlns="http://www.w3.org/1999/xhtml"><a href="http://www.kegg.jp/dbget-bin/www_bget?K03148">Original Kegg Entry</a><br/>
<p><b>Description for “thiF”:</b> sulfur carrier protein ThiS adenylyltransferase [EC:2.7.7.73]</p>
</body></notes>
        <annotation>
          <rdf:RDF xmlns:rdf="http://www.w3.org/1999/02/22-rdf-syntax-ns#" xmlns:bqbiol="http://biomodels.net/biology-qualifiers/">
            <rdf:Description rdf:about="#meta_thiF">
              <bqbiol:is>
                <rdf:Bag>
                  <rdf:li rdf:resource="urn:miriam:kegg.orthology:K03148"/>
                </rdf:Bag>
              </bqbiol:is>
              <bqbiol:hasProperty>
                <rdf:Bag>
                  <rdf:li rdf:resource="urn:miriam:ec-code:2.7.7.73"/>
                </rdf:Bag>
              </bqbiol:hasProperty>
              <bqbiol:unknownQualifier>
                <rdf:Bag>
                  <rdf:li rdf:resource="urn:miriam:obo.eco:ECO%3A0000313"/>
                </rdf:Bag>
              </bqbiol:unknownQualifier>
            </rdf:Description>
          </rdf:RDF>
        </annotation>
      </species>
      <species id="mnmA" initialAmount="1" name="mnmA" metaid="meta_mnmA" sboTerm="SBO:0000354" substanceUnits="substance" compartment="default">
<notes><body xmlns="http://www.w3.org/1999/xhtml"><a href="http://www.kegg.jp/dbget-bin/www_bget?efa:EF2070">Original Kegg Entry</a><br/>
<p><b>Description for “mnmA”:</b> tRNA-specific 2-thiouridylase MnmA (EC:2.1.1.61)</p>
</body></notes>
        <annotation>
          <rdf:RDF xmlns:rdf="http://www.w3.org/1999/02/22-rdf-syntax-ns#" xmlns:bqbiol="http://biomodels.net/biology-qualifiers/">
            <rdf:Description rdf:about="#meta_mnmA">
              <bqbiol:is>
                <rdf:Bag>
                  <rdf:li rdf:resource="urn:miriam:kegg.genes:efa%3AEF2070"/>
                </rdf:Bag>
              </bqbiol:is>
              <bqbiol:isEncodedBy>
                <rdf:Bag>
                  <rdf:li rdf:resource="urn:miriam:entrez.gene:1200942"/>
                </rdf:Bag>
              </bqbiol:isEncodedBy>
              <bqbiol:is>
                <rdf:Bag>
                  <rdf:li rdf:resource="urn:miriam:uniprot:Q820U1"/>
                </rdf:Bag>
              </bqbiol:is>
              <bqbiol:hasProperty>
                <rdf:Bag>
                  <rdf:li rdf:resource="urn:miriam:ec-code:2.8.1.-"/>
                  <rdf:li rdf:resource="urn:miriam:ec-code:2.1.1.61"/>
                </rdf:Bag>
              </bqbiol:hasProperty>
              <bqbiol:unknownQualifier>
                <rdf:Bag>
                  <rdf:li rdf:resource="urn:miriam:obo.eco:ECO%3A0000313"/>
                </rdf:Bag>
              </bqbiol:unknownQualifier>
            </rdf:Description>
          </rdf:RDF>
        </annotation>
      </species>
      <species id="thiI" initialAmount="1" name="thiI" metaid="meta_thiI" sboTerm="SBO:0000354" substanceUnits="substance" compartment="default">
<notes><body xmlns="http://www.w3.org/1999/xhtml"><a href="http://www.kegg.jp/dbget-bin/www_bget?efa:EF2934">Original Kegg Entry</a><br/>
<p><b>Description for “thiI”:</b> thiazole biosynthesis protein ThiI</p>
</body></notes>
        <annotation>
          <rdf:RDF xmlns:rdf="http://www.w3.org/1999/02/22-rdf-syntax-ns#" xmlns:bqbiol="http://biomodels.net/biology-qualifiers/">
            <rdf:Description rdf:about="#meta_thiI">
              <bqbiol:is>
                <rdf:Bag>
                  <rdf:li rdf:resource="urn:miriam:kegg.genes:efa%3AEF2934"/>
                </rdf:Bag>
              </bqbiol:is>
              <bqbiol:isEncodedBy>
                <rdf:Bag>
                  <rdf:li rdf:resource="urn:miriam:entrez.gene:1201785"/>
                </rdf:Bag>
              </bqbiol:isEncodedBy>
              <bqbiol:is>
                <rdf:Bag>
                  <rdf:li rdf:resource="urn:miriam:uniprot:Q82ZW3"/>
                </rdf:Bag>
              </bqbiol:is>
              <bqbiol:unknownQualifier>
                <rdf:Bag>
                  <rdf:li rdf:resource="urn:miriam:obo.eco:ECO%3A0000313"/>
                </rdf:Bag>
              </bqbiol:unknownQualifier>
            </rdf:Description>
          </rdf:RDF>
        </annotation>
      </species>
      <species id="Thiamine_metabolism" initialAmount="1" name="Thiamine metabolism" metaid="meta_Thiamine_metabolism" sboTerm="SBO:0000552" substanceUnits="substance" compartment="default">
<notes><body xmlns="http://www.w3.org/1999/xhtml"><a href="http://www.kegg.jp/dbget-bin/www_bget?efa00730">Original Kegg Entry</a><br/>
<p><b>Thiamine metabolism - Enterococcus faecalis</b></p>
<img src="http://www.kegg.jp/kegg/misc/thumbnail/map00730.gif"/><br/>
</body></notes>
        <annotation>
          <rdf:RDF xmlns:rdf="http://www.w3.org/1999/02/22-rdf-syntax-ns#" xmlns:bqbiol="http://biomodels.net/biology-qualifiers/">
            <rdf:Description rdf:about="#meta_Thiamine_metabolism">
              <bqbiol:is>
                <rdf:Bag>
                  <rdf:li rdf:resource="urn:miriam:kegg.pathway:efa00730"/>
                </rdf:Bag>
              </bqbiol:is>
              <bqbiol:isDescribedBy>
                <rdf:Bag>
                  <rdf:li rdf:resource="urn:miriam:obo.go:GO:0006772"/>
                </rdf:Bag>
              </bqbiol:isDescribedBy>
              <bqbiol:unknownQualifier>
                <rdf:Bag>
                  <rdf:li rdf:resource="urn:miriam:obo.eco:ECO%3A0000313"/>
                </rdf:Bag>
              </bqbiol:unknownQualifier>
            </rdf:Description>
          </rdf:RDF>
        </annotation>
      </species>
      <species id="MOCS2" initialAmount="1" name="MOCS2" metaid="meta_MOCS2" sboTerm="SBO:0000354" substanceUnits="substance" compartment="default">
<notes><body xmlns="http://www.w3.org/1999/xhtml"><a href="http://www.kegg.jp/dbget-bin/www_bget?K03635">Original Kegg Entry</a><br/>
<p><b>Description for “MOCS2, moaE”:</b> molybdopterin synthase catalytic subunit [EC:2.-.-.-]</p>
</body></notes>
        <annotation>
          <rdf:RDF xmlns:rdf="http://www.w3.org/1999/02/22-rdf-syntax-ns#" xmlns:bqbiol="http://biomodels.net/biology-qualifiers/">
            <rdf:Description rdf:about="#meta_MOCS2">
              <bqbiol:is>
                <rdf:Bag>
                  <rdf:li rdf:resource="urn:miriam:kegg.orthology:K03635"/>
                </rdf:Bag>
              </bqbiol:is>
              <bqbiol:isEncodedBy>
                <rdf:Bag>
                  <rdf:li rdf:resource="urn:miriam:entrez.gene:4338"/>
                  <rdf:li rdf:resource="urn:miriam:entrez.gene:462369"/>
                  <rdf:li rdf:resource="urn:miriam:entrez.gene:100172706"/>
                  <rdf:li rdf:resource="urn:miriam:entrez.gene:703689"/>
                  <rdf:li rdf:resource="urn:miriam:entrez.gene:17434"/>
                  <rdf:li rdf:resource="urn:miriam:entrez.gene:294753"/>
                  <rdf:li rdf:resource="urn:miriam:entrez.gene:479337"/>
                  <rdf:li rdf:resource="urn:miriam:entrez.gene:100475482"/>
                  <rdf:li rdf:resource="urn:miriam:entrez.gene:507986"/>
                  <rdf:li rdf:resource="urn:miriam:entrez.gene:100512870"/>
                  <rdf:li rdf:resource="urn:miriam:entrez.gene:100052365"/>
                  <rdf:li rdf:resource="urn:miriam:entrez.gene:100031513"/>
                  <rdf:li rdf:resource="urn:miriam:entrez.gene:100076232"/>
                  <rdf:li rdf:resource="urn:miriam:entrez.gene:427199"/>
                  <rdf:li rdf:resource="urn:miriam:entrez.gene:100549086"/>
                  <rdf:li rdf:resource="urn:miriam:entrez.gene:100190070"/>
                  <rdf:li rdf:resource="urn:miriam:entrez.gene:100380024"/>
                  <rdf:li rdf:resource="urn:miriam:entrez.gene:100003554"/>
                  <rdf:li rdf:resource="urn:miriam:entrez.gene:100183606"/>
                  <rdf:li rdf:resource="urn:miriam:entrez.gene:578193"/>
                  <rdf:li rdf:resource="urn:miriam:entrez.gene:414033"/>
                  <rdf:li rdf:resource="urn:miriam:entrez.gene:100118155"/>
                  <rdf:li rdf:resource="urn:miriam:entrez.gene:659932"/>
                  <rdf:li rdf:resource="urn:miriam:entrez.gene:100162443"/>
                  <rdf:li rdf:resource="urn:miriam:entrez.gene:100209757"/>
                  <rdf:li rdf:resource="urn:miriam:entrez.gene:100241020"/>
                  <rdf:li rdf:resource="urn:miriam:entrez.gene:4328260"/>
                  <rdf:li rdf:resource="urn:miriam:entrez.gene:100281638"/>
                </rdf:Bag>
              </bqbiol:isEncodedBy>
              <bqbiol:hasProperty>
                <rdf:Bag>
                  <rdf:li rdf:resource="urn:miriam:ec-code:2.-.-.-"/>
                </rdf:Bag>
              </bqbiol:hasProperty>
              <bqbiol:unknownQualifier>
                <rdf:Bag>
                  <rdf:li rdf:resource="urn:miriam:obo.eco:ECO%3A0000313"/>
                </rdf:Bag>
              </bqbiol:unknownQualifier>
            </rdf:Description>
          </rdf:RDF>
        </annotation>
      </species>
      <species id="moaD" initialAmount="1" name="moaD" metaid="meta_moaD" sboTerm="SBO:0000354" substanceUnits="substance" compartment="default">
<notes><body xmlns="http://www.w3.org/1999/xhtml"><a href="http://www.kegg.jp/dbget-bin/www_bget?K03636">Original Kegg Entry</a><br/>
<p><b>Description for “moaD”:</b> molybdopterin synthase sulfur carrier subunit</p>
</body></notes>
        <annotation>
          <rdf:RDF xmlns:rdf="http://www.w3.org/1999/02/22-rdf-syntax-ns#" xmlns:bqbiol="http://biomodels.net/biology-qualifiers/">
            <rdf:Description rdf:about="#meta_moaD">
              <bqbiol:is>
                <rdf:Bag>
                  <rdf:li rdf:resource="urn:miriam:kegg.orthology:K03636"/>
                </rdf:Bag>
              </bqbiol:is>
              <bqbiol:unknownQualifier>
                <rdf:Bag>
                  <rdf:li rdf:resource="urn:miriam:obo.eco:ECO%3A0000313"/>
                </rdf:Bag>
              </bqbiol:unknownQualifier>
            </rdf:Description>
          </rdf:RDF>
        </annotation>
      </species>
      <species id="C12H17N4OS" initialAmount="1" name="C12H17N4OS" metaid="meta_C12H17N4OS" sboTerm="SBO:0000247" substanceUnits="substance" compartment="default">
<notes><body xmlns="http://www.w3.org/1999/xhtml"><a href="http://www.kegg.jp/dbget-bin/www_bget?C00378">Original Kegg Entry</a><br/>
<p><b>Antiberiberi factor</b></p>
<p><b>All given names:</b><br/>Thiamine<br/>Thiamin<br/>Vitamin B1<br/>Aneurin<br/>Antiberiberi factor</p>
<p><b>Formula:</b> C12H17N4OS</p>
<img src="http://www.kegg.jp/Fig/compound/C00378.gif"/><br/>
</body></notes>
        <annotation>
          <rdf:RDF xmlns:rdf="http://www.w3.org/1999/02/22-rdf-syntax-ns#" xmlns:bqbiol="http://biomodels.net/biology-qualifiers/">
            <rdf:Description rdf:about="#meta_C12H17N4OS">
              <bqbiol:is>
                <rdf:Bag>
                  <rdf:li rdf:resource="urn:miriam:kegg.compound:C00378"/>
                </rdf:Bag>
              </bqbiol:is>
              <bqbiol:is>
                <rdf:Bag>
                  <rdf:li rdf:resource="urn:miriam:obo.chebi:CHEBI%3A18385"/>
                </rdf:Bag>
              </bqbiol:is>
              <bqbiol:hasProperty>
                <rdf:Bag>
                  <rdf:li rdf:resource="urn:miriam:pubchem.substance:3668"/>
                </rdf:Bag>
              </bqbiol:hasProperty>
              <bqbiol:hasProperty>
                <rdf:Bag>
                  <rdf:li rdf:resource="urn:miriam:3dmet:B00096"/>
                </rdf:Bag>
              </bqbiol:hasProperty>
              <bqbiol:unknownQualifier>
                <rdf:Bag>
                  <rdf:li rdf:resource="urn:miriam:obo.eco:ECO%3A0000313"/>
                </rdf:Bag>
              </bqbiol:unknownQualifier>
            </rdf:Description>
          </rdf:RDF>
        </annotation>
      </species>
      <species id="C10H14N5O6PS2" initialAmount="1" name="C10H14N5O6PS2" metaid="meta_C10H14N5O6PS2" sboTerm="SBO:0000247" substanceUnits="substance" compartment="default">
<notes><body xmlns="http://www.w3.org/1999/xhtml"><a href="http://www.kegg.jp/dbget-bin/www_bget?C05924">Original Kegg Entry</a><br/>
<p><b>H2Dtpp-mP</b></p>
<p><b>All given names:</b><br/>Molybdopterin<br/>Pyranopterin<br/>H2Dtpp-mP</p>
<p><b>Formula:</b> C10H14N5O6PS2</p>
<img src="http://www.kegg.jp/Fig/compound/C05924.gif"/><br/>
</body></notes>
        <annotation>
          <rdf:RDF xmlns:rdf="http://www.w3.org/1999/02/22-rdf-syntax-ns#" xmlns:bqbiol="http://biomodels.net/biology-qualifiers/">
            <rdf:Description rdf:about="#meta_C10H14N5O6PS2">
              <bqbiol:is>
                <rdf:Bag>
                  <rdf:li rdf:resource="urn:miriam:kegg.compound:C05924"/>
                </rdf:Bag>
              </bqbiol:is>
              <bqbiol:is>
                <rdf:Bag>
                  <rdf:li rdf:resource="urn:miriam:obo.chebi:CHEBI%3A44074"/>
                </rdf:Bag>
              </bqbiol:is>
              <bqbiol:hasProperty>
                <rdf:Bag>
                  <rdf:li rdf:resource="urn:miriam:3dmet:B05139"/>
                </rdf:Bag>
              </bqbiol:hasProperty>
              <bqbiol:unknownQualifier>
                <rdf:Bag>
                  <rdf:li rdf:resource="urn:miriam:obo.eco:ECO%3A0000313"/>
                </rdf:Bag>
              </bqbiol:unknownQualifier>
            </rdf:Description>
          </rdf:RDF>
        </annotation>
      </species>
      <species id="C10H14N5O8P" initialAmount="1" name="C10H14N5O8P" metaid="meta_C10H14N5O8P" sboTerm="SBO:0000247" substanceUnits="substance" compartment="default">
<notes><body xmlns="http://www.w3.org/1999/xhtml"><a href="http://www.kegg.jp/dbget-bin/www_bget?C18239">Original Kegg Entry</a><br/>
<p><b>cPMP</b></p>
<p><b>All given names:</b><br/>Precursor Z<br/>Cyclic pyranopterin monophoshate<br/>cPMP</p>
<p><b>Formula:</b> C10H14N5O8P</p>
<img src="http://www.kegg.jp/Fig/compound/C18239.gif"/><br/>
</body></notes>
        <annotation>
          <rdf:RDF xmlns:rdf="http://www.w3.org/1999/02/22-rdf-syntax-ns#" xmlns:bqbiol="http://biomodels.net/biology-qualifiers/">
            <rdf:Description rdf:about="#meta_C10H14N5O8P">
              <bqbiol:is>
                <rdf:Bag>
                  <rdf:li rdf:resource="urn:miriam:kegg.compound:C18239"/>
                </rdf:Bag>
              </bqbiol:is>
              <bqbiol:is>
                <rdf:Bag>
                  <rdf:li rdf:resource="urn:miriam:obo.chebi:CHEBI%3A60210"/>
                </rdf:Bag>
              </bqbiol:is>
              <bqbiol:unknownQualifier>
                <rdf:Bag>
                  <rdf:li rdf:resource="urn:miriam:obo.eco:ECO%3A0000313"/>
                </rdf:Bag>
              </bqbiol:unknownQualifier>
            </rdf:Description>
          </rdf:RDF>
        </annotation>
      </species>
      <species id="C10H16N5O14P3" initialAmount="1" name="C10H16N5O14P3" metaid="meta_C10H16N5O14P3" sboTerm="SBO:0000247" substanceUnits="substance" compartment="default">
<notes><body xmlns="http://www.w3.org/1999/xhtml"><a href="http://www.kegg.jp/dbget-bin/www_bget?C00044">Original Kegg Entry</a><br/>
<p><b>Guanosine 5'-triphosphate</b></p>
<p><b>All given names:</b><br/>GTP<br/>Guanosine 5'-triphosphate</p>
<p><b>Formula:</b> C10H16N5O14P3</p>
<img src="http://www.kegg.jp/Fig/compound/C00044.gif"/><br/>
</body></notes>
        <annotation>
          <rdf:RDF xmlns:rdf="http://www.w3.org/1999/02/22-rdf-syntax-ns#" xmlns:bqbiol="http://biomodels.net/biology-qualifiers/">
            <rdf:Description rdf:about="#meta_C10H16N5O14P3">
              <bqbiol:is>
                <rdf:Bag>
                  <rdf:li rdf:resource="urn:miriam:kegg.compound:C00044"/>
                </rdf:Bag>
              </bqbiol:is>
              <bqbiol:is>
                <rdf:Bag>
                  <rdf:li rdf:resource="urn:miriam:obo.chebi:CHEBI%3A15996"/>
                </rdf:Bag>
              </bqbiol:is>
              <bqbiol:hasProperty>
                <rdf:Bag>
                  <rdf:li rdf:resource="urn:miriam:pubchem.substance:3346"/>
                </rdf:Bag>
              </bqbiol:hasProperty>
              <bqbiol:hasProperty>
                <rdf:Bag>
                  <rdf:li rdf:resource="urn:miriam:3dmet:B01137"/>
                </rdf:Bag>
              </bqbiol:hasProperty>
              <bqbiol:unknownQualifier>
                <rdf:Bag>
                  <rdf:li rdf:resource="urn:miriam:obo.eco:ECO%3A0000313"/>
                </rdf:Bag>
              </bqbiol:unknownQualifier>
            </rdf:Description>
          </rdf:RDF>
        </annotation>
      </species>
      <species id="C15H22N6O5S" initialAmount="1" name="C15H22N6O5S" metaid="meta_C15H22N6O5S" sboTerm="SBO:0000247" substanceUnits="substance" compartment="default">
<notes><body xmlns="http://www.w3.org/1999/xhtml"><a href="http://www.kegg.jp/dbget-bin/www_bget?C00019">Original Kegg Entry</a><br/>
<p><b>SAM</b></p>
<p><b>All given names:</b><br/>S-Adenosyl-L-methionine<br/>S-Adenosylmethionine<br/>AdoMet<br/>SAM</p>
<p><b>Formula:</b> C15H22N6O5S</p>
<img src="http://www.kegg.jp/Fig/compound/C00019.gif"/><br/>
</body></notes>
        <annotation>
          <rdf:RDF xmlns:rdf="http://www.w3.org/1999/02/22-rdf-syntax-ns#" xmlns:bqbiol="http://biomodels.net/biology-qualifiers/">
            <rdf:Description rdf:about="#meta_C15H22N6O5S">
              <bqbiol:is>
                <rdf:Bag>
                  <rdf:li rdf:resource="urn:miriam:kegg.compound:C00019"/>
                </rdf:Bag>
              </bqbiol:is>
              <bqbiol:is>
                <rdf:Bag>
                  <rdf:li rdf:resource="urn:miriam:obo.chebi:CHEBI%3A15414"/>
                </rdf:Bag>
              </bqbiol:is>
              <bqbiol:hasProperty>
                <rdf:Bag>
                  <rdf:li rdf:resource="urn:miriam:pubchem.substance:3321"/>
                </rdf:Bag>
              </bqbiol:hasProperty>
              <bqbiol:hasProperty>
                <rdf:Bag>
                  <rdf:li rdf:resource="urn:miriam:3dmet:B04620"/>
                </rdf:Bag>
              </bqbiol:hasProperty>
              <bqbiol:unknownQualifier>
                <rdf:Bag>
                  <rdf:li rdf:resource="urn:miriam:obo.eco:ECO%3A0000313"/>
                </rdf:Bag>
              </bqbiol:unknownQualifier>
            </rdf:Description>
          </rdf:RDF>
        </annotation>
      </species>
      <species id="C10H12MoN5O8PS2" initialAmount="1" name="C10H12MoN5O8PS2" metaid="meta_C10H12MoN5O8PS2" sboTerm="SBO:0000247" substanceUnits="substance" compartment="default">
<notes><body xmlns="http://www.w3.org/1999/xhtml"><a href="http://www.kegg.jp/dbget-bin/www_bget?C18237">Original Kegg Entry</a><br/>
<p><b>Molybdenum cofactor</b></p>
<p><b>All given names:</b><br/>Molybdoenzyme molybdenum cofactor<br/>Molybdenum cofactor</p>
<p><b>Formula:</b> C10H12MoN5O8PS2</p>
<img src="http://www.kegg.jp/Fig/compound/C18237.gif"/><br/>
</body></notes>
        <annotation>
          <rdf:RDF xmlns:rdf="http://www.w3.org/1999/02/22-rdf-syntax-ns#" xmlns:bqbiol="http://biomodels.net/biology-qualifiers/">
            <rdf:Description rdf:about="#meta_C10H12MoN5O8PS2">
              <bqbiol:is>
                <rdf:Bag>
                  <rdf:li rdf:resource="urn:miriam:kegg.compound:C18237"/>
                </rdf:Bag>
              </bqbiol:is>
              <bqbiol:hasProperty>
                <rdf:Bag>
                  <rdf:li rdf:resource="urn:miriam:pubchem.substance:103061419"/>
                </rdf:Bag>
              </bqbiol:hasProperty>
              <bqbiol:unknownQualifier>
                <rdf:Bag>
                  <rdf:li rdf:resource="urn:miriam:obo.eco:ECO%3A0000313"/>
                </rdf:Bag>
              </bqbiol:unknownQualifier>
            </rdf:Description>
          </rdf:RDF>
        </annotation>
      </species>
      <species id="moaC" initialAmount="1" name="moaC" metaid="meta_moaC" sboTerm="SBO:0000354" substanceUnits="substance" compartment="default">
<notes><body xmlns="http://www.w3.org/1999/xhtml"><a href="http://www.kegg.jp/dbget-bin/www_bget?efa:EF1392">Original Kegg Entry</a><br/>
<p><b>Description for “moaC”:</b> molybdenum cofactor biosynthesis protein MoaC</p>
</body></notes>
        <annotation>
          <rdf:RDF xmlns:rdf="http://www.w3.org/1999/02/22-rdf-syntax-ns#" xmlns:bqbiol="http://biomodels.net/biology-qualifiers/">
            <rdf:Description rdf:about="#meta_moaC">
              <bqbiol:is>
                <rdf:Bag>
                  <rdf:li rdf:resource="urn:miriam:kegg.genes:efa%3AEF1392"/>
                </rdf:Bag>
              </bqbiol:is>
              <bqbiol:isEncodedBy>
                <rdf:Bag>
                  <rdf:li rdf:resource="urn:miriam:entrez.gene:1200292"/>
                </rdf:Bag>
              </bqbiol:isEncodedBy>
              <bqbiol:is>
                <rdf:Bag>
                  <rdf:li rdf:resource="urn:miriam:uniprot:Q835I5"/>
                </rdf:Bag>
              </bqbiol:is>
              <bqbiol:unknownQualifier>
                <rdf:Bag>
                  <rdf:li rdf:resource="urn:miriam:obo.eco:ECO%3A0000313"/>
                </rdf:Bag>
              </bqbiol:unknownQualifier>
            </rdf:Description>
          </rdf:RDF>
        </annotation>
      </species>
      <species id="EF1393" initialAmount="1" name="EF1393" metaid="meta_EF1393" sboTerm="SBO:0000354" substanceUnits="substance" compartment="default">
<notes><body xmlns="http://www.w3.org/1999/xhtml"><a href="http://www.kegg.jp/dbget-bin/www_bget?efa:EF1393">Original Kegg Entry</a><br/>
</body></notes>
        <annotation>
          <rdf:RDF xmlns:rdf="http://www.w3.org/1999/02/22-rdf-syntax-ns#" xmlns:bqbiol="http://biomodels.net/biology-qualifiers/">
            <rdf:Description rdf:about="#meta_EF1393">
              <bqbiol:is>
                <rdf:Bag>
                  <rdf:li rdf:resource="urn:miriam:kegg.genes:efa%3AEF1393"/>
                </rdf:Bag>
              </bqbiol:is>
              <bqbiol:isEncodedBy>
                <rdf:Bag>
                  <rdf:li rdf:resource="urn:miriam:entrez.gene:1200293"/>
                </rdf:Bag>
              </bqbiol:isEncodedBy>
              <bqbiol:is>
                <rdf:Bag>
                  <rdf:li rdf:resource="urn:miriam:uniprot:Q835I4"/>
                </rdf:Bag>
              </bqbiol:is>
              <bqbiol:unknownQualifier>
                <rdf:Bag>
                  <rdf:li rdf:resource="urn:miriam:obo.eco:ECO%3A0000313"/>
                </rdf:Bag>
              </bqbiol:unknownQualifier>
            </rdf:Description>
          </rdf:RDF>
        </annotation>
      </species>
      <species id="mogA" initialAmount="1" name="mogA" metaid="meta_mogA" sboTerm="SBO:0000354" substanceUnits="substance" compartment="default">
<notes><body xmlns="http://www.w3.org/1999/xhtml"><a href="http://www.kegg.jp/dbget-bin/www_bget?K03831">Original Kegg Entry</a><br/>
<p><b>Description for “mogA”:</b> molybdopterin adenylyltransferase [EC:2.7.7.75]</p>
</body></notes>
        <annotation>
          <rdf:RDF xmlns:rdf="http://www.w3.org/1999/02/22-rdf-syntax-ns#" xmlns:bqbiol="http://biomodels.net/biology-qualifiers/">
            <rdf:Description rdf:about="#meta_mogA">
              <bqbiol:is>
                <rdf:Bag>
                  <rdf:li rdf:resource="urn:miriam:kegg.orthology:K03831"/>
                </rdf:Bag>
              </bqbiol:is>
              <bqbiol:hasProperty>
                <rdf:Bag>
                  <rdf:li rdf:resource="urn:miriam:ec-code:2.7.7.75"/>
                </rdf:Bag>
              </bqbiol:hasProperty>
              <bqbiol:unknownQualifier>
                <rdf:Bag>
                  <rdf:li rdf:resource="urn:miriam:obo.eco:ECO%3A0000313"/>
                </rdf:Bag>
              </bqbiol:unknownQualifier>
            </rdf:Description>
          </rdf:RDF>
        </annotation>
      </species>
    </listOfSpecies>
  </model>
</sbml>